data_referencia,2017-07-01,2017-10-01,2018-01-01,2018-04-01,2018-07-01,2018-10-01,2019-01-01,2019-04-01,2019-07-01,2019-10-01,2020-01-01,2020-04-01,2020-07-01,2020-10-01,2021-04-01,2021-07-01,2021-10-01,2022-01-01,2022-04-01,2022-07-01,2022-10-01,2023-01-01,2023-04-01,2023-07-01,2023-10-01,2024-01-01,2024-04-01,2024-07-01,2024-10-01,2025-01-01,2025-04-01,2025-07-01,2025-10-01,2026-01-01,2026-04-01,2026-07-01,2026-10-01,2027-04-01,2027-07-01,2027-10-01,2028-01-01,2028-04-01,2028-07-01,2028-10-01,2029-01-01,2029-07-01,2030-01-01,2032-01-01
2017-06-01,10.1783,9.725,9.365,9.2938,9.324,9.4076,9.5123,9.66,9.7872,,10.0116,,10.3143,,,,,,,,,,,,,,,,,,,,,,,,,,,,,,,,,,,
2017-06-02,10.1818,9.735,9.385,9.3235,9.365,9.4575,9.5539,9.6989,9.8266,,10.077,,10.3841,,,,,,,,,,,,,,,,,,,,,,,,,,,,,,,,,,,
2017-06-05,10.185,9.7489,9.3965,9.3463,9.385,9.48,9.565,9.7275,9.867,,10.115,,10.424,,,,,,,,,,,,,,,,,,,,,,,,,,,,,,,,,,,
2017-06-06,10.1733,9.6803,9.2882,9.2255,9.2441,9.3131,9.3958,9.5565,9.6936,,9.945,,10.26,,,,,,,,,,,,,,,,,,,,,,,,,,,,,,,,,,,
2017-06-07,10.1697,9.6678,9.2861,9.2208,9.2333,9.305,9.4058,9.5667,9.705,,9.945,,10.2586,,,,,,,,,,,,,,,,,,,,,,,,,,,,,,,,,,,
2017-06-08,10.1687,9.67,9.285,9.2166,9.217,9.3,9.4135,9.5638,9.702,,9.9531,,10.2689,,,,,,,,,,,,,,,,,,,,,,,,,,,,,,,,,,,
2017-06-09,10.1683,9.61,9.1397,9.04,9.0435,9.13,9.2132,9.3668,9.5012,,9.7766,,10.0889,,,,,,,,,,,,,,,,,,,,,,,,,,,,,,,,,,,
2017-06-12,10.1717,9.585,9.1126,9.0257,9.015,9.0962,9.1787,9.3361,9.48,,9.737,,10.06,,,,,,,,,,,,,,,,,,,,,,,,,,,,,,,,,,,
2017-06-13,10.1687,9.6008,9.1527,9.055,9.0539,9.135,9.2367,9.3858,9.54,,9.8217,,10.1222,,,,,,,,,,,,,,,,,,,,,,,,,,,,,,,,,,,
2017-06-14,10.1662,9.5786,9.1275,9.0359,9.0366,9.0953,9.1948,9.3549,9.4883,,9.7428,,10.04,,,,,,,,,,,,,,,,,,,,,,,,,,,,,,,,,,,
2017-06-16,10.1656,9.5399,9.0622,8.9641,8.9435,8.9946,9.0825,9.2419,9.35,,9.635,,9.9228,,,,,,,,,,,,,,,,,,,,,,,,,,,,,,,,,,,
2017-06-19,10.1668,9.5036,8.9774,8.8761,8.8515,8.9225,8.9749,9.1338,9.25,,9.515,,9.8038,,,,,,,,,,,,,,,,,,,,,,,,,,,,,,,,,,,
2017-06-20,10.1702,9.5186,9.0251,8.9264,8.912,8.995,9.065,9.225,9.36,,9.6238,,9.9449,,,,,,,,,,,,,,,,,,,,,,,,,,,,,,,,,,,
2017-06-21,10.174,9.4774,8.9654,8.8703,8.8435,8.935,9.015,9.175,9.322,,9.615,,9.9336,,,,,,,,,,,,,,,,,,,,,,,,,,,,,,,,,,,
2017-06-22,10.1791,9.4608,8.9217,8.835,8.8234,8.915,8.975,9.155,9.3014,,9.615,,9.9438,,,,,,,,,,,,,,,,,,,,,,,,,,,,,,,,,,,
2017-06-23,10.1791,9.4632,8.929,8.8463,8.8331,8.9288,8.9965,9.1649,9.3331,,9.655,,9.985,,,,,,,,,,,,,,,,,,,,,,,,,,,,,,,,,,,
2017-06-26,10.1833,9.457,8.8962,8.8074,8.7934,8.8876,8.9577,9.1456,9.3017,,9.6277,,9.956,,,,,,,,,,,,,,,,,,,,,,,,,,,,,,,,,,,
2017-06-27,10.198,9.456,8.9166,8.8339,8.825,8.9287,8.9888,9.1682,9.341,,9.679,,10.0266,,,,,,,,,,,,,,,,,,,,,,,,,,,,,,,,,,,
2017-06-28,10.2053,9.425,8.8842,8.8081,8.7859,8.87,8.9286,9.0989,9.2519,,9.57,,9.8977,,,,,,,,,,,,,,,,,,,,,,,,,,,,,,,,,,,
2017-06-29,10.22,9.4203,8.9129,8.8435,8.8128,8.9082,8.99,9.1583,9.3227,,9.64,,9.9608,,,,,,,,,,,,,,,,,,,,,,,,,,,,,,,,,,,
2017-06-30,,9.3863,8.8698,8.789,8.745,8.85,8.91,9.075,9.235,,9.5488,,9.8679,,,,,,,,,,,,,,,,,,,,,,,,,,,,,,,,,,,
2017-07-03,,9.3353,8.77,8.673,8.6131,8.7075,8.807,8.965,9.125,,9.4136,,9.733,,,,,,,,,,,,,,,,,,,,,,,,,,,,,,,,,,,
2017-07-04,,9.3434,8.7698,8.648,8.5975,8.7084,8.7973,8.9727,9.1422,,9.425,,9.7632,,,,,,,,,,,,,,,,,,,,,,,,,,,,,,,,,,,
2017-07-05,,9.3042,8.7498,8.635,8.55,8.6472,8.7585,8.9335,9.0923,,9.4124,,9.7532,,,,,,,,,,,,,,,,,,,,,,,,,,,,,,,,,,,
2017-07-06,,9.2895,8.74,8.6256,8.5521,8.635,8.7301,8.9,9.0618,,9.365,,9.71,,,,,,,,,,,,,,,,,,,,,,,,,,,,,,,,,,,
2017-07-07,,9.2786,8.73,8.615,8.5618,8.664,8.78,8.9591,9.112,,9.425,,9.7587,,,,,,,,,,,,,,,,,,,,,,,,,,,,,,,,,,,
2017-07-10,,9.2812,8.7365,8.61,8.5443,8.6431,8.7479,8.9176,9.0807,9.2634,9.405,,9.7274,,,10.1944,,,,,,,,,,,,,,,,,,,,,,,,,,,,,,,,
2017-07-11,,9.2613,8.7169,8.585,8.5121,8.6137,8.7181,8.8878,9.051,9.2464,9.385,,9.697,,,10.139,,,,,,,,,,,,,,,,,,,,,,,,,,,,,,,,
2017-07-12,,9.2171,8.6657,8.53,8.4587,8.5439,8.6266,8.805,8.9476,9.135,9.2323,,9.5259,,,9.9746,,,,,,,,,,,,,,,,,,,,,,,,,,,,,,,,
2017-07-13,,9.1986,8.6624,8.52,8.455,8.5418,8.63,8.8,8.9553,9.1579,9.257,,9.5759,,,10.024,,,,,,,,,,,,,,,,,,,,,,,,,,,,,,,,
2017-07-14,,9.1683,8.6167,8.475,8.405,8.482,8.58,8.74,8.8929,9.0784,9.1769,,9.476,,,9.9132,,,,,,,,,,,,,,,,,,,,,,,,,,,,,,,,
2017-07-17,,9.1375,8.6126,8.47,8.3992,8.4715,8.53,8.6885,8.8231,9.0077,9.1077,,9.406,,,9.8335,,,,,,,,,,,,,,,,,,,,,,,,,,,,,,,,
2017-07-18,,9.12,8.5947,8.4402,8.365,8.4335,8.49,8.64,8.7827,8.97,9.07,,9.3566,,,9.7915,,,,,,,,,,,,,,,,,,,,,,,,,,,,,,,,
2017-07-19,,9.0858,8.55,8.4,8.3,8.365,8.399,8.551,8.684,8.8627,8.96,,9.2667,,,9.6908,,,,,,,,,,,,,,,,,,,,,,,,,,,,,,,,
2017-07-20,,9.0455,8.475,8.315,8.23,8.2858,8.3171,8.4607,8.6003,8.8161,8.911,,9.2275,,,9.6829,,,,,,,,,,,,,,,,,,,,,,,,,,,,,,,,
2017-07-21,,9.0302,8.4831,8.335,8.2674,8.335,8.3798,8.5224,8.6582,8.855,8.9314,,9.2371,,,9.6634,,,,,,,,,,,,,,,,,,,,,,,,,,,,,,,,
2017-07-24,,9.0169,8.4684,8.325,8.255,8.3373,8.3827,8.5159,8.6498,8.8456,8.9301,,9.2359,,,9.6548,,,,,,,,,,,,,,,,,,,,,,,,,,,,,,,,
2017-07-25,,8.985,8.4503,8.3314,8.2588,8.34,8.398,8.5499,8.68,8.8863,8.9629,,9.27,,,9.714,,,,,,,,,,,,,,,,,,,,,,,,,,,,,,,,
2017-07-26,,8.9579,8.4315,8.3227,8.2591,8.32,8.385,8.5265,8.6734,8.8795,8.9636,,9.2704,,,9.71,,,,,,,,,,,,,,,,,,,,,,,,,,,,,,,,
2017-07-27,,8.8448,8.2112,8.056,7.9964,8.0474,8.1404,8.286,8.4565,8.6562,8.785,,9.11,,,9.565,,,,,,,,,,,,,,,,,,,,,,,,,,,,,,,,
2017-07-28,,8.832,8.195,8.015,7.9472,8.0076,8.09,8.235,8.4165,8.62,8.727,,9.0699,,,9.5452,,,,,,,,,,,,,,,,,,,,,,,,,,,,,,,,
2017-07-31,,8.829,8.1965,8.025,7.9578,8.02,8.102,8.2487,8.409,8.6231,8.7063,,9.0399,,,9.505,,,,,,,,,,,,,,,,,,,,,,,,,,,,,,,,
2017-08-01,,8.8225,8.1726,7.9985,7.92,7.97,8.055,8.2014,8.36,8.5728,8.6864,,9.0196,,,9.4958,,,,,,,,,,,,,,,,,,,,,,,,,,,,,,,,
2017-08-02,,8.8205,8.1565,7.98,7.9,7.94,8.025,8.1723,8.341,8.5319,8.64,,8.9694,,,9.445,,,,,,,,,,,,,,,,,,,,,,,,,,,,,,,,
2017-08-03,,8.8128,8.1315,7.945,7.865,7.9125,7.9682,8.1134,8.2723,8.4807,8.5823,,8.9,,,9.3618,,,,,,,,,,,,,,,,,,,,,,,,,,,,,,,,
2017-08-04,,8.8081,8.1307,7.9513,7.87,7.9261,8.0037,8.155,8.295,8.5006,8.625,,8.92,,,9.3623,,,,,,,,,,,,,,,,,,,,,,,,,,,,,,,,
2017-08-07,,8.795,8.1373,7.96,7.8881,7.9576,8.0423,8.1949,8.355,8.5507,8.675,,8.99,,,9.4222,,,,,,,,,,,,,,,,,,,,,,,,,,,,,,,,
2017-08-08,,8.785,8.1226,7.945,7.8743,7.9367,8.0302,8.1832,8.365,8.561,8.6955,,9.01,,,9.4518,,,,,,,,,,,,,,,,,,,,,,,,,,,,,,,,
2017-08-09,,8.7749,8.1189,7.945,7.8888,7.965,8.0781,8.2422,8.425,8.63,8.775,,9.09,,,9.545,,,,,,,,,,,,,,,,,,,,,,,,,,,,,,,,
2017-08-10,,8.77,8.13,7.95,7.9054,7.9722,8.105,8.2827,8.485,8.7095,8.8423,,9.17,,,9.6457,,,,,,,,,,,,,,,,,,,,,,,,,,,,,,,,
2017-08-11,,8.754,8.1111,7.935,7.8685,7.9523,8.0631,8.2443,8.4338,8.66,8.81,,9.1491,,,9.6161,,,,,,,,,,,,,,,,,,,,,,,,,,,,,,,,
2017-08-14,,8.7504,8.1051,7.93,7.875,7.9449,8.06,8.2549,8.4436,8.67,8.81,,9.1391,,,9.6069,,,,,,,,,,,,,,,,,,,,,,,,,,,,,,,,
2017-08-15,,8.736,8.0876,7.935,7.875,7.9539,8.06,8.245,8.435,8.66,8.8,,9.13,,,9.5966,,,,,,,,,,,,,,,,,,,,,,,,,,,,,,,,
2017-08-16,,8.7081,8.065,7.9114,7.855,7.9234,8.05,8.235,8.4233,8.65,8.78,,9.11,,,9.5865,,,,,,,,,,,,,,,,,,,,,,,,,,,,,,,,
2017-08-17,,8.7029,8.08,7.9263,7.895,7.9735,8.12,8.325,8.5121,8.76,8.91,,9.25,,,9.7569,,,,,,,,,,,,,,,,,,,,,,,,,,,,,,,,
2017-08-18,,8.6691,8.0163,7.8559,7.82,7.9045,8.05,8.2451,8.4505,8.6814,8.83,,9.16,,,9.6465,,,,,,,,,,,,,,,,,,,,,,,,,,,,,,,,
2017-08-21,,8.6537,7.9913,7.845,7.81,7.915,8.0699,8.285,8.49,8.7609,8.9,,9.25,,,9.7363,,,,,,,,,,,,,,,,,,,,,,,,,,,,,,,,
2017-08-22,,8.636,7.9801,7.825,7.805,7.905,8.0416,8.255,8.4708,8.7206,8.87,,9.22,,,9.716,,,,,,,,,,,,,,,,,,,,,,,,,,,,,,,,
2017-08-23,,8.6,7.93,7.745,7.715,7.795,7.9459,8.145,8.3558,8.6127,8.7538,,9.11,,,9.62,,,,,,,,,,,,,,,,,,,,,,,,,,,,,,,,
2017-08-24,,8.575,7.8866,7.6938,7.65,7.7332,7.8751,8.0662,8.2788,8.5222,8.6863,,9.0399,,,9.5489,,,,,,,,,,,,,,,,,,,,,,,,,,,,,,,,
2017-08-25,,8.55,7.835,7.649,7.615,7.6901,7.8271,8.025,8.24,8.4905,8.67,,9.0209,,,9.5416,,,,,,,,,,,,,,,,,,,,,,,,,,,,,,,,
2017-08-28,,8.5262,7.815,7.6213,7.5964,7.69,7.838,8.035,8.26,8.5122,8.67,,9.0307,,,9.5427,,,,,,,,,,,,,,,,,,,,,,,,,,,,,,,,
2017-08-29,,8.499,7.7697,7.5728,7.5493,7.6417,7.79,7.995,8.22,8.4716,8.64,,9.0214,,,9.5451,,,,,,,,,,,,,,,,,,,,,,,,,,,,,,,,
2017-08-30,,8.47,7.7488,7.565,7.535,7.6233,7.77,7.965,8.18,8.4328,8.6099,,8.99,,,9.5357,,,,,,,,,,,,,,,,,,,,,,,,,,,,,,,,
2017-08-31,,8.4378,7.7489,7.575,7.5475,7.625,7.77,7.945,8.15,8.4011,8.56,,8.91,,,9.4365,,,,,,,,,,,,,,,,,,,,,,,,,,,,,,,,
2017-09-01,,8.4058,7.7339,7.575,7.5689,7.665,7.8083,7.985,8.17,8.41,8.59,,8.95,,,9.4564,,,,,,,,,,,,,,,,,,,,,,,,,,,,,,,,
2017-09-04,,8.3553,7.705,7.565,7.5699,7.685,7.818,7.985,8.17,8.4106,8.58,,8.94,,,9.4356,,,,,,,,,,,,,,,,,,,,,,,,,,,,,,,,
2017-09-05,,8.2999,7.6831,7.555,7.56,7.665,7.7975,7.955,8.13,8.3613,8.508,,8.85,,,9.3183,,,,,,,,,,,,,,,,,,,,,,,,,,,,,,,,
2017-09-06,,8.2357,7.5914,7.455,7.44,7.515,7.6294,7.785,7.97,8.2134,8.36,,8.7,,,9.2088,,,,,,,,,,,,,,,,,,,,,,,,,,,,,,,,
2017-09-08,,8.1804,7.5899,7.41,7.3879,7.47,7.6279,7.765,7.9516,8.1733,8.32,,8.66,,,9.1605,,,,,,,,,,,,,,,,,,,,,,,,,,,,,,,,
2017-09-11,,8.1806,7.59,7.42,7.415,7.5232,7.6879,7.8549,8.0214,8.255,8.4009,,8.74,,,9.24,,,,,,,,,,,,,,,,,,,,,,,,,,,,,,,,
2017-09-12,,8.1799,7.5682,7.38,7.3731,7.4823,7.6429,7.835,8.0212,8.2657,8.4109,,8.7694,,,9.2806,,,,,,,,,,,,,,,,,,,,,,,,,,,,,,,,
2017-09-13,,8.1773,7.5397,7.3684,7.349,7.44,7.5891,7.7949,7.9911,8.2458,8.4,,8.76,,,9.2708,,,,,,,,,,,,,,,,,,,,,,,,,,,,,,,,
2017-09-14,,8.1749,7.5207,7.3175,7.2985,7.3865,7.535,7.731,7.93,8.1857,8.31,,8.66,,,9.1806,,,,,,,,,,,,,,,,,,,,,,,,,,,,,,,,
2017-09-15,,8.176,7.5114,7.305,7.27,7.3726,7.515,7.7021,7.9,8.1635,8.33,,8.69,,,9.23,,,,,,,,,,,,,,,,,,,,,,,,,,,,,,,,
2017-09-18,,8.1759,7.4828,7.2657,7.215,7.2981,7.4468,7.6371,7.8562,8.12,8.2869,,8.6688,,,9.1887,,,,,,,,,,,,,,,,,,,,,,,,,,,,,,,,
2017-09-19,,8.1711,7.4366,7.238,7.1661,7.2284,7.3686,7.5683,7.7781,8.0534,8.2179,,8.6122,,,9.1293,,,,,,,,,,,,,,,,,,,,,,,,,,,,,,,,
2017-09-20,,8.172,7.4352,7.2377,7.1427,7.215,7.35,7.54,7.7575,8.0121,8.1671,,8.5399,,,9.0689,,,,,,,,,,,,,,,,,,,,,,,,,,,,,,,,
2017-09-21,,8.1734,7.4185,7.1983,7.1,7.1452,7.28,7.46,7.67,7.9114,8.0478,,8.4199,,,8.97,,,,,,,,,,,,,,,,,,,,,,,,,,,,,,,,
2017-09-22,,8.1744,7.3972,7.1885,7.0924,7.1376,7.2516,7.4375,7.6542,7.8958,8.0607,,8.4319,,,8.9809,,,,,,,,,,,,,,,,,,,,,,,,,,,,,,,,
2017-09-25,,8.1909,7.3937,7.191,7.1039,7.1554,7.2977,7.4831,7.7065,7.955,8.1433,,8.535,,,9.09,,,,,,,,,,,,,,,,,,,,,,,,,,,,,,,,
2017-09-26,,8.2011,7.3699,7.1734,7.0828,7.1193,7.25,7.4463,7.6583,7.905,8.075,,8.455,,,9.03,,,,,,,,,,,,,,,,,,,,,,,,,,,,,,,,
2017-09-27,,8.2083,7.3811,7.1833,7.1,7.1584,7.3131,7.4976,7.71,7.9659,8.14,,8.5315,,,9.1091,,,,,,,,,,,,,,,,,,,,,,,,,,,,,,,,
2017-09-28,,8.2151,7.3787,7.179,7.09,7.146,7.285,7.49,7.71,7.9659,8.1287,,8.5088,,,9.086,,,,,,,,,,,,,,,,,,,,,,,,,,,,,,,,
2017-09-29,,,7.3575,7.153,7.0699,7.1152,7.255,7.45,7.66,7.9155,8.0881,,8.46,,,9.045,,,,,,,,,,,,,,,,,,,,,,,,,,,,,,,,
2017-10-02,,,7.3197,7.1305,7.057,7.0887,7.2435,7.4396,7.6495,7.9011,8.0766,,8.46,,,9.025,,,,,,,,,,,,,,,,,,,,,,,,,,,,,,,,
2017-10-03,,,7.3115,7.1342,7.0698,7.1238,7.276,7.4968,7.7085,7.971,8.1556,,8.5399,,,9.115,,,,,,,,,,,,,,,,,,,,,,,,,,,,,,,,
2017-10-04,,,7.3235,7.1237,7.0665,7.1284,7.2933,7.5036,7.7341,8.0006,8.185,,8.56,,,9.1349,,,,,,,,,,,,,,,,,,,,,,,,,,,,,,,,
2017-10-05,,,7.3263,7.125,7.0659,7.1463,7.3349,7.5723,7.8325,8.1106,8.285,,8.69,,,9.2742,,,,,,,,,,,,,,,,,,,,,,,,,,,,,,,,
2017-10-06,,,7.3349,7.116,7.0621,7.142,7.335,7.5387,7.7812,8.0506,8.225,,8.61,,,9.1741,,,,,,,,,,,,,,,,,,,,,,,,,,,,,,,,
2017-10-09,,,7.3416,7.1161,7.052,7.1467,7.335,7.555,7.81,8.0801,8.275,,8.6679,,,9.2516,,,,,,,,,,,,,,,,,,,,,,,,,,,,,,,,
2017-10-10,,,7.3379,7.1074,7.0372,7.1203,7.2878,7.5115,7.7581,8.04,8.205,,8.6099,,,9.1923,,,,,,,,,,,,,,,,,,,,,,,,,,,,,,,,
2017-10-11,,,7.3249,7.0937,7.0136,7.103,7.2568,7.49,7.7475,8.0299,8.205,,8.6089,,,9.201,,,,,,,,,,,,,,,,,,,,,,,,,,,,,,,,
2017-10-13,,,7.3172,7.0782,6.9974,7.0799,7.2253,7.47,7.7263,8.0093,8.1949,,8.5976,,,9.1899,,,,,,,,,,,,,,,,,,,,,,,,,,,,,,,,
2017-10-16,,,7.326,7.084,7.0122,7.1,7.235,7.49,7.755,8.0463,8.2326,,8.6484,,,9.2476,,,,,,,,,,,,,,,,,,,,,,,,,,,,,,,,
2017-10-17,,,7.3067,7.0665,7.0037,7.08,7.2179,7.46,7.715,8.0061,8.2035,,8.6063,,,9.185,,,,,,,,,,,,,,,,,,,,,,,,,,,,,,,,
2017-10-18,,,7.309,7.065,7.0019,7.0719,7.2209,7.47,7.7146,8.006,8.191,,8.595,,,9.165,,,,,,,,,,,,,,,,,,,,,,,,,,,,,,,,
2017-10-19,,,7.2944,7.05,6.9827,7.0427,7.1982,7.4316,7.685,7.965,8.1513,,8.5255,,,9.0705,,,,,,,,,,,,,,,,,,,,,,,,,,,,,,,,
2017-10-20,,,7.2843,7.045,6.9788,7.0589,7.2111,7.4519,7.7133,7.995,8.171,,8.5453,,,9.1085,,,,,,,,,,,,,,,,,,,,,,,,,,,,,,,,
2017-10-23,,,7.28,7.0382,6.9766,7.0565,7.23,7.47,7.7312,8.0139,8.2083,,8.5905,,,9.1422,,,,,,,,,,,,,,,,,,,,,,,,,,,,,,,,
2017-10-24,,,7.2633,7.0399,6.9828,7.0725,7.2386,7.5,7.76,8.0312,8.2363,,8.6166,,,9.185,,,,,,,,,,,,,,,,,,,,,,,,,,,,,,,,
2017-10-25,,,7.2465,7.0212,6.9599,7.0398,7.21,7.46,7.72,7.989,8.179,,8.5735,,,9.13,,,,,,,,,,,,,,,,,,,,,,,,,,,,,,,,
2017-10-26,,,7.2283,7.045,7.025,7.1399,7.33,7.6,7.89,8.1749,8.4182,,8.809,,,9.3548,,,,,,,,,,,,,,,,,,,,,,,,,,,,,,,,
2017-10-27,,,7.2256,7.04,7.0037,7.088,7.27,7.5411,7.84,8.135,8.3544,,8.767,,,9.3342,,,,,,,,,,,,,,,,,,,,,,,,,,,,,,,,
2017-10-30,,,7.224,7.0368,7.01,7.1061,7.3,7.5804,7.88,8.185,8.415,,8.8376,,,9.4142,,,,,,,,,,,,,,,,,,,,,,,,,,,,,,,,
2017-10-31,,,7.216,7.0118,6.97,7.0663,7.24,7.5229,7.82,8.125,8.375,,8.8192,,,9.4239,,,,,,,,,,,,,,,,,,,,,,,,,,,,,,,,
2017-11-01,,,7.2118,7.0,6.9633,7.065,7.24,7.5436,7.86,8.175,8.4204,,8.8786,,,9.4946,,,,,,,,,,,,,,,,,,,,,,,,,,,,,,,,
2017-11-03,,,7.2119,7.005,6.9795,7.08,7.27,7.575,7.92,8.2761,8.52,,9.0099,,,9.6631,,,,,,,,,,,,,,,,,,,,,,,,,,,,,,,,
2017-11-06,,,7.2069,7.0,6.9695,7.0738,7.26,7.5449,7.8716,8.2058,8.4491,,8.9099,,,9.5237,,,,,,,,,,,,,,,,,,,,,,,,,,,,,,,,
2017-11-07,,,7.201,7.006,6.9705,7.075,7.2631,7.5671,7.9066,8.25,8.4917,,8.9629,,,9.5833,,,,,,,,,,,,,,,,,,,,,,,,,,,,,,,,
2017-11-08,,,7.191,6.9869,6.95,7.0505,7.225,7.5267,7.845,8.1806,8.4201,,8.885,,,9.5243,,,,,,,,,,,,,,,,,,,,,,,,,,,,,,,,
2017-11-09,,,7.1795,6.985,6.9536,7.06,7.2628,7.5579,7.8886,8.2219,8.4738,,8.925,,,9.5081,,,,,,,,,,,,,,,,,,,,,,,,,,,,,,,,
2017-11-10,,,7.167,6.97,6.9486,7.06,7.2777,7.5887,7.9598,8.3107,8.555,,9.035,,,9.6389,,,,,,,,,,,,,,,,,,,,,,,,,,,,,,,,
2017-11-13,,,7.1559,6.9477,6.9296,7.0443,7.2589,7.5696,7.94,8.3107,8.565,,9.0566,,,9.6798,,,,,,,,,,,,,,,,,,,,,,,,,,,,,,,,
2017-11-14,,,7.1593,6.9476,6.9228,7.0499,7.2595,7.5799,7.96,8.3406,8.615,,9.1264,,,9.7522,,,,,,,,,,,,,,,,,,,,,,,,,,,,,,,,
2017-11-16,,,7.1459,6.9499,6.9199,7.0399,7.2466,7.5479,7.905,8.2801,8.546,,9.035,,,9.6455,,,,,,,,,,,,,,,,,,,,,,,,,,,,,,,,
2017-11-17,,,7.1354,6.93,6.8996,6.9978,7.195,7.4986,7.8334,8.1905,8.445,,8.925,,,9.5485,,,,,,,,,,,,,,,,,,,,,,,,,,,,,,,,
2017-11-20,,,7.1354,6.93,6.8996,6.9978,7.195,7.4986,7.8334,8.1905,8.445,,8.925,,,9.5485,,,,,,,,,,,,,,,,,,,,,,,,,,,,,,,,
2017-11-21,,,7.1052,6.92,6.8872,6.9889,7.175,7.4685,7.7937,8.1532,8.405,,8.885,,,9.4924,,,,,,,,,,,,,,,,,,,,,,,,,,,,,,,,
2017-11-22,,,7.0912,6.9081,6.867,6.975,7.1711,7.4564,7.7898,8.1534,8.415,,8.895,,,9.4949,,,,,,,,,,,,,,,,,,,,,,,,,,,,,,,,
2017-11-23,,,7.0722,6.8733,6.8271,6.9233,7.0958,7.3834,7.708,8.0822,8.325,,8.8342,,,9.4344,,,,,,,,,,,,,,,,,,,,,,,,,,,,,,,,
2017-11-24,,,7.0617,6.875,6.8268,6.9167,7.0968,7.3859,7.7232,8.0914,8.3581,,8.855,,,9.4912,,,,,,,,,,,,,,,,,,,,,,,,,,,,,,,,
2017-11-27,,,7.0548,6.86,6.8091,6.895,7.065,7.3564,7.6949,8.0626,8.33,,8.846,,,9.5041,,,,,,,,,,,,,,,,,,,,,,,,,,,,,,,,
2017-11-28,,,7.036,6.8355,6.7923,6.8685,7.055,7.3452,7.665,8.0331,8.2899,,8.7961,,,9.4679,,,,,,,,,,,,,,,,,,,,,,,,,,,,,,,,
2017-11-29,,,7.0266,6.825,6.7927,6.8947,7.0867,7.3899,7.7431,8.1392,8.3998,,8.9156,,,9.615,,,,,,,,,,,,,,,,,,,,,,,,,,,,,,,,
2017-11-30,,,7.0137,6.821,6.7694,6.875,7.0621,7.3981,7.765,8.1489,8.459,,8.985,,,9.6653,,,,,,,,,,,,,,,,,,,,,,,,,,,,,,,,
2017-12-01,,,7.0014,6.8058,6.7641,6.8616,7.0429,7.38,7.7337,8.1159,8.3879,,8.925,,,9.6043,,,,,,,,,,,,,,,,,,,,,,,,,,,,,,,,
2017-12-04,,,6.9889,6.7797,6.7349,6.815,7.0137,7.315,7.6536,8.025,8.3086,,8.835,,,9.5154,,,,,,,,,,,,,,,,,,,,,,,,,,,,,,,,
2017-12-05,,,6.966,6.7624,6.7126,6.79,6.9926,7.295,7.6347,7.9939,8.27,,8.7866,,,9.48,,,,,,,,,,,,,,,,,,,,,,,,,,,,,,,,
2017-12-06,,,6.9386,6.7567,6.6925,6.7898,6.9916,7.2973,7.645,7.9943,8.26,,8.7853,,,9.4652,,,,,,,,,,,,,,,,,,,,,,,,,,,,,,,,
2017-12-07,,,6.916,6.7518,6.6576,6.813,7.01,7.3271,7.6735,8.04,8.33,,8.855,,,9.56,,,,,,,,,,,,,,,,,,,,,,,,,,,,,,,,
2017-12-08,,,6.913,6.7303,6.635,6.785,6.96,7.285,7.6408,8.0004,8.2784,,8.8169,,,9.53,,,,,,,,,,,,,,,,,,,,,,,,,,,,,,,,
2017-12-11,,,6.9113,6.7363,6.6312,6.76,6.9435,7.2578,7.6212,7.991,8.28,,8.825,,,9.531,,,,,,,,,,,,,,,,,,,,,,,,,,,,,,,,
2017-12-12,,,6.9172,6.7572,6.655,6.7674,6.935,7.2499,7.6219,8.002,8.3,,8.865,,,9.61,,,,,,,,,,,,,,,,,,,,,,,,,,,,,,,,
2017-12-13,,,6.9264,6.7488,6.6341,6.7382,6.8936,7.2208,7.5822,7.961,8.27,,8.835,,,9.5567,,,,,,,,,,,,,,,,,,,,,,,,,,,,,,,,
2017-12-14,,,6.925,6.7547,6.6421,6.74,6.8902,7.23,7.6011,8.0,8.3299,,8.905,,,9.6331,,,,,,,,,,,,,,,,,,,,,,,,,,,,,,,,
2017-12-15,,,6.9258,6.753,6.6334,6.7379,6.8871,7.21,7.5604,7.97,8.26,,8.845,,,9.5808,,,,,,,,,,,,,,,,,,,,,,,,,,,,,,,,
2017-12-18,,,6.9269,6.7441,6.6276,6.7349,6.8661,7.1884,7.5374,7.94,8.258,,8.8463,,,9.6027,,,,,,,,,,,,,,,,,,,,,,,,,,,,,,,,
2017-12-19,,,6.9293,6.7578,6.6487,6.7534,6.8646,7.2,7.5462,7.96,8.2678,,8.885,,,9.674,,,,,,,,,,,,,,,,,,,,,,,,,,,,,,,,
2017-12-20,,,6.9329,6.775,6.6598,6.7489,6.8348,7.13,7.4528,7.84,8.1681,,8.77,,,9.5599,,,,,,,,,,,,,,,,,,,,,,,,,,,,,,,,
2017-12-21,,,6.928,6.7824,6.687,6.7681,6.865,7.16,7.485,7.8729,8.1768,,8.7685,,,9.5294,,,,,,,,,,,,,,,,,,,,,,,,,,,,,,,,
2017-12-22,,,6.9264,6.7737,6.6886,6.7528,6.8535,7.16,7.4726,7.865,8.1632,,8.76,,,9.51,,,,,,,,,,,,,,,,,,,,,,,,,,,,,,,,
2017-12-26,,,6.9367,6.7616,6.675,6.7312,6.815,7.1129,7.4122,7.805,8.105,,8.683,,,9.4142,,,,,,,,,,,,,,,,,,,,,,,,,,,,,,,,
2017-12-27,,,6.9269,6.7631,6.6715,6.7326,6.8304,7.125,7.4113,7.8055,8.0937,,8.6649,,,9.3851,,,,,,,,,,,,,,,,,,,,,,,,,,,,,,,,
2017-12-28,,,6.9361,6.7678,6.6649,6.7328,6.82,7.105,7.3859,7.78,8.0508,,8.63,,,9.3359,,,,,,,,,,,,,,,,,,,,,,,,,,,,,,,,
2017-12-29,,,,6.7678,6.6649,6.7328,6.82,7.105,7.3859,7.78,8.0508,,8.63,,,9.3359,,,,,,,,,,,,,,,,,,,,,,,,,,,,,,,,
2018-01-02,,,,6.735,6.6234,6.6742,6.7284,6.9922,7.2556,7.62,7.8976,,8.445,,,9.1396,,,,,,,,,,,,,,,,,,,,,,,,,,,,,,,,
2018-01-03,,,,6.689,6.5876,6.6221,6.6915,6.97,7.239,7.6196,7.895,,8.4354,,,9.1149,,,,,,,,,,,,,,,,,,,,,,,,,,,,,,,,
2018-01-04,,,,6.6882,6.58,6.6091,6.689,6.96,7.24,7.625,7.9067,,8.4177,,,9.0984,,,,,,,,,,,,,,,,,,,,,,,,,,,,,,,,
2018-01-05,,,,6.7073,6.5986,6.6292,6.7252,6.99,7.2877,7.6863,7.9697,,8.4899,,,9.1664,,,,,,,,,,,,,,,,,,,,,,,,,,,,,,,,
2018-01-08,,,,6.7024,6.5967,6.635,6.7527,7.0,7.29,7.69,7.96,8.2431,8.48,,,9.125,,9.35,,,,,,,,,,,,,,,,,,,,,,,,,,,,,,
2018-01-09,,,,6.7074,6.595,6.6399,6.7599,7.01,7.3118,7.7,7.975,8.276,8.51,,,9.155,,9.3916,,,,,,,,,,,,,,,,,,,,,,,,,,,,,,
2018-01-10,,,,6.7241,6.625,6.68,6.815,7.065,7.3616,7.76,8.0132,8.3077,8.53,,,9.138,,9.38,,,,,,,,,,,,,,,,,,,,,,,,,,,,,,
2018-01-11,,,,6.7478,6.6395,6.7124,6.8368,7.0674,7.3643,7.7475,8.0058,8.305,8.5184,,,9.09,,9.315,,,,,,,,,,,,,,,,,,,,,,,,,,,,,,
2018-01-12,,,,6.7587,6.6521,6.7362,6.8674,7.1027,7.3894,7.7535,8.0189,8.315,8.51,,,9.0771,,9.2966,,,,,,,,,,,,,,,,,,,,,,,,,,,,,,
2018-01-15,,,,6.755,6.625,6.71,6.835,7.07,7.356,7.7195,7.975,8.285,8.4864,,,9.0561,,9.2759,,,,,,,,,,,,,,,,,,,,,,,,,,,,,,
2018-01-16,,,,6.7568,6.6156,6.7,6.8347,7.065,7.35,7.7225,8.005,8.3189,8.5263,,,9.1005,,9.32,,,,,,,,,,,,,,,,,,,,,,,,,,,,,,
2018-01-17,,,,6.755,6.5963,6.6878,6.8294,7.0688,7.3662,7.7381,8.0125,8.34,8.545,,,9.11,,9.32,,,,,,,,,,,,,,,,,,,,,,,,,,,,,,
2018-01-18,,,,6.7353,6.563,6.6898,6.8324,7.0858,7.38,7.755,8.0572,8.365,8.5639,,,9.13,,9.34,,,,,,,,,,,,,,,,,,,,,,,,,,,,,,
2018-01-19,,,,6.72,6.5778,6.6861,6.8336,7.0821,7.3662,7.755,8.0399,8.3336,8.5539,,,9.1183,,9.3291,,,,,,,,,,,,,,,,,,,,,,,,,,,,,,
2018-01-22,,,,6.72,6.6038,6.6934,6.8423,7.0968,7.38,7.755,8.0525,8.355,8.565,,,9.1405,,9.36,,,,,,,,,,,,,,,,,,,,,,,,,,,,,,
2018-01-23,,,,6.7099,6.5982,6.6722,6.8317,7.0796,7.38,7.7673,8.0749,8.395,8.605,,,9.2005,,9.4205,,,,,,,,,,,,,,,,,,,,,,,,,,,,,,
2018-01-24,,,,6.7012,6.5663,6.622,6.763,6.9797,7.2683,7.66,7.9544,8.255,8.465,,,9.05,,9.2599,,,,,,,,,,,,,,,,,,,,,,,,,,,,,,
2018-01-25,,,,6.7012,6.5663,6.622,6.763,6.9797,7.2683,7.66,7.9544,8.255,8.465,,,9.05,,9.2599,,,,,,,,,,,,,,,,,,,,,,,,,,,,,,
2018-01-26,,,,6.685,6.5475,6.585,6.7195,6.9408,7.2314,7.622,7.895,8.2072,8.4083,,,8.9415,,9.1293,,,,,,,,,,,,,,,,,,,,,,,,,,,,,,
2018-01-29,,,,6.6786,6.5594,6.6008,6.7308,6.9657,7.2659,7.6625,7.935,8.2425,8.4436,,,9.0019,,9.193,,,,,,,,,,,,,,,,,,,,,,,,,,,,,,
2018-01-30,,,,6.6725,6.5655,6.6192,6.7645,7.0075,7.3189,7.69,7.9725,8.2779,8.4788,,,9.02,,9.2099,,,,,,,,,,,,,,,,,,,,,,,,,,,,,,
2018-01-31,,,,6.6643,6.5563,6.6099,6.76,7.0086,7.3263,7.7,7.9745,8.2787,8.479,,,9.02,,9.2177,,,,,,,,,,,,,,,,,,,,,,,,,,,,,,
2018-02-01,,,,6.6646,6.55,6.6158,6.7615,7.0184,7.335,7.705,7.9866,8.275,8.4749,,,9.0,,9.1745,,,,,,,,,,,,,,,,,,,,,,,,,,,,,,
2018-02-02,,,,6.658,6.555,6.63,6.7846,7.0432,7.3737,7.7745,8.0575,8.3549,8.5649,,,9.1249,,9.2962,,,,,,,,,,,,,,,,,,,,,,,,,,,,,,
2018-02-05,,,,6.646,6.555,6.6199,6.775,7.035,7.3732,7.7749,8.0664,8.375,8.5949,,,9.1549,,9.355,,,,,,,,,,,,,,,,,,,,,,,,,,,,,,
2018-02-06,,,,6.64,6.56,6.6228,6.7799,7.031,7.3583,7.75,8.04,8.355,8.5541,,,9.0961,,9.2804,,,,,,,,,,,,,,,,,,,,,,,,,,,,,,
2018-02-07,,,,6.63,6.5359,6.6074,6.7589,7.0217,7.35,7.7299,8.0199,8.3223,8.5241,,,9.065,,9.26,,,,,,,,,,,,,,,,,,,,,,,,,,,,,,
2018-02-08,,,,6.6283,6.5031,6.57,6.6937,6.945,7.27,7.6697,7.94,8.261,8.4699,,,9.0511,,9.26,,,,,,,,,,,,,,,,,,,,,,,,,,,,,,
2018-02-09,,,,6.6248,6.5077,6.56,6.6778,6.9254,7.2735,7.6578,7.947,8.26,8.4774,,,9.12,,9.32,,,,,,,,,,,,,,,,,,,,,,,,,,,,,,
2018-02-14,,,,6.6209,6.495,6.5332,6.6448,6.885,7.205,7.5973,7.8563,8.17,8.385,,,8.9799,,9.17,,,,,,,,,,,,,,,,,,,,,,,,,,,,,,
2018-02-15,,,,6.6238,6.4779,6.5137,6.61,6.84,7.145,7.5282,7.7897,8.1007,8.3236,,,8.9525,,9.1616,,,,,,,,,,,,,,,,,,,,,,,,,,,,,,
2018-02-16,,,,6.6364,6.4577,6.5,6.575,6.7718,7.0478,7.395,7.6631,7.9888,8.21,,,8.8634,,9.1005,,,,,,,,,,,,,,,,,,,,,,,,,,,,,,
2018-02-19,,,,6.643,6.4515,6.4937,6.5514,6.7341,7.0118,7.355,7.6192,7.9449,8.1814,,,8.8825,,9.1291,,,,,,,,,,,,,,,,,,,,,,,,,,,,,,
2018-02-20,,,,6.64,6.4416,6.4736,6.54,6.7176,6.9676,7.315,7.57,7.895,8.14,,,8.8316,,9.0966,,,,,,,,,,,,,,,,,,,,,,,,,,,,,,
2018-02-21,,,,6.6306,6.4278,6.4581,6.5149,6.6859,6.936,7.265,7.5355,7.8565,8.1,,,8.8117,,9.071,,,,,,,,,,,,,,,,,,,,,,,,,,,,,,
2018-02-22,,,,6.634,6.4432,6.485,6.555,6.745,7.0128,7.345,7.591,7.91,8.14,,,8.8229,,9.08,,,,,,,,,,,,,,,,,,,,,,,,,,,,,,
2018-02-23,,,,6.6331,6.4386,6.4712,6.5349,6.717,6.9741,7.2961,7.5868,7.88,8.0999,,,8.8071,,9.0437,,,,,,,,,,,,,,,,,,,,,,,,,,,,,,
2018-02-26,,,,6.6339,6.4515,6.4809,6.555,6.7274,6.9813,7.3061,7.5834,7.88,8.09,,,8.755,,8.975,,,,,,,,,,,,,,,,,,,,,,,,,,,,,,
2018-02-27,,,,6.625,6.465,6.4971,6.5682,6.7356,6.9756,7.305,7.575,7.8676,8.1,,,8.775,,9.0167,,,,,,,,,,,,,,,,,,,,,,,,,,,,,,
2018-02-28,,,,6.6166,6.4498,6.48,6.5449,6.7074,6.9386,7.26,7.5334,7.8282,8.055,,,8.7401,,8.96,,,,,,,,,,,,,,,,,,,,,,,,,,,,,,
2018-03-01,,,,6.6303,6.4469,6.4777,6.5377,6.705,6.9307,7.2612,7.5318,7.8245,8.0624,,,8.7275,,8.96,,,,,,,,,,,,,,,,,,,,,,,,,,,,,,
2018-03-02,,,,6.6249,6.4298,6.4477,6.4864,6.64,6.8668,7.1813,7.4477,7.742,7.9618,,,8.6409,,8.884,,,,,,,,,,,,,,,,,,,,,,,,,,,,,,
2018-03-05,,,,6.6092,6.3822,6.4083,6.4364,6.58,6.797,7.12,7.385,7.67,7.9004,,,8.5674,,8.8,,,,,,,,,,,,,,,,,,,,,,,,,,,,,,
2018-03-06,,,,6.6057,6.3714,6.402,6.4362,6.5765,6.777,7.0876,7.3578,7.645,7.8679,,,8.5427,,8.7959,,,,,,,,,,,,,,,,,,,,,,,,,,,,,,
2018-03-07,,,,6.6044,6.3369,6.395,6.4244,6.555,6.765,7.0672,7.3277,7.624,7.8576,,,8.5488,,8.8041,,,,,,,,,,,,,,,,,,,,,,,,,,,,,,
2018-03-08,,,,6.6017,6.3366,6.395,6.43,6.5462,6.745,7.038,7.2916,7.5744,7.8185,,,8.53,,8.7936,,,,,,,,,,,,,,,,,,,,,,,,,,,,,,
2018-03-09,,,,6.595,6.325,6.385,6.427,6.5475,6.7253,7.01,7.2688,7.5649,7.81,,,8.552,,8.8144,,,,,,,,,,,,,,,,,,,,,,,,,,,,,,
2018-03-12,,,,6.588,6.3166,6.385,6.4266,6.55,6.7276,7.0,7.265,7.5359,7.7931,,,8.5275,,8.804,,,,,,,,,,,,,,,,,,,,,,,,,,,,,,
2018-03-13,,,,6.582,6.3227,6.3864,6.435,6.5649,6.7253,7.0,7.2749,7.5361,7.765,,,8.485,,8.735,,,,,,,,,,,,,,,,,,,,,,,,,,,,,,
2018-03-14,,,,6.5733,6.334,6.3857,6.45,6.6012,6.7767,7.06,7.335,7.596,7.8378,,,8.5104,,8.7597,,,,,,,,,,,,,,,,,,,,,,,,,,,,,,
2018-03-15,,,,6.5706,6.3411,6.385,6.45,6.6167,6.8161,7.1,7.3641,7.6097,7.8503,,,8.525,,8.773,,,,,,,,,,,,,,,,,,,,,,,,,,,,,,
2018-03-16,,,,6.5726,6.327,6.3695,6.4331,6.58,6.7824,7.085,7.3438,7.5875,7.8161,,,8.495,,8.745,,,,,,,,,,,,,,,,,,,,,,,,,,,,,,
2018-03-19,,,,6.5303,6.2846,6.345,6.425,6.57,6.7827,7.075,7.3437,7.595,7.8249,,,8.49,,8.7517,,,,,,,,,,,,,,,,,,,,,,,,,,,,,,
2018-03-20,,,,6.5322,6.272,6.345,6.425,6.58,6.8034,7.115,7.3899,7.6399,7.8877,,,8.5549,,8.8119,,,,,,,,,,,,,,,,,,,,,,,,,,,,,,
2018-03-21,,,,6.5155,6.2531,6.34,6.4175,6.5787,6.7922,7.105,7.3699,7.6229,7.8538,,,8.5041,,8.74,,,,,,,,,,,,,,,,,,,,,,,,,,,,,,
2018-03-22,,,,6.4781,6.1659,6.1853,6.2072,6.345,6.5562,6.8587,7.1225,7.4039,7.6379,,,8.3363,,8.6,,,,,,,,,,,,,,,,,,,,,,,,,,,,,,
2018-03-23,,,,6.474,6.19,6.1917,6.2098,6.345,6.555,6.85,7.1219,7.385,7.6327,,,8.3678,,8.64,,,,,,,,,,,,,,,,,,,,,,,,,,,,,,
2018-03-26,,,,6.4775,6.1875,6.1785,6.185,6.2961,6.4872,6.77,7.0221,7.2885,7.525,,,8.2427,,8.5337,,,,,,,,,,,,,,,,,,,,,,,,,,,,,,
2018-03-27,,,,6.4736,6.1783,6.195,6.2083,6.31,6.5019,6.788,7.05,7.323,7.565,,,8.2611,,8.5539,,,,,,,,,,,,,,,,,,,,,,,,,,,,,,
2018-03-28,,,,6.4809,6.1493,6.1985,6.2046,6.3098,6.5099,6.8074,7.06,7.315,7.573,,,8.2818,,8.5733,,,,,,,,,,,,,,,,,,,,,,,,,,,,,,
2018-03-29,,,,6.4815,6.1503,6.1837,6.185,6.2699,6.4518,6.735,7.0112,7.28,7.525,,,8.24,,8.535,,,,,,,,,,,,,,,,,,,,,,,,,,,,,,
2018-04-02,,,,,6.1534,6.1774,6.1861,6.265,6.4734,6.775,7.051,7.325,7.575,,,8.3,,8.585,,,,,,,,,,,,,,,,,,,,,,,,,,,,,,
2018-04-03,,,,,6.1527,6.1837,6.1936,6.2665,6.4706,6.79,7.0664,7.3499,7.6126,,,8.3697,,8.6478,,,,,,,,,,,,,,,,,,,,,,,,,,,,,,
2018-04-04,,,,,6.1512,6.1879,6.2051,6.28,6.4858,6.8043,7.09,7.385,7.66,,,8.4,,8.688,,,,,,,,,,,,,,,,,,,,,,,,,,,,,,
2018-04-05,,,,,6.1665,6.188,6.1999,6.2749,6.45,6.7581,7.015,7.2998,7.5675,,,8.3099,,8.6045,,,,,,,,,,,,,,,,,,,,,,,,,,,,,,
2018-04-06,,,,,6.2109,6.1918,6.2114,6.2975,6.4725,6.7699,7.049,7.34,7.615,,,8.4024,,8.695,,,,,,,,,,,,,,,,,,,,,,,,,,,,,,
2018-04-09,,,,,6.2111,6.2,6.2331,6.32,6.5036,6.8,7.0687,7.365,7.6452,,,8.4363,,8.725,,,,,,,,,,,,,,,,,,,,,,,,,,,,,,
2018-04-10,,,,,6.2187,6.2065,6.2349,6.325,6.4976,6.785,7.055,7.355,7.6349,,,8.445,,8.76,,,,,,,,,,,,,,,,,,,,,,,,,,,,,,
2018-04-11,,,,,6.2137,6.2049,6.225,6.3202,6.485,6.755,7.026,7.3258,7.5959,,,8.4,,8.704,,,,,,,,,,,,,,,,,,,,,,,,,,,,,,
2018-04-12,,,,,6.2153,6.1911,6.1929,6.2787,6.4482,6.705,6.945,7.2481,7.5199,,,8.33,,8.6427,,,,,,,,,,,,,,,,,,,,,,,,,,,,,,
2018-04-13,,,,,6.2171,6.1955,6.1963,6.27,6.42,6.6457,6.895,7.1978,7.49,,,8.36,,8.7011,,,,,,,,,,,,,,,,,,,,,,,,,,,,,,
2018-04-16,,,,,6.2054,6.19,6.1999,6.2749,6.41,6.645,6.885,7.1879,7.47,,,8.3054,,8.6551,,,,,,,,,,,,,,,,,,,,,,,,,,,,,,
2018-04-17,,,,,6.1996,6.1754,6.195,6.275,6.4159,6.6513,6.885,7.1749,7.4471,,,8.2549,,8.605,,,,,,,,,,,,,,,,,,,,,,,,,,,,,,
2018-04-18,,,,,6.189,6.1515,6.178,6.2618,6.4028,6.63,6.865,7.147,7.3971,,,8.195,,8.5288,,,,,,,,,,,,,,,,,,,,,,,,,,,,,,
2018-04-19,,,,,6.1798,6.1529,6.1983,6.2919,6.4286,6.6625,6.9061,7.188,7.4367,,,8.2349,,8.58,,,,,,,,,,,,,,,,,,,,,,,,,,,,,,
2018-04-20,,,,,6.1497,6.145,6.175,6.2737,6.3979,6.633,6.8599,7.14,7.3799,,,8.205,,8.565,,,,,,,,,,,,,,,,,,,,,,,,,,,,,,
2018-04-23,,,,,6.1468,6.1394,6.1868,6.2822,6.4183,6.6624,6.8866,7.17,7.4277,,,8.2836,,8.655,,,,,,,,,,,,,,,,,,,,,,,,,,,,,,
2018-04-24,,,,,6.1522,6.1424,6.1933,6.2872,6.4323,6.6621,6.8858,7.18,7.45,,,8.3036,,8.6676,,,,,,,,,,,,,,,,,,,,,,,,,,,,,,
2018-04-25,,,,,6.16,6.1615,6.21,6.305,6.46,6.69,6.925,7.215,7.4788,,,8.3312,,8.695,,,,,,,,,,,,,,,,,,,,,,,,,,,,,,
2018-04-26,,,,,6.158,6.1371,6.205,6.2999,6.45,6.68,6.905,7.1899,7.435,,,8.2813,,8.66,,,,,,,,,,,,,,,,,,,,,,,,,,,,,,
2018-04-27,,,,,6.1839,6.1104,6.175,6.265,6.41,6.64,6.875,7.155,7.4065,,,8.235,,8.6036,,,,,,,,,,,,,,,,,,,,,,,,,,,,,,
2018-04-30,,,,,6.1857,6.113,6.18,6.28,6.45,6.69,6.925,7.2049,7.4599,,,8.305,,8.6649,,,,,,,,,,,,,,,,,,,,,,,,,,,,,,
2018-05-02,,,,,6.2003,6.1399,6.2,6.295,6.475,6.73,6.955,7.231,7.5,,,8.3409,,8.6811,,,,,,,,,,,,,,,,,,,,,,,,,,,,,,
2018-05-03,,,,,6.2056,6.1579,6.215,6.325,6.5061,6.7731,7.0199,7.2934,7.5504,,,8.365,,8.7008,,,,,,,,,,,,,,,,,,,,,,,,,,,,,,
2018-05-04,,,,,6.1594,6.1528,6.215,6.34,6.5136,6.7968,7.03,7.2949,7.5619,,,8.38,,8.715,,,,,,,,,,,,,,,,,,,,,,,,,,,,,,
2018-05-07,,,,,6.1603,6.175,6.2409,6.3754,6.575,6.8461,7.1,7.3749,7.64,,,8.49,,8.83,,,,,,,,,,,,,,,,,,,,,,,,,,,,,,
2018-05-08,,,,,6.192,6.1977,6.2718,6.4581,6.68,6.9668,7.2377,7.5215,7.801,,,8.6349,,8.965,,,,,,,,,,,,,,,,,,,,,,,,,,,,,,
2018-05-09,,,,,6.1799,6.175,6.23,6.4298,6.6888,6.9969,7.31,7.601,7.895,,,8.7925,,9.1515,,,,,,,,,,,,,,,,,,,,,,,,,,,,,,
2018-05-10,,,,,6.1562,6.1484,6.202,6.39,6.6249,6.9199,7.1911,7.471,7.745,,,8.5949,,8.925,,,,,,,,,,,,,,,,,,,,,,,,,,,,,,
2018-05-11,,,,,6.1764,6.1789,6.2673,6.4369,6.67,6.98,7.259,7.551,7.8134,,,8.7237,,9.0111,,,,,,,,,,,,,,,,,,,,,,,,,,,,,,
2018-05-14,,,,,6.219,6.2186,6.3093,6.5286,6.7782,7.08,7.3799,7.67,7.95,,,8.811,,9.1075,,,,,,,,,,,,,,,,,,,,,,,,,,,,,,
2018-05-15,,,,,6.2474,6.2224,6.3,6.5092,6.7454,7.028,7.3199,7.6252,7.92,,,8.8168,,9.1361,,,,,,,,,,,,,,,,,,,,,,,,,,,,,,
2018-05-16,,,,,6.229,6.17,6.2386,6.4627,6.7125,7.022,7.3039,7.6033,7.9,,,8.8131,,9.125,,,,,,,,,,,,,,,,,,,,,,,,,,,,,,
2018-05-17,,,,,6.4298,6.3993,6.5003,6.795,7.048,7.325,7.5861,7.8649,8.155,,,9.0028,,9.2701,,,,,,,,,,,,,,,,,,,,,,,,,,,,,,
2018-05-18,,,,,6.4432,6.4292,6.578,6.863,7.135,7.43,7.7206,8.01,8.3327,,,9.2659,,9.6128,,,,,,,,,,,,,,,,,,,,,,,,,,,,,,
2018-05-21,,,,,6.4348,6.42,6.5419,6.7975,7.0481,7.345,7.6249,7.925,8.245,,,9.1403,,9.4929,,,,,,,,,,,,,,,,,,,,,,,,,,,,,,
2018-05-22,,,,,6.4273,6.4198,6.5026,6.7314,6.9583,7.236,7.49,7.765,8.0774,,,9.0332,,9.392,,,,,,,,,,,,,,,,,,,,,,,,,,,,,,
2018-05-23,,,,,6.4319,6.425,6.5383,6.7361,6.9147,7.155,7.4074,7.6682,7.975,,,8.981,,9.37,,,,,,,,,,,,,,,,,,,,,,,,,,,,,,
2018-05-24,,,,,6.4305,6.4649,6.6048,6.8265,7.0164,7.2547,7.505,7.7772,8.0945,,,9.1091,,9.53,,,,,,,,,,,,,,,,,,,,,,,,,,,,,,
2018-05-25,,,,,6.4279,6.4843,6.6223,6.8864,7.0825,7.3149,7.5555,7.8265,8.1393,,,9.1965,,9.6383,,,,,,,,,,,,,,,,,,,,,,,,,,,,,,
2018-05-28,,,,,6.4386,6.5142,6.7037,6.9732,7.1663,7.3948,7.675,7.9552,8.2072,,,9.2786,,9.705,,,,,,,,,,,,,,,,,,,,,,,,,,,,,,
2018-05-29,,,,,6.4563,6.5476,6.7122,7.002,7.2272,7.4587,7.7391,8.0085,8.2974,,,9.4227,,9.8766,,,,,,,,,,,,,,,,,,,,,,,,,,,,,,
2018-05-30,,,,,6.4559,6.5843,6.7422,7.0384,7.2785,7.5198,7.7561,8.0114,8.2699,,,9.3643,,9.819,,,,,,,,,,,,,,,,,,,,,,,,,,,,,,
2018-06-01,,,,,6.4487,6.5499,6.659,6.9775,7.1967,7.43,7.6495,7.89,8.1907,,,9.2998,,9.7504,,,,,,,,,,,,,,,,,,,,,,,,,,,,,,
2018-06-04,,,,,6.4479,6.515,6.6219,6.933,7.1272,7.362,7.5987,7.8584,8.153,,,9.2514,,9.7187,,,,,,,,,,,,,,,,,,,,,,,,,,,,,,
2018-06-05,,,,,6.4621,6.6268,6.8179,7.1484,7.4023,7.6315,7.87,8.13,8.405,,,9.5684,,10.05,,,,,,,,,,,,,,,,,,,,,,,,,,,,,,
2018-06-06,,,,,6.4772,6.6478,6.895,7.2627,7.5209,7.7875,8.0346,8.31,8.5923,,,9.7367,,10.2262,,,,,,,,,,,,,,,,,,,,,,,,,,,,,,
2018-06-07,,,,,6.6558,7.0377,7.4927,7.9895,8.3233,8.6293,8.7896,9.0101,9.2529,,,10.0895,,10.5061,,,,,,,,,,,,,,,,,,,,,,,,,,,,,,
2018-06-08,,,,,6.5427,6.8653,7.2611,7.7289,8.0956,8.4426,8.6621,8.9066,9.1214,,,9.7814,,10.1861,,,,,,,,,,,,,,,,,,,,,,,,,,,,,,
2018-06-11,,,,,6.5293,6.7881,7.1084,7.6161,7.9871,8.3229,8.6028,8.8824,9.1599,,,9.8905,,10.2826,,,,,,,,,,,,,,,,,,,,,,,,,,,,,,
2018-06-12,,,,,6.52,6.7374,7.07,7.58,7.9862,8.3427,8.6213,8.8915,9.1764,,,9.9815,,10.3938,,,,,,,,,,,,,,,,,,,,,,,,,,,,,,
2018-06-13,,,,,6.5381,6.7819,7.1305,7.6815,8.1358,8.5324,8.8138,9.0912,9.3674,,,10.214,,10.5963,,,,,,,,,,,,,,,,,,,,,,,,,,,,,,
2018-06-14,,,,,6.6862,7.0106,7.4927,8.0623,8.58,8.9628,9.3052,9.5696,9.8004,,,10.6092,,10.9921,,,,,,,,,,,,,,,,,,,,,,,,,,,,,,
2018-06-15,,,,,6.469,6.775,7.2022,7.7656,8.2525,8.6416,8.9932,9.2738,9.5121,,,10.3118,,10.7183,,,,,,,,,,,,,,,,,,,,,,,,,,,,,,
2018-06-18,,,,,6.4535,6.6222,7.0578,7.6063,8.101,8.498,8.7565,9.04,9.28,,,10.1417,,10.5666,,,,,,,,,,,,,,,,,,,,,,,,,,,,,,
2018-06-19,,,,,6.4472,6.5815,6.9189,7.4085,7.8547,8.21,8.5073,8.805,9.05,,,9.9187,,10.3285,,,,,,,,,,,,,,,,,,,,,,,,,,,,,,
2018-06-20,,,,,6.4549,6.5587,6.9286,7.4529,7.915,8.3,8.5922,8.8824,9.145,,,10.01,,10.4058,,,,,,,,,,,,,,,,,,,,,,,,,,,,,,
2018-06-21,,,,,6.3959,6.535,6.9299,7.4731,7.9135,8.2936,8.61,8.9027,9.1781,,,10.1337,,10.5307,,,,,,,,,,,,,,,,,,,,,,,,,,,,,,
2018-06-22,,,,,6.4175,6.5165,6.9306,7.4756,7.9267,8.3124,8.6024,8.9068,9.1762,,,10.1343,,10.535,,,,,,,,,,,,,,,,,,,,,,,,,,,,,,
2018-06-25,,,,,6.4145,6.4876,6.8934,7.4232,7.8149,8.19,8.4799,8.765,9.0218,,,9.9332,,10.3562,,,,,,,,,,,,,,,,,,,,,,,,,,,,,,
2018-06-26,,,,,6.4022,6.4726,6.83,7.3082,7.7133,8.0634,8.3462,8.625,8.865,,,9.778,,10.212,,,,,,,,,,,,,,,,,,,,,,,,,,,,,,
2018-06-27,,,,,6.4039,6.507,6.8711,7.3669,7.7865,8.1701,8.4833,8.7383,9.008,,,9.9291,,10.325,,,,,,,,,,,,,,,,,,,,,,,,,,,,,,
2018-06-28,,,,,6.4043,6.4269,6.6336,7.1662,7.57,7.9551,8.2418,8.5349,8.785,,,9.745,,10.16,,,,,,,,,,,,,,,,,,,,,,,,,,,,,,
2018-06-29,,,,,6.4049,6.42,6.6475,7.1554,7.53,7.9237,8.2331,8.5279,8.7732,,,9.701,,10.1101,,,,,,,,,,,,,,,,,,,,,,,,,,,,,,
2018-07-02,,,,,,6.416,6.6236,7.1029,7.4983,7.8662,8.1933,8.4831,8.735,,,9.601,,10.0129,,,,,,,,,,,,,,,,,,,,,,,,,,,,,,
2018-07-03,,,,,,6.435,6.6928,7.17,7.5957,7.9769,8.2572,8.5488,8.805,,,9.68,,10.0586,,,,,,,,,,,,,,,,,,,,,,,,,,,,,,
2018-07-04,,,,,,6.4559,6.705,7.1878,7.611,8.0,8.2975,8.5576,8.823,,,9.672,,10.0333,,,,,,,,,,,,,,,,,,,,,,,,,,,,,,
2018-07-05,,,,,,6.4929,6.7732,7.27,7.7,8.0953,8.365,8.645,8.905,,,9.7718,,10.14,,,,,,,,,,,,,,,,,,,,,,,,,,,,,,
2018-07-06,,,,,,6.4598,6.6451,7.1417,7.515,7.925,8.1735,8.4677,8.7224,,,9.6238,,9.9932,,,,,,,,,,,,,,,,,,,,,,,,,,,,,,
2018-07-09,,,,,,6.4598,6.6451,7.1417,7.515,7.925,8.1735,8.4677,8.7224,9.0064,,9.6238,,9.9932,,10.2918,,,,,,,,,,,,,,,,,,,,,,,,,,,,
2018-07-10,,,,,,6.4563,6.6187,7.0771,7.44,7.8,8.045,8.3101,8.57,8.8349,,9.46,,9.82,,10.1027,,,,,,,,,,,,,,,,,,,,,,,,,,,,
2018-07-11,,,,,,6.4751,6.6761,7.1444,7.515,7.8782,8.125,8.405,8.66,8.925,,9.5535,,9.9312,,10.2347,,,,,,,,,,,,,,,,,,,,,,,,,,,,
2018-07-12,,,,,,6.4864,6.7397,7.237,7.615,7.9842,8.2382,8.535,8.79,9.0547,,9.6853,,10.1066,,10.435,,,,,,,,,,,,,,,,,,,,,,,,,,,,
2018-07-13,,,,,,6.4669,6.7021,7.16,7.5213,7.885,8.1282,8.4283,8.7,8.9671,,9.5799,,10.005,,10.335,,,,,,,,,,,,,,,,,,,,,,,,,,,,
2018-07-16,,,,,,6.447,6.6726,7.1098,7.4711,7.845,8.1152,8.41,8.675,8.93,,9.53,,9.965,,10.3086,,,,,,,,,,,,,,,,,,,,,,,,,,,,
2018-07-17,,,,,,6.428,6.6243,7.0283,7.383,7.735,7.9999,8.31,8.588,8.85,,9.475,,9.9395,,10.2823,,,,,,,,,,,,,,,,,,,,,,,,,,,,
2018-07-18,,,,,,6.4399,6.65,7.0653,7.429,7.8074,8.065,8.38,8.648,8.909,,9.5274,,9.98,,10.3163,,,,,,,,,,,,,,,,,,,,,,,,,,,,
2018-07-19,,,,,,6.4262,6.65,7.0679,7.4174,7.7922,8.0474,8.3633,8.6419,8.9119,,9.5435,,9.9582,,10.275,,,,,,,,,,,,,,,,,,,,,,,,,,,,
2018-07-20,,,,,,6.4127,6.6211,7.0199,7.3765,7.7469,7.977,8.2988,8.5749,8.8249,,9.4199,,9.822,,10.0886,,,,,,,,,,,,,,,,,,,,,,,,,,,,
2018-07-23,,,,,,6.4136,6.6483,7.0532,7.4101,7.7879,8.0599,8.357,8.63,8.8849,,9.4598,,9.8309,,10.13,,,,,,,,,,,,,,,,,,,,,,,,,,,,
2018-07-24,,,,,,6.4169,6.6281,7.0284,7.375,7.7374,7.9799,8.285,8.555,8.815,,9.395,,9.7931,,10.1,,,,,,,,,,,,,,,,,,,,,,,,,,,,
2018-07-25,,,,,,6.4085,6.5689,6.945,7.2527,7.6111,7.8634,8.1709,8.44,8.7098,,9.2997,,9.695,,10.0038,,,,,,,,,,,,,,,,,,,,,,,,,,,,
2018-07-26,,,,,,6.414,6.5773,6.9278,7.2406,7.615,7.845,8.1779,8.4415,8.7109,,9.3161,,9.73,,10.061,,,,,,,,,,,,,,,,,,,,,,,,,,,,
2018-07-27,,,,,,6.414,6.5715,6.922,7.2549,7.5971,7.8488,8.1501,8.4025,8.6779,,9.29,,9.7116,,10.055,,,,,,,,,,,,,,,,,,,,,,,,,,,,
2018-07-30,,,,,,6.413,6.5785,6.93,7.2611,7.5981,7.8545,8.1618,8.4163,8.685,,9.3,,9.73,,10.0604,,,,,,,,,,,,,,,,,,,,,,,,,,,,
2018-07-31,,,,,,6.41,6.5766,6.9148,7.2462,7.58,7.83,8.14,8.4154,8.7011,,9.34,,9.7709,,10.125,,,,,,,,,,,,,,,,,,,,,,,,,,,,
2018-08-01,,,,,,6.4071,6.5776,6.9,7.2162,7.5568,7.8034,8.1049,8.38,8.6603,,9.307,,9.745,,10.0999,,,,,,,,,,,,,,,,,,,,,,,,,,,,
2018-08-02,,,,,,6.4021,6.58,6.915,7.2568,7.6042,7.865,8.155,8.415,8.6981,,9.31,,9.7599,,10.1264,,,,,,,,,,,,,,,,,,,,,,,,,,,,
2018-08-03,,,,,,6.4146,6.5776,6.9085,7.2426,7.5868,7.8543,8.1283,8.3869,8.6387,,9.2542,,9.655,,9.9897,,,,,,,,,,,,,,,,,,,,,,,,,,,,
2018-08-06,,,,,,6.4334,6.595,6.9262,7.2513,7.5832,7.84,8.1226,8.3912,8.65,,9.2419,,9.6452,,9.9785,,,,,,,,,,,,,,,,,,,,,,,,,,,,
2018-08-07,,,,,,6.4471,6.6527,6.995,7.3598,7.7236,8.0143,8.3031,8.56,8.8277,,9.4021,,9.805,,10.1169,,,,,,,,,,,,,,,,,,,,,,,,,,,,
2018-08-08,,,,,,6.437,6.64,6.985,7.345,7.7019,7.98,8.265,8.53,8.8069,,9.4338,,9.875,,10.1905,,,,,,,,,,,,,,,,,,,,,,,,,,,,
2018-08-09,,,,,,6.445,6.6516,7.0263,7.4142,7.79,8.08,8.3834,8.66,8.935,,9.595,,9.995,,10.34,,,,,,,,,,,,,,,,,,,,,,,,,,,,
2018-08-10,,,,,,6.457,6.7492,7.2084,7.6853,8.1146,8.3982,8.6929,8.98,9.2813,,9.9634,,10.3816,,10.72,,,,,,,,,,,,,,,,,,,,,,,,,,,,
2018-08-13,,,,,,6.4549,6.7321,7.203,7.6468,8.0764,8.3974,8.7119,9.0112,9.3136,,9.9971,,10.4237,,10.7633,,,,,,,,,,,,,,,,,,,,,,,,,,,,
2018-08-14,,,,,,6.435,6.6432,7.0549,7.4265,7.8206,8.1299,8.4231,8.705,8.9807,,9.6517,,10.0559,,10.3955,,,,,,,,,,,,,,,,,,,,,,,,,,,,
2018-08-15,,,,,,6.45,6.66,7.0552,7.4408,7.835,8.145,8.4251,8.7081,8.965,,9.635,,10.0486,,10.39,,,,,,,,,,,,,,,,,,,,,,,,,,,,
2018-08-16,,,,,,6.4431,6.6265,7.0382,7.4365,7.845,8.1493,8.4425,8.725,9.0,,9.695,,10.1273,,10.465,,,,,,,,,,,,,,,,,,,,,,,,,,,,
2018-08-17,,,,,,6.4519,6.615,7.02,7.42,7.825,8.136,8.44,8.715,8.99,,9.71,,10.165,,10.525,,,,,,,,,,,,,,,,,,,,,,,,,,,,
2018-08-20,,,,,,6.4569,6.6452,7.0881,7.505,7.9133,8.2247,8.5321,8.8148,9.0891,,9.81,,10.2804,,10.6546,,,,,,,,,,,,,,,,,,,,,,,,,,,,
2018-08-21,,,,,,6.475,6.7262,7.2243,7.7049,8.13,8.4722,8.7833,9.0922,9.3849,,10.1035,,10.601,,10.9994,,,,,,,,,,,,,,,,,,,,,,,,,,,,
2018-08-22,,,,,,6.472,6.6937,7.165,7.6276,8.045,8.36,8.68,8.9745,9.2663,,10.0038,,10.465,,10.8524,,,,,,,,,,,,,,,,,,,,,,,,,,,,
2018-08-23,,,,,,6.48,6.7661,7.275,7.75,8.175,8.5129,8.83,9.135,9.4343,,10.2068,,10.6364,,10.995,,,,,,,,,,,,,,,,,,,,,,,,,,,,
2018-08-24,,,,,,6.485,6.72,7.25,7.6988,8.113,8.4436,8.7592,9.0775,9.366,,10.1013,,10.5455,,10.9009,,,,,,,,,,,,,,,,,,,,,,,,,,,,
2018-08-27,,,,,,6.4645,6.6866,7.21,7.6634,8.075,8.394,8.71,9.02,9.305,,10.0306,,10.465,,10.8099,,,,,,,,,,,,,,,,,,,,,,,,,,,,
2018-08-28,,,,,,6.4727,6.7407,7.2953,7.725,8.1279,8.4381,8.755,9.0716,9.3694,,10.075,,10.55,,10.9089,,,,,,,,,,,,,,,,,,,,,,,,,,,,
2018-08-29,,,,,,6.4716,6.6833,7.235,7.6701,8.0756,8.3999,8.705,9.01,9.3126,,10.0408,,10.495,,10.87,,,,,,,,,,,,,,,,,,,,,,,,,,,,
2018-08-30,,,,,,6.5075,6.8246,7.4578,7.9523,8.4049,8.7489,9.0598,9.38,9.6699,,10.382,,10.83,,11.2124,,,,,,,,,,,,,,,,,,,,,,,,,,,,
2018-08-31,,,,,,6.4811,6.7736,7.3894,7.8528,8.2765,8.6179,8.913,9.21,9.4907,,10.2232,,10.6763,,11.04,,,,,,,,,,,,,,,,,,,,,,,,,,,,
2018-09-03,,,,,,6.499,6.7979,7.4504,7.93,8.3867,8.735,9.05,9.3518,9.66,,10.4012,,10.8464,,11.195,,,,,,,,,,,,,,,,,,,,,,,,,,,,
2018-09-04,,,,,,6.491,6.81,7.4709,7.975,8.438,8.805,9.14,9.4723,9.7799,,10.5509,,11.012,,11.3696,,,,,,,,,,,,,,,,,,,,,,,,,,,,
2018-09-05,,,,,,6.4729,6.8082,7.4627,7.96,8.3962,8.7632,9.0969,9.4131,9.7399,,10.5495,,11.005,,11.375,,,,,,,,,,,,,,,,,,,,,,,,,,,,
2018-09-06,,,,,,6.4537,6.6909,7.3512,7.85,8.2877,8.6112,8.948,9.2722,9.6231,,10.394,,10.8299,,11.1849,,,,,,,,,,,,,,,,,,,,,,,,,,,,
2018-09-10,,,,,,6.4473,6.6394,7.2349,7.685,8.105,8.4378,8.779,9.1349,9.4713,,10.2624,,10.735,,11.11,,,,,,,,,,,,,,,,,,,,,,,,,,,,
2018-09-11,,,,,,6.4528,6.6714,7.27,7.712,8.1328,8.4678,8.815,9.1681,9.4809,,10.3211,,10.8149,,11.165,,,,,,,,,,,,,,,,,,,,,,,,,,,,
2018-09-12,,,,,,6.452,6.6464,7.1865,7.617,8.0312,8.405,8.735,9.0788,9.391,,10.2261,,10.7424,,11.105,,,,,,,,,,,,,,,,,,,,,,,,,,,,
2018-09-13,,,,,,6.4611,6.695,7.295,7.79,8.2409,8.5922,8.945,9.3182,9.6419,,10.4635,,10.9376,,11.3,,,,,,,,,,,,,,,,,,,,,,,,,,,,
2018-09-14,,,,,,6.4736,6.7101,7.305,7.7701,8.2318,8.5669,8.9014,9.2318,9.5899,,10.3552,,10.83,,11.1885,,,,,,,,,,,,,,,,,,,,,,,,,,,,
2018-09-17,,,,,,6.4449,6.6169,7.19,7.6411,8.09,8.4251,8.77,9.11,9.4665,,10.2157,,10.6915,,11.0444,,,,,,,,,,,,,,,,,,,,,,,,,,,,
2018-09-18,,,,,,6.4538,6.6099,7.1822,7.6298,8.08,8.415,8.75,9.08,9.425,,10.11,,10.592,,10.943,,,,,,,,,,,,,,,,,,,,,,,,,,,,
2018-09-19,,,,,,6.443,6.6214,7.195,7.6822,8.1169,8.4598,8.7773,9.0849,9.393,,10.12,,10.5749,,10.9019,,,,,,,,,,,,,,,,,,,,,,,,,,,,
2018-09-20,,,,,,6.4166,6.569,7.1511,7.6352,8.0851,8.42,8.7586,9.065,9.388,,10.0918,,10.5399,,10.8616,,,,,,,,,,,,,,,,,,,,,,,,,,,,
2018-09-21,,,,,,6.4159,6.5548,7.117,7.5875,8.012,8.3256,8.65,8.9611,9.28,,9.96,,10.4276,,10.7471,,,,,,,,,,,,,,,,,,,,,,,,,,,,
2018-09-24,,,,,,6.4114,6.5657,7.135,7.61,8.0374,8.3776,8.701,9.015,9.3439,,10.0323,,10.49,,10.8182,,,,,,,,,,,,,,,,,,,,,,,,,,,,
2018-09-25,,,,,,6.4122,6.555,7.1159,7.59,8.0228,8.3768,8.7028,9.0038,9.32,,10.0413,,10.4935,,10.82,,,,,,,,,,,,,,,,,,,,,,,,,,,,
2018-09-26,,,,,,6.408,6.505,7.0662,7.5316,7.9664,8.2979,8.6104,8.9315,9.2251,,9.9153,,10.3699,,10.6782,,,,,,,,,,,,,,,,,,,,,,,,,,,,
2018-09-27,,,,,,6.4085,6.4914,7.0038,7.4464,7.875,8.2149,8.525,8.855,9.15,,9.8519,,10.32,,10.6374,,,,,,,,,,,,,,,,,,,,,,,,,,,,
2018-09-28,,,,,,6.4064,6.5534,7.0656,7.511,7.9225,8.2649,8.5756,8.91,9.2295,,9.9741,,10.4433,,10.7637,,,,,,,,,,,,,,,,,,,,,,,,,,,,
2018-10-01,,,,,,,6.5324,7.006,7.4233,7.815,8.1813,8.5048,8.8538,9.1432,,9.9075,,10.364,,10.68,,,,,,,,,,,,,,,,,,,,,,,,,,,,
2018-10-02,,,,,,,6.5163,6.9968,7.41,7.7766,8.1206,8.4316,8.775,9.055,,9.7561,,10.185,,10.497,,,,,,,,,,,,,,,,,,,,,,,,,,,,
2018-10-03,,,,,,,6.5415,7.0186,7.4241,7.7899,8.1039,8.405,8.735,9.0234,,9.6997,,10.105,,10.415,,,,,,,,,,,,,,,,,,,,,,,,,,,,
2018-10-04,,,,,,,6.5589,7.025,7.4213,7.78,8.0955,8.385,8.715,9.005,,9.6544,,10.0488,,10.3506,,,,,,,,,,,,,,,,,,,,,,,,,,,,
2018-10-05,,,,,,,6.5625,7.0312,7.46,7.8599,8.1855,8.475,8.7913,9.0722,,9.7321,,10.1314,,10.4199,,,,,,,,,,,,,,,,,,,,,,,,,,,,
2018-10-08,,,,,,,6.4784,6.8079,7.1416,7.5019,7.8071,8.0682,8.3377,8.615,,9.198,,9.595,,9.8838,,,,,,,,,,,,,,,,,,,,,,,,,,,,
2018-10-09,,,,,,,6.4701,6.6849,6.9567,7.29,7.5664,7.8316,8.1037,8.3799,,8.9668,,9.355,,9.6639,,,,,,,,,,,,,,,,,,,,,,,,,,,,
2018-10-10,,,,,,,6.506,6.7276,7.0299,7.3633,7.6643,7.9431,8.2099,8.48,,9.086,,9.4655,,9.7595,,,,,,,,,,,,,,,,,,,,,,,,,,,,
2018-10-11,,,,,,,6.4968,6.6732,6.9822,7.32,7.619,7.9017,8.185,8.4828,,9.0899,,9.505,,9.815,,,,,,,,,,,,,,,,,,,,,,,,,,,,
2018-10-15,,,,,,,6.4854,6.66,6.93,7.254,7.5199,7.7917,8.0695,8.3305,,8.91,,9.2699,,9.555,,,,,,,,,,,,,,,,,,,,,,,,,,,,
2018-10-16,,,,,,,6.4929,6.655,6.905,7.195,7.4734,7.7285,7.9893,8.2402,,8.783,,9.111,,9.37,,,,,,,,,,,,,,,,,,,,,,,,,,,,
2018-10-17,,,,,,,6.493,6.625,6.906,7.2,7.4891,7.7272,7.9867,8.2236,,8.6975,,8.9918,,9.21,,,,,,,,,,,,,,,,,,,,,,,,,,,,
2018-10-18,,,,,,,6.485,6.6148,6.8896,7.2271,7.506,7.77,8.035,8.305,,8.83,,9.13,,9.352,,,,,,,,,,,,,,,,,,,,,,,,,,,,
2018-10-19,,,,,,,6.486,6.5971,6.877,7.235,7.515,7.775,8.0396,8.2973,,8.8432,,9.155,,9.385,,,,,,,,,,,,,,,,,,,,,,,,,,,,
2018-10-22,,,,,,,6.4661,6.5361,6.796,7.1267,7.4049,7.6466,7.8978,8.1571,,8.6463,,8.919,,9.1615,,,,,,,,,,,,,,,,,,,,,,,,,,,,
2018-10-23,,,,,,,6.457,6.4761,6.7327,7.0687,7.3475,7.6,7.855,8.105,,8.6125,,8.9083,,9.1495,,,,,,,,,,,,,,,,,,,,,,,,,,,,
2018-10-24,,,,,,,6.4631,6.505,6.76,7.075,7.3553,7.6148,7.8763,8.135,,8.6862,,8.996,,9.2599,,,,,,,,,,,,,,,,,,,,,,,,,,,,
2018-10-25,,,,,,,6.4665,6.5382,6.81,7.1288,7.43,7.685,7.9483,8.1959,,8.7392,,9.05,,9.315,,,,,,,,,,,,,,,,,,,,,,,,,,,,
2018-10-26,,,,,,,6.4329,6.5357,6.7699,7.0699,7.3474,7.5763,7.8318,8.0736,,8.5627,,8.8699,,9.1152,,,,,,,,,,,,,,,,,,,,,,,,,,,,
2018-10-29,,,,,,,6.3901,6.4769,6.6874,6.985,7.2649,7.515,7.7649,8.025,,8.5459,,8.8548,,9.08,,,,,,,,,,,,,,,,,,,,,,,,,,,,
2018-10-30,,,,,,,6.3985,6.4587,6.6449,6.9131,7.1791,7.4365,7.689,7.9496,,8.4549,,8.7549,,8.9965,,,,,,,,,,,,,,,,,,,,,,,,,,,,
2018-10-31,,,,,,,6.4176,6.4741,6.6419,6.9069,7.166,7.4277,7.667,7.9286,,8.4649,,8.802,,9.0449,,,,,,,,,,,,,,,,,,,,,,,,,,,,
2018-11-01,,,,,,,6.421,6.475,6.6438,6.9125,7.1789,7.4285,7.6771,7.93,,8.4617,,8.7632,,9.0,,,,,,,,,,,,,,,,,,,,,,,,,,,,
2018-11-05,,,,,,,6.4264,6.4876,6.6277,6.88,7.13,7.3709,7.6378,7.8999,,8.4374,,8.7464,,9.0014,,,,,,,,,,,,,,,,,,,,,,,,,,,,
2018-11-06,,,,,,,6.42,6.4865,6.635,6.8971,7.1479,7.39,7.6499,7.9094,,8.4636,,8.785,,9.04,,,,,,,,,,,,,,,,,,,,,,,,,,,,
2018-11-07,,,,,,,6.42,6.4469,6.5959,6.8678,7.1223,7.375,7.6499,7.9295,,8.5098,,8.8297,,9.083,,,,,,,,,,,,,,,,,,,,,,,,,,,,
2018-11-08,,,,,,,6.4274,6.4434,6.618,6.8927,7.1612,7.4284,7.711,8.0,,8.6233,,8.931,,9.225,,,,,,,,,,,,,,,,,,,,,,,,,,,,
2018-11-09,,,,,,,6.43,6.4333,6.6009,6.86,7.1155,7.39,7.655,7.96,,8.5744,,8.9231,,9.2344,,,,,,,,,,,,,,,,,,,,,,,,,,,,
2018-11-12,,,,,,,6.4332,6.4328,6.58,6.823,7.06,7.3209,7.6161,7.9105,,8.565,,8.925,,9.235,,,,,,,,,,,,,,,,,,,,,,,,,,,,
2018-11-13,,,,,,,6.4314,6.4362,6.5909,6.8,7.05,7.3003,7.61,7.9,,8.5688,,8.9476,,9.239,,,,,,,,,,,,,,,,,,,,,,,,,,,,
2018-11-14,,,,,,,6.4271,6.4207,6.5621,6.7555,6.9734,7.2401,7.5135,7.815,,8.485,,8.88,,9.1788,,,,,,,,,,,,,,,,,,,,,,,,,,,,
2018-11-16,,,,,,,6.4261,6.4123,6.5378,6.6761,6.865,7.126,7.3962,7.688,,8.3199,,8.6914,,8.9768,,,,,,,,,,,,,,,,,,,,,,,,,,,,
2018-11-19,,,,,,,6.4277,6.4369,6.5649,6.741,6.9326,7.205,7.4723,7.7742,,8.4,,8.73,,8.9963,,,,,,,,,,,,,,,,,,,,,,,,,,,,
2018-11-20,,,,,,,6.4277,6.4369,6.5649,6.741,6.9326,7.205,7.4723,7.7742,,8.4,,8.73,,8.9963,,,,,,,,,,,,,,,,,,,,,,,,,,,,
2018-11-21,,,,,,,6.4267,6.4388,6.53,6.7256,6.9026,7.155,7.3927,7.6868,,8.3262,,8.6426,,8.9099,,,,,,,,,,,,,,,,,,,,,,,,,,,,
2018-11-22,,,,,,,6.4271,6.43,6.5385,6.77,6.9725,7.209,7.4379,7.7158,,8.3284,,8.6338,,8.9049,,,,,,,,,,,,,,,,,,,,,,,,,,,,
2018-11-23,,,,,,,6.4246,6.4226,6.5258,6.726,6.9158,7.1413,7.3748,7.6585,,8.2566,,8.5774,,8.8356,,,,,,,,,,,,,,,,,,,,,,,,,,,,
2018-11-26,,,,,,,6.42,6.41,6.5259,6.7634,6.9755,7.2216,7.465,7.76,,8.4056,,8.77,,9.04,,,,,,,,,,,,,,,,,,,,,,,,,,,,
2018-11-27,,,,,,,6.4189,6.4223,6.565,6.8184,7.015,7.2664,7.505,7.7999,,8.44,,8.7795,,9.05,,,,,,,,,,,,,,,,,,,,,,,,,,,,
2018-11-28,,,,,,,6.425,6.4227,6.5284,6.74,6.953,7.1881,7.4171,7.6989,,8.3377,,8.689,,8.9489,,,,,,,,,,,,,,,,,,,,,,,,,,,,
2018-11-29,,,,,,,6.4369,6.4287,6.5372,6.7729,7.0,7.23,7.475,7.749,,8.38,,8.6917,,8.965,,,,,,,,,,,,,,,,,,,,,,,,,,,,
2018-11-30,,,,,,,6.4307,6.4134,6.5258,6.775,7.005,7.23,7.4647,7.7439,,8.35,,8.6619,,8.9235,,,,,,,,,,,,,,,,,,,,,,,,,,,,
2018-12-03,,,,,,,6.4235,6.3999,6.52,6.75,6.955,7.1891,7.4517,7.7208,,8.3465,,8.66,,8.8985,,,,,,,,,,,,,,,,,,,,,,,,,,,,
2018-12-04,,,,,,,6.4338,6.4033,6.5207,6.77,7.005,7.2387,7.5112,7.8008,,8.4463,,8.78,,9.0388,,,,,,,,,,,,,,,,,,,,,,,,,,,,
2018-12-05,,,,,,,6.4258,6.3916,6.5099,6.7399,6.9543,7.2063,7.4822,7.7709,,8.4082,,8.7299,,9.008,,,,,,,,,,,,,,,,,,,,,,,,,,,,
2018-12-06,,,,,,,6.4265,6.38,6.4912,6.675,6.895,7.145,7.41,7.7,,8.3599,,8.69,,8.9689,,,,,,,,,,,,,,,,,,,,,,,,,,,,
2018-12-07,,,,,,,6.427,6.38,6.4588,6.6375,6.805,7.05,7.3129,7.6027,,8.2823,,8.635,,8.921,,,,,,,,,,,,,,,,,,,,,,,,,,,,
2018-12-10,,,,,,,6.4259,6.374,6.4564,6.6037,6.775,7.0315,7.3126,7.603,,8.3135,,8.6849,,8.9871,,,,,,,,,,,,,,,,,,,,,,,,,,,,
2018-12-11,,,,,,,6.4289,6.37,6.4352,6.5911,6.75,7.005,7.2899,7.5786,,8.2904,,8.6815,,9.0,,,,,,,,,,,,,,,,,,,,,,,,,,,,
2018-12-12,,,,,,,6.4233,6.3573,6.4153,6.5754,6.725,6.9696,7.25,7.543,,8.205,,8.5755,,8.865,,,,,,,,,,,,,,,,,,,,,,,,,,,,
2018-12-13,,,,,,,6.4234,6.3409,6.3775,6.498,6.6165,6.8471,7.0985,7.3838,,8.035,,8.395,,8.715,,,,,,,,,,,,,,,,,,,,,,,,,,,,
2018-12-14,,,,,,,6.423,6.3454,6.3715,6.4933,6.59,6.7875,7.0277,7.2817,,7.93,,8.285,,8.5811,,,,,,,,,,,,,,,,,,,,,,,,,,,,
2018-12-17,,,,,,,6.422,6.3539,6.3766,6.5,6.6033,6.7764,7.02,7.2734,,7.9,,8.255,,8.5594,,,,,,,,,,,,,,,,,,,,,,,,,,,,
2018-12-18,,,,,,,6.424,6.36,6.402,6.535,6.6506,6.825,7.05,7.3136,,7.94,,8.315,,8.63,,,,,,,,,,,,,,,,,,,,,,,,,,,,
2018-12-19,,,,,,,6.4384,6.3626,6.4075,6.521,6.6011,6.7814,6.995,7.245,,7.87,,8.2164,,8.52,,,,,,,,,,,,,,,,,,,,,,,,,,,,
2018-12-20,,,,,,,6.4696,6.376,6.4109,6.5175,6.585,6.7434,6.9599,7.2058,,7.795,,8.1399,,8.4211,,,,,,,,,,,,,,,,,,,,,,,,,,,,
2018-12-21,,,,,,,6.5023,6.3864,6.4163,6.5182,6.5971,6.745,6.96,7.1984,,7.795,,8.13,,8.385,,,,,,,,,,,,,,,,,,,,,,,,,,,,
2018-12-24,,,,,,,6.5023,6.3864,6.4163,6.5182,6.5971,6.745,6.96,7.1984,,7.795,,8.13,,8.385,,,,,,,,,,,,,,,,,,,,,,,,,,,,
2018-12-26,,,,,,,6.5319,6.3696,6.415,6.52,6.6091,6.7699,6.97,7.21,,7.8298,,8.1519,,8.4168,,,,,,,,,,,,,,,,,,,,,,,,,,,,
2018-12-27,,,,,,,6.5761,6.3772,6.4187,6.51,6.5846,6.74,6.94,7.1929,,7.8,,8.105,,8.375,,,,,,,,,,,,,,,,,,,,,,,,,,,,
2018-12-28,,,,,,,6.5787,6.3756,6.4113,6.4977,6.565,6.7199,6.9299,7.1813,,7.79,,8.1069,,8.365,,,,,,,,,,,,,,,,,,,,,,,,,,,,
2018-12-31,,,,,,,6.5787,6.3756,6.4113,6.4977,6.565,6.7199,6.9299,7.1813,,7.79,,8.1069,,8.365,,,,,,,,,,,,,,,,,,,,,,,,,,,,
2019-01-02,,,,,,,,6.3551,6.3689,6.4182,6.4465,6.57,6.765,7.005,,7.6136,,7.928,,8.195,,,,,,,,,,,,,,,,,,,,,,,,,,,,
2019-01-03,,,,,,,,6.3784,6.395,6.4516,6.4824,6.6216,6.7936,7.0187,,7.628,,7.95,,8.21,,,,,,,,,,,,,,,,,,,,,,,,,,,,
2019-01-04,,,,,,,,6.4,6.4076,6.4631,6.5099,6.6517,6.845,7.0725,,7.665,,7.9899,,8.2325,,,,,,,,,,,,,,,,,,,,,,,,,,,,
2019-01-07,,,,,,,,6.397,6.43,6.5049,6.58,6.725,6.9378,7.165,7.63,7.7917,,8.095,,8.3283,,,,,,,,,,,,,,,,,,,,,,,,,,,,
2019-01-08,,,,,,,,6.4004,6.43,6.5064,6.5783,6.735,6.9266,7.1755,7.5839,7.7615,,8.035,,8.28,,,,,,,,,,,,,,,,,,,,,,,,,,,,
2019-01-09,,,,,,,,6.3942,6.42,6.5,6.5825,6.735,6.9329,7.1681,7.5735,7.7404,,8.0144,,8.2441,,,,,,,,,,,,,,,,,,,,,,,,,,,,
2019-01-10,,,,,,,,6.3935,6.425,6.525,6.647,6.815,7.0152,7.2587,7.6782,7.8389,,8.1145,,8.335,,,,,,,,,,,,,,,,,,,,,,,,,,,,
2019-01-11,,,,,,,,6.39,6.4226,6.5286,6.6279,6.7953,7.0204,7.25,7.6588,7.82,,8.0936,,8.3138,,,,,,,,,,,,,,,,,,,,,,,,,,,,
2019-01-14,,,,,,,,6.398,6.4184,6.4949,6.5745,6.745,6.95,7.19,7.5884,7.75,,8.035,,8.2721,,,,,,,,,,,,,,,,,,,,,,,,,,,,
2019-01-15,,,,,,,,6.3963,6.42,6.505,6.6,6.775,6.99,7.24,7.66,7.8181,,8.1141,,8.34,,,,,,,,,,,,,,,,,,,,,,,,,,,,
2019-01-16,,,,,,,,6.397,6.42,6.5,6.5953,6.7736,6.9996,7.24,7.6631,7.8269,,8.1244,,8.36,,,,,,,,,,,,,,,,,,,,,,,,,,,,
2019-01-17,,,,,,,,6.3964,6.405,6.4726,6.5506,6.7374,6.9499,7.19,7.6135,7.7773,,8.085,,8.3312,,,,,,,,,,,,,,,,,,,,,,,,,,,,
2019-01-18,,,,,,,,6.39,6.3819,6.4626,6.54,6.7095,6.9093,7.15,7.5837,7.7467,,8.0539,,8.31,,,,,,,,,,,,,,,,,,,,,,,,,,,,
2019-01-21,,,,,,,,6.3912,6.3842,6.4715,6.54,6.7184,6.919,7.15,7.5637,7.7166,,8.0331,,8.2806,,,,,,,,,,,,,,,,,,,,,,,,,,,,
2019-01-22,,,,,,,,6.385,6.3414,6.4323,6.4699,6.6288,6.8189,7.05,7.464,7.616,,7.8718,,8.1594,,,,,,,,,,,,,,,,,,,,,,,,,,,,
2019-01-23,,,,,,,,6.3785,6.335,6.4044,6.445,6.5987,6.78,7.0,7.4045,7.5564,,7.8609,,8.11,,,,,,,,,,,,,,,,,,,,,,,,,,,,
2019-01-24,,,,,,,,6.3821,6.345,6.4228,6.465,6.6189,6.8,7.0186,7.425,7.576,,7.9035,,8.1847,,,,,,,,,,,,,,,,,,,,,,,,,,,,
2019-01-25,,,,,,,,6.3821,6.345,6.4228,6.465,6.6189,6.8,7.0186,7.425,7.576,,7.9035,,8.1847,,,,,,,,,,,,,,,,,,,,,,,,,,,,
2019-01-28,,,,,,,,6.373,6.3446,6.425,6.48,6.6187,6.7977,7.0289,7.4237,7.5865,,7.9131,,8.1808,,,,,,,,,,,,,,,,,,,,,,,,,,,,
2019-01-29,,,,,,,,6.3693,6.3373,6.4037,6.4519,6.5748,6.7368,6.9459,7.33,7.495,,7.8,,8.07,,,,,,,,,,,,,,,,,,,,,,,,,,,,
2019-01-30,,,,,,,,6.3689,6.3543,6.408,6.4574,6.5835,6.745,6.9666,7.36,7.525,,7.8699,,8.15,,,,,,,,,,,,,,,,,,,,,,,,,,,,
2019-01-31,,,,,,,,6.3771,6.3491,6.38,6.3849,6.4935,6.64,6.85,7.21,7.355,,7.68,,7.95,,,,,,,,,,,,,,,,,,,,,,,,,,,,
2019-02-01,,,,,,,,6.3885,6.3519,6.38,6.3688,6.465,6.5916,6.7905,7.153,7.2986,,7.6135,,7.8711,,,,,,,,,,,,,,,,,,,,,,,,,,,,
2019-02-04,,,,,,,,6.395,6.3473,6.3814,6.38,6.4755,6.64,6.82,7.185,7.34,,7.6458,,7.9009,,,,,,,,,,,,,,,,,,,,,,,,,,,,
2019-02-05,,,,,,,,6.3982,6.3233,6.375,6.37,6.4822,6.64,6.85,7.205,7.3671,,7.675,,7.925,,,,,,,,,,,,,,,,,,,,,,,,,,,,
2019-02-06,,,,,,,,6.3989,6.2912,6.37,6.3655,6.476,6.64,6.8405,7.207,7.36,,7.7254,,7.9861,,,,,,,,,,,,,,,,,,,,,,,,,,,,
2019-02-07,,,,,,,,6.4029,6.3186,6.4079,6.465,6.585,6.76,6.96,7.345,7.51,,7.815,,8.075,,,,,,,,,,,,,,,,,,,,,,,,,,,,
2019-02-08,,,,,,,,6.4149,6.3416,6.447,6.5249,6.665,6.8499,7.0679,7.455,7.636,,7.945,,8.2,,,,,,,,,,,,,,,,,,,,,,,,,,,,
2019-02-11,,,,,,,,6.4072,6.3497,6.4427,6.51,6.655,6.8489,7.0664,7.445,7.615,,7.92,,8.175,,,,,,,,,,,,,,,,,,,,,,,,,,,,
2019-02-12,,,,,,,,6.3945,6.3574,6.415,6.4829,6.61,6.789,6.9944,7.3656,7.5244,,7.83,,8.0859,,,,,,,,,,,,,,,,,,,,,,,,,,,,
2019-02-13,,,,,,,,6.4088,6.35,6.385,6.415,6.5297,6.695,6.895,7.2789,7.435,,7.7408,,8.01,,,,,,,,,,,,,,,,,,,,,,,,,,,,
2019-02-14,,,,,,,,6.415,6.3397,6.3728,6.4137,6.51,6.655,6.845,7.21,7.365,,7.69,,7.94,,,,,,,,,,,,,,,,,,,,,,,,,,,,
2019-02-15,,,,,,,,6.4031,6.3385,6.34,6.37,6.4607,6.585,6.775,7.14,7.295,,7.6,,7.8409,,,,,,,,,,,,,,,,,,,,,,,,,,,,
2019-02-18,,,,,,,,6.4054,6.3439,6.36,6.395,6.48,6.6258,6.8256,7.22,7.385,,7.7099,,7.961,,,,,,,,,,,,,,,,,,,,,,,,,,,,
2019-02-19,,,,,,,,6.4031,6.3369,6.3571,6.3671,6.4788,6.6261,6.8249,7.2,7.355,,7.6613,,7.9,,,,,,,,,,,,,,,,,,,,,,,,,,,,
2019-02-20,,,,,,,,6.402,6.34,6.3837,6.3999,6.511,6.685,6.885,7.27,7.435,,7.7705,,8.01,,,,,,,,,,,,,,,,,,,,,,,,,,,,
2019-02-21,,,,,,,,6.412,6.3511,6.4,6.41,6.5299,6.705,6.9049,7.3028,7.455,,7.7713,,8.0226,,,,,,,,,,,,,,,,,,,,,,,,,,,,
2019-02-22,,,,,,,,6.424,6.3497,6.405,6.4226,6.53,6.695,6.885,7.2635,7.415,,7.7411,,7.9924,,,,,,,,,,,,,,,,,,,,,,,,,,,,
2019-02-25,,,,,,,,6.4228,6.355,6.415,6.445,6.56,6.7127,6.905,7.3036,7.4557,,7.7713,,8.0314,,,,,,,,,,,,,,,,,,,,,,,,,,,,
2019-02-26,,,,,,,,6.4279,6.355,6.4213,6.4627,6.58,6.7434,6.955,7.3534,7.505,,7.8203,,8.0819,,,,,,,,,,,,,,,,,,,,,,,,,,,,
2019-02-27,,,,,,,,6.4184,6.36,6.4123,6.4327,6.5526,6.7032,6.905,7.2936,7.435,,7.75,,8.0008,,,,,,,,,,,,,,,,,,,,,,,,,,,,
2019-02-28,,,,,,,,6.4227,6.3563,6.4264,6.47,6.5884,6.765,6.965,7.365,7.525,,7.8009,,8.0639,,,,,,,,,,,,,,,,,,,,,,,,,,,,
2019-03-01,,,,,,,,6.4336,6.36,6.42,6.455,6.59,6.7711,6.9832,7.3744,7.535,,7.8505,,8.103,,,,,,,,,,,,,,,,,,,,,,,,,,,,
2019-03-06,,,,,,,,6.4291,6.36,6.4264,6.47,6.6074,6.8,7.022,7.4104,7.575,,7.9,,8.15,,,,,,,,,,,,,,,,,,,,,,,,,,,,
2019-03-07,,,,,,,,6.428,6.3449,6.41,6.465,6.5954,6.795,7.005,7.425,7.5847,,7.91,,8.1732,,,,,,,,,,,,,,,,,,,,,,,,,,,,
2019-03-08,,,,,,,,6.4376,6.345,6.405,6.45,6.565,6.745,6.955,7.365,7.525,,7.84,,8.105,,,,,,,,,,,,,,,,,,,,,,,,,,,,
2019-03-11,,,,,,,,6.4379,6.3313,6.3893,6.4249,6.535,6.705,6.895,7.275,7.425,,7.7312,,7.985,,,,,,,,,,,,,,,,,,,,,,,,,,,,
2019-03-12,,,,,,,,6.4399,6.32,6.3722,6.3969,6.505,6.665,6.8457,7.235,7.3772,,7.6728,,7.925,,,,,,,,,,,,,,,,,,,,,,,,,,,,
2019-03-13,,,,,,,,6.4449,6.2909,6.3325,6.3356,6.4158,6.565,6.755,7.125,7.2777,,7.575,,7.825,,,,,,,,,,,,,,,,,,,,,,,,,,,,
2019-03-14,,,,,,,,6.4433,6.296,6.3481,6.3722,6.4558,6.6159,6.8058,7.1954,7.35,,7.6456,,7.907,,,,,,,,,,,,,,,,,,,,,,,,,,,,
2019-03-15,,,,,,,,6.456,6.3148,6.3364,6.365,6.4481,6.6059,6.7978,7.1861,7.335,,7.645,,7.8961,,,,,,,,,,,,,,,,,,,,,,,,,,,,
2019-03-18,,,,,,,,6.4565,6.298,6.32,6.34,6.4165,6.565,6.7567,7.1363,7.295,,7.575,,7.825,,,,,,,,,,,,,,,,,,,,,,,,,,,,
2019-03-19,,,,,,,,6.4585,6.295,6.32,6.3478,6.4159,6.5549,6.7362,7.105,7.2674,,7.5375,,7.7858,,,,,,,,,,,,,,,,,,,,,,,,,,,,
2019-03-20,,,,,,,,6.4434,6.2876,6.3022,6.3073,6.375,6.505,6.6853,7.055,7.2067,,7.4761,,7.715,,,,,,,,,,,,,,,,,,,,,,,,,,,,
2019-03-21,,,,,,,,6.4588,6.3123,6.335,6.3377,6.395,6.515,6.705,7.0779,7.237,,7.516,,7.7689,,,,,,,,,,,,,,,,,,,,,,,,,,,,
2019-03-22,,,,,,,,6.4568,6.3274,6.3934,6.4622,6.535,6.7,6.9126,7.35,7.519,,7.8382,,8.098,,,,,,,,,,,,,,,,,,,,,,,,,,,,
2019-03-25,,,,,,,,6.4596,6.3276,6.3832,6.4331,6.5118,6.6399,6.8513,7.2387,7.4082,,7.7077,,7.9768,,,,,,,,,,,,,,,,,,,,,,,,,,,,
2019-03-26,,,,,,,,6.4654,6.302,6.3618,6.44,6.52,6.6631,6.8781,7.3089,7.467,,7.765,,8.035,,,,,,,,,,,,,,,,,,,,,,,,,,,,
2019-03-27,,,,,,,,6.5505,6.2881,6.4009,6.53,6.6295,6.8081,7.052,7.495,7.6622,,7.98,,8.25,,,,,,,,,,,,,,,,,,,,,,,,,,,,
2019-03-28,,,,,,,,6.6119,6.253,6.369,6.4721,6.5425,6.714,6.91,7.315,7.4723,,7.77,,8.0201,,,,,,,,,,,,,,,,,,,,,,,,,,,,
2019-03-29,,,,,,,,6.6291,6.2746,6.3978,6.4962,6.5612,6.755,6.963,7.345,7.5,,7.79,,8.03,,,,,,,,,,,,,,,,,,,,,,,,,,,,
2019-04-01,,,,,,,,,6.3021,6.3728,6.475,6.5102,6.6549,6.856,7.245,7.395,,7.695,,7.9226,,,,,,,,,,,,,,,,,,,,,,,,,,,,
2019-04-02,,,,,,,,,6.353,6.392,6.455,6.5027,6.64,6.8481,7.215,7.375,,7.665,,7.9125,,,,,,,,,,,,,,,,,,,,,,,,,,,,
2019-04-03,,,,,,,,,6.372,6.4146,6.48,6.5377,6.6766,6.885,7.2668,7.435,,7.735,,7.9926,,,,,,,,,,,,,,,,,,,,,,,,,,,,
2019-04-04,,,,,,,,,6.3733,6.415,6.4633,6.5289,6.67,6.8849,7.27,7.43,,7.72,,7.9751,,,,,,,,,,,,,,,,,,,,,,,,,,,,
2019-04-05,,,,,,,,,6.3701,6.4028,6.433,6.5012,6.64,6.8502,7.23,7.39,,7.7,,7.9487,,,,,,,,,,,,,,,,,,,,,,,,,,,,
2019-04-08,,,,,,,,,6.367,6.4013,6.4371,6.505,6.659,6.8574,7.2665,7.43,,7.73,,7.9873,,,,8.415,,,,,,,,,,,,,,,,,,,,,,,,
2019-04-09,,,,,,,,,6.3764,6.415,6.4518,6.535,6.69,6.9019,7.315,7.49,,7.79,,8.04,,,,8.4755,,,,,,,,,,,,,,,,,,,,,,,,
2019-04-10,,,,,,,,,6.3819,6.4003,6.4283,6.505,6.66,6.8609,7.2828,7.43,,7.7203,,7.97,,,,8.3744,,,,,,,,,,,,,,,,,,,,,,,,
2019-04-11,,,,,,,,,6.3837,6.4172,6.4449,6.53,6.71,6.92,7.355,7.51,,7.8,,8.04,,,,8.4436,,,,,,,,,,,,,,,,,,,,,,,,
2019-04-12,,,,,,,,,6.3771,6.4022,6.435,6.515,6.71,6.93,7.3549,7.5299,,7.84,,8.0777,,,,8.48,,,,,,,,,,,,,,,,,,,,,,,,
2019-04-15,,,,,,,,,6.3796,6.395,6.415,6.4934,6.6749,6.8851,7.3132,7.4787,,7.7704,,8.0188,,,,8.43,,,,,,,,,,,,,,,,,,,,,,,,
2019-04-16,,,,,,,,,6.3799,6.39,6.395,6.4909,6.67,6.8828,7.32,7.4981,,7.8,,8.0459,,,,8.45,,,,,,,,,,,,,,,,,,,,,,,,
2019-04-17,,,,,,,,,6.3683,6.39,6.385,6.495,6.69,6.9126,7.35,7.5391,,7.8493,,8.0989,,,,8.5116,,,,,,,,,,,,,,,,,,,,,,,,
2019-04-18,,,,,,,,,6.352,6.3752,6.37,6.45,6.62,6.8258,7.25,7.4278,,7.7393,,8.0,,,,8.4234,,,,,,,,,,,,,,,,,,,,,,,,
2019-04-22,,,,,,,,,6.3558,6.3835,6.3729,6.4468,6.6036,6.81,7.23,7.4086,,7.72,,7.99,,,,8.423,,,,,,,,,,,,,,,,,,,,,,,,
2019-04-23,,,,,,,,,6.3573,6.37,6.36,6.42,6.57,6.76,7.18,7.3585,,7.67,,7.92,,,,8.3326,,,,,,,,,,,,,,,,,,,,,,,,
2019-04-24,,,,,,,,,6.3572,6.3922,6.4,6.47,6.63,6.83,7.27,7.4465,,7.76,,8.02,,,,8.43,,,,,,,,,,,,,,,,,,,,,,,,
2019-04-25,,,,,,,,,6.362,6.3835,6.4,6.486,6.66,6.87,7.3,7.476,,7.78,,8.03,,,,8.45,,,,,,,,,,,,,,,,,,,,,,,,
2019-04-26,,,,,,,,,6.3704,6.4031,6.428,6.5139,6.69,6.895,7.32,7.496,,7.8,,8.04,,,,8.47,,,,,,,,,,,,,,,,,,,,,,,,
2019-04-29,,,,,,,,,6.4117,6.4365,6.4669,6.5659,6.725,6.935,7.36,7.5372,,7.82,,8.0728,,,,8.46,,,,,,,,,,,,,,,,,,,,,,,,
2019-04-30,,,,,,,,,6.4158,6.465,6.4725,6.5618,6.705,6.915,7.3414,7.51,,7.8013,,8.0529,,,,8.43,,,,,,,,,,,,,,,,,,,,,,,,
2019-05-02,,,,,,,,,6.4193,6.4669,6.4849,6.5775,6.74,6.9396,7.3506,7.53,,7.82,,8.0623,,,,8.44,,,,,,,,,,,,,,,,,,,,,,,,
2019-05-03,,,,,,,,,6.413,6.44,6.445,6.525,6.6685,6.8591,7.2709,7.44,,7.72,,7.9518,,,,8.3403,,,,,,,,,,,,,,,,,,,,,,,,
2019-05-06,,,,,,,,,6.4122,6.4113,6.4072,6.5,6.6357,6.845,7.26,7.43,,7.72,,7.96,,,,8.359,,,,,,,,,,,,,,,,,,,,,,,,
2019-05-07,,,,,,,,,6.414,6.4049,6.3999,6.5018,6.6463,6.846,7.2729,7.44,,7.74,,7.98,,,,8.3662,,,,,,,,,,,,,,,,,,,,,,,,
2019-05-08,,,,,,,,,6.417,6.385,6.391,6.48,6.6,6.7989,7.2137,7.38,,7.68,,7.9216,,,,8.2858,,,,,,,,,,,,,,,,,,,,,,,,
2019-05-09,,,,,,,,,6.4164,6.3726,6.365,6.4447,6.5499,6.73,7.1511,7.32,,7.62,,7.8714,,,,8.26,,,,,,,,,,,,,,,,,,,,,,,,
2019-05-10,,,,,,,,,6.4082,6.36,6.347,6.4177,6.5072,6.6768,7.09,7.255,,7.55,,7.8,,,,8.2,,,,,,,,,,,,,,,,,,,,,,,,
2019-05-13,,,,,,,,,6.4102,6.365,6.3536,6.44,6.535,6.715,7.1391,7.3032,,7.61,,7.86,,,,8.2603,,,,,,,,,,,,,,,,,,,,,,,,
2019-05-14,,,,,,,,,6.4018,6.3705,6.3413,6.41,6.4889,6.6673,7.0596,7.2238,,7.52,,7.77,,,,8.2,,,,,,,,,,,,,,,,,,,,,,,,
2019-05-15,,,,,,,,,6.4055,6.3685,6.33,6.405,6.49,6.6477,7.0559,7.2234,,7.53,,7.79,,,,8.23,,,,,,,,,,,,,,,,,,,,,,,,
2019-05-16,,,,,,,,,6.4076,6.395,6.37,6.46,6.56,6.7276,7.1454,7.3186,,7.6273,,7.89,,,,8.3349,,,,,,,,,,,,,,,,,,,,,,,,
2019-05-17,,,,,,,,,6.413,6.42,6.4062,6.53,6.66,6.8591,7.2723,7.4541,,7.7843,,8.0525,,,,8.49,,,,,,,,,,,,,,,,,,,,,,,,
2019-05-20,,,,,,,,,6.413,6.4102,6.3826,6.4769,6.58,6.76,7.1849,7.375,,7.695,,7.9736,,,,8.39,,,,,,,,,,,,,,,,,,,,,,,,
2019-05-21,,,,,,,,,6.407,6.3975,6.365,6.4329,6.52,6.6799,7.0846,7.2527,,7.5721,,7.8213,,,,8.24,,,,,,,,,,,,,,,,,,,,,,,,
2019-05-22,,,,,,,,,6.4108,6.405,6.3597,6.4236,6.5,6.65,7.0635,7.225,,7.5325,,7.7907,,,,8.205,,,,,,,,,,,,,,,,,,,,,,,,
2019-05-23,,,,,,,,,6.4192,6.39,6.33,6.3967,6.46,6.6122,6.9911,7.165,,7.4739,,7.7412,,,,8.18,,,,,,,,,,,,,,,,,,,,,,,,
2019-05-24,,,,,,,,,6.412,6.385,6.325,6.3772,6.44,6.5901,6.98,7.135,,7.475,,7.7421,,,,8.1839,,,,,,,,,,,,,,,,,,,,,,,,
2019-05-27,,,,,,,,,6.41,6.358,6.3061,6.355,6.42,6.56,6.9405,7.0936,,7.415,,7.6737,,,,8.134,,,,,,,,,,,,,,,,,,,,,,,,
2019-05-28,,,,,,,,,6.4163,6.3504,6.2651,6.2811,6.332,6.45,6.79,6.9401,,7.2415,,7.4949,,,,7.954,,,,,,,,,,,,,,,,,,,,,,,,
2019-05-29,,,,,,,,,6.4217,6.3538,6.2874,6.27,6.315,6.4367,6.78,6.913,,7.2138,,7.4539,,,,7.885,,,,,,,,,,,,,,,,,,,,,,,,
2019-05-30,,,,,,,,,6.4272,6.3518,6.2998,6.2668,6.3069,6.4168,6.74,6.885,,7.175,,7.415,,,,7.8256,,,,,,,,,,,,,,,,,,,,,,,,
2019-05-31,,,,,,,,,6.417,6.3378,6.2429,6.2117,6.2481,6.3472,6.66,6.8036,,7.1119,,7.354,,,,7.775,,,,,,,,,,,,,,,,,,,,,,,,
2019-06-03,,,,,,,,,6.4148,6.3348,6.2285,6.18,6.217,6.308,6.5884,6.725,,6.99,,7.2214,,,,7.625,,,,,,,,,,,,,,,,,,,,,,,,
2019-06-04,,,,,,,,,6.416,6.3161,6.1915,6.14,6.1659,6.2488,6.5182,6.645,,6.9099,,7.1216,,,,7.4939,,,,,,,,,,,,,,,,,,,,,,,,
2019-06-05,,,,,,,,,6.4149,6.34,6.2416,6.21,6.2449,6.3298,6.6159,6.7521,,7.0353,,7.2515,,,,7.634,,,,,,,,,,,,,,,,,,,,,,,,
2019-06-06,,,,,,,,,6.4155,6.345,6.2337,6.1881,6.205,6.27,6.525,6.64,,6.895,,7.1031,,,,7.485,,,,,,,,,,,,,,,,,,,,,,,,
2019-06-07,,,,,,,,,6.4113,6.322,6.1926,6.1258,6.1063,6.16,6.4059,6.532,,6.786,,6.9927,,,,7.3889,,,,,,,,,,,,,,,,,,,,,,,,
2019-06-10,,,,,,,,,6.4007,6.3174,6.165,6.0764,6.055,6.1067,6.36,6.4885,,6.75,,6.9614,,,,7.3586,,,,,,,,,,,,,,,,,,,,,,,,
2019-06-11,,,,,,,,,6.3999,6.3167,6.1603,6.07,6.0358,6.055,6.31,6.43,,6.69,,6.8904,,,,7.26,,,,,,,,,,,,,,,,,,,,,,,,
2019-06-12,,,,,,,,,6.3979,6.3034,6.15,6.0749,6.05,6.0749,6.33,6.47,,6.73,,6.94,,,,7.3063,,,,,,,,,,,,,,,,,,,,,,,,
2019-06-13,,,,,,,,,6.3826,6.2471,6.0685,5.9938,5.9647,5.98,6.225,6.3426,,6.63,,6.845,,,,7.21,,,,,,,,,,,,,,,,,,,,,,,,
2019-06-14,,,,,,,,,6.39,6.2168,6.015,5.945,5.9124,5.9264,6.18,6.3,,6.5772,,6.78,,,,7.1744,,,,,,,,,,,,,,,,,,,,,,,,
2019-06-17,,,,,,,,,6.3842,6.24,6.0524,5.98,5.935,5.96,6.19,6.32,,6.5952,,6.81,,,,7.2153,,,,,,,,,,,,,,,,,,,,,,,,
2019-06-18,,,,,,,,,6.393,6.2349,6.0423,5.97,5.928,5.95,6.1712,6.295,,6.5742,,6.785,,,,7.18,,,,,,,,,,,,,,,,,,,,,,,,
2019-06-19,,,,,,,,,6.3929,6.2423,6.0532,5.995,5.94,5.97,6.175,6.295,,6.545,,6.7599,,,,7.115,,,,,,,,,,,,,,,,,,,,,,,,
2019-06-21,,,,,,,,,6.425,6.2138,5.944,5.8293,5.7924,5.8119,5.985,6.085,,6.3204,,6.51,,,,6.9012,,,,,,,,,,,,,,,,,,,,,,,,
2019-06-24,,,,,,,,,6.4367,6.2,5.9124,5.825,5.795,5.8116,5.995,6.095,,6.345,,6.5419,,,,6.92,,,,,,,,,,,,,,,,,,,,,,,,
2019-06-25,,,,,,,,,6.4374,6.245,5.9834,5.9078,5.8871,5.925,6.0768,6.175,,6.4362,,6.63,,,,6.99,,,,,,,,,,,,,,,,,,,,,,,,
2019-06-26,,,,,,,,,6.4433,6.2486,5.9821,5.9012,5.895,5.92,6.0785,6.1671,,6.4112,,6.605,,,,6.9472,,,,,,,,,,,,,,,,,,,,,,,,
2019-06-27,,,,,,,,,6.4168,6.247,6.0053,5.9014,5.875,5.8786,6.0494,6.145,,6.37,,6.575,,,,6.946,,,,,,,,,,,,,,,,,,,,,,,,
2019-06-28,,,,,,,,,6.4244,6.2416,5.9621,5.8477,5.8132,5.8173,5.96,6.035,,6.2986,,6.484,,,,6.8369,,,,,,,,,,,,,,,,,,,,,,,,
2019-07-01,,,,,,,,,,6.2354,5.9626,5.8331,5.7729,5.761,5.92,5.99,,6.235,,6.439,,,,6.7827,,,,,,,,,,,,,,,,,,,,,,,,
2019-07-02,,,,,,,,,,6.2325,5.966,5.8449,5.8041,5.7862,5.9598,6.04,,6.2935,,6.4787,,,,6.8337,,,,,,,,,,,,,,,,,,,,,,,,
2019-07-03,,,,,,,,,,6.2255,5.9366,5.829,5.7754,5.755,5.8963,5.98,,6.2114,,6.4186,,,,6.745,,,,,,,,,,,,,,,,,,,,,,,,
2019-07-04,,,,,,,,,,6.164,5.845,5.76,5.72,5.685,5.8286,5.9,,6.1431,,6.3388,,,,6.685,,,,,,,,,,,,,,,,,,,,,,,,
2019-07-05,,,,,,,,,,6.1627,5.8049,5.705,5.6676,5.6378,5.78,5.86,,6.085,,6.31,,,,6.6976,,,,,,,,,,,,,,,,,,,,,,,,
2019-07-08,,,,,,,,,,6.1426,5.766,5.67,5.6368,5.6083,5.7292,5.8,5.9733,6.0223,,6.228,,,,6.6164,,,,,,,,,,,,,,,,,,,,,,,,
2019-07-09,,,,,,,,,,6.1426,5.766,5.67,5.6368,5.6083,5.7292,5.8,5.9733,6.0223,,6.228,,,,6.6164,,,,,,,,,,,,,,,,,,,,,,,,
2019-07-10,,,,,,,,,,6.085,5.73,5.6298,5.5876,5.56,5.676,5.743,5.8654,5.9539,,6.15,,,,6.5286,,,,,,,,,,,,,,,,,,,,,,,,
2019-07-11,,,,,,,,,,6.087,5.7252,5.6235,5.5783,5.5838,5.6784,5.7428,5.8772,5.9503,,6.1411,,,,6.5272,,,,,,,,,,,,,,,,,,,,,,,,
2019-07-12,,,,,,,,,,6.06,5.7229,5.61,5.5675,5.565,5.6965,5.7572,5.875,5.96,,6.1482,,,,6.5572,,,,,,,,,,,,,,,,,,,,,,,,
2019-07-15,,,,,,,,,,6.0549,5.705,5.5949,5.546,5.545,5.635,5.725,5.84,5.94,,6.13,,,,6.5459,,,,,,,,,,,,,,,,,,,,,,,,
2019-07-16,,,,,,,,,,6.0627,5.7228,5.6014,5.5622,5.555,5.6759,5.755,5.9,5.99,,6.2,,,,6.605,,,,,,,,,,,,,,,,,,,,,,,,
2019-07-17,,,,,,,,,,6.0572,5.7175,5.5983,5.56,5.552,5.6758,5.7582,5.9033,5.99,,6.2,,,,6.6162,,,,,,,,,,,,,,,,,,,,,,,,
2019-07-18,,,,,,,,,,6.0419,5.685,5.5613,5.515,5.51,5.6359,5.73,5.865,5.96,,6.17,,,,6.5864,,,,,,,,,,,,,,,,,,,,,,,,
2019-07-19,,,,,,,,,,6.0294,5.6652,5.54,5.5,5.5,5.6259,5.7317,5.8758,5.96,,6.1809,,,,6.6163,,,,,,,,,,,,,,,,,,,,,,,,
2019-07-22,,,,,,,,,,6.0039,5.645,5.5,5.46,5.46,5.61,5.7038,5.8538,5.95,,6.1728,,,,6.596,,,,,,,,,,,,,,,,,,,,,,,,
2019-07-23,,,,,,,,,,5.9727,5.595,5.45,5.415,5.405,5.5539,5.6487,5.7954,5.8827,,6.1129,,,,6.5263,,,,,,,,,,,,,,,,,,,,,,,,
2019-07-24,,,,,,,,,,5.9648,5.58,5.435,5.39,5.385,5.5217,5.635,5.7717,5.855,,6.085,,,,6.5071,,,,,,,,,,,,,,,,,,,,,,,,
2019-07-25,,,,,,,,,,5.965,5.5906,5.461,5.42,5.425,5.5812,5.695,5.84,5.935,,6.155,,,,6.571,,,,,,,,,,,,,,,,,,,,,,,,
2019-07-26,,,,,,,,,,5.9545,5.5835,5.4513,5.42,5.425,5.5735,5.695,5.83,5.8955,,6.125,,,,6.551,,,,,,,,,,,,,,,,,,,,,,,,
2019-07-29,,,,,,,,,,5.948,5.5849,5.4482,5.41,5.415,5.5541,5.665,5.79,5.885,,6.115,,,,6.5311,,,,,,,,,,,,,,,,,,,,,,,,
2019-07-30,,,,,,,,,,5.9249,5.56,5.4384,5.4037,5.3961,5.535,5.645,5.769,5.875,,6.095,,,,6.5316,,,,,,,,,,,,,,,,,,,,,,,,
2019-07-31,,,,,,,,,,5.9333,5.615,5.4935,5.46,5.4687,5.615,5.715,5.8574,5.9455,,6.1755,,,,6.5805,,,,,,,,,,,,,,,,,,,,,,,,
2019-08-01,,,,,,,,,,5.8366,5.4933,5.3951,5.3725,5.3813,5.5253,5.655,5.79,5.92,,6.1579,,,,6.575,,,,,,,,,,,,,,,,,,,,,,,,
2019-08-02,,,,,,,,,,5.8384,5.4948,5.3964,5.385,5.395,5.545,5.675,5.83,5.95,,6.1788,,,,6.5959,,,,,,,,,,,,,,,,,,,,,,,,
2019-08-05,,,,,,,,,,5.845,5.5529,5.4765,5.485,5.5275,5.7155,5.855,6.0185,6.135,,6.365,,,,6.755,,,,,,,,,,,,,,,,,,,,,,,,
2019-08-06,,,,,,,,,,5.838,5.5122,5.4263,5.415,5.4475,5.6232,5.7489,5.9163,6.0087,,6.2412,,,,6.6411,,,,,,,,,,,,,,,,,,,,,,,,
2019-08-07,,,,,,,,,,5.8369,5.49,5.4,5.38,5.3879,5.5558,5.675,5.8464,5.9469,,6.19,,,,6.5813,,,,,,,,,,,,,,,,,,,,,,,,
2019-08-08,,,,,,,,,,5.8289,5.45,5.355,5.3495,5.3623,5.525,5.6433,5.8068,5.9165,,6.16,,,,6.55,,,,,,,,,,,,,,,,,,,,,,,,
2019-08-09,,,,,,,,,,5.8232,5.4209,5.3102,5.305,5.3322,5.525,5.6431,5.8172,5.9261,,6.17,,,,6.5472,,,,,,,,,,,,,,,,,,,,,,,,
2019-08-12,,,,,,,,,,5.824,5.4269,5.32,5.315,5.3541,5.543,5.6626,5.837,5.947,,6.2,,,,6.5959,,,,,,,,,,,,,,,,,,,,,,,,
2019-08-13,,,,,,,,,,5.8211,5.4185,5.325,5.31,5.3373,5.525,5.655,5.8155,5.93,,6.18,,,,6.5659,,,,,,,,,,,,,,,,,,,,,,,,
2019-08-14,,,,,,,,,,5.8238,5.4534,5.37,5.365,5.405,5.605,5.745,5.915,6.0304,,6.27,,,,6.6756,,,,,,,,,,,,,,,,,,,,,,,,
2019-08-15,,,,,,,,,,5.821,5.4522,5.3568,5.36,5.3958,5.605,5.735,5.9059,6.03,,6.27,,,,6.656,,,,,,,,,,,,,,,,,,,,,,,,
2019-08-16,,,,,,,,,,5.817,5.405,5.31,5.299,5.336,5.5241,5.655,5.835,5.95,,6.19,,,,6.586,,,,,,,,,,,,,,,,,,,,,,,,
2019-08-19,,,,,,,,,,5.8108,5.4223,5.335,5.3323,5.3862,5.5915,5.7114,5.8961,6.01,,6.2442,,,,6.635,,,,,,,,,,,,,,,,,,,,,,,,
2019-08-20,,,,,,,,,,5.803,5.405,5.32,5.3122,5.3737,5.5838,5.72,5.8959,6.0208,,6.25,,,,6.645,,,,,,,,,,,,,,,,,,,,,,,,
2019-08-21,,,,,,,,,,5.794,5.3718,5.265,5.246,5.2943,5.505,5.63,5.8055,5.9208,,6.1417,,,,6.546,,,,,,,,,,,,,,,,,,,,,,,,
2019-08-22,,,,,,,,,,5.789,5.365,5.262,5.2472,5.3039,5.5339,5.66,5.836,5.9406,,6.1833,,,,6.5868,,,,,,,,,,,,,,,,,,,,,,,,
2019-08-23,,,,,,,,,,5.7899,5.3927,5.295,5.29,5.344,5.5938,5.71,5.896,6.01,,6.245,,,,6.646,,,,,,,,,,,,,,,,,,,,,,,,
2019-08-26,,,,,,,,,,5.7903,5.4235,5.3416,5.3445,5.41,5.6733,5.82,5.995,6.1499,,6.385,,,,6.785,,,,,,,,,,,,,,,,,,,,,,,,
2019-08-27,,,,,,,,,,5.8038,5.4536,5.3947,5.4011,5.4769,5.74,5.8868,6.07,6.2028,,6.4412,,,,6.8722,,,,,,,,,,,,,,,,,,,,,,,,
2019-08-28,,,,,,,,,,5.8007,5.45,5.3987,5.4268,5.5247,5.8128,5.9553,6.1586,6.3099,,6.55,,,,6.9492,,,,,,,,,,,,,,,,,,,,,,,,
2019-08-29,,,,,,,,,,5.7997,5.4419,5.3936,5.4061,5.495,5.7736,5.9236,6.1158,6.2448,,6.5048,,,,6.9154,,,,,,,,,,,,,,,,,,,,,,,,
2019-08-30,,,,,,,,,,5.7707,5.393,5.335,5.3436,5.4268,5.6853,5.8351,6.03,6.1178,,6.3673,,,,6.7765,,,,,,,,,,,,,,,,,,,,,,,,
2019-09-02,,,,,,,,,,5.7623,5.4,5.3536,5.37,5.46,5.7336,5.8649,6.0706,6.19,,6.44,,,,6.8563,,,,,,,,,,,,,,,,,,,,,,,,
2019-09-03,,,,,,,,,,5.7526,5.375,5.315,5.326,5.411,5.655,5.8018,5.9907,6.1129,,6.373,,,,6.7705,,,,,,,,,,,,,,,,,,,,,,,,
2019-09-04,,,,,,,,,,5.737,5.3492,5.285,5.28,5.34,5.575,5.7174,5.89,6.0263,,6.265,,,,6.6709,,,,,,,,,,,,,,,,,,,,,,,,
2019-09-05,,,,,,,,,,5.7272,5.325,5.26,5.26,5.31,5.5356,5.69,5.8604,5.989,,6.24,,,,6.665,,,,,,,,,,,,,,,,,,,,,,,,
2019-09-06,,,,,,,,,,5.7124,5.3022,5.2465,5.2431,5.29,5.5255,5.6686,5.8502,5.98,,6.23,,,,6.6743,,,,,,,,,,,,,,,,,,,,,,,,
2019-09-09,,,,,,,,,,5.698,5.26,5.2111,5.2047,5.26,5.4844,5.65,5.81,5.935,,6.205,,,,6.632,,,,,,,,,,,,,,,,,,,,,,,,
2019-09-10,,,,,,,,,,5.679,5.265,5.2106,5.2027,5.2691,5.5039,5.66,5.8394,5.965,,6.235,,,,6.671,,,,,,,,,,,,,,,,,,,,,,,,
2019-09-11,,,,,,,,,,5.6684,5.254,5.2,5.21,5.288,5.5335,5.6885,5.8583,5.995,,6.245,,,,6.661,,,,,,,,,,,,,,,,,,,,,,,,
2019-09-12,,,,,,,,,,5.6436,5.22,5.1639,5.17,5.2466,5.4926,5.63,5.8088,5.945,,6.195,,,,6.6221,,,,,,,,,,,,,,,,,,,,,,,,
2019-09-13,,,,,,,,,,5.6233,5.225,5.1615,5.1755,5.2662,5.5339,5.6996,5.8891,6.005,,6.265,,,,6.7226,,,,,,,,,,,,,,,,,,,,,,,,
2019-09-16,,,,,,,,,,5.5787,5.1685,5.09,5.0954,5.1663,5.431,5.5898,5.7791,5.895,,6.155,,,,6.6122,,,,,,,,,,,,,,,,,,,,,,,,
2019-09-17,,,,,,,,,,5.5497,5.14,5.06,5.06,5.1161,5.3477,5.5083,5.6778,5.805,,6.055,,,,6.4913,,,,,,,,,,,,,,,,,,,,,,,,
2019-09-18,,,,,,,,,,5.515,5.1327,5.05,5.066,5.1262,5.3681,5.5179,5.6989,5.8254,,6.0659,,,,6.5141,,,,,,,,,,,,,,,,,,,,,,,,
2019-09-19,,,,,,,,,,5.4666,5.0824,4.9363,4.91,4.9365,5.177,5.35,5.5286,5.68,,5.95,,,,6.4355,,,,,,,,,,,,,,,,,,,,,,,,
2019-09-20,,,,,,,,,,5.4642,5.06,4.9075,4.8709,4.8867,5.1186,5.281,5.47,5.5927,,5.8619,,,,6.3277,,,,,,,,,,,,,,,,,,,,,,,,
2019-09-23,,,,,,,,,,5.4629,5.065,4.9239,4.9046,4.9277,5.16,5.3322,5.52,5.652,,5.9129,,,,6.3787,,,,,,,,,,,,,,,,,,,,,,,,
2019-09-24,,,,,,,,,,5.4664,5.0619,4.925,4.9018,4.9374,5.1799,5.35,5.53,5.67,,5.9426,,,,6.4063,,,,,,,,,,,,,,,,,,,,,,,,
2019-09-25,,,,,,,,,,5.4655,5.0624,4.9173,4.8933,4.927,5.1607,5.32,5.5,5.63,,5.9,,,,6.3662,,,,,,,,,,,,,,,,,,,,,,,,
2019-09-26,,,,,,,,,,5.4825,5.0526,4.885,4.8539,4.8876,5.131,5.29,5.47,5.61,,5.88,,,,6.3371,,,,,,,,,,,,,,,,,,,,,,,,
2019-09-27,,,,,,,,,,5.4909,5.04,4.865,4.8427,4.8682,5.1107,5.27,5.46,5.59,,5.85,,,,6.305,,,,,,,,,,,,,,,,,,,,,,,,
2019-09-30,,,,,,,,,,5.4485,5.04,4.8564,4.835,4.8582,5.1,5.26,5.44,5.57,,5.82,,,,6.285,,,,,,,,,,,,,,,,,,,,,,,,
2019-10-01,,,,,,,,,,,5.0335,4.84,4.8086,4.8386,5.11,5.26,5.4286,5.5722,,5.8265,,,,6.274,,,,,,,,,,,,,,,,,,,,,,,,
2019-10-02,,,,,,,,,,,5.0181,4.82,4.7936,4.847,5.1005,5.259,5.4289,5.5648,,5.8253,,,,6.2842,,,,,,,,,,,,,,,,,,,,,,,,
2019-10-03,,,,,,,,,,,4.995,4.777,4.74,4.7737,5.0425,5.19,5.3594,5.5064,,5.7663,,,,6.2372,,,,,,,,,,,,,,,,,,,,,,,,
2019-10-04,,,,,,,,,,,4.9956,4.7765,4.725,4.765,5.0125,5.18,5.3594,5.4964,,5.7465,,,,6.2142,,,,,,,,,,,,,,,,,,,,,,,,
2019-10-07,,,,,,,,,,,5.0016,4.7794,4.7312,4.7809,5.0417,5.1961,5.3899,5.5266,,5.7764,,,,6.254,,,,,,,,,,,,,,,,,,,,,,,,
2019-10-08,,,,,,,,,,,4.9849,4.7649,4.7035,4.7307,4.981,5.1357,5.33,5.4665,,5.7364,,,,6.2137,,,,,,,,,,,,,,,,,,,,,,,,
2019-10-09,,,,,,,,,,,4.9491,4.69,4.623,4.635,4.8522,5.0062,5.1788,5.3164,,5.5864,,,,6.0841,,,,,,,,,,,,,,,,,,,,,,,,
2019-10-10,,,,,,,,,,,4.943,4.6667,4.5823,4.585,4.7921,4.9261,5.1095,5.2262,,5.5063,,,,6.0173,,,,,,,,,,,,,,,,,,,,,,,,
2019-10-11,,,,,,,,,,,4.9239,4.64,4.5553,4.555,4.7022,4.8264,4.9792,5.095,,5.345,,,,5.8588,,,,,,,,,,,,,,,,,,,,,,,,
2019-10-14,,,,,,,,,,,4.907,4.6136,4.5317,4.52,4.6826,4.787,4.9391,5.055,,5.315,,,,5.8175,,,,,,,,,,,,,,,,,,,,,,,,
2019-10-15,,,,,,,,,,,4.9131,4.6216,4.5475,4.56,4.7226,4.8372,5.0,5.125,,5.385,,,,5.8965,,,,,,,,,,,,,,,,,,,,,,,,
2019-10-16,,,,,,,,,,,4.8842,4.5864,4.4918,4.4961,4.6118,4.7269,4.865,4.9912,,5.25,,,,5.7674,,,,,,,,,,,,,,,,,,,,,,,,
2019-10-17,,,,,,,,,,,4.8525,4.5364,4.43,4.4261,4.5622,4.6664,4.8139,4.94,,5.19,,,,5.6883,,,,,,,,,,,,,,,,,,,,,,,,
2019-10-18,,,,,,,,,,,4.8478,4.5065,4.41,4.4107,4.5611,4.6676,4.8132,4.9279,,5.19,,,,5.6988,,,,,,,,,,,,,,,,,,,,,,,,
2019-10-21,,,,,,,,,,,4.836,4.5216,4.4081,4.4158,4.5515,4.6577,4.7937,4.92,,5.18,,,,5.69,,,,,,,,,,,,,,,,,,,,,,,,
2019-10-22,,,,,,,,,,,4.856,4.565,4.475,4.4825,4.65,4.7679,4.905,5.04,,5.3,,,,5.7882,,,,,,,,,,,,,,,,,,,,,,,,
2019-10-23,,,,,,,,,,,4.8502,4.5563,4.4661,4.4668,4.6021,4.6977,4.8444,4.96,,5.21,,,,5.7185,,,,,,,,,,,,,,,,,,,,,,,,
2019-10-24,,,,,,,,,,,4.8283,4.5232,4.4403,4.44,4.5709,4.6888,4.835,4.97,,5.23,,,,5.739,,,,,,,,,,,,,,,,,,,,,,,,
2019-10-25,,,,,,,,,,,4.7935,4.4867,4.4025,4.3834,4.5,4.619,4.775,4.9,,5.16,,,,5.6686,,,,,,,,,,,,,,,,,,,,,,,,
2019-10-28,,,,,,,,,,,4.7916,4.4788,4.3808,4.3687,4.481,4.5893,4.7339,4.87,,5.13,,,,5.6385,,,,,,,,,,,,,,,,,,,,,,,,
2019-10-29,,,,,,,,,,,4.772,4.455,4.3563,4.35,4.46,4.58,4.7139,4.85,,5.1099,,,,5.6284,,,,,,,,,,,,,,,,,,,,,,,,
2019-10-30,,,,,,,,,,,4.7569,4.435,4.328,4.3183,4.4497,4.5584,4.7038,4.8284,,5.0985,,,,5.6078,,,,,,,,,,,,,,,,,,,,,,,,
2019-10-31,,,,,,,,,,,4.782,4.4936,4.4366,4.4499,4.5893,4.69,4.8242,4.9379,,5.178,,,,5.654,,,,,,,,,,,,,,,,,,,,,,,,
2019-11-01,,,,,,,,,,,4.7754,4.4662,4.4017,4.43,4.57,4.6697,4.8049,4.9182,,5.1565,,,,5.595,,,,,,,,,,,,,,,,,,,,,,,,
2019-11-04,,,,,,,,,,,4.777,4.4864,4.4231,4.445,4.59,4.7,4.8341,4.9692,,5.1969,,,,5.6439,,,,,,,,,,,,,,,,,,,,,,,,
2019-11-05,,,,,,,,,,,4.769,4.4761,4.4234,4.4434,4.61,4.73,4.8743,5.01,,5.2567,,,,5.684,,,,,,,,,,,,,,,,,,,,,,,,
2019-11-06,,,,,,,,,,,4.7662,4.475,4.4289,4.4487,4.6077,4.75,4.9043,5.0483,,5.3168,,,,5.7937,,,,,,,,,,,,,,,,,,,,,,,,
2019-11-07,,,,,,,,,,,4.767,4.49,4.4373,4.4737,4.6587,4.7855,4.95,5.0984,,5.3768,,,,5.8533,,,,,,,,,,,,,,,,,,,,,,,,
2019-11-08,,,,,,,,,,,4.7662,4.4913,4.445,4.4828,4.67,4.8165,4.9885,5.1488,,5.4163,,,,5.8819,,,,,,,,,,,,,,,,,,,,,,,,
2019-11-11,,,,,,,,,,,4.757,4.4856,4.425,4.4574,4.6416,4.7665,4.9291,5.08,,5.3474,,,,5.8138,,,,,,,,,,,,,,,,,,,,,,,,
2019-11-12,,,,,,,,,,,4.7612,4.49,4.445,4.4866,4.7013,4.8467,5.0193,5.18,,5.4568,,,,5.9331,,,,,,,,,,,,,,,,,,,,,,,,
2019-11-13,,,,,,,,,,,4.7557,4.49,4.45,4.5222,4.75,4.9064,5.0766,5.2198,,5.4977,,,,5.9615,,,,,,,,,,,,,,,,,,,,,,,,
2019-11-14,,,,,,,,,,,4.753,4.49,4.45,4.5231,4.79,4.9364,5.0972,5.26,,5.5184,,,,5.9827,,,,,,,,,,,,,,,,,,,,,,,,
2019-11-18,,,,,,,,,,,4.745,4.49,4.4625,4.5379,4.82,4.98,5.14,5.31,,5.58,,,,6.0512,,,,,,,,,,,,,,,,,,,,,,,,
2019-11-19,,,,,,,,,,,4.737,4.4959,4.4666,4.5373,4.8057,4.9704,5.1408,5.291,,5.5708,,,,6.0311,,,,,,,,,,,,,,,,,,,,,,,,
2019-11-20,,,,,,,,,,,4.737,4.4959,4.4666,4.5373,4.8057,4.9704,5.1408,5.291,,5.5708,,,,6.0311,,,,,,,,,,,,,,,,,,,,,,,,
2019-11-21,,,,,,,,,,,4.728,4.51,4.505,4.5912,4.885,5.0667,5.27,5.4196,,5.699,,,,6.1505,,,,,,,,,,,,,,,,,,,,,,,,
2019-11-22,,,,,,,,,,,4.714,4.4789,4.4535,4.528,4.815,4.9962,5.18,5.34,,5.6286,,,,6.11,,,,,,,,,,,,,,,,,,,,,,,,
2019-11-25,,,,,,,,,,,4.705,4.4819,4.46,4.5328,4.825,5.0161,5.217,5.3786,,5.678,,,,6.169,,,,,,,,,,,,,,,,,,,,,,,,
2019-11-26,,,,,,,,,,,4.715,4.5144,4.51,4.5969,4.9044,5.0947,5.3,5.45,,5.7388,,,,6.218,,,,,,,,,,,,,,,,,,,,,,,,
2019-11-27,,,,,,,,,,,4.7082,4.5172,4.522,4.617,4.91,5.105,5.2877,5.45,,5.7379,,,,6.2171,,,,,,,,,,,,,,,,,,,,,,,,
2019-11-28,,,,,,,,,,,4.6895,4.4826,4.4729,4.5676,4.85,5.035,5.2181,5.37,,5.658,,,,6.1168,,,,,,,,,,,,,,,,,,,,,,,,
2019-11-29,,,,,,,,,,,4.6782,4.485,4.4862,4.5684,4.8577,5.045,5.219,5.36,,5.65,,,,6.1172,,,,,,,,,,,,,,,,,,,,,,,,
2019-12-02,,,,,,,,,,,4.6624,4.495,4.5037,4.5935,4.9164,5.105,5.2694,5.4486,,5.74,,,,6.1768,,,,,,,,,,,,,,,,,,,,,,,,
2019-12-03,,,,,,,,,,,4.634,4.4622,4.4779,4.5639,4.8868,5.0673,5.24,5.4,,5.68,,,,6.1271,,,,,,,,,,,,,,,,,,,,,,,,
2019-12-04,,,,,,,,,,,4.615,4.43,4.44,4.53,4.8367,5.0175,5.19,5.33,,5.6,,,,6.0483,,,,,,,,,,,,,,,,,,,,,,,,
2019-12-05,,,,,,,,,,,4.608,4.4392,4.45,4.558,4.867,5.0482,5.22,5.36,,5.62,,,,6.071,,,,,,,,,,,,,,,,,,,,,,,,
2019-12-06,,,,,,,,,,,4.5707,4.385,4.395,4.49,4.7565,4.94,5.11,5.22,,5.49,,,,5.951,,,,,,,,,,,,,,,,,,,,,,,,
2019-12-09,,,,,,,,,,,4.5543,4.38,4.3975,4.496,4.78,4.9399,5.0906,5.22,,5.48,,,,5.951,,,,,,,,,,,,,,,,,,,,,,,,
2019-12-10,,,,,,,,,,,4.5329,4.3736,4.391,4.491,4.7709,4.9406,5.0904,5.2302,,5.49,,,,5.9705,,,,,,,,,,,,,,,,,,,,,,,,
2019-12-11,,,,,,,,,,,4.5058,4.369,4.386,4.4886,4.783,4.95,5.1005,5.24,,5.5,,,,5.9812,,,,,,,,,,,,,,,,,,,,,,,,
2019-12-12,,,,,,,,,,,4.452,4.335,4.345,4.425,4.72,4.9,5.0725,5.2114,,5.4913,,,,5.981,,,,,,,,,,,,,,,,,,,,,,,,
2019-12-13,,,,,,,,,,,4.4566,4.34,4.3465,4.425,4.6939,4.8714,5.0434,5.1824,,5.4724,,,,5.9615,,,,,,,,,,,,,,,,,,,,,,,,
2019-12-16,,,,,,,,,,,4.462,4.34,4.3427,4.4319,4.745,4.9262,5.1159,5.2545,,5.5545,,,,6.0632,,,,,,,,,,,,,,,,,,,,,,,,
2019-12-17,,,,,,,,,,,4.4541,4.3636,4.375,4.4939,4.86,5.035,5.2464,5.4365,,5.7275,,,,6.225,,,,,,,,,,,,,,,,,,,,,,,,
2019-12-18,,,,,,,,,,,4.4531,4.365,4.3588,4.4652,4.81,4.9862,5.186,5.375,,5.675,,,,6.161,,,,,,,,,,,,,,,,,,,,,,,,
2019-12-19,,,,,,,,,,,4.4554,4.3767,4.3826,4.5182,4.8824,5.08,5.29,5.48,,5.795,,,,6.3139,,,,,,,,,,,,,,,,,,,,,,,,
2019-12-20,,,,,,,,,,,4.4554,4.3679,4.3668,4.478,4.8461,5.04,5.255,5.43,,5.7371,,,,6.2314,,,,,,,,,,,,,,,,,,,,,,,,
2019-12-23,,,,,,,,,,,4.4686,4.3768,4.3683,4.4845,4.8263,5.0211,5.2148,5.39,,5.6679,,,,6.1727,,,,,,,,,,,,,,,,,,,,,,,,
2019-12-24,,,,,,,,,,,4.4686,4.3768,4.3683,4.4845,4.8263,5.0211,5.2148,5.39,,5.6679,,,,6.1727,,,,,,,,,,,,,,,,,,,,,,,,
2019-12-26,,,,,,,,,,,4.5107,4.3594,4.3427,4.435,4.7866,4.9673,5.17,5.33,,5.63,,,,6.1161,,,,,,,,,,,,,,,,,,,,,,,,
2019-12-27,,,,,,,,,,,4.5716,4.3573,4.3362,4.4321,4.776,4.9765,5.1764,5.34,,5.64,,,,6.1061,,,,,,,,,,,,,,,,,,,,,,,,
2019-12-30,,,,,,,,,,,4.5828,4.3621,4.3423,4.4295,4.735,4.9278,5.1269,5.3,,5.5585,,,,6.035,,,,,,,,,,,,,,,,,,,,,,,,
2019-12-31,,,,,,,,,,,4.5828,4.3621,4.3423,4.4295,4.735,4.9278,5.1269,5.3,,5.5585,,,,6.035,,,,,,,,,,,,,,,,,,,,,,,,
2020-01-02,,,,,,,,,,,,4.347,4.3208,4.3933,4.7023,4.8944,5.095,5.2726,,5.5454,,,,6.0191,,,,,,,,,,,,,,,,,,,,,,,,
2020-01-03,,,,,,,,,,,,4.335,4.3136,4.3877,4.69,4.8913,5.095,5.2811,,5.5644,,,,6.02,,,,,,,,,,,,,,,,,,,,,,,,
2020-01-06,,,,,,,,,,,,4.3362,4.3138,4.3922,4.705,4.91,5.1128,5.3,5.4792,5.595,,,,6.0706,,6.255,,,,,,,,,,,,,,,,,,,,,,
2020-01-07,,,,,,,,,,,,4.3167,4.2939,4.3577,4.6617,4.8599,5.071,5.24,5.4186,5.54,,,,6.031,,6.215,,,,,,,,,,,,,,,,,,,,,,
2020-01-08,,,,,,,,,,,,4.2991,4.2788,4.3326,4.6212,4.7994,5.0107,5.17,5.355,5.471,,,,5.973,,6.1764,,,,,,,,,,,,,,,,,,,,,,
2020-01-09,,,,,,,,,,,,4.297,4.2744,4.3374,4.6126,4.7892,4.9837,5.141,5.305,5.4309,,,,5.9315,,6.1362,,,,,,,,,,,,,,,,,,,,,,
2020-01-10,,,,,,,,,,,,4.313,4.2888,4.3573,4.6336,4.81,4.9927,5.1611,5.3233,5.441,,,,5.943,,6.1462,,,,,,,,,,,,,,,,,,,,,,
2020-01-13,,,,,,,,,,,,4.3183,4.291,4.372,4.6565,4.83,5.022,5.181,5.3564,5.4834,,,,6.0038,,6.2062,,,,,,,,,,,,,,,,,,,,,,
2020-01-14,,,,,,,,,,,,4.29,4.2655,4.3312,4.606,4.7692,4.9537,5.1138,5.296,5.425,,,,5.9236,,6.1259,,,,,,,,,,,,,,,,,,,,,,
2020-01-15,,,,,,,,,,,,4.276,4.228,4.281,4.5355,4.689,4.8541,5.005,5.1763,5.315,,,,5.8438,,6.0663,,,,,,,,,,,,,,,,,,,,,,
2020-01-16,,,,,,,,,,,,4.2875,4.2617,4.3356,4.595,4.759,4.9441,5.105,5.2755,5.415,,,,5.9639,,6.176,,,,,,,,,,,,,,,,,,,,,,
2020-01-17,,,,,,,,,,,,4.281,4.245,4.3161,4.5537,4.7189,4.905,5.085,5.246,5.395,,,,5.9438,,6.1561,,,,,,,,,,,,,,,,,,,,,,
2020-01-20,,,,,,,,,,,,4.2814,4.2449,4.31,4.5718,4.7282,4.9355,5.095,5.2563,5.405,,,,5.945,,6.146,,,,,,,,,,,,,,,,,,,,,,
2020-01-21,,,,,,,,,,,,4.273,4.2413,4.2987,4.5318,4.6882,4.8655,5.0257,5.1858,5.3359,,,,5.8943,,6.096,,,,,,,,,,,,,,,,,,,,,,
2020-01-22,,,,,,,,,,,,4.255,4.2015,4.2481,4.471,4.6281,4.8059,4.965,5.125,5.275,,,,5.8241,,6.0473,,,,,,,,,,,,,,,,,,,,,,
2020-01-23,,,,,,,,,,,,4.259,4.216,4.2726,4.501,4.669,4.855,5.005,5.175,5.315,,,,5.8542,,6.0568,,,,,,,,,,,,,,,,,,,,,,
2020-01-24,,,,,,,,,,,,4.243,4.1926,4.2534,4.4932,4.66,4.8454,5.0042,5.176,5.305,,,,5.834,,6.047,,,,,,,,,,,,,,,,,,,,,,
2020-01-27,,,,,,,,,,,,4.22,4.169,4.2145,4.445,4.61,4.7854,4.935,5.1061,5.245,,,,5.7941,,6.016,,,,,,,,,,,,,,,,,,,,,,
2020-01-28,,,,,,,,,,,,4.222,4.1763,4.2392,4.4667,4.62,4.8123,4.965,5.1263,5.255,,,,5.7732,,5.976,,,,,,,,,,,,,,,,,,,,,,
2020-01-29,,,,,,,,,,,,4.221,4.1737,4.235,4.4769,4.62,4.7986,4.955,5.1262,5.2462,,,,5.7633,,5.9663,,,,,,,,,,,,,,,,,,,,,,
2020-01-30,,,,,,,,,,,,4.2275,4.1989,4.2559,4.4875,4.6599,4.8394,4.9876,5.15,5.2787,,,,5.7836,,5.9791,,,,,,,,,,,,,,,,,,,,,,
2020-01-31,,,,,,,,,,,,4.2273,4.2025,4.2769,4.5115,4.6832,4.86,5.02,5.18,5.3,,,,5.785,,5.989,,,,,,,,,,,,,,,,,,,,,,
2020-02-03,,,,,,,,,,,,4.2095,4.1763,4.2311,4.4632,4.6259,4.8,4.9509,5.1108,5.241,,,,5.724,,5.9189,,,,,,,,,,,,,,,,,,,,,,
2020-02-04,,,,,,,,,,,,4.19,4.1583,4.205,4.4327,4.5949,4.77,4.93,5.09,5.2259,,,,5.7143,,5.8992,,,,,,,,,,,,,,,,,,,,,,
2020-02-05,,,,,,,,,,,,4.175,4.1494,4.1931,4.4319,4.5833,4.75,4.9088,5.0709,5.205,,,,5.6738,,5.8591,,,,,,,,,,,,,,,,,,,,,,
2020-02-06,,,,,,,,,,,,4.1622,4.164,4.2278,4.491,4.661,4.86,5.0395,5.2012,5.335,,,,5.7739,,5.949,,,,,,,,,,,,,,,,,,,,,,
2020-02-07,,,,,,,,,,,,4.1524,4.14,4.1818,4.42,4.59,4.8,4.99,5.171,5.315,,,,5.815,,5.9992,,,,,,,,,,,,,,,,,,,,,,
2020-02-10,,,,,,,,,,,,4.1509,4.14,4.1813,4.4123,4.57,4.77,4.95,5.1311,5.275,,,,5.7755,,5.9485,,,,,,,,,,,,,,,,,,,,,,
2020-02-11,,,,,,,,,,,,4.1617,4.1511,4.1746,4.3639,4.5228,4.72,4.87,5.0519,5.195,,,,5.686,,5.8687,,,,,,,,,,,,,,,,,,,,,,
2020-02-12,,,,,,,,,,,,4.1661,4.15,4.172,4.3444,4.4834,4.666,4.8105,5.0014,5.136,,,,5.6373,,5.8183,,,,,,,,,,,,,,,,,,,,,,
2020-02-13,,,,,,,,,,,,4.1799,4.1581,4.1997,4.385,4.515,4.705,4.855,5.03,5.1768,,,,5.6794,,5.86,,,,,,,,,,,,,,,,,,,,,,
2020-02-14,,,,,,,,,,,,4.1801,4.155,4.1855,4.345,4.445,4.6159,4.7573,4.9222,5.0452,,,,5.54,,5.7331,,,,,,,,,,,,,,,,,,,,,,
2020-02-17,,,,,,,,,,,,4.189,4.1518,4.18,4.3384,4.45,4.62,4.74,4.915,5.04,,,,5.55,,5.7442,,,,,,,,,,,,,,,,,,,,,,
2020-02-18,,,,,,,,,,,,4.197,4.15,4.18,4.34,4.4512,4.6106,4.74,4.9179,5.0515,,,,5.56,,5.7659,,,,,,,,,,,,,,,,,,,,,,
2020-02-19,,,,,,,,,,,,4.19,4.15,4.17,4.3,4.4116,4.56,4.6817,4.8482,4.9831,,,,5.4908,,5.7059,,,,,,,,,,,,,,,,,,,,,,
2020-02-20,,,,,,,,,,,,4.1938,4.1562,4.1791,4.3107,4.4308,4.57,4.705,4.876,4.9947,,,,5.5139,,5.7408,,,,,,,,,,,,,,,,,,,,,,
2020-02-21,,,,,,,,,,,,4.205,4.16,4.1755,4.3162,4.435,4.58,4.721,4.905,5.0343,,,,5.5834,,5.81,,,,,,,,,,,,,,,,,,,,,,
2020-02-26,,,,,,,,,,,,4.2035,4.1584,4.175,4.345,4.4783,4.6429,4.8025,4.9916,5.1232,,,,5.7009,,5.945,,,,,,,,,,,,,,,,,,,,,,
2020-02-27,,,,,,,,,,,,4.2021,4.1326,4.138,4.285,4.4253,4.5599,4.6918,4.877,5.0196,,,,5.6,,5.8361,,,,,,,,,,,,,,,,,,,,,,
2020-02-28,,,,,,,,,,,,4.1751,4.0816,4.0869,4.2306,4.363,4.4972,4.62,4.8163,4.96,,,,5.57,,5.8378,,,,,,,,,,,,,,,,,,,,,,
2020-03-02,,,,,,,,,,,,4.1493,4.0078,3.9688,4.0466,4.1399,4.26,4.3925,4.565,4.7082,,,,5.3139,,5.5666,,,,,,,,,,,,,,,,,,,,,,
2020-03-03,,,,,,,,,,,,4.098,3.9111,3.8689,3.925,4.0279,4.15,4.2824,4.4659,4.6073,,,,5.215,,5.4866,,,,,,,,,,,,,,,,,,,,,,
2020-03-04,,,,,,,,,,,,4.034,3.835,3.7944,3.875,3.995,4.1218,4.25,4.4144,4.555,,,,5.1744,,5.4349,,,,,,,,,,,,,,,,,,,,,,
2020-03-05,,,,,,,,,,,,4.0475,3.875,3.8659,4.0064,4.137,4.2824,4.44,4.637,4.775,,,,5.4061,,5.6483,,,,,,,,,,,,,,,,,,,,,,
2020-03-06,,,,,,,,,,,,4.0221,3.8304,3.8162,3.965,4.085,4.2737,4.43,4.6261,4.775,,,,5.4239,,5.6658,,,,,,,,,,,,,,,,,,,,,,
2020-03-09,,,,,,,,,,,,4.076,3.9413,3.96,4.115,4.255,4.4421,4.6565,4.87,5.0326,,,,5.7171,,5.9761,,,,,,,,,,,,,,,,,,,,,,
2020-03-10,,,,,,,,,,,,4.0557,3.895,3.9,4.0233,4.165,4.36,4.5485,4.755,4.92,,,,5.5794,,5.8442,,,,,,,,,,,,,,,,,,,,,,
2020-03-11,,,,,,,,,,,,4.148,4.0761,4.151,4.3931,4.575,4.8,5.0584,5.316,5.5011,,,,6.29,,6.555,,,,,,,,,,,,,,,,,,,,,,
2020-03-12,,,,,,,,,,,,4.197,4.3218,4.6628,5.265,5.647,5.9591,6.2085,6.5246,6.7783,,,,7.64,,7.89,,,,,,,,,,,,,,,,,,,,,,
2020-03-13,,,,,,,,,,,,4.0898,3.9677,4.0787,4.5248,4.7806,5.1126,5.3205,5.5832,5.8303,,,,6.454,,6.7628,,,,,,,,,,,,,,,,,,,,,,
2020-03-16,,,,,,,,,,,,3.805,3.6325,3.6669,4.0953,4.3695,4.7032,4.9264,5.2272,5.5,,,,6.2714,,6.5899,,,,,,,,,,,,,,,,,,,,,,
2020-03-17,,,,,,,,,,,,3.7552,3.53,3.525,3.8164,4.0069,4.2427,4.4481,4.75,4.94,,,,5.7917,,6.11,,,,,,,,,,,,,,,,,,,,,,
2020-03-18,,,,,,,,,,,,3.7921,3.7804,3.9214,4.3778,4.807,5.225,5.8045,6.1705,6.4344,,,,7.4661,,7.68,,,,,,,,,,,,,,,,,,,,,,
2020-03-19,,,,,,,,,,,,3.7343,3.65,3.7329,4.3275,4.8121,5.3488,5.7567,6.2035,6.524,,,,7.3878,,7.6852,,,,,,,,,,,,,,,,,,,,,,
2020-03-20,,,,,,,,,,,,3.7387,3.6074,3.78,4.2733,4.68,5.1737,5.5986,6.025,6.3732,,,,7.4026,,7.7019,,,,,,,,,,,,,,,,,,,,,,
2020-03-23,,,,,,,,,,,,3.7074,3.4144,3.517,4.0947,4.58,5.1165,5.58,6.0933,6.5148,,,,7.8392,,8.22,,,,,,,,,,,,,,,,,,,,,,
2020-03-24,,,,,,,,,,,,3.7197,3.4348,3.4929,3.9301,4.2322,4.6604,4.9839,5.4703,5.9226,,,,7.3564,,7.768,,,,,,,,,,,,,,,,,,,,,,
2020-03-25,,,,,,,,,,,,3.7301,3.405,3.3844,3.5917,3.8217,4.2107,4.5142,4.8831,5.293,,,,6.4512,,6.8427,,,,,,,,,,,,,,,,,,,,,,
2020-03-26,,,,,,,,,,,,3.7509,3.4452,3.4362,3.665,3.8843,4.1706,4.4503,4.8148,5.112,,,,6.22,,6.5932,,,,,,,,,,,,,,,,,,,,,,
2020-03-27,,,,,,,,,,,,3.7737,3.4627,3.42,3.685,3.9098,4.195,4.4075,4.75,5.0728,,,,6.1766,,6.53,,,,,,,,,,,,,,,,,,,,,,
2020-03-30,,,,,,,,,,,,3.9162,3.4302,3.3404,3.5487,3.7782,3.998,4.2161,4.5137,4.8021,,,,5.8967,,6.2936,,,,,,,,,,,,,,,,,,,,,,
2020-03-31,,,,,,,,,,,,3.9223,3.4,3.2259,3.3408,3.5451,3.8203,4.1031,4.3973,4.7269,,,,5.86,,6.2261,,,,,,,,,,,,,,,,,,,,,,
2020-04-01,,,,,,,,,,,,,3.415,3.2712,3.3681,3.6146,3.933,4.265,4.535,4.875,,,,6.06,,6.4485,,,,,,,,,,,,,,,,,,,,,,
2020-04-02,,,,,,,,,,,,,3.4048,3.2471,3.305,3.5522,3.8356,4.1066,4.42,4.7669,,,,6.0,,6.399,,,,,,,,,,,,,,,,,,,,,,
2020-04-03,,,,,,,,,,,,,3.3408,3.1854,3.3032,3.5336,3.85,4.1739,4.5196,4.8638,,,,6.1891,,6.6279,,,,,,,,,,,,,,,,,,,,,,
2020-04-06,,,,,,,,,,,,,3.403,3.295,3.4128,3.6223,3.9424,4.21,4.53,4.8392,,,,6.115,,6.5534,,,,,,,,,,,,,,,,,,,,,,
2020-04-07,,,,,,,,,,,,,3.3659,3.2426,3.3388,3.545,3.8337,4.1128,4.405,4.745,,,,5.9895,,6.4082,,,,,,,,,,,,,,,,,,,,,,
2020-04-08,,,,,,,,,,,,,3.3689,3.245,3.305,3.485,3.7667,4.0733,4.36,4.6571,,,,5.84,,6.2399,,,,,,,,,,,,,,,,,,,,,,
2020-04-09,,,,,,,,,,,,,3.3701,3.215,3.2449,3.4045,3.6636,3.9264,4.2046,4.4798,,,,5.6217,,6.05,,,,,,,,,,,,,,,,,,,,,,
2020-04-13,,,,,,,,,,,,,3.3375,3.166,3.185,3.3361,3.5639,3.8157,4.106,4.3665,,,,5.5192,,5.9433,,,,,,,,,,,,,,,,,,,,,,
2020-04-14,,,,,,,,,,,,,3.332,3.1239,3.13,3.265,3.5099,3.755,4.0158,4.2775,,,,5.3699,,5.7815,,,,,,,,,,,,,,,,,,,,,,
2020-04-15,,,,,,,,,,,,,3.3311,3.13,3.13,3.245,3.505,3.755,4.0158,4.2662,,,,5.2863,,5.68,,,,,,,,,,,,,,,,,,,,,,
2020-04-16,,,,,,,,,,,,,3.318,3.1337,3.155,3.2583,3.4964,3.7309,3.9862,4.2013,,,,5.155,,5.5543,,,,,,,,,,,,,,,,,,,,,,
2020-04-17,,,,,,,,,,,,,3.315,3.1361,3.1193,3.2198,3.4579,3.7,3.9513,4.18,,,,5.1574,,5.537,,,,,,,,,,,,,,,,,,,,,,
2020-04-20,,,,,,,,,,,,,3.213,2.9423,2.89,2.97,3.1839,3.4305,3.6731,3.9626,,,,4.9499,,5.358,,,,,,,,,,,,,,,,,,,,,,
2020-04-22,,,,,,,,,,,,,3.052,2.775,2.715,2.81,3.0321,3.2509,3.515,3.7523,,,,4.803,,5.25,,,,,,,,,,,,,,,,,,,,,,
2020-04-23,,,,,,,,,,,,,3.0624,2.8292,2.8432,2.9844,3.2083,3.4405,3.7355,3.9889,,,,5.159,,5.6096,,,,,,,,,,,,,,,,,,,,,,
2020-04-24,,,,,,,,,,,,,3.2866,3.167,3.3437,3.5838,3.8981,4.1785,4.4975,4.8329,,,,6.285,,6.8935,,,,,,,,,,,,,,,,,,,,,,
2020-04-27,,,,,,,,,,,,,3.3241,3.2627,3.49,3.7399,4.14,4.2999,4.6015,4.975,,,,6.417,,6.9466,,,,,,,,,,,,,,,,,,,,,,
2020-04-28,,,,,,,,,,,,,3.1579,2.945,2.9836,3.22,3.485,3.8073,4.0918,4.3861,,,,5.485,,5.965,,,,,,,,,,,,,,,,,,,,,,
2020-04-29,,,,,,,,,,,,,3.144,2.9316,2.99,3.22,3.505,3.745,4.0163,4.2966,,,,5.4163,,5.87,,,,,,,,,,,,,,,,,,,,,,
2020-04-30,,,,,,,,,,,,,3.0979,2.8828,2.9184,3.11,3.385,3.66,3.965,4.245,,,,5.4272,,5.875,,,,,,,,,,,,,,,,,,,,,,
2020-05-04,,,,,,,,,,,,,3.0798,2.86,2.9234,3.1069,3.425,3.72,4.045,4.345,,,,5.555,,6.024,,,,,,,,,,,,,,,,,,,,,,
2020-05-05,,,,,,,,,,,,,3.027,2.7912,2.83,3.01,3.3029,3.59,3.8943,4.195,,,,5.3655,,5.8441,,,,,,,,,,,,,,,,,,,,,,
2020-05-06,,,,,,,,,,,,,3.018,2.825,2.8483,3.029,3.3385,3.5888,3.86,4.15,,,,5.295,,5.77,,,,,,,,,,,,,,,,,,,,,,
2020-05-07,,,,,,,,,,,,,2.8352,2.585,2.6415,2.839,3.1375,3.3987,3.72,4.0279,,,,5.2667,,5.7805,,,,,,,,,,,,,,,,,,,,,,
2020-05-08,,,,,,,,,,,,,2.8008,2.5281,2.5776,2.7661,3.0325,3.2985,3.61,3.8864,,,,5.1238,,5.6584,,,,,,,,,,,,,,,,,,,,,,
2020-05-11,,,,,,,,,,,,,2.797,2.515,2.5868,2.785,3.06,3.3243,3.6273,3.9072,,,,5.1615,,5.6866,,,,,,,,,,,,,,,,,,,,,,
2020-05-12,,,,,,,,,,,,,2.8331,2.6236,2.745,2.985,3.29,3.5499,3.8737,4.175,,,,5.4385,,5.9764,,,,,,,,,,,,,,,,,,,,,,
2020-05-13,,,,,,,,,,,,,2.829,2.6361,2.7946,3.0575,3.3885,3.6871,4.0113,4.3235,,,,5.6261,,6.1825,,,,,,,,,,,,,,,,,,,,,,
2020-05-14,,,,,,,,,,,,,2.822,2.6261,2.7878,3.0662,3.4142,3.7049,4.0562,4.3308,,,,5.5053,,6.0455,,,,,,,,,,,,,,,,,,,,,,
2020-05-15,,,,,,,,,,,,,2.8143,2.57,2.695,2.9132,3.24,3.5536,3.8988,4.1915,,,,5.4175,,5.97,,,,,,,,,,,,,,,,,,,,,,
2020-05-18,,,,,,,,,,,,,2.8066,2.535,2.665,2.8614,3.16,3.4631,3.787,4.0713,,,,5.269,,5.8143,,,,,,,,,,,,,,,,,,,,,,
2020-05-19,,,,,,,,,,,,,2.8095,2.5218,2.65,2.85,3.1644,3.4335,3.7564,4.0229,,,,5.23,,5.765,,,,,,,,,,,,,,,,,,,,,,
2020-05-20,,,,,,,,,,,,,2.7917,2.523,2.665,2.86,3.1724,3.4629,3.7887,4.074,,,,5.2499,,5.7855,,,,,,,,,,,,,,,,,,,,,,
2020-05-21,,,,,,,,,,,,,2.7749,2.4988,2.6135,2.8,3.1012,3.4065,3.726,4.0084,,,,5.1816,,5.7161,,,,,,,,,,,,,,,,,,,,,,
2020-05-22,,,,,,,,,,,,,2.7728,2.497,2.645,2.8623,3.18,3.4866,3.8288,4.1,,,,5.2547,,5.77,,,,,,,,,,,,,,,,,,,,,,
2020-05-25,,,,,,,,,,,,,2.754,2.4282,2.5087,2.6935,2.9626,3.2515,3.5737,3.8574,,,,4.942,,5.445,,,,,,,,,,,,,,,,,,,,,,
2020-05-26,,,,,,,,,,,,,2.7411,2.408,2.5249,2.7249,2.9849,3.2962,3.6066,3.88,,,,4.9325,,5.4055,,,,,,,,,,,,,,,,,,,,,,
2020-05-27,,,,,,,,,,,,,2.73,2.405,2.522,2.714,2.9986,3.28,3.5964,3.8524,,,,4.9058,,5.3658,,,,,,,,,,,,,,,,,,,,,,
2020-05-28,,,,,,,,,,,,,2.7036,2.3759,2.4932,2.675,2.96,3.2561,3.5617,3.8218,,,,4.8925,,5.3758,,,,,,,,,,,,,,,,,,,,,,
2020-05-29,,,,,,,,,,,,,2.69,2.32,2.4143,2.625,2.91,3.1932,3.51,3.78,,,,4.8525,,5.335,,,,,,,,,,,,,,,,,,,,,,
2020-06-01,,,,,,,,,,,,,2.673,2.3,2.4049,2.6217,2.92,3.2002,3.5208,3.79,,,,4.86,,5.315,,,,,,,,,,,,,,,,,,,,,,
2020-06-02,,,,,,,,,,,,,2.641,2.2797,2.3659,2.5685,2.8589,3.1199,3.43,3.69,,,,4.7,,5.1445,,,,,,,,,,,,,,,,,,,,,,
2020-06-03,,,,,,,,,,,,,2.6149,2.248,2.31,2.5,2.78,3.06,3.3527,3.6213,,,,4.6413,,5.075,,,,,,,,,,,,,,,,,,,,,,
2020-06-04,,,,,,,,,,,,,2.594,2.23,2.3029,2.5111,2.8121,3.0708,3.4,3.655,,,,4.675,,5.1182,,,,,,,,,,,,,,,,,,,,,,
2020-06-05,,,,,,,,,,,,,2.58,2.235,2.3189,2.5409,2.855,3.13,3.47,3.747,,,,4.79,,5.22,,,,,,,,,,,,,,,,,,,,,,
2020-06-08,,,,,,,,,,,,,2.5617,2.25,2.3331,2.5604,2.885,3.18,3.52,3.7974,,,,4.81,,5.21,,,,,,,,,,,,,,,,,,,,,,
2020-06-09,,,,,,,,,,,,,2.53,2.2241,2.3289,2.561,2.895,3.2,3.54,3.81,,,,4.81,,5.2109,,,,,,,,,,,,,,,,,,,,,,
2020-06-10,,,,,,,,,,,,,2.4968,2.2051,2.3389,2.555,2.865,3.1462,3.4728,3.7331,,,,4.7133,,5.1448,,,,,,,,,,,,,,,,,,,,,,
2020-06-12,,,,,,,,,,,,,2.47,2.18,2.3483,2.5679,2.855,3.1408,3.45,3.7112,,,,4.7346,,5.1608,,,,,,,,,,,,,,,,,,,,,,
2020-06-15,,,,,,,,,,,,,2.4208,2.145,2.2962,2.525,2.82,3.1188,3.4371,3.7,,,,4.7533,,5.1779,,,,,,,,,,,,,,,,,,,,,,
2020-06-16,,,,,,,,,,,,,2.375,2.1162,2.2811,2.5212,2.84,3.1499,3.4787,3.75,,,,4.78,,5.2276,,,,,,,,,,,,,,,,,,,,,,
2020-06-17,,,,,,,,,,,,,2.302,2.095,2.2659,2.49,2.81,3.115,3.4267,3.7,,,,4.72,,5.1485,,,,,,,,,,,,,,,,,,,,,,
2020-06-18,,,,,,,,,,,,,2.2182,2.0806,2.23,2.4786,2.83,3.1631,3.495,3.7861,,,,4.8459,,5.29,,,,,,,,,,,,,,,,,,,,,,
2020-06-19,,,,,,,,,,,,,2.2415,2.0711,2.175,2.3965,2.7359,3.0687,3.4049,3.688,,,,4.7403,,5.21,,,,,,,,,,,,,,,,,,,,,,
2020-06-22,,,,,,,,,,,,,2.2701,2.075,2.1867,2.425,2.7758,3.0876,3.4308,3.7135,,,,4.7946,,5.2811,,,,,,,,,,,,,,,,,,,,,,
2020-06-23,,,,,,,,,,,,,2.2753,2.08,2.1962,2.425,2.7547,3.0643,3.4011,3.6735,,,,4.735,,5.2192,,,,,,,,,,,,,,,,,,,,,,
2020-06-24,,,,,,,,,,,,,2.3068,2.0913,2.215,2.455,2.805,3.1191,3.4761,3.7563,,,,4.86,,5.34,,,,,,,,,,,,,,,,,,,,,,
2020-06-25,,,,,,,,,,,,,2.3398,2.0937,2.2061,2.415,2.7419,3.0196,3.365,3.635,,,,4.705,,5.1858,,,,,,,,,,,,,,,,,,,,,,
2020-06-26,,,,,,,,,,,,,2.3539,2.077,2.213,2.4136,2.73,3.02,3.3644,3.645,,,,4.765,,5.2459,,,,,,,,,,,,,,,,,,,,,,
2020-06-29,,,,,,,,,,,,,2.3955,2.0573,2.191,2.3879,2.6963,2.9988,3.3349,3.615,,,,4.695,,5.1664,,,,,,,,,,,,,,,,,,,,,,
2020-06-30,,,,,,,,,,,,,2.3842,2.0284,2.1399,2.3498,2.6519,2.9623,3.2867,3.5583,,,,4.6414,,5.1062,,,,,,,,,,,,,,,,,,,,,,
2020-07-01,,,,,,,,,,,,,,2.0229,2.1533,2.3329,2.6279,2.9298,3.26,3.5336,,,,4.5581,,5.0386,,,,,,,,,,,,,,,,,,,,,,
2020-07-02,,,,,,,,,,,,,,2.0862,2.2063,2.3761,2.65,2.9557,3.2855,3.555,,,,4.6089,,5.105,,,,,,,,,,,,,,,,,,,,,,
2020-07-03,,,,,,,,,,,,,,2.088,2.1861,2.3434,2.62,2.927,3.245,3.515,,,,4.55,,5.0341,,,,,,,,,,,,,,,,,,,,,,
2020-07-06,,,,,,,,,,,,,,2.1016,2.2163,2.3834,2.6479,2.9464,3.2733,3.535,3.8612,,,4.56,,5.0209,,,,,,,,,,,,,,,,,,,,,,
2020-07-07,,,,,,,,,,,,,,2.1113,2.237,2.4136,2.6934,3.0031,3.3265,3.6065,3.934,,,4.644,,5.1386,,,,,,,,,,,,,,,,,,,,,,
2020-07-08,,,,,,,,,,,,,,2.1234,2.2993,2.5019,2.825,3.1367,3.4594,3.7315,4.035,,,4.745,,5.2095,,,,,,,,,,,,,,,,,,,,,,
2020-07-09,,,,,,,,,,,,,,2.1228,2.3066,2.5333,2.845,3.16,3.4769,3.7426,4.045,,,4.735,,5.2,,,,,,,,,,,,,,,,,,,,,,
2020-07-10,,,,,,,,,,,,,,2.0927,2.2512,2.4414,2.7522,3.08,3.3863,3.6528,3.965,,,4.655,,5.0963,,,,,,,,,,,,,,,,,,,,,,
2020-07-13,,,,,,,,,,,,,,2.0827,2.2508,2.467,2.7821,3.0939,3.4053,3.68,3.995,,,4.685,,5.1377,,,,,,,,,,,,,,,,,,,,,,
2020-07-14,,,,,,,,,,,,,,2.0793,2.2361,2.44,2.755,3.0774,3.3862,3.6634,3.965,,,4.6781,,5.1275,,,,,,,,,,,,,,,,,,,,,,
2020-07-15,,,,,,,,,,,,,,2.0687,2.2438,2.4576,2.785,3.1186,3.4264,3.7159,4.0282,,,4.73,,5.1706,,,,,,,,,,,,,,,,,,,,,,
2020-07-16,,,,,,,,,,,,,,2.0668,2.2339,2.435,2.7672,3.0882,3.4061,3.705,4.0099,,,4.7,,5.156,,,,,,,,,,,,,,,,,,,,,,
2020-07-17,,,,,,,,,,,,,,2.0598,2.209,2.3935,2.7072,3.0186,3.3261,3.6059,3.91,,,4.59,,5.056,,,,,,,,,,,,,,,,,,,,,,
2020-07-20,,,,,,,,,,,,,,2.0637,2.21,2.383,2.6958,2.989,3.2961,3.586,3.89,,,4.58,,5.049,,,,,,,,,,,,,,,,,,,,,,
2020-07-21,,,,,,,,,,,,,,2.083,2.2576,2.4478,2.7768,3.0718,3.3911,3.6763,3.9747,,,4.641,,5.0966,,,,,,,,,,,,,,,,,,,,,,
2020-07-22,,,,,,,,,,,,,,2.067,2.2276,2.4161,2.7515,3.0505,3.3659,3.6536,3.9508,,,4.675,,5.12,,,,,,,,,,,,,,,,,,,,,,
2020-07-23,,,,,,,,,,,,,,2.065,2.2289,2.4257,2.7777,3.05,3.365,3.6631,3.96,,,4.6748,,5.1459,,,,,,,,,,,,,,,,,,,,,,
2020-07-24,,,,,,,,,,,,,,1.9971,2.1299,2.3192,2.67,2.9099,3.205,3.4853,3.7949,,,4.4898,,4.975,,,,,,,,,,,,,,,,,,,,,,
2020-07-27,,,,,,,,,,,,,,1.9765,2.1,2.275,2.6,2.8364,3.128,3.3906,3.6866,,,4.4145,,4.9355,,,,,,,,,,,,,,,,,,,,,,
2020-07-28,,,,,,,,,,,,,,1.9792,2.105,2.2946,2.6022,2.8371,3.1392,3.4209,3.725,,,4.4362,,4.925,,,,,,,,,,,,,,,,,,,,,,
2020-07-29,,,,,,,,,,,,,,1.9663,2.0918,2.28,2.5841,2.8369,3.13,3.42,3.7358,,,4.4462,,4.9484,,,,,,,,,,,,,,,,,,,,,,
2020-07-30,,,,,,,,,,,,,,1.961,2.069,2.227,2.4827,2.7241,3.015,3.2741,3.5823,,,4.2885,,4.766,,,,,,,,,,,,,,,,,,,,,,
2020-07-31,,,,,,,,,,,,,,1.9601,2.0749,2.2272,2.487,2.735,3.0264,3.277,3.5673,,,4.2614,,4.7512,,,,,,,,,,,,,,,,,,,,,,
2020-08-03,,,,,,,,,,,,,,1.9461,2.0564,2.223,2.487,2.755,3.045,3.2966,3.5751,,,4.2705,,4.7113,,,,,,,,,,,,,,,,,,,,,,
2020-08-04,,,,,,,,,,,,,,1.9612,2.0812,2.27,2.5437,2.823,3.1227,3.3849,3.6864,,,4.37,,4.8208,,,,,,,,,,,,,,,,,,,,,,
2020-08-05,,,,,,,,,,,,,,1.9795,2.1187,2.291,2.5837,2.8567,3.157,3.4251,3.7298,,,4.444,,4.925,,,,,,,,,,,,,,,,,,,,,,
2020-08-06,,,,,,,,,,,,,,1.895,1.9882,2.1276,2.4114,2.6608,2.9593,3.2274,3.5401,,,4.2951,,4.7755,,,,,,,,,,,,,,,,,,,,,,
2020-08-07,,,,,,,,,,,,,,1.8986,2.0092,2.1763,2.4834,2.745,3.06,3.3381,3.6697,,,4.415,,4.905,,,,,,,,,,,,,,,,,,,,,,
2020-08-10,,,,,,,,,,,,,,1.895,2.0214,2.1916,2.5056,2.7866,3.1,3.38,3.7101,,,4.4779,,4.97,,,,,,,,,,,,,,,,,,,,,,
2020-08-11,,,,,,,,,,,,,,1.895,2.0061,2.1768,2.5043,2.78,3.095,3.3819,3.715,,,4.52,,5.0308,,,,,,,,,,,,,,,,,,,,,,
2020-08-12,,,,,,,,,,,,,,1.898,2.0544,2.2514,2.585,2.871,3.2013,3.4983,3.835,,,4.66,,5.17,,,,,,,,,,,,,,,,,,,,,,
2020-08-13,,,,,,,,,,,,,,1.9086,2.0944,2.3021,2.616,2.92,3.2571,3.58,3.9181,,,4.7271,,5.2561,,,,,,,,,,,,,,,,,,,,,,
2020-08-14,,,,,,,,,,,,,,1.9052,2.11,2.33,2.635,2.91,3.2478,3.555,3.8883,,,4.7228,,5.2582,,,,,,,,,,,,,,,,,,,,,,
2020-08-17,,,,,,,,,,,,,,1.9043,2.1266,2.3372,2.655,2.939,3.2835,3.6085,3.9382,,,4.7714,,5.3685,,,,,,,,,,,,,,,,,,,,,,
2020-08-18,,,,,,,,,,,,,,1.8915,2.0579,2.2224,2.5232,2.7995,3.13,3.436,3.7805,,,4.5921,,5.1111,,,,,,,,,,,,,,,,,,,,,,
2020-08-19,,,,,,,,,,,,,,1.9009,2.0817,2.2443,2.5557,2.8904,3.225,3.5394,3.8708,,,4.7359,,5.266,,,,,,,,,,,,,,,,,,,,,,
2020-08-20,,,,,,,,,,,,,,1.9189,2.1108,2.2661,2.5826,2.9,3.2192,3.536,3.8654,,,4.703,,5.2253,,,,,,,,,,,,,,,,,,,,,,
2020-08-21,,,,,,,,,,,,,,1.9158,2.121,2.2827,2.605,2.905,3.2299,3.5269,3.8462,,,4.6914,,5.1859,,,,,,,,,,,,,,,,,,,,,,
2020-08-24,,,,,,,,,,,,,,1.916,2.1013,2.2589,2.5594,2.8467,3.1522,3.4534,3.7762,,,4.5987,,5.1506,,,,,,,,,,,,,,,,,,,,,,
2020-08-25,,,,,,,,,,,,,,1.9228,2.1234,2.2649,2.5635,2.8621,3.185,3.4914,3.8261,,,4.6634,,5.1811,,,,,,,,,,,,,,,,,,,,,,
2020-08-26,,,,,,,,,,,,,,1.9299,2.1793,2.3166,2.6263,2.9457,3.27,3.5962,3.929,,,4.8582,,5.38,,,,,,,,,,,,,,,,,,,,,,
2020-08-27,,,,,,,,,,,,,,1.9311,2.2176,2.3679,2.6835,2.985,3.3193,3.6467,3.9907,,,4.8691,,5.3936,,,,,,,,,,,,,,,,,,,,,,
2020-08-28,,,,,,,,,,,,,,1.9236,2.1836,2.33,2.6199,2.925,3.25,3.56,3.895,,,4.7406,,5.2504,,,,,,,,,,,,,,,,,,,,,,
2020-08-31,,,,,,,,,,,,,,1.9267,2.2012,2.36,2.6514,2.9464,3.28,3.6,3.934,,,4.78,,5.301,,,,,,,,,,,,,,,,,,,,,,
2020-09-01,,,,,,,,,,,,,,1.9282,2.181,2.3159,2.6039,2.9,3.2206,3.5165,3.8327,,,4.7,,5.2107,,,,,,,,,,,,,,,,,,,,,,
2020-09-02,,,,,,,,,,,,,,1.9189,2.1967,2.3418,2.6459,2.938,3.2672,3.5768,3.9058,,,4.74,,5.2461,,,,,,,,,,,,,,,,,,,,,,
2020-09-03,,,,,,,,,,,,,,1.9171,2.1673,2.309,2.6363,2.9,3.23,3.5269,3.8592,,,4.695,,5.216,,,,,,,,,,,,,,,,,,,,,,
2020-09-04,,,,,,,,,,,,,,1.9417,2.14,2.271,2.6,2.85,3.17,3.4773,3.8,,,4.6361,,5.1562,,,,,,,,,,,,,,,,,,,,,,
2020-09-08,,,,,,,,,,,,,,1.941,2.1795,2.33,2.6696,2.9426,3.2842,3.5911,3.94,,,4.7836,,5.315,,,,,,,,,,,,,,,,,,,,,,
2020-09-09,,,,,,,,,,,,,,1.9509,2.1599,2.2981,2.62,2.9114,3.2459,3.5638,3.9008,,,4.7567,,5.26,,,,,,,,,,,,,,,,,,,,,,
2020-09-10,,,,,,,,,,,,,,1.949,2.1939,2.34,2.675,2.9666,3.2977,3.6234,3.98,,,4.8957,,5.45,,,,,,,,,,,,,,,,,,,,,,
2020-09-11,,,,,,,,,,,,,,1.9531,2.1868,2.3194,2.6659,2.9763,3.3256,3.6649,4.0373,,,4.938,,5.465,,,,,,,,,,,,,,,,,,,,,,
2020-09-14,,,,,,,,,,,,,,1.956,2.15,2.28,2.6258,2.9381,3.2904,3.6251,3.978,,,4.8419,,5.4055,,,,,,,,,,,,,,,,,,,,,,
2020-09-15,,,,,,,,,,,,,,1.9589,2.1576,2.3226,2.67,2.9889,3.3485,3.6962,4.05,,,4.9338,,5.495,,,,,,,,,,,,,,,,,,,,,,
2020-09-16,,,,,,,,,,,,,,1.9555,2.1707,2.3417,2.7215,2.9998,3.38,3.74,4.13,,,5.0312,,5.58,,,,,,,,,,,,,,,,,,,,,,
2020-09-17,,,,,,,,,,,,,,1.9673,2.14,2.2923,2.6558,2.915,3.29,3.6411,4.0238,,,4.9158,,5.4709,,,,,,,,,,,,,,,,,,,,,,
2020-09-18,,,,,,,,,,,,,,1.9812,2.21,2.4077,2.7965,3.0654,3.4702,3.8514,4.2456,,,5.165,,5.765,,,,,,,,,,,,,,,,,,,,,,
2020-09-21,,,,,,,,,,,,,,2.0328,2.1877,2.401,2.794,3.095,3.5111,3.9,4.3065,,,5.255,,5.8059,,,,,,,,,,,,,,,,,,,,,,
2020-09-22,,,,,,,,,,,,,,2.0767,2.1517,2.3514,2.7307,2.9992,3.4104,3.8,4.2187,,,5.1481,,5.7475,,,,,,,,,,,,,,,,,,,,,,
2020-09-23,,,,,,,,,,,,,,2.0964,2.19,2.3887,2.769,3.0481,3.4785,3.8583,4.2889,,,5.2676,,5.88,,,,,,,,,,,,,,,,,,,,,,
2020-09-24,,,,,,,,,,,,,,2.1042,2.17,2.3133,2.6481,2.9051,3.2884,3.6721,4.0961,,,5.065,,5.6458,,,,,,,,,,,,,,,,,,,,,,
2020-09-25,,,,,,,,,,,,,,2.0843,2.1767,2.3186,2.6547,2.925,3.3282,3.702,4.109,,,5.0499,,5.655,,,,,,,,,,,,,,,,,,,,,,
2020-09-28,,,,,,,,,,,,,,2.1078,2.2424,2.4526,2.8277,3.1326,3.53,3.9405,4.3892,,,5.3689,,5.965,,,,,,,,,,,,,,,,,,,,,,
2020-09-29,,,,,,,,,,,,,,2.1195,2.3058,2.5525,2.9318,3.225,3.67,4.0931,4.56,,,5.4727,,6.0615,,,,,,,,,,,,,,,,,,,,,,
2020-09-30,,,,,,,,,,,,,,2.125,2.2644,2.4884,2.8595,3.1036,3.53,3.9153,4.3932,,,5.3435,,5.945,,,,,,,,,,,,,,,,,,,,,,
2020-10-01,,,,,,,,,,,,,,,2.2946,2.5429,2.925,3.1824,3.6063,4.0191,4.4886,,,5.4474,,6.0397,,,,,,,,,,,,,,,,,,,,,,
2020-10-02,,,,,,,,,,,,,,,2.4009,2.7337,3.17,3.4613,3.8968,4.3037,4.7612,,,5.6717,,6.2569,,,,,,,,,,,,,,,,,,,,,,
2020-10-05,,,,,,,,,,,,,,,2.3428,2.6202,3.0348,3.3005,3.7234,4.1328,4.5712,,,5.4968,,6.0709,,,,,,,,,,,,,,,,,,,,,,
2020-10-06,,,,,,,,,,,,,,,2.4012,2.6886,3.1178,3.4338,3.8727,4.2922,4.7691,,,5.6647,,6.2417,,,,,,,,,,,,,,,,,,,,,,
2020-10-07,,,,,,,,,,,,,,,2.4175,2.6561,3.0933,3.3487,3.7825,4.235,4.6798,,,5.6935,,6.215,,,,,,,,,,,,,,,,,,,,,,
2020-10-08,,,,,,,,,,,,,,,2.3326,2.5774,2.9899,3.2639,3.697,4.13,4.565,,,5.5585,,6.0899,,,,,,,,,,,,,,,,,,,,,,
2020-10-09,,,,,,,,,,,,,,,2.3026,2.5677,2.985,3.2953,3.7314,4.1598,4.56,,,5.5641,,6.0669,,,,,,,,,,,,,,,,,,,,,,
2020-10-13,,,,,,,,,,,,,,,2.2709,2.5629,2.9699,3.2737,3.7361,4.1256,4.5211,,,5.4391,,5.975,,,,,,,,,,,,,,,,,,,,,,
2020-10-14,,,,,,,,,,,,,,,2.2637,2.5452,2.964,3.2349,3.7,4.0884,4.4774,,,5.4116,,5.9724,,,,,,,,,,,,,,,,,,,,,,
2020-10-15,,,,,,,,,,,,,,,2.2947,2.6271,3.0611,3.358,3.8248,4.2213,4.6001,,,5.5913,,6.1547,,,,,,,,,,,,,,,,,,,,,,
2020-10-16,,,,,,,,,,,,,,,2.3278,2.6848,3.1521,3.4291,3.9165,4.3044,4.6919,,,5.6759,,6.2196,,,,,,,,,,,,,,,,,,,,,,
2020-10-19,,,,,,,,,,,,,,,2.2899,2.5971,3.0444,3.3412,3.8051,4.21,4.582,,,5.55,,6.075,,,,,,,,,,,,,,,,,,,,,,
2020-10-20,,,,,,,,,,,,,,,2.2668,2.5656,2.9981,3.289,3.7385,4.1242,4.4805,,,5.4078,,5.9076,,,,,,,,,,,,,,,,,,,,,,
2020-10-21,,,,,,,,,,,,,,,2.2674,2.5556,2.9865,3.2956,3.7529,4.1469,4.5122,,,5.45,,5.96,,,,,,,,,,,,,,,,,,,,,,
2020-10-22,,,,,,,,,,,,,,,2.2367,2.5548,3.0027,3.3143,3.775,4.1864,4.5698,,,5.5141,,6.015,,,,,,,,,,,,,,,,,,,,,,
2020-10-23,,,,,,,,,,,,,,,2.28,2.6488,3.1664,3.5141,4.0147,4.4334,4.8162,,,5.7546,,6.2249,,,,,,,,,,,,,,,,,,,,,,
2020-10-26,,,,,,,,,,,,,,,2.2552,2.6024,3.115,3.4749,3.96,4.4085,4.7959,,,5.7232,,6.205,,,,,,,,,,,,,,,,,,,,,,
2020-10-27,,,,,,,,,,,,,,,2.2408,2.5929,3.1099,3.4876,3.97,4.4158,4.8012,,,5.7731,,6.2694,,,,,,,,,,,,,,,,,,,,,,
2020-10-28,,,,,,,,,,,,,,,2.2611,2.6221,3.152,3.5565,4.0496,4.4961,4.9054,,,5.8783,,6.345,,,,,,,,,,,,,,,,,,,,,,
2020-10-29,,,,,,,,,,,,,,,2.1961,2.53,3.0899,3.479,3.973,4.4229,4.855,,,5.8281,,6.325,,,,,,,,,,,,,,,,,,,,,,
2020-10-30,,,,,,,,,,,,,,,2.215,2.5609,3.1203,3.5111,4.03,4.5017,4.9323,,,5.9092,,6.4009,,,,,,,,,,,,,,,,,,,,,,
2020-11-03,,,,,,,,,,,,,,,2.24,2.6171,3.145,3.585,4.11,4.6075,5.0359,,,6.085,,6.5386,,,,,,,,,,,,,,,,,,,,,,
2020-11-04,,,,,,,,,,,,,,,2.23,2.5818,3.1309,3.5172,4.0205,4.51,4.9596,,,5.9304,,6.405,,,,,,,,,,,,,,,,,,,,,,
2020-11-05,,,,,,,,,,,,,,,2.2094,2.5528,3.0919,3.5108,4.0024,4.48,4.9193,,,5.8883,,6.33,,,,,,,,,,,,,,,,,,,,,,
2020-11-06,,,,,,,,,,,,,,,2.16,2.4648,3.0009,3.415,3.9115,4.38,4.81,,,5.7572,,6.1991,,,,,,,,,,,,,,,,,,,,,,
2020-11-09,,,,,,,,,,,,,,,2.1311,2.4224,2.9441,3.3603,3.8393,4.3,4.7294,,,5.6469,,6.0857,,,,,,,,,,,,,,,,,,,,,,
2020-11-10,,,,,,,,,,,,,,,2.1329,2.4276,2.95,3.3873,3.8593,4.3116,4.7538,,,5.689,,6.155,,,,,,,,,,,,,,,,,,,,,,
2020-11-11,,,,,,,,,,,,,,,2.16,2.4887,3.0538,3.4858,3.97,4.4326,4.8712,,,5.83,,6.3244,,,,,,,,,,,,,,,,,,,,,,
2020-11-12,,,,,,,,,,,,,,,2.16,2.4984,3.07,3.46,3.9654,4.4357,4.8859,,,5.884,,6.375,,,,,,,,,,,,,,,,,,,,,,
2020-11-13,,,,,,,,,,,,,,,2.1532,2.4768,3.0288,3.4152,3.915,4.3949,4.8406,,,5.8352,,6.3357,,,,,,,,,,,,,,,,,,,,,,
2020-11-16,,,,,,,,,,,,,,,2.1477,2.4421,2.9778,3.3625,3.87,4.3522,4.8159,,,5.785,,6.3,,,,,,,,,,,,,,,,,,,,,,
2020-11-17,,,,,,,,,,,,,,,2.13,2.42,2.9311,3.3083,3.825,4.3,4.7587,,,5.7563,,6.275,,,,,,,,,,,,,,,,,,,,,,
2020-11-18,,,,,,,,,,,,,,,2.1271,2.4273,2.951,3.325,3.8333,4.3368,4.8169,,,5.8653,,6.43,,,,,,,,,,,,,,,,,,,,,,
2020-11-19,,,,,,,,,,,,,,,2.1277,2.42,2.9411,3.335,3.85,4.3673,4.8468,,,5.895,,6.405,,,,,,,,,,,,,,,,,,,,,,
2020-11-20,,,,,,,,,,,,,,,2.1463,2.4668,3.005,3.405,3.94,4.4785,4.9771,,,6.045,,6.5759,,,,,,,,,,,,,,,,,,,,,,
2020-11-23,,,,,,,,,,,,,,,2.169,2.5083,3.06,3.4629,4.0122,4.58,5.0998,,,6.175,,6.699,,,,,,,,,,,,,,,,,,,,,,
2020-11-24,,,,,,,,,,,,,,,2.175,2.517,3.0764,3.4452,3.96,4.53,5.0271,,,6.155,,6.649,,,,,,,,,,,,,,,,,,,,,,
2020-11-25,,,,,,,,,,,,,,,2.1502,2.4737,3.0286,3.3887,3.9262,4.4819,5.01,,,6.0674,,6.5914,,,,,,,,,,,,,,,,,,,,,,
2020-11-26,,,,,,,,,,,,,,,2.155,2.4702,3.0094,3.35,3.8754,4.41,4.8957,,,5.9318,,6.4382,,,,,,,,,,,,,,,,,,,,,,
2020-11-27,,,,,,,,,,,,,,,2.1308,2.4465,2.9611,3.3094,3.8358,4.3441,4.8333,,,5.825,,6.3334,,,,,,,,,,,,,,,,,,,,,,
2020-11-30,,,,,,,,,,,,,,,2.1448,2.4669,3.0019,3.3486,3.8695,4.3848,4.871,,,5.8804,,6.4005,,,,,,,,,,,,,,,,,,,,,,
2020-12-01,,,,,,,,,,,,,,,2.1169,2.33,2.8104,3.1715,3.707,4.1989,4.6916,,,5.696,,6.1872,,,,,,,,,,,,,,,,,,,,,,
2020-12-02,,,,,,,,,,,,,,,2.085,2.2828,2.7463,3.1124,3.6301,4.0897,4.565,,,5.515,,6.02,,,,,,,,,,,,,,,,,,,,,,
2020-12-03,,,,,,,,,,,,,,,2.06,2.2691,2.7168,3.0678,3.5503,3.9634,4.416,,,5.285,,5.7659,,,,,,,,,,,,,,,,,,,,,,
2020-12-04,,,,,,,,,,,,,,,2.0721,2.2978,2.751,3.1335,3.6287,4.0351,4.4765,,,5.2945,,5.7562,,,,,,,,,,,,,,,,,,,,,,
2020-12-07,,,,,,,,,,,,,,,2.0719,2.3018,2.7643,3.1146,3.6017,3.9956,4.4168,,,5.2603,,5.7273,,,,,,,,,,,,,,,,,,,,,,
2020-12-08,,,,,,,,,,,,,,,2.08,2.3202,2.7867,3.1169,3.5946,3.991,4.41,,,5.2389,,5.7025,,,,,,,,,,,,,,,,,,,,,,
2020-12-09,,,,,,,,,,,,,,,2.075,2.3008,2.7781,3.083,3.565,3.9743,4.3808,,,5.2749,,5.75,,,,,,,,,,,,,,,,,,,,,,
2020-12-10,,,,,,,,,,,,,,,2.055,2.2917,2.805,3.1405,3.615,4.0259,4.4193,,,5.26,,5.7227,,,,,,,,,,,,,,,,,,,,,,
2020-12-11,,,,,,,,,,,,,,,2.055,2.2616,2.7572,3.086,3.548,3.9435,4.3366,,,5.12,,5.59,,,,,,,,,,,,,,,,,,,,,,
2020-12-14,,,,,,,,,,,,,,,2.0566,2.2674,2.7719,3.0972,3.5533,3.9532,4.32,,,5.1568,,5.634,,,,,,,,,,,,,,,,,,,,,,
2020-12-15,,,,,,,,,,,,,,,2.035,2.2077,2.6832,3.0077,3.469,3.87,4.2261,,,5.0699,,5.515,,,,,,,,,,,,,,,,,,,,,,
2020-12-16,,,,,,,,,,,,,,,2.035,2.202,2.695,3.0454,3.5233,3.9182,4.3057,,,5.1642,,5.605,,,,,,,,,,,,,,,,,,,,,,
2020-12-17,,,,,,,,,,,,,,,2.0171,2.2,2.6898,3.0281,3.514,3.9414,4.321,,,5.2002,,5.6284,,,,,,,,,,,,,,,,,,,,,,
2020-12-18,,,,,,,,,,,,,,,2.015,2.1829,2.6727,3.0111,3.5181,3.951,4.345,,,5.2149,,5.635,,,,,,,,,,,,,,,,,,,,,,
2020-12-21,,,,,,,,,,,,,,,2.015,2.1749,2.668,3.0044,3.5332,3.955,4.3443,,,5.2171,,5.6217,,,,,,,,,,,,,,,,,,,,,,
2020-12-22,,,,,,,,,,,,,,,2.029,2.1343,2.6069,2.9327,3.4382,3.8565,4.2273,,,5.0933,,5.5389,,,,,,,,,,,,,,,,,,,,,,
2020-12-23,,,,,,,,,,,,,,,2.0331,2.123,2.5829,2.8987,3.3955,3.7867,4.1468,,,4.9952,,5.4343,,,,,,,,,,,,,,,,,,,,,,
2020-12-24,,,,,,,,,,,,,,,2.0331,2.123,2.5829,2.8987,3.3955,3.7867,4.1468,,,4.9952,,5.4343,,,,,,,,,,,,,,,,,,,,,,
2020-12-28,,,,,,,,,,,,,,,2.056,2.1577,2.6138,2.9257,3.4735,3.8545,4.22,,,5.1038,,5.5133,,,,,,,,,,,,,,,,,,,,,,
2020-12-29,,,,,,,,,,,,,,,2.0405,2.1331,2.5882,2.8702,3.4146,3.8028,4.18,,,5.0024,,5.3928,,,,,,,,,,,,,,,,,,,,,,
2020-12-30,,,,,,,,,,,,,,,2.0515,2.1534,2.5617,2.8516,3.3876,3.7587,4.13,,,4.9274,,5.3511,,,,,,,,,,,,,,,,,,,,,,
2020-12-31,,,,,,,,,,,,,,,2.0515,2.1534,2.5617,2.8516,3.3876,3.7587,4.13,,,4.9274,,5.3511,,,,,,,,,,,,,,,,,,,,,,
2021-01-04,,,,,,,,,,,,,,,2.007,2.1267,2.5436,2.8325,3.3595,3.751,4.1172,,,4.948,,5.3391,,,,,,,,,,,,,,,,,,,,,,
2021-01-05,,,,,,,,,,,,,,,2.0263,2.1333,2.585,2.8877,3.41,3.835,4.2106,,,5.0604,,5.4497,,,,,,,,,,,,,,,,,,,,,,
2021-01-06,,,,,,,,,,,,,,,2.014,2.1753,2.6237,2.939,3.4691,3.91,4.2909,,,5.17,,5.5964,,,,,,,,,,,,,,,,,,,,,,
2021-01-07,,,,,,,,,,,,,,,2.0279,2.1762,2.6622,3.0352,3.6064,4.06,4.4646,,,5.3951,,5.8405,,,,,,,,,,,,,,,,,,,,,,
2021-01-08,,,,,,,,,,,,,,,2.0346,2.2432,2.7464,3.1444,3.7058,4.147,4.545,,,5.4556,,5.905,,,,,,,,,,,,,,,,,,,,,,
2021-01-11,,,,,,,,,,,,,,,2.0302,2.2849,2.8442,3.2617,3.827,4.3025,4.7341,5.1107,,5.6979,,6.1783,,6.5439,,,,,,,,,,,,,,,,,,,,
2021-01-12,,,,,,,,,,,,,,,2.0254,2.257,2.8,3.1927,3.75,4.2425,4.6759,5.0385,,5.6043,,6.0625,,6.4316,,,,,,,,,,,,,,,,,,,,
2021-01-13,,,,,,,,,,,,,,,2.0509,2.3166,2.895,3.2957,3.8552,4.3965,4.8478,5.2754,,5.836,,6.3192,,6.6593,,,,,,,,,,,,,,,,,,,,
2021-01-14,,,,,,,,,,,,,,,2.0421,2.3002,2.8857,3.28,3.8659,4.436,4.864,5.1922,,5.7543,,6.205,,6.54,,,,,,,,,,,,,,,,,,,,
2021-01-15,,,,,,,,,,,,,,,2.0402,2.2939,2.9271,3.3495,3.954,4.4724,4.9296,5.265,,5.82,,6.2228,,6.55,,,,,,,,,,,,,,,,,,,,
2021-01-18,,,,,,,,,,,,,,,2.0403,2.2638,2.8776,3.2635,3.855,4.3859,4.83,5.21,,5.7642,,6.21,,6.5185,,,,,,,,,,,,,,,,,,,,
2021-01-19,,,,,,,,,,,,,,,2.04,2.2378,2.8431,3.2375,3.8514,4.3831,4.8397,5.2224,,5.7721,,6.2389,,6.5581,,,,,,,,,,,,,,,,,,,,
2021-01-20,,,,,,,,,,,,,,,2.053,2.2125,2.8277,3.242,3.85,4.3842,4.8393,5.1864,,5.7484,,6.2141,,6.5442,,,,,,,,,,,,,,,,,,,,
2021-01-21,,,,,,,,,,,,,,,2.0578,2.2873,2.9435,3.3763,4.0072,4.54,4.9786,5.36,,5.9118,,6.3713,,6.705,,,,,,,,,,,,,,,,,,,,
2021-01-22,,,,,,,,,,,,,,,2.0558,2.2798,2.9365,3.3749,4.0012,4.5471,5.0138,5.42,,6.0008,,6.4799,,6.8344,,,,,,,,,,,,,,,,,,,,
2021-01-25,,,,,,,,,,,,,,,2.0558,2.2798,2.9365,3.3749,4.0012,4.5471,5.0138,5.42,,6.0008,,6.4799,,6.8344,,,,,,,,,,,,,,,,,,,,
2021-01-26,,,,,,,,,,,,,,,2.0861,2.3741,3.0162,3.4212,4.0226,4.5103,4.9473,5.32,,5.8645,,6.32,,6.6673,,,,,,,,,,,,,,,,,,,,
2021-01-27,,,,,,,,,,,,,,,2.0616,2.3683,3.0279,3.4488,4.0334,4.53,4.9406,5.31,,5.8514,,6.295,,6.6498,,,,,,,,,,,,,,,,,,,,
2021-01-28,,,,,,,,,,,,,,,2.0555,2.334,2.9715,3.3646,3.9298,4.4163,4.834,5.1782,,5.72,,6.18,,6.535,,,,,,,,,,,,,,,,,,,,
2021-01-29,,,,,,,,,,,,,,,2.0527,2.331,2.9365,3.3225,3.8696,4.3329,4.7444,5.0859,,5.6111,,6.04,,6.3836,,,,,,,,,,,,,,,,,,,,
2021-02-01,,,,,,,,,,,,,,,2.063,2.3484,2.9473,3.371,3.908,4.3972,4.8036,5.1427,,5.6538,,6.0793,,6.4093,,,,,,,,,,,,,,,,,,,,
2021-02-02,,,,,,,,,,,,,,,2.058,2.3571,2.9491,3.3597,3.8843,4.3404,4.7429,5.0773,,5.5687,,5.9859,,6.3152,,,,,,,,,,,,,,,,,,,,
2021-02-03,,,,,,,,,,,,,,,2.0415,2.357,2.9435,3.3765,3.8944,4.3476,4.7339,5.05,,5.5397,,5.9474,,6.2757,,,,,,,,,,,,,,,,,,,,
2021-02-04,,,,,,,,,,,,,,,2.0369,2.3652,2.9657,3.4,3.9387,4.3944,4.7985,5.144,,5.6515,,6.079,,6.4085,,,,,,,,,,,,,,,,,,,,
2021-02-05,,,,,,,,,,,,,,,2.058,2.3885,2.9904,3.4463,4.0148,4.4847,4.9137,5.25,,5.7519,,6.115,,6.4247,,,,,,,,,,,,,,,,,,,,
2021-02-08,,,,,,,,,,,,,,,2.061,2.4123,3.0082,3.4384,3.984,4.4699,4.8766,5.2139,,5.7225,,6.14,,6.4511,,,,,,,,,,,,,,,,,,,,
2021-02-09,,,,,,,,,,,,,,,2.0504,2.4067,3.0093,3.4361,3.9766,4.47,4.895,5.255,,5.7951,,6.2337,,6.5502,,,,,,,,,,,,,,,,,,,,
2021-02-10,,,,,,,,,,,,,,,2.0527,2.3949,2.9694,3.39,3.9262,4.3819,4.8076,5.1417,,5.688,,6.1404,,6.4959,,,,,,,,,,,,,,,,,,,,
2021-02-11,,,,,,,,,,,,,,,2.0561,2.3712,2.957,3.3689,3.895,4.36,4.775,5.1474,,5.7034,,6.16,,6.5016,,,,,,,,,,,,,,,,,,,,
2021-02-12,,,,,,,,,,,,,,,2.0582,2.3959,2.9917,3.3851,3.935,4.4,4.855,5.2263,,5.7954,,6.26,,6.5822,,,,,,,,,,,,,,,,,,,,
2021-02-17,,,,,,,,,,,,,,,2.0713,2.4,3.0101,3.4403,4.005,4.495,4.955,5.3299,,5.9149,,6.378,,6.715,,,,,,,,,,,,,,,,,,,,
2021-02-18,,,,,,,,,,,,,,,2.0844,2.4034,3.0028,3.427,3.9951,4.496,4.95,5.331,,5.9078,,6.3734,,6.7167,,,,,,,,,,,,,,,,,,,,
2021-02-19,,,,,,,,,,,,,,,2.1005,2.4472,3.045,3.465,4.0376,4.5358,5.0,5.416,,6.0067,,6.4662,,6.8176,,,,,,,,,,,,,,,,,,,,
2021-02-22,,,,,,,,,,,,,,,2.1437,2.5173,3.1167,3.56,4.1486,4.67,5.1764,5.596,,6.2016,,6.685,,7.0267,,,,,,,,,,,,,,,,,,,,
2021-02-23,,,,,,,,,,,,,,,2.1426,2.4958,3.0894,3.4932,4.0839,4.5856,5.0728,5.47,,6.0717,,6.5323,,6.8859,,,,,,,,,,,,,,,,,,,,
2021-02-24,,,,,,,,,,,,,,,2.182,2.5369,3.1343,3.55,4.149,4.6588,5.1715,5.58,,6.2337,,6.715,,7.09,,,,,,,,,,,,,,,,,,,,
2021-02-25,,,,,,,,,,,,,,,2.2042,2.5983,3.225,3.6935,4.3156,4.8405,5.3577,5.7352,,6.3733,,6.8772,,7.2635,,,,,,,,,,,,,,,,,,,,
2021-02-26,,,,,,,,,,,,,,,2.2262,2.6781,3.325,3.7804,4.3995,4.9552,5.4409,5.8664,,6.524,,6.9564,,7.3123,,,,,,,,,,,,,,,,,,,,
2021-03-01,,,,,,,,,,,,,,,2.2479,2.6829,3.3541,3.8075,4.4865,5.0206,5.5612,5.996,,6.6552,,7.1269,,7.471,,,,,,,,,,,,,,,,,,,,
2021-03-02,,,,,,,,,,,,,,,2.2535,2.7396,3.405,3.8706,4.506,5.069,5.6145,6.0656,,6.7513,,7.215,,7.56,,,,,,,,,,,,,,,,,,,,
2021-03-03,,,,,,,,,,,,,,,2.2605,2.8068,3.4835,3.963,4.6081,5.1736,5.7364,6.1881,,6.9082,,7.3864,,7.7368,,,,,,,,,,,,,,,,,,,,
2021-03-04,,,,,,,,,,,,,,,2.254,2.73,3.4,3.8436,4.4635,4.9949,5.4564,5.85,,6.51,,6.947,,7.305,,,,,,,,,,,,,,,,,,,,
2021-03-05,,,,,,,,,,,,,,,2.2702,2.7333,3.3711,3.7932,4.3827,4.8951,5.347,5.6818,,6.33,,6.7155,,7.0531,,,,,,,,,,,,,,,,,,,,
2021-03-08,,,,,,,,,,,,,,,2.3171,2.833,3.5039,3.9412,4.575,5.125,5.605,5.9812,,6.66,,7.0721,,7.405,,,,,,,,,,,,,,,,,,,,
2021-03-09,,,,,,,,,,,,,,,2.3583,2.881,3.5503,3.9937,4.6316,5.1658,5.65,6.0708,,6.7563,,7.161,,7.4866,,,,,,,,,,,,,,,,,,,,
2021-03-10,,,,,,,,,,,,,,,2.3832,2.8558,3.5453,4.018,4.6526,5.1903,5.69,6.12,,6.806,,7.249,,7.55,,,,,,,,,,,,,,,,,,,,
2021-03-11,,,,,,,,,,,,,,,2.4277,2.8553,3.5819,4.1011,4.7128,5.2618,5.7615,6.165,,6.8169,,7.2114,,7.51,,,,,,,,,,,,,,,,,,,,
2021-03-12,,,,,,,,,,,,,,,2.5037,2.945,3.6651,4.1823,4.8183,5.3539,5.8682,6.252,,6.9252,,7.3085,,7.6095,,,,,,,,,,,,,,,,,,,,
2021-03-15,,,,,,,,,,,,,,,2.5733,2.9978,3.7229,4.2709,4.8733,5.4029,5.8885,6.325,,6.9766,,7.325,,7.6004,,,,,,,,,,,,,,,,,,,,
2021-03-16,,,,,,,,,,,,,,,2.5656,2.9839,3.7189,4.2123,4.8428,5.3759,5.8576,6.2661,,6.8931,,7.2671,,7.5309,,,,,,,,,,,,,,,,,,,,
2021-03-17,,,,,,,,,,,,,,,2.5841,2.9605,3.6921,4.217,4.86,5.3935,5.89,6.259,,6.9091,,7.2814,,7.58,,,,,,,,,,,,,,,,,,,,
2021-03-18,,,,,,,,,,,,,,,2.8241,3.2634,4.0364,4.5462,5.135,5.6223,6.0735,6.395,,6.9735,,7.2882,,7.55,,,,,,,,,,,,,,,,,,,,
2021-03-19,,,,,,,,,,,,,,,2.8252,3.2741,4.0578,4.5883,5.1613,5.66,6.09,6.45,,7.0535,,7.445,,7.7069,,,,,,,,,,,,,,,,,,,,
2021-03-22,,,,,,,,,,,,,,,2.8947,3.2739,4.045,4.5972,5.17,5.6866,6.1495,6.52,,7.1709,,7.5767,,7.8625,,,,,,,,,,,,,,,,,,,,
2021-03-23,,,,,,,,,,,,,,,2.8715,3.3026,4.1099,4.688,5.2486,5.7808,6.266,6.6457,,7.336,,7.7557,,8.0396,,,,,,,,,,,,,,,,,,,,
2021-03-24,,,,,,,,,,,,,,,2.8712,3.3398,4.1848,4.7461,5.3415,5.8969,6.3956,6.785,,7.48,,7.9394,,8.2478,,,,,,,,,,,,,,,,,,,,
2021-03-25,,,,,,,,,,,,,,,2.9079,3.335,4.1317,4.6772,5.257,5.815,6.3195,6.6994,,7.4,,7.8331,,8.1368,,,,,,,,,,,,,,,,,,,,
2021-03-26,,,,,,,,,,,,,,,2.9195,3.37,4.1769,4.738,5.33,5.8785,6.3471,6.73,,7.425,,7.885,,8.1799,,,,,,,,,,,,,,,,,,,,
2021-03-29,,,,,,,,,,,,,,,2.9927,3.375,4.1812,4.7784,5.37,5.955,6.4571,6.845,,7.56,,8.03,,8.3394,,,,,,,,,,,,,,,,,,,,
2021-03-30,,,,,,,,,,,,,,,3.0964,3.335,4.09,4.6641,5.22,5.7839,6.2649,6.62,,7.34,,7.7822,,8.087,,,,,,,,,,,,,,,,,,,,
2021-03-31,,,,,,,,,,,,,,,3.0977,3.315,4.0678,4.5866,5.1484,5.7166,6.1862,6.59,,7.2938,,7.76,,8.0852,,,,,,,,,,,,,,,,,,,,
2021-04-01,,,,,,,,,,,,,,,,3.297,4.05,4.614,5.165,5.7615,6.26,6.7053,,7.4035,,7.8913,,8.21,,,,,,,,,,,,,,,,,,,,
2021-04-05,,,,,,,,,,,,,,,,3.3093,4.081,4.595,5.1677,5.7662,6.275,6.6733,,7.3894,,7.8764,,8.2035,,,,,,,,,,,,,,,,,,,,
2021-04-06,,,,,,,,,,,,,,,,3.3259,4.1056,4.6631,5.2265,5.8178,6.3263,6.755,,7.4731,,7.9642,,8.273,,,,,,,,,,,,,,,,,,,,
2021-04-07,,,,,,,,,,,,,,,,3.3879,4.2025,4.7745,5.3312,5.9199,6.44,6.8667,,7.585,,8.0965,,8.42,,,,,,,,,,,,,,,,,,,,
2021-04-08,,,,,,,,,,,,,,,,3.3923,4.1604,4.7168,5.2381,5.7851,6.265,6.6166,,7.331,,7.8028,,8.1359,,,,,,,,,,,,,,,,,,,,
2021-04-09,,,,,,,,,,,,,,,,3.4255,4.2182,4.7845,5.3121,5.8628,6.3565,6.75,,7.47,,7.944,,8.285,,,,,,,,,,,,,,,,,,,,
2021-04-12,,,,,,,,,,,,,,,,3.4459,4.2141,4.7763,5.3068,5.8507,6.3366,6.7613,,7.47,,7.96,,8.2877,,,,,,,,,,,,,,,,,,,,
2021-04-13,,,,,,,,,,,,,,,,3.4607,4.2611,4.831,5.38,5.94,6.4382,6.9046,,7.6228,,8.1166,,8.4323,,,,,,,,,,,,,,,,,,,,
2021-04-14,,,,,,,,,,,,,,,,3.4601,4.2428,4.7864,5.3253,5.85,6.325,6.7785,,7.4823,,7.9661,,8.3,,,,,,,,,,,,,,,,,,,,
2021-04-15,,,,,,,,,,,,,,,,3.447,4.2085,4.7457,5.2618,5.7813,6.2223,6.666,,7.3596,,7.8411,,8.1804,,,,,,,,,,,,,,,,,,,,
2021-04-16,,,,,,,,,,,,,,,,3.4368,4.1937,4.695,5.2023,5.7062,6.13,6.5163,,7.1763,,7.6659,,8.0,,,,,,,,,,,,,,,,,,,,
2021-04-19,,,,,,,,,,,,,,,,3.443,4.176,4.6771,5.1711,5.6515,6.065,6.456,,7.1152,,7.57,,7.9,,,,,,,,,,,,,,,,,,,,
2021-04-20,,,,,,,,,,,,,,,,3.4602,4.1932,4.745,5.2498,5.7464,6.1669,6.5801,,7.2579,,7.715,,8.0487,,,,,,,,,,,,,,,,,,,,
2021-04-22,,,,,,,,,,,,,,,,3.4656,4.17,4.685,5.1792,5.626,6.0469,6.4161,,7.0661,,7.5022,,7.82,,,,,,,,,,,,,,,,,,,,
2021-04-23,,,,,,,,,,,,,,,,3.4866,4.161,4.6665,5.1534,5.61,6.015,6.3859,,7.005,,7.445,,7.75,,,,,,,,,,,,,,,,,,,,
2021-04-26,,,,,,,,,,,,,,,,3.5012,4.1819,4.678,5.165,5.6009,6.005,6.3855,,6.995,,7.4318,,7.7486,,,,,,,,,,,,,,,,,,,,
2021-04-27,,,,,,,,,,,,,,,,3.5102,4.1769,4.68,5.1865,5.6467,6.0553,6.445,,7.069,,7.5087,,7.8135,,,,,,,,,,,,,,,,,,,,
2021-04-28,,,,,,,,,,,,,,,,3.531,4.1782,4.68,5.179,5.6339,6.0363,6.395,,7.0187,,7.4625,,7.7791,,,,,,,,,,,,,,,,,,,,
2021-04-29,,,,,,,,,,,,,,,,3.5451,4.18,4.6629,5.16,5.6051,6.015,6.39,,7.0162,,7.4628,,7.756,,,,,,,,,,,,,,,,,,,,
2021-04-30,,,,,,,,,,,,,,,,3.5685,4.1954,4.71,5.2065,5.6614,6.0873,6.496,,7.1109,,7.5383,,7.8394,,,,,,,,,,,,,,,,,,,,
2021-05-03,,,,,,,,,,,,,,,,3.593,4.26,4.7927,5.3124,5.7749,6.2162,6.6335,,7.2522,,7.6785,,7.9691,,,,,,,,,,,,,,,,,,,,
2021-05-04,,,,,,,,,,,,,,,,3.613,4.295,4.8539,5.4037,5.9,6.35,6.7659,,7.4,,7.85,,8.14,,,,,,,,,,,,,,,,,,,,
2021-05-05,,,,,,,,,,,,,,,,3.639,4.2941,4.86,5.3955,5.875,6.32,6.7295,,7.34,,7.7636,,8.0499,,,,,,,,,,,,,,,,,,,,
2021-05-06,,,,,,,,,,,,,,,,3.655,4.3039,4.86,5.3908,5.89,6.3362,6.7835,,7.4003,,7.8519,,8.1528,,,,,,,,,,,,,,,,,,,,
2021-05-07,,,,,,,,,,,,,,,,3.6577,4.3337,4.9016,5.465,5.9589,6.4168,6.8584,,7.4705,,7.8972,,8.18,,,,,,,,,,,,,,,,,,,,
2021-05-10,,,,,,,,,,,,,,,,3.6733,4.3499,4.8968,5.4609,5.9157,6.4168,6.8732,,7.4959,,7.9724,,8.2465,,,,,,,,,,,,,,,,,,,,
2021-05-11,,,,,,,,,,,,,,,,3.6751,4.3224,4.8359,5.3829,5.8619,6.3109,6.732,,7.37,,7.8172,,8.1282,,,,,,,,,,,,,,,,,,,,
2021-05-12,,,,,,,,,,,,,,,,3.6982,4.3749,4.96,5.5392,6.042,6.5145,6.9684,,7.6,,8.0538,,8.3537,,,,,,,,,,,,,,,,,,,,
2021-05-13,,,,,,,,,,,,,,,,3.7025,4.3712,4.935,5.51,6.0186,6.4831,6.92,,7.555,,8.01,,8.31,,,,,,,,,,,,,,,,,,,,
2021-05-14,,,,,,,,,,,,,,,,3.7173,4.4016,5.0062,5.605,6.1347,6.6,7.0006,,7.625,,8.0381,,8.3377,,,,,,,,,,,,,,,,,,,,
2021-05-17,,,,,,,,,,,,,,,,3.7339,4.395,4.9954,5.58,6.095,6.535,6.9607,,7.57,,7.9887,,8.2806,,,,,,,,,,,,,,,,,,,,
2021-05-18,,,,,,,,,,,,,,,,3.74,4.42,5.0139,5.61,6.1336,6.595,7.0336,,7.655,,8.0812,,8.3709,,,,,,,,,,,,,,,,,,,,
2021-05-19,,,,,,,,,,,,,,,,3.7418,4.4476,5.0487,5.6613,6.1881,6.6515,7.069,,7.7012,,8.1214,,8.419,,,,,,,,,,,,,,,,,,,,
2021-05-20,,,,,,,,,,,,,,,,3.7547,4.4387,5.04,5.6299,6.1278,6.5722,6.984,,7.6008,,8.0206,,8.3187,,,,,,,,,,,,,,,,,,,,
2021-05-21,,,,,,,,,,,,,,,,3.7501,4.44,5.0534,5.6338,6.1278,6.57,6.9792,,7.5809,,7.9808,,8.2663,,,,,,,,,,,,,,,,,,,,
2021-05-24,,,,,,,,,,,,,,,,3.7667,4.4738,5.0933,5.6759,6.1739,6.6068,7.0281,,7.6349,,8.0549,,8.3336,,,,,,,,,,,,,,,,,,,,
2021-05-25,,,,,,,,,,,,,,,,3.7736,4.4537,5.0463,5.6046,6.0994,6.5211,6.9372,,7.54,,7.945,,8.2414,,,,,,,,,,,,,,,,,,,,
2021-05-26,,,,,,,,,,,,,,,,3.782,4.445,5.035,5.5932,6.0712,6.4827,6.8715,,7.46,,7.845,,8.13,,,,,,,,,,,,,,,,,,,,
2021-05-27,,,,,,,,,,,,,,,,3.7909,4.449,5.04,5.5886,6.0552,6.446,6.8068,,7.35,,7.7,,7.97,,,,,,,,,,,,,,,,,,,,
2021-05-28,,,,,,,,,,,,,,,,3.8061,4.4729,5.081,5.6236,6.085,6.4561,6.8126,,7.3009,,7.6284,,7.8833,,,,,,,,,,,,,,,,,,,,
2021-05-31,,,,,,,,,,,,,,,,3.8188,4.4925,5.11,5.6788,6.1448,6.5351,6.9093,,7.4062,,7.735,,7.974,,,,,,,,,,,,,,,,,,,,
2021-06-01,,,,,,,,,,,,,,,,3.8365,4.5237,5.17,5.7637,6.2431,6.64,6.9848,,7.4778,,7.79,,8.0142,,,,,,,,,,,,,,,,,,,,
2021-06-02,,,,,,,,,,,,,,,,3.8647,4.525,5.1572,5.74,6.2123,6.61,6.94,,7.413,,7.68,,7.91,,,,,,,,,,,,,,,,,,,,
2021-06-04,,,,,,,,,,,,,,,,3.8891,4.505,5.0965,5.6649,6.1432,6.53,6.8672,,7.3139,,7.5884,,7.8071,,,,,,,,,,,,,,,,,,,,
2021-06-07,,,,,,,,,,,,,,,,3.9137,4.5432,5.16,5.7366,6.2241,6.6201,6.948,,7.4092,,7.6981,,7.9073,,,,,,,,,,,,,,,,,,,,
2021-06-08,,,,,,,,,,,,,,,,3.9456,4.5694,5.1748,5.7582,6.255,6.6497,6.9543,,7.395,,7.6605,,7.87,,,,,,,,,,,,,,,,,,,,
2021-06-09,,,,,,,,,,,,,,,,3.9734,4.6168,5.27,5.8567,6.3385,6.7267,7.0402,,7.4632,,7.7465,,7.9558,,,,,,,,,,,,,,,,,,,,
2021-06-10,,,,,,,,,,,,,,,,4.0191,4.6838,5.3515,5.94,6.422,6.8019,7.1338,,7.5649,,7.857,,8.0572,,,,,,,,,,,,,,,,,,,,
2021-06-11,,,,,,,,,,,,,,,,4.0694,4.677,5.335,5.92,6.4023,6.83,7.1682,,7.65,,7.9412,,8.1512,,,,,,,,,,,,,,,,,,,,
2021-06-14,,,,,,,,,,,,,,,,4.1098,4.718,5.375,5.95,6.41,6.8376,7.1669,,7.6432,,7.9373,,8.1312,,,,,,,,,,,,,,,,,,,,
2021-06-15,,,,,,,,,,,,,,,,4.16,4.752,5.425,6.01,6.4634,6.8597,7.1905,,7.6375,,7.8862,,8.0649,,,,,,,,,,,,,,,,,,,,
2021-06-16,,,,,,,,,,,,,,,,4.2079,4.7629,5.4737,6.0758,6.5186,6.9165,7.1971,,7.6692,,7.928,,8.0931,,,,,,,,,,,,,,,,,,,,
2021-06-17,,,,,,,,,,,,,,,,4.244,4.7906,5.625,6.255,6.6768,7.0546,7.3365,,7.7762,,8.034,,8.206,,,,,,,,,,,,,,,,,,,,
2021-06-18,,,,,,,,,,,,,,,,4.2455,4.8185,5.6391,6.295,6.72,7.1111,7.4189,,7.9101,,8.1943,,8.4165,,,,,,,,,,,,,,,,,,,,
2021-06-21,,,,,,,,,,,,,,,,4.2464,4.807,5.5923,6.2367,6.6483,7.0065,7.295,,7.7673,,8.0419,,8.2425,,,,,,,,,,,,,,,,,,,,
2021-06-22,,,,,,,,,,,,,,,,4.2703,4.8663,5.7374,6.4212,6.83,7.174,7.4529,,7.89,,8.13,,8.2986,,,,,,,,,,,,,,,,,,,,
2021-06-23,,,,,,,,,,,,,,,,4.3034,4.8809,5.7469,6.4533,6.854,7.2028,7.49,,7.8987,,8.167,,8.3251,,,,,,,,,,,,,,,,,,,,
2021-06-24,,,,,,,,,,,,,,,,4.3012,4.8464,5.6985,6.4029,6.795,7.125,7.405,,7.8185,,8.06,,8.2364,,,,,,,,,,,,,,,,,,,,
2021-06-25,,,,,,,,,,,,,,,,4.3346,4.8518,5.67,6.3793,6.7724,7.1045,7.3626,,7.7851,,8.055,,8.2322,,,,,,,,,,,,,,,,,,,,
2021-06-28,,,,,,,,,,,,,,,,4.3395,4.8168,5.607,6.2663,6.6336,6.9405,7.1988,,7.6009,,7.8568,,8.056,,,,,,,,,,,,,,,,,,,,
2021-06-29,,,,,,,,,,,,,,,,4.3427,4.7947,5.5652,6.2118,6.5563,6.8714,7.1463,,7.5617,,7.8235,,8.0288,,,,,,,,,,,,,,,,,,,,
2021-06-30,,,,,,,,,,,,,,,,4.3449,4.8296,5.6564,6.306,6.6554,6.9871,7.2489,,7.6816,,7.9405,,8.1395,,,,,,,,,,,,,,,,,,,,
2021-07-01,,,,,,,,,,,,,,,,,4.8439,5.7009,6.36,6.6952,7.0378,7.297,,7.7632,,8.0475,,8.2437,,,,,,,,,,,,,,,,,,,,
2021-07-02,,,,,,,,,,,,,,,,,4.8491,5.6664,6.3191,6.6551,6.9881,7.2441,,7.7167,,8.01,,8.2175,,,,,,,,,,,,,,,,,,,,
2021-07-05,,,,,,,,,,,,,,,,,4.8805,5.7356,6.3935,6.74,7.0834,7.3433,,7.8119,,8.1,,8.2934,,8.48,,,,,,,,,,,,,,,,,,
2021-07-06,,,,,,,,,,,,,,,,,4.8986,5.77,6.4573,6.83,7.1846,7.4475,,7.922,,8.2215,,8.4227,,8.6005,,,,,,,,,,,,,,,,,,
2021-07-07,,,,,,,,,,,,,,,,,4.8922,5.7711,6.4268,6.815,7.1555,7.3924,,7.8473,,8.1243,,8.3155,,8.495,,,,,,,,,,,,,,,,,,
2021-07-08,,,,,,,,,,,,,,,,,4.9281,5.8234,6.5,6.899,7.2469,7.462,,7.9161,,8.1867,,8.3769,,8.5635,,,,,,,,,,,,,,,,,,
2021-07-09,,,,,,,,,,,,,,,,,4.9281,5.8234,6.5,6.899,7.2469,7.462,,7.9161,,8.1867,,8.3769,,8.5635,,,,,,,,,,,,,,,,,,
2021-07-12,,,,,,,,,,,,,,,,,4.9578,5.8194,6.5041,6.8915,7.2533,7.4915,,7.9763,,8.26,,8.4491,,8.6356,,,,,,,,,,,,,,,,,,
2021-07-13,,,,,,,,,,,,,,,,,4.98,5.8428,6.54,6.955,7.33,7.5749,,8.06,,8.3302,,8.5,,8.69,,,,,,,,,,,,,,,,,,
2021-07-14,,,,,,,,,,,,,,,,,4.957,5.7726,6.4572,6.86,7.2109,7.45,,7.9186,,8.1635,,8.3335,,8.52,,,,,,,,,,,,,,,,,,
2021-07-15,,,,,,,,,,,,,,,,,4.9887,5.8163,6.4997,6.905,7.2489,7.4712,,7.94,,8.1963,,8.361,,8.54,,,,,,,,,,,,,,,,,,
2021-07-16,,,,,,,,,,,,,,,,,4.9913,5.795,6.4719,6.865,7.2083,7.4266,,7.865,,8.0882,,8.25,,8.4443,,,,,,,,,,,,,,,,,,
2021-07-19,,,,,,,,,,,,,,,,,4.9923,5.7741,6.41,6.7968,7.1376,7.361,,7.8212,,8.0713,,8.245,,8.4364,,,,,,,,,,,,,,,,,,
2021-07-20,,,,,,,,,,,,,,,,,4.987,5.7582,6.3635,6.7124,7.055,7.2831,,7.7373,,7.9686,,8.16,,8.3559,,,,,,,,,,,,,,,,,,
2021-07-21,,,,,,,,,,,,,,,,,4.994,5.77,6.3836,6.7448,7.0841,7.2811,,7.74,,7.9834,,8.1714,,8.3855,,,,,,,,,,,,,,,,,,
2021-07-22,,,,,,,,,,,,,,,,,5.03,5.8221,6.4359,6.8161,7.1214,7.3443,,7.7692,,8.0066,,8.18,,8.3742,,,,,,,,,,,,,,,,,,
2021-07-23,,,,,,,,,,,,,,,,,5.14,6.05,6.6975,7.09,7.3808,7.625,,8.0,,8.2752,,8.4263,,8.6011,,,,,,,,,,,,,,,,,,
2021-07-26,,,,,,,,,,,,,,,,,5.1986,6.1728,6.7896,7.185,7.465,7.7242,,8.1,,8.3249,,8.4659,,8.6108,,,,,,,,,,,,,,,,,,
2021-07-27,,,,,,,,,,,,,,,,,5.2805,6.2261,6.8858,7.2735,7.5484,7.7906,,8.1671,,8.3876,,8.534,,8.6763,,,,,,,,,,,,,,,,,,
2021-07-28,,,,,,,,,,,,,,,,,5.314,6.2533,6.9337,7.32,7.5971,7.8355,,8.2062,,8.435,,8.575,,8.715,,,,,,,,,,,,,,,,,,
2021-07-29,,,,,,,,,,,,,,,,,5.324,6.2088,6.8607,7.2418,7.4904,7.7106,,8.0971,,8.305,,8.4663,,8.6174,,,,,,,,,,,,,,,,,,
2021-07-30,,,,,,,,,,,,,,,,,5.3847,6.325,7.0215,7.4205,7.7009,7.96,,8.365,,8.63,,8.8124,,8.955,,,,,,,,,,,,,,,,,,
2021-08-02,,,,,,,,,,,,,,,,,5.4121,6.305,7.0114,7.43,7.725,7.995,,8.405,,8.7,,8.8666,,9.025,,,,,,,,,,,,,,,,,,
2021-08-03,,,,,,,,,,,,,,,,,5.4349,6.345,7.0615,7.4841,7.785,8.0339,,8.4679,,8.72,,8.898,,9.04,,,,,,,,,,,,,,,,,,
2021-08-04,,,,,,,,,,,,,,,,,5.4457,6.35,7.0615,7.474,7.78,8.0238,,8.4527,,8.7294,,8.8972,,9.03,,,,,,,,,,,,,,,,,,
2021-08-05,,,,,,,,,,,,,,,,,5.4521,6.475,7.2567,7.7149,8.0535,8.3074,,8.755,,9.0115,,9.1939,,9.32,,,,,,,,,,,,,,,,,,
2021-08-06,,,,,,,,,,,,,,,,,5.452,6.4797,7.2613,7.74,8.0401,8.2806,,8.7141,,8.98,,9.1584,,9.2755,,,,,,,,,,,,,,,,,,
2021-08-09,,,,,,,,,,,,,,,,,5.4516,6.5232,7.3523,7.8115,8.1231,8.3441,,8.7805,,9.0436,,9.2082,,9.345,,,,,,,,,,,,,,,,,,
2021-08-10,,,,,,,,,,,,,,,,,5.4328,6.4912,7.2629,7.7057,7.9982,8.2181,,8.6445,,8.915,,9.0891,,9.2353,,,,,,,,,,,,,,,,,,
2021-08-11,,,,,,,,,,,,,,,,,5.4348,6.5227,7.2932,7.725,8.0203,8.2464,,8.6692,,8.9403,,9.1339,,9.29,,,,,,,,,,,,,,,,,,
2021-08-12,,,,,,,,,,,,,,,,,5.4359,6.5736,7.37,7.82,8.1236,8.3614,,8.8045,,9.0813,,9.2624,,9.4367,,,,,,,,,,,,,,,,,,
2021-08-13,,,,,,,,,,,,,,,,,5.4521,6.62,7.4473,7.8916,8.22,8.4463,,8.92,,9.21,,9.415,,9.5772,,,,,,,,,,,,,,,,,,
2021-08-16,,,,,,,,,,,,,,,,,5.4578,6.6163,7.43,7.8787,8.195,8.4517,,8.966,,9.32,,9.5357,,9.745,,,,,,,,,,,,,,,,,,
2021-08-17,,,,,,,,,,,,,,,,,5.4713,6.655,7.465,7.8918,8.2078,8.465,,8.97,,9.35,,9.5726,,9.7669,,,,,,,,,,,,,,,,,,
2021-08-18,,,,,,,,,,,,,,,,,5.4796,6.715,7.5392,7.9828,8.3006,8.595,,9.151,,9.5747,,9.8571,,10.0368,,,,,,,,,,,,,,,,,,
2021-08-19,,,,,,,,,,,,,,,,,5.4985,6.725,7.5689,8.0426,8.34,8.5957,,9.1245,,9.5183,,9.768,,9.8805,,,,,,,,,,,,,,,,,,
2021-08-20,,,,,,,,,,,,,,,,,5.5005,6.69,7.5079,7.9767,8.299,8.5012,,8.9798,,9.3375,,9.5508,,9.7236,,,,,,,,,,,,,,,,,,
2021-08-23,,,,,,,,,,,,,,,,,5.5164,6.7033,7.527,7.9977,8.3435,8.5914,,9.1064,,9.5,,9.733,,9.9046,,,,,,,,,,,,,,,,,,
2021-08-24,,,,,,,,,,,,,,,,,5.526,6.6744,7.491,7.9251,8.2629,8.52,,9.0107,,9.376,,9.5876,,9.7474,,,,,,,,,,,,,,,,,,
2021-08-25,,,,,,,,,,,,,,,,,5.5283,6.6992,7.5367,7.9876,8.321,8.5469,,8.9838,,9.2815,,9.4514,,9.5588,,,,,,,,,,,,,,,,,,
2021-08-26,,,,,,,,,,,,,,,,,5.5449,6.7446,7.57,8.025,8.3507,8.565,,8.9992,,9.28,,9.45,,9.5691,,,,,,,,,,,,,,,,,,
2021-08-27,,,,,,,,,,,,,,,,,5.568,6.744,7.5679,8.0124,8.3278,8.536,,8.9421,,9.22,,9.383,,9.5015,,,,,,,,,,,,,,,,,,
2021-08-30,,,,,,,,,,,,,,,,,5.5778,6.7259,7.5309,7.9659,8.285,8.4926,,8.9145,,9.19,,9.3502,,9.4828,,,,,,,,,,,,,,,,,,
2021-08-31,,,,,,,,,,,,,,,,,5.578,6.726,7.545,7.9994,8.325,8.5833,,9.035,,9.3671,,9.5533,,9.7169,,,,,,,,,,,,,,,,,,
2021-09-01,,,,,,,,,,,,,,,,,5.592,6.7933,7.615,8.07,8.409,8.6202,,9.085,,9.3832,,9.5716,,9.7149,,,,,,,,,,,,,,,,,,
2021-09-02,,,,,,,,,,,,,,,,,5.6126,6.8534,7.7,8.155,8.5185,8.759,,9.2461,,9.5897,,9.7794,,9.929,,,,,,,,,,,,,,,,,,
2021-09-03,,,,,,,,,,,,,,,,,5.636,6.839,7.6777,8.1358,8.5222,8.7581,,9.2587,,9.6071,,9.8185,,9.9781,,,,,,,,,,,,,,,,,,
2021-09-06,,,,,,,,,,,,,,,,,5.642,6.867,7.6837,8.1156,8.4829,8.7283,,9.2137,,9.5584,,9.7849,,9.95,,,,,,,,,,,,,,,,,,
2021-09-08,,,,,,,,,,,,,,,,,5.677,6.951,7.7866,8.2369,8.6285,8.8775,,9.3967,,9.7965,,10.0282,,10.2066,,,,,,,,,,,,,,,,,,
2021-09-09,,,,,,,,,,,,,,,,,5.7925,7.3926,8.2749,8.7507,9.1631,9.335,,9.7762,,10.0265,,10.2307,,10.3994,,,,,,,,,,,,,,,,,,
2021-09-10,,,,,,,,,,,,,,,,,5.8028,7.2805,8.1607,8.5946,8.9924,9.2431,,9.6868,,9.9728,,10.171,,10.2914,,,,,,,,,,,,,,,,,,
2021-09-13,,,,,,,,,,,,,,,,,5.8519,7.2899,8.175,8.6267,9.0124,9.2272,,9.6675,,9.963,,10.149,,10.2383,,,,,,,,,,,,,,,,,,
2021-09-14,,,,,,,,,,,,,,,,,5.804,6.9974,7.885,8.37,8.7279,8.94,,9.445,,9.8153,,10.0294,,10.1454,,,,,,,,,,,,,,,,,,
2021-09-15,,,,,,,,,,,,,,,,,5.831,7.011,7.9171,8.4397,8.7984,9.0206,,9.5195,,9.8936,,10.1143,,10.2252,,,,,,,,,,,,,,,,,,
2021-09-16,,,,,,,,,,,,,,,,,5.8851,7.0214,7.9466,8.4642,8.8259,9.06,,9.5695,,9.92,,10.1316,,10.2308,,,,,,,,,,,,,,,,,,
2021-09-17,,,,,,,,,,,,,,,,,5.9451,7.0565,7.968,8.4889,8.8541,9.1257,,9.6407,,9.9638,,10.1773,,10.31,,,,,,,,,,,,,,,,,,
2021-09-20,,,,,,,,,,,,,,,,,6.0262,7.0665,7.9625,8.4679,8.8259,9.073,,9.575,,9.895,,10.1268,,10.23,,,,,,,,,,,,,,,,,,
2021-09-21,,,,,,,,,,,,,,,,,6.1263,7.0843,7.9102,8.3775,8.695,8.925,,9.369,,9.6584,,9.8567,,9.954,,,,,,,,,,,,,,,,,,
2021-09-22,,,,,,,,,,,,,,,,,6.2827,7.1094,7.9127,8.365,8.6619,8.9064,,9.3461,,9.6156,,9.7953,,9.9182,,,,,,,,,,,,,,,,,,
2021-09-23,,,,,,,,,,,,,,,,,6.5267,7.062,7.8972,8.3945,8.7237,8.995,,9.4594,,9.7734,,9.964,,10.0562,,,,,,,,,,,,,,,,,,
2021-09-24,,,,,,,,,,,,,,,,,6.5415,7.0954,7.9537,8.4507,8.7737,9.0386,,9.5161,,9.853,,10.0515,,10.1536,,,,,,,,,,,,,,,,,,
2021-09-27,,,,,,,,,,,,,,,,,6.5699,7.1185,8.01,8.501,8.856,9.1106,,9.5904,,9.9562,,10.16,,10.255,,,,,,,,,,,,,,,,,,
2021-09-28,,,,,,,,,,,,,,,,,6.5977,7.1154,8.06,8.5779,8.96,9.2293,,9.7,,10.0664,,10.2593,,10.35,,,,,,,,,,,,,,,,,,
2021-09-29,,,,,,,,,,,,,,,,,6.66,7.1105,8.0261,8.5418,8.9161,9.1836,,9.6358,,9.9832,,10.1762,,10.2935,,,,,,,,,,,,,,,,,,
2021-09-30,,,,,,,,,,,,,,,,,6.6555,7.096,8.019,8.5846,8.9519,9.2484,,9.7206,,10.06,,10.2585,,10.3661,,,,,,,,,,,,,,,,,,
2021-10-01,,,,,,,,,,,,,,,,,,7.1008,7.9845,8.4979,8.8514,9.17,,9.6223,,9.9536,,10.142,,10.2468,,,,,,,,,,,,,,,,,,
2021-10-04,,,,,,,,,,,,,,,,,,7.1285,8.0203,8.5596,8.9305,9.24,,9.69,,9.9944,,10.1874,,10.3064,,,,,,,,,,,,,,,,,,
2021-10-05,,,,,,,,,,,,,,,,,,7.1606,8.042,8.6095,8.9648,9.29,,9.7305,,10.0338,,10.2327,,10.3584,,,,,,,,,,,,,,,,,,
2021-10-06,,,,,,,,,,,,,,,,,,7.1611,7.9844,8.4892,8.8041,9.1071,,9.5393,,9.8725,,10.0648,,10.2027,,,,,,,,,,,,,,,,,,
2021-10-07,,,,,,,,,,,,,,,,,,7.2272,8.0728,8.6303,8.9759,9.2389,,9.7,,9.9935,,10.1787,,10.303,,,,,,,,,,,,,,,,,,
2021-10-08,,,,,,,,,,,,,,,,,,7.2279,7.9938,8.4937,8.8231,9.06,,9.4984,,9.78,,9.9632,,10.09,,,,,,,,,,,,,,,,,,
2021-10-11,,,,,,,,,,,,,,,,,,7.2701,8.0248,8.5383,8.8567,9.1054,,9.5514,,9.8495,,10.034,,10.165,,,,,,,,,,,,,,,,,,
2021-10-13,,,,,,,,,,,,,,,,,,7.306,8.0448,8.5749,8.8793,9.105,,9.5302,,9.82,,10.01,,10.1007,,,,,,,,,,,,,,,,,,
2021-10-14,,,,,,,,,,,,,,,,,,7.336,8.103,8.6465,8.9682,9.1986,,9.63,,9.895,,10.0716,,10.1613,,,,,,,,,,,,,,,,,,
2021-10-15,,,,,,,,,,,,,,,,,,7.348,8.1433,8.7215,9.077,9.3371,,9.749,,10.0333,,10.21,,10.3014,,,,,,,,,,,,,,,,,,
2021-10-18,,,,,,,,,,,,,,,,,,7.3852,8.1913,8.7779,9.1412,9.4013,,9.8413,,10.1026,,10.2704,,10.3629,,,,,,,,,,,,,,,,,,
2021-10-19,,,,,,,,,,,,,,,,,,7.576,8.5319,9.2133,9.625,9.8732,,10.379,,10.675,,10.83,,10.965,,,,,,,,,,,,,,,,,,
2021-10-20,,,,,,,,,,,,,,,,,,7.6249,8.5366,9.2079,9.6177,9.935,,10.4144,,10.6909,,10.8836,,10.9753,,,,,,,,,,,,,,,,,,
2021-10-21,,,,,,,,,,,,,,,,,,7.8734,8.9478,9.7322,10.1797,10.505,,10.9667,,11.21,,11.4025,,11.5597,,,,,,,,,,,,,,,,,,
2021-10-22,,,,,,,,,,,,,,,,,,8.1335,9.2675,10.0823,10.562,10.8781,,11.2563,,11.4,,11.5333,,11.5699,,,,,,,,,,,,,,,,,,
2021-10-25,,,,,,,,,,,,,,,,,,8.2959,9.5195,10.3777,10.8838,11.161,,11.5342,,11.59,,11.6562,,11.705,,,,,,,,,,,,,,,,,,
2021-10-26,,,,,,,,,,,,,,,,,,8.4873,9.7881,10.7249,11.27,11.6244,,11.9112,,11.965,,11.985,,11.9731,,,,,,,,,,,,,,,,,,
2021-10-27,,,,,,,,,,,,,,,,,,8.4101,9.76,10.715,11.26,11.5515,,11.8369,,11.88,,11.915,,11.865,,,,,,,,,,,,,,,,,,
2021-10-28,,,,,,,,,,,,,,,,,,8.3882,10.085,11.365,12.0236,12.44,,12.6479,,12.585,,12.5831,,12.5632,,,,,,,,,,,,,,,,,,
2021-10-29,,,,,,,,,,,,,,,,,,8.3538,10.0142,11.1955,11.8297,12.1617,,12.3454,,12.3072,,12.2929,,12.2415,,,,,,,,,,,,,,,,,,
2021-11-01,,,,,,,,,,,,,,,,,,8.37,10.0447,11.315,11.9797,12.3092,,12.523,,12.545,,12.5511,,12.5317,,,,,,,,,,,,,,,,,,
2021-11-03,,,,,,,,,,,,,,,,,,8.37,9.935,11.165,11.7767,12.12,,12.265,,12.1737,,12.1497,,12.075,,,,,,,,,,,,,,,,,,
2021-11-04,,,,,,,,,,,,,,,,,,8.3779,9.925,11.175,11.7925,12.1255,,12.2858,,12.2776,,12.2764,,12.2129,,,,,,,,,,,,,,,,,,
2021-11-05,,,,,,,,,,,,,,,,,,8.39,9.905,11.1005,11.7375,12.0714,,12.2509,,12.2055,,12.185,,12.1639,,,,,,,,,,,,,,,,,,
2021-11-08,,,,,,,,,,,,,,,,,,8.4285,10.0075,11.277,11.8937,12.245,,12.3741,,12.2992,,12.2497,,12.2012,,,,,,,,,,,,,,,,,,
2021-11-09,,,,,,,,,,,,,,,,,,8.4474,9.9812,11.2277,11.8445,12.175,,12.2583,,12.0813,,12.0137,,11.905,,,,,,,,,,,,,,,,,,
2021-11-10,,,,,,,,,,,,,,,,,,8.4997,10.0573,11.2757,11.9199,12.2459,,12.3144,,12.1228,,12.0018,,11.895,,,,,,,,,,,,,,,,,,
2021-11-11,,,,,,,,,,,,,,,,,,8.4674,9.9628,11.0872,11.705,12.0036,,12.105,,11.981,,11.9016,,11.8519,,,,,,,,,,,,,,,,,,
2021-11-12,,,,,,,,,,,,,,,,,,8.4893,9.9798,11.1293,11.6762,12.0077,,12.1038,,11.945,,11.8919,,11.8021,,,,,,,,,,,,,,,,,,
2021-11-16,,,,,,,,,,,,,,,,,,8.5424,10.05,11.1817,11.735,12.0343,,12.135,,11.995,,11.9412,,11.8988,,,,,,,,,,,,,,,,,,
2021-11-17,,,,,,,,,,,,,,,,,,8.5503,10.0376,11.211,11.785,12.06,,12.2364,,12.1222,,12.0825,,12.0587,,,,,,,,,,,,,,,,,,
2021-11-18,,,,,,,,,,,,,,,,,,8.5855,10.09,11.2924,11.9155,12.21,,12.37,,12.235,,12.1767,,12.16,,,,,,,,,,,,,,,,,,
2021-11-19,,,,,,,,,,,,,,,,,,8.603,10.085,11.25,11.8262,12.0933,,12.2205,,12.1054,,12.05,,12.0005,,,,,,,,,,,,,,,,,,
2021-11-22,,,,,,,,,,,,,,,,,,8.6593,10.23,11.455,12.08,12.3711,,12.4994,,12.3872,,12.3126,,12.24,,,,,,,,,,,,,,,,,,
2021-11-23,,,,,,,,,,,,,,,,,,8.6944,10.2263,11.435,12.03,12.29,,12.37,,12.1365,,12.0421,,12.0,,,,,,,,,,,,,,,,,,
2021-11-24,,,,,,,,,,,,,,,,,,8.7109,10.177,11.36,11.915,12.1709,,12.2442,,12.0596,,11.9723,,11.918,,,,,,,,,,,,,,,,,,
2021-11-25,,,,,,,,,,,,,,,,,,8.7421,10.1338,11.3139,11.8886,12.1361,,12.2313,,12.0686,,11.9798,,11.9598,,,,,,,,,,,,,,,,,,
2021-11-26,,,,,,,,,,,,,,,,,,8.7335,9.9983,11.1031,11.63,11.9408,,12.0416,,11.8837,,11.8464,,11.8354,,,,,,,,,,,,,,,,,,
2021-11-29,,,,,,,,,,,,,,,,,,8.7466,10.0023,11.0935,11.6386,11.9278,,12.03,,11.8313,,11.7545,,11.7164,,,,,,,,,,,,,,,,,,
2021-11-30,,,,,,,,,,,,,,,,,,8.8008,10.0562,11.1516,11.6704,11.92,,11.9766,,11.7775,,11.6576,,11.62,,,,,,,,,,,,,,,,,,
2021-12-01,,,,,,,,,,,,,,,,,,8.8534,10.05,11.0702,11.605,11.8677,,11.9367,,11.7553,,11.6631,,11.621,,,,,,,,,,,,,,,,,,
2021-12-02,,,,,,,,,,,,,,,,,,8.9067,10.037,10.9865,11.4471,11.635,,11.7,,11.515,,11.4451,,11.39,,,,,,,,,,,,,,,,,,
2021-12-03,,,,,,,,,,,,,,,,,,8.9542,9.97,10.8699,11.2634,11.365,,11.3758,,11.165,,11.0758,,11.02,,,,,,,,,,,,,,,,,,
2021-12-06,,,,,,,,,,,,,,,,,,9.0379,10.0044,10.9583,11.3697,11.441,,11.4099,,11.17,,11.0579,,11.04,,,,,,,,,,,,,,,,,,
2021-12-07,,,,,,,,,,,,,,,,,,9.1173,10.047,10.9667,11.4121,11.5362,,11.4716,,11.2,,11.0802,,10.9872,,,,,,,,,,,,,,,,,,
2021-12-08,,,,,,,,,,,,,,,,,,9.1877,10.0153,10.8911,11.2759,11.4207,,11.3336,,11.0287,,10.89,,10.7933,,,,,,,,,,,,,,,,,,
2021-12-09,,,,,,,,,,,,,,,,,,9.2386,10.055,11.0371,11.5013,11.6765,,11.535,,11.1497,,10.9602,,10.825,,,,,,,,,,,,,,,,,,
2021-12-10,,,,,,,,,,,,,,,,,,9.2384,10.0167,10.9026,11.3329,11.4835,,11.3139,,10.87,,10.7149,,10.5606,,,,,,,,,,,,,,,,,,
2021-12-13,,,,,,,,,,,,,,,,,,9.2397,10.0343,10.9126,11.3327,11.5458,,11.3936,,10.975,,10.7975,,10.73,,,,,,,,,,,,,,,,,,
2021-12-14,,,,,,,,,,,,,,,,,,9.24,10.0377,10.925,11.3564,11.5335,,11.3467,,10.909,,10.7299,,10.5934,,,,,,,,,,,,,,,,,,
2021-12-15,,,,,,,,,,,,,,,,,,9.228,10.06,10.9902,11.4354,11.609,,11.4384,,11.001,,10.8196,,10.675,,,,,,,,,,,,,,,,,,
2021-12-16,,,,,,,,,,,,,,,,,,9.23,10.0796,11.0461,11.5237,11.763,,11.5836,,11.1073,,10.8965,,10.76,,,,,,,,,,,,,,,,,,
2021-12-17,,,,,,,,,,,,,,,,,,9.2288,10.1036,11.0969,11.5978,11.84,,11.6874,,11.225,,11.025,,10.8821,,,,,,,,,,,,,,,,,,
2021-12-20,,,,,,,,,,,,,,,,,,9.2464,10.092,11.0069,11.4426,11.59,,11.4091,,10.9406,,10.7568,,10.63,,,,,,,,,,,,,,,,,,
2021-12-21,,,,,,,,,,,,,,,,,,9.2466,10.1079,10.982,11.3408,11.455,,11.2594,,10.825,,10.5792,,10.515,,,,,,,,,,,,,,,,,,
2021-12-22,,,,,,,,,,,,,,,,,,9.2595,10.1327,10.975,11.3342,11.43,,11.2582,,10.84,,10.6629,,10.56,,,,,,,,,,,,,,,,,,
2021-12-23,,,,,,,,,,,,,,,,,,9.2642,10.1633,11.0429,11.4986,11.64,,11.4759,,11.0112,,10.8331,,10.6988,,,,,,,,,,,,,,,,,,
2021-12-24,,,,,,,,,,,,,,,,,,9.2642,10.1633,11.0429,11.4986,11.64,,11.4759,,11.0112,,10.8331,,10.6988,,,,,,,,,,,,,,,,,,
2021-12-27,,,,,,,,,,,,,,,,,,9.26,10.2,11.1016,11.57,11.68,,11.52,,11.0472,,10.8475,,10.6927,,,,,,,,,,,,,,,,,,
2021-12-28,,,,,,,,,,,,,,,,,,9.2587,10.2428,11.1423,11.5768,11.71,,11.5333,,11.0361,,10.843,,10.7151,,,,,,,,,,,,,,,,,,
2021-12-29,,,,,,,,,,,,,,,,,,9.2631,10.2893,11.2128,11.6797,11.8467,,11.6666,,11.1689,,10.9737,,10.823,,,,,,,,,,,,,,,,,,
2021-12-30,,,,,,,,,,,,,,,,,,9.2679,10.2954,11.2331,11.6522,11.8231,,11.59,,11.105,,10.9055,,10.7338,,,,,,,,,,,,,,,,,,
2021-12-31,,,,,,,,,,,,,,,,,,9.2679,10.2954,11.2331,11.6522,11.8231,,11.59,,11.105,,10.9055,,10.7338,,,,,,,,,,,,,,,,,,
2022-01-03,,,,,,,,,,,,,,,,,,,10.3382,11.274,11.6793,11.8234,,11.6466,,11.2423,,11.0545,,10.946,,,,,,,,,,,,,,,,,,
2022-01-04,,,,,,,,,,,,,,,,,,,10.3414,11.3759,11.8787,12.07,,11.9671,,11.5891,,11.3949,,11.3,,,,,,,,,,,,,,,,,,
2022-01-05,,,,,,,,,,,,,,,,,,,10.3572,11.3919,11.8916,12.07,,12.0432,,11.6966,,11.5426,,11.426,,,,,,,,,,,,,,,,,,
2022-01-06,,,,,,,,,,,,,,,,,,,10.3743,11.3385,11.8244,11.9816,,11.9968,,11.6929,,11.5573,,11.456,,,,,,,,,,,,,,,,,,
2022-01-07,,,,,,,,,,,,,,,,,,,10.3988,11.3525,11.8323,12.0018,,12.0664,,11.7859,,11.675,,11.5542,,,,,,,,,,,,,,,,,,
2022-01-10,,,,,,,,,,,,,,,,,,,10.4354,11.4158,11.905,12.0977,12.1493,12.146,,11.9,11.8039,11.745,,11.6235,,11.524,,,,,,,,,,,,,,,,
2022-01-11,,,,,,,,,,,,,,,,,,,10.4548,11.4125,11.8732,12.05,12.124,12.1392,,11.92,11.843,11.7809,,11.6434,,11.5605,,,,,,,,,,,,,,,,
2022-01-12,,,,,,,,,,,,,,,,,,,10.4727,11.3633,11.752,11.885,11.925,11.9344,,11.6627,11.6077,11.505,,11.328,,11.2606,,,,,,,,,,,,,,,,
2022-01-13,,,,,,,,,,,,,,,,,,,10.5165,11.4255,11.805,11.9427,11.9696,11.96,,11.665,11.5895,11.4834,,11.295,,11.2203,,,,,,,,,,,,,,,,
2022-01-14,,,,,,,,,,,,,,,,,,,10.5342,11.4693,11.85,11.9681,11.979,11.9538,,11.685,11.6099,11.497,,11.3394,,11.2775,,,,,,,,,,,,,,,,
2022-01-17,,,,,,,,,,,,,,,,,,,10.562,11.51,11.914,12.0374,12.0707,12.0905,,11.8765,11.77,11.7273,,11.52,,11.4566,,,,,,,,,,,,,,,,
2022-01-18,,,,,,,,,,,,,,,,,,,10.58,11.53,11.9499,12.1083,12.1739,12.1989,,11.891,11.7889,11.7003,,11.5708,,11.5302,,,,,,,,,,,,,,,,
2022-01-19,,,,,,,,,,,,,,,,,,,10.606,11.53,11.9284,12.04,12.0509,12.026,,11.7161,11.6021,11.525,,11.361,,11.3114,,,,,,,,,,,,,,,,
2022-01-20,,,,,,,,,,,,,,,,,,,10.63,11.5063,11.8597,11.9023,11.9117,11.8543,,11.5255,11.445,11.3488,,11.1588,,11.1353,,,,,,,,,,,,,,,,
2022-01-21,,,,,,,,,,,,,,,,,,,10.66,11.515,11.84,11.9,11.9163,11.868,,11.5447,11.4718,11.3776,,11.28,,11.272,,,,,,,,,,,,,,,,
2022-01-24,,,,,,,,,,,,,,,,,,,10.6989,11.5151,11.8021,11.8359,11.8336,11.7969,,11.4883,11.402,11.328,,11.1882,,11.1938,,,,,,,,,,,,,,,,
2022-01-25,,,,,,,,,,,,,,,,,,,10.7337,11.52,11.8154,11.8614,11.848,11.7966,,11.4388,11.3625,11.279,,11.1235,,11.1259,,,,,,,,,,,,,,,,
2022-01-26,,,,,,,,,,,,,,,,,,,10.7922,11.6195,11.9615,12.0407,12.0037,11.92,,11.5145,11.4068,11.3069,,11.135,,11.085,,,,,,,,,,,,,,,,
2022-01-27,,,,,,,,,,,,,,,,,,,10.845,11.7263,12.1284,12.2462,12.2512,12.2167,,11.845,11.735,11.607,,11.4088,,11.3688,,,,,,,,,,,,,,,,
2022-01-28,,,,,,,,,,,,,,,,,,,10.876,11.7268,12.1178,12.27,12.2713,12.23,,11.8691,11.755,11.615,,11.44,,11.382,,,,,,,,,,,,,,,,
2022-01-31,,,,,,,,,,,,,,,,,,,10.924,11.7735,12.1606,12.28,12.277,12.2594,,11.8428,11.7323,11.5776,,11.36,,11.3139,,,,,,,,,,,,,,,,
2022-02-01,,,,,,,,,,,,,,,,,,,10.9729,11.7506,12.1122,12.1811,12.1623,12.1183,,11.6893,11.561,11.4125,,11.19,,11.1632,,,,,,,,,,,,,,,,
2022-02-02,,,,,,,,,,,,,,,,,,,11.0238,11.7446,12.0873,12.1638,12.1265,12.0408,,11.555,11.4153,11.2863,,11.08,,11.0323,,,,,,,,,,,,,,,,
2022-02-03,,,,,,,,,,,,,,,,,,,11.0225,11.595,11.8771,11.9425,11.9148,11.8338,,11.4045,11.2682,11.1411,,10.9651,,10.9348,,,,,,,,,,,,,,,,
2022-02-04,,,,,,,,,,,,,,,,,,,11.0356,11.63,11.9273,12.009,12.01,11.9381,,11.5543,11.4533,11.3334,,11.162,,11.1513,,,,,,,,,,,,,,,,
2022-02-07,,,,,,,,,,,,,,,,,,,11.0407,11.635,11.91,11.98,11.9603,11.8783,,11.4536,11.3473,11.2271,,11.0481,,11.0291,,,,,,,,,,,,,,,,
2022-02-08,,,,,,,,,,,,,,,,,,,11.041,11.7,12.0548,12.1445,12.1355,12.0423,,11.6326,11.5149,11.3763,,11.1958,,11.175,,,,,,,,,,,,,,,,
2022-02-09,,,,,,,,,,,,,,,,,,,11.0486,11.7452,12.16,12.2848,12.2822,12.2124,,11.8082,11.6425,11.505,,11.27,,11.215,,,,,,,,,,,,,,,,
2022-02-10,,,,,,,,,,,,,,,,,,,11.0641,11.7795,12.2492,12.3791,12.385,12.335,,11.921,11.779,11.635,,11.4098,,11.3721,,,,,,,,,,,,,,,,
2022-02-11,,,,,,,,,,,,,,,,,,,11.0902,11.8157,12.321,12.4945,12.5455,12.5244,,12.0791,11.95,11.745,,11.5232,,11.465,,,,,,,,,,,,,,,,
2022-02-14,,,,,,,,,,,,,,,,,,,11.1076,11.847,12.3625,12.5005,12.5452,12.4838,,12.1338,12.0036,11.8122,,11.5692,,11.5036,,,,,,,,,,,,,,,,
2022-02-15,,,,,,,,,,,,,,,,,,,11.1013,11.8175,12.2879,12.4086,12.425,12.3686,,11.9908,11.8575,11.6873,,11.425,,11.3727,,,,,,,,,,,,,,,,
2022-02-16,,,,,,,,,,,,,,,,,,,11.1062,11.8229,12.294,12.3974,12.4257,12.3991,,12.035,11.9051,11.7,,11.445,,11.3842,,,,,,,,,,,,,,,,
2022-02-17,,,,,,,,,,,,,,,,,,,11.1241,11.838,12.3,12.4271,12.4453,12.444,,12.095,11.97,11.787,,11.5314,,11.481,,,,,,,,,,,,,,,,
2022-02-18,,,,,,,,,,,,,,,,,,,11.1291,11.8344,12.265,12.4027,12.4236,12.4041,,12.051,11.9241,11.7316,,11.4774,,11.4414,,,,,,,,,,,,,,,,
2022-02-21,,,,,,,,,,,,,,,,,,,11.1586,11.85,12.28,12.3986,12.4125,12.3989,,12.0101,11.8746,11.6697,,11.4219,,11.3697,,,,,,,,,,,,,,,,
2022-02-22,,,,,,,,,,,,,,,,,,,11.1733,11.89,12.3161,12.4495,12.4665,12.449,,12.0492,11.925,11.72,,11.4831,,11.4327,,,,,,,,,,,,,,,,
2022-02-23,,,,,,,,,,,,,,,,,,,11.1727,11.8927,12.277,12.3837,12.3755,12.3387,,11.9166,11.7936,11.595,,11.3427,,11.2985,,,,,,,,,,,,,,,,
2022-02-24,,,,,,,,,,,,,,,,,,,11.2014,11.934,12.34,12.4637,12.4588,12.4381,,12.0197,11.8961,11.71,,11.4699,,11.4231,,,,,,,,,,,,,,,,
2022-02-25,,,,,,,,,,,,,,,,,,,11.2079,11.9397,12.3618,12.4969,12.4895,12.4736,,12.047,11.932,11.755,,11.505,,11.46,,,,,,,,,,,,,,,,
2022-03-02,,,,,,,,,,,,,,,,,,,11.2248,11.98,12.4515,12.6425,12.655,12.6443,,12.224,12.0838,11.91,,11.615,,11.5461,,,,,,,,,,,,,,,,
2022-03-03,,,,,,,,,,,,,,,,,,,11.2978,12.045,12.598,12.7988,12.851,12.8405,,12.455,12.3005,12.1223,,11.8266,,11.7481,,,,,,,,,,,,,,,,
2022-03-04,,,,,,,,,,,,,,,,,,,11.3674,12.2006,12.778,12.9814,13.0496,13.058,,12.6661,12.5522,12.3608,,12.0697,,11.9449,,,,,,,,,,,,,,,,
2022-03-07,,,,,,,,,,,,,,,,,,,11.4048,12.2477,12.8769,13.0962,13.1846,13.2214,,12.8776,12.7562,12.5791,,12.3277,,12.2264,,,,,,,,,,,,,,,,
2022-03-08,,,,,,,,,,,,,,,,,,,11.4378,12.2394,12.8186,13.0572,13.1406,13.205,,12.885,12.7898,12.655,,12.4548,,12.3884,,,,,,,,,,,,,,,,
2022-03-09,,,,,,,,,,,,,,,,,,,11.4605,12.1804,12.713,12.92,12.9914,12.98,,12.6587,12.5452,12.413,,12.1958,,12.1115,,,,,,,,,,,,,,,,
2022-03-10,,,,,,,,,,,,,,,,,,,11.5208,12.27,12.8132,13.045,13.1354,13.13,,12.8567,12.7361,12.5943,,12.345,,12.2764,,,,,,,,,,,,,,,,
2022-03-11,,,,,,,,,,,,,,,,,,,11.5737,12.3104,12.8752,13.1546,13.2508,13.2961,,13.0509,12.9414,12.7756,,12.5078,,12.4061,,,,,,,,,,,,,,,,
2022-03-14,,,,,,,,,,,,,,,,,,,11.6322,12.3767,13.0,13.29,13.43,13.4961,,13.2716,13.17,13.0102,,12.7482,,12.6434,,,,,,,,,,,,,,,,
2022-03-15,,,,,,,,,,,,,,,,,,,11.6669,12.2875,12.882,13.1369,13.24,13.2614,,12.9962,12.8968,12.75,,12.505,,12.41,,,,,,,,,,,,,,,,
2022-03-16,,,,,,,,,,,,,,,,,,,11.7605,12.3191,12.8759,13.125,13.2395,13.2661,,13.0692,12.9717,12.8047,,12.5186,,12.416,,,,,,,,,,,,,,,,
2022-03-17,,,,,,,,,,,,,,,,,,,11.7675,12.2854,12.7613,12.9338,13.0217,13.0391,,12.815,12.7592,12.62,,12.3564,,12.2634,,,,,,,,,,,,,,,,
2022-03-18,,,,,,,,,,,,,,,,,,,11.7539,12.28,12.7218,12.9019,12.9391,12.9044,,12.64,12.5614,12.405,,12.1433,,12.0592,,,,,,,,,,,,,,,,
2022-03-21,,,,,,,,,,,,,,,,,,,11.7526,12.2955,12.7678,12.94,12.9799,12.9664,,12.7381,12.6694,12.505,,12.2857,,12.1759,,,,,,,,,,,,,,,,
2022-03-22,,,,,,,,,,,,,,,,,,,11.7483,12.3264,12.7873,12.95,12.976,12.9362,,12.6876,12.5772,12.4065,,12.1293,,12.04,,,,,,,,,,,,,,,,
2022-03-23,,,,,,,,,,,,,,,,,,,11.746,12.3396,12.8139,12.99,13.0276,12.9933,,12.71,12.59,12.41,,12.1413,,12.0647,,,,,,,,,,,,,,,,
2022-03-24,,,,,,,,,,,,,,,,,,,11.7449,12.3319,12.7462,12.8635,12.8604,12.785,,12.37,12.25,12.0563,,11.7983,,11.7584,,,,,,,,,,,,,,,,
2022-03-25,,,,,,,,,,,,,,,,,,,11.75,12.3137,12.685,12.7779,12.758,12.635,,12.155,12.0009,11.8,,11.5453,,11.515,,,,,,,,,,,,,,,,
2022-03-28,,,,,,,,,,,,,,,,,,,11.7696,12.3056,12.6491,12.76,12.7432,12.6069,,12.103,11.95,11.7523,,11.4982,,11.455,,,,,,,,,,,,,,,,
2022-03-29,,,,,,,,,,,,,,,,,,,11.742,12.3137,12.6369,12.7238,12.7017,12.5986,,12.0876,11.9278,11.6952,,11.4096,,11.3791,,,,,,,,,,,,,,,,
2022-03-30,,,,,,,,,,,,,,,,,,,11.7394,12.3305,12.6809,12.8045,12.8197,12.735,,12.2665,12.1212,11.8965,,11.6105,,11.5704,,,,,,,,,,,,,,,,
2022-03-31,,,,,,,,,,,,,,,,,,,11.7432,12.3396,12.6707,12.7583,12.7479,12.6456,,12.1456,12.0311,11.7888,,11.52,,11.481,,,,,,,,,,,,,,,,
2022-04-01,,,,,,,,,,,,,,,,,,,,12.3314,12.5966,12.65,12.6288,12.5023,,11.9313,11.7756,11.535,,11.26,,11.236,,,,,,,,,,,,,,,,
2022-04-04,,,,,,,,,,,,,,,,,,,,12.3488,12.6142,12.6512,12.6364,12.5024,,11.92,11.7633,11.52,,11.195,,11.16,,,,,,,,,,,,,,,,
2022-04-05,,,,,,,,,,,,,,,,,,,,12.361,12.655,12.7447,12.7476,12.6497,,12.1013,11.959,11.72,,11.4373,,11.4231,,,,,,,,,,,,,,,,
2022-04-06,,,,,,,,,,,,,,,,,,,,12.3729,12.6941,12.7826,12.81,12.7168,,12.23,12.0721,11.8531,,11.5652,,11.525,,,,,,,,,,,,,,,,
2022-04-07,,,,,,,,,,,,,,,,,,,,12.3936,12.69,12.7873,12.7923,12.7285,,12.285,12.1466,11.9557,,11.6721,,11.63,,,,,,,,,,,,,,,,
2022-04-08,,,,,,,,,,,,,,,,,,,,12.4433,12.8711,12.9977,13.0355,12.9828,,12.5577,12.45,12.2354,,11.9095,,11.8194,,,,,,,,,,,,,,,,
2022-04-11,,,,,,,,,,,,,,,,,,,,12.506,13.0,13.12,13.1547,13.1399,,12.7657,12.6418,12.4366,,12.1044,,12.0065,,,,,,,,,,,,,,,,
2022-04-12,,,,,,,,,,,,,,,,,,,,12.5095,12.995,13.1297,13.1691,13.1669,,12.8,12.67,12.4623,,12.1334,,12.0604,,,,,,,,,,,,,,,,
2022-04-13,,,,,,,,,,,,,,,,,,,,12.5165,12.9676,13.09,13.1434,13.1512,,12.815,12.6891,12.5011,,12.1555,,12.0691,,,,,,,,,,,,,,,,
2022-04-14,,,,,,,,,,,,,,,,,,,,12.5476,12.9695,13.1267,13.1809,13.1782,,12.91,12.8132,12.6147,,12.28,,12.21,,,,,,,,,,,,,,,,
2022-04-18,,,,,,,,,,,,,,,,,,,,12.5557,12.9435,13.0782,13.1323,13.1165,,12.785,12.717,12.5063,,12.176,,12.1371,,,,,,,,,,,,,,,,
2022-04-19,,,,,,,,,,,,,,,,,,,,12.5746,12.9454,13.065,13.1184,13.1067,,12.7868,12.7079,12.5068,,12.1891,,12.14,,,,,,,,,,,,,,,,
2022-04-20,,,,,,,,,,,,,,,,,,,,12.5986,12.9854,13.0913,13.1224,13.0859,,12.775,12.6753,12.4779,,12.2318,,12.1138,,,,,,,,,,,,,,,,
2022-04-22,,,,,,,,,,,,,,,,,,,,12.5814,12.96,13.0712,13.1159,13.095,,12.8064,12.7194,12.5575,,12.2789,,12.2468,,,,,,,,,,,,,,,,
2022-04-25,,,,,,,,,,,,,,,,,,,,12.5764,12.8981,12.975,13.0103,12.994,,12.6749,12.5783,12.4134,,12.129,,12.095,,,,,,,,,,,,,,,,
2022-04-26,,,,,,,,,,,,,,,,,,,,12.6063,12.9492,13.055,13.095,13.1061,,12.8112,12.7242,12.5631,,12.2873,,12.225,,,,,,,,,,,,,,,,
2022-04-27,,,,,,,,,,,,,,,,,,,,12.6427,12.9322,13.005,13.02,13.0014,,12.64,12.5514,12.3941,,12.158,,12.11,,,,,,,,,,,,,,,,
2022-04-28,,,,,,,,,,,,,,,,,,,,12.6752,12.9802,13.06,13.075,13.035,,12.6875,12.591,12.4143,,12.1691,,12.115,,,,,,,,,,,,,,,,
2022-04-29,,,,,,,,,,,,,,,,,,,,12.7025,13.01,13.0664,13.0764,13.0378,,12.6834,12.5944,12.4096,,12.1896,,12.1291,,,,,,,,,,,,,,,,
2022-05-02,,,,,,,,,,,,,,,,,,,,12.75,13.0435,13.1191,13.1502,13.1516,,12.7845,12.69,12.52,,12.3254,,12.2662,,,,,,,,,,,,,,,,
2022-05-03,,,,,,,,,,,,,,,,,,,,12.7838,13.086,13.16,13.1888,13.1634,,12.79,12.6959,12.53,,12.332,,12.2726,,,,,,,,,,,,,,,,
2022-05-04,,,,,,,,,,,,,,,,,,,,12.7703,13.0172,13.078,13.1095,13.0782,,12.6886,12.5874,12.4307,,12.2106,,12.1429,,,,,,,,,,,,,,,,
2022-05-05,,,,,,,,,,,,,,,,,,,,12.832,13.1468,13.27,13.3334,13.3083,,12.9848,12.8961,12.72,,12.4688,,12.4271,,,,,,,,,,,,,,,,
2022-05-06,,,,,,,,,,,,,,,,,,,,12.855,13.2285,13.375,13.4235,13.405,,13.155,13.06,12.9233,,12.6991,,12.6407,,,,,,,,,,,,,,,,
2022-05-09,,,,,,,,,,,,,,,,,,,,12.8531,13.1975,13.3248,13.3911,13.3403,,13.0585,12.9627,12.8061,,12.5753,,12.544,,,,,,,,,,,,,,,,
2022-05-10,,,,,,,,,,,,,,,,,,,,12.8514,13.1837,13.3033,13.37,13.3044,,12.9672,12.8622,12.685,,12.44,,12.4063,,,,,,,,,,,,,,,,
2022-05-11,,,,,,,,,,,,,,,,,,,,12.863,13.2272,13.3603,13.4518,13.4136,,13.1413,13.0293,12.8497,,12.5758,,12.5311,,,,,,,,,,,,,,,,
2022-05-12,,,,,,,,,,,,,,,,,,,,12.8758,13.2682,13.425,13.5343,13.5176,,13.2562,13.1504,12.96,,12.6527,,12.5904,,,,,,,,,,,,,,,,
2022-05-13,,,,,,,,,,,,,,,,,,,,12.8824,13.278,13.4632,13.5633,13.5579,,13.2839,13.1957,13.001,,12.6913,,12.6236,,,,,,,,,,,,,,,,
2022-05-16,,,,,,,,,,,,,,,,,,,,12.8725,13.2354,13.405,13.4789,13.4589,,13.15,13.0429,12.8631,,12.5841,,12.5187,,,,,,,,,,,,,,,,
2022-05-17,,,,,,,,,,,,,,,,,,,,12.8801,13.2175,13.37,13.4387,13.4064,,13.0778,12.9819,12.7962,,12.5239,,12.4812,,,,,,,,,,,,,,,,
2022-05-18,,,,,,,,,,,,,,,,,,,,12.8874,13.2016,13.3427,13.425,13.3907,,13.07,12.9582,12.7713,,12.4976,,12.4531,,,,,,,,,,,,,,,,
2022-05-19,,,,,,,,,,,,,,,,,,,,12.8895,13.1776,13.2935,13.3619,13.32,,12.9482,12.84,12.651,,12.3361,,12.2839,,,,,,,,,,,,,,,,
2022-05-20,,,,,,,,,,,,,,,,,,,,12.8878,13.164,13.2898,13.3267,13.2542,,12.8721,12.7663,12.533,,12.2155,,12.1682,,,,,,,,,,,,,,,,
2022-05-23,,,,,,,,,,,,,,,,,,,,12.8972,13.1724,13.2832,13.3213,13.2672,,12.8458,12.7276,12.4957,,12.1778,,12.0836,,,,,,,,,,,,,,,,
2022-05-24,,,,,,,,,,,,,,,,,,,,12.9193,13.265,13.425,13.505,13.4781,,13.08,12.9511,12.7273,,12.4025,,12.3121,,,,,,,,,,,,,,,,
2022-05-25,,,,,,,,,,,,,,,,,,,,12.9214,13.2863,13.4301,13.51,13.4738,,13.045,12.9284,12.7084,,12.4264,,12.3506,,,,,,,,,,,,,,,,
2022-05-26,,,,,,,,,,,,,,,,,,,,12.9247,13.2524,13.36,13.4284,13.3397,,12.8842,12.76,12.5295,,12.2225,,12.1576,,,,,,,,,,,,,,,,
2022-05-27,,,,,,,,,,,,,,,,,,,,12.9302,13.2351,13.3464,13.4177,13.34,,12.8824,12.7565,12.5465,,12.2709,,12.1994,,,,,,,,,,,,,,,,
2022-05-30,,,,,,,,,,,,,,,,,,,,12.9445,13.2686,13.4308,13.523,13.48,,13.0868,12.9638,12.7673,,12.5226,,12.4634,,,,,,,,,,,,,,,,
2022-05-31,,,,,,,,,,,,,,,,,,,,12.9494,13.258,13.4035,13.4737,13.3946,,12.9708,12.8488,12.6579,,12.3934,,12.3518,,,,,,,,,,,,,,,,
2022-06-01,,,,,,,,,,,,,,,,,,,,12.963,13.2878,13.4271,13.5085,13.4458,,13.0595,12.9518,12.7684,,12.5076,,12.4613,,,,,,,,,,,,,,,,
2022-06-02,,,,,,,,,,,,,,,,,,,,12.9871,13.305,13.454,13.5585,13.5035,,13.13,13.034,12.8485,,12.5923,,12.5452,,,,,,,,,,,,,,,,
2022-06-03,,,,,,,,,,,,,,,,,,,,12.9936,13.2971,13.44,13.5388,13.4737,,13.11,13.0089,12.837,,12.5724,,12.5236,,,,,,,,,,,,,,,,
2022-06-06,,,,,,,,,,,,,,,,,,,,13.0163,13.3069,13.4567,13.5495,13.4899,,13.161,13.0568,12.8732,,12.6072,,12.5612,,,,,,,,,,,,,,,,
2022-06-07,,,,,,,,,,,,,,,,,,,,13.0388,13.335,13.5025,13.5992,13.57,,13.289,13.218,13.055,,12.7908,,12.7604,,,,,,,,,,,,,,,,
2022-06-08,,,,,,,,,,,,,,,,,,,,13.0526,13.3432,13.51,13.5988,13.5661,,13.3023,13.2224,13.0646,,12.8151,,12.7832,,,,,,,,,,,,,,,,
2022-06-09,,,,,,,,,,,,,,,,,,,,13.0536,13.2939,13.3992,13.4461,13.3738,,13.0777,13.0009,12.8449,,12.6202,,12.612,,,,,,,,,,,,,,,,
2022-06-10,,,,,,,,,,,,,,,,,,,,13.0893,13.2935,13.3888,13.4183,13.3607,,13.0714,13.006,12.846,,12.6246,,12.6187,,,,,,,,,,,,,,,,
2022-06-13,,,,,,,,,,,,,,,,,,,,13.1226,13.3999,13.5572,13.6362,13.6193,,13.3674,13.2761,13.1387,,12.8751,,12.8462,,,,,,,,,,,,,,,,
2022-06-14,,,,,,,,,,,,,,,,,,,,13.1866,13.4843,13.6994,13.8675,13.9231,,13.7366,13.6591,13.4945,,13.2135,,13.1512,,,,,,,,,,,,,,,,
2022-06-15,,,,,,,,,,,,,,,,,,,,13.2051,13.4507,13.6085,13.7315,13.7573,,13.5071,13.4001,13.2172,,12.8561,,12.8118,,,,,,,,,,,,,,,,
2022-06-17,,,,,,,,,,,,,,,,,,,,13.2076,13.4003,13.5615,13.6723,13.6695,,13.2923,13.1549,12.9448,,12.6237,,12.5753,,,,,,,,,,,,,,,,
2022-06-20,,,,,,,,,,,,,,,,,,,,13.207,13.4114,13.5964,13.699,13.68,,13.2679,13.1136,12.9087,,12.57,,12.5195,,,,,,,,,,,,,,,,
2022-06-21,,,,,,,,,,,,,,,,,,,,13.207,13.4084,13.5833,13.6943,13.671,,13.2596,13.1006,12.8924,,12.5727,,12.5163,,,,,,,,,,,,,,,,
2022-06-22,,,,,,,,,,,,,,,,,,,,13.207,13.4031,13.5688,13.6674,13.6386,,13.163,12.983,12.7581,,12.4215,,12.3884,,,,,,,,,,,,,,,,
2022-06-23,,,,,,,,,,,,,,,,,,,,13.2014,13.3971,13.527,13.6114,13.5733,,13.0608,12.8792,12.6504,,12.3365,,12.3141,,,,,,,,,,,,,,,,
2022-06-24,,,,,,,,,,,,,,,,,,,,13.1982,13.4526,13.6537,13.7705,13.76,,13.32,13.1515,12.93,,12.6354,,12.5867,,,,,,,,,,,,,,,,
2022-06-27,,,,,,,,,,,,,,,,,,,,13.1998,13.4592,13.6812,13.7911,13.778,,13.38,13.2206,13.004,,12.6631,,12.6187,,,,,,,,,,,,,,,,
2022-06-28,,,,,,,,,,,,,,,,,,,,13.2016,13.48,13.8076,13.9219,13.9336,,13.6478,13.4888,13.3161,,12.98,,12.9195,,,,,,,,,,,,,,,,
2022-06-29,,,,,,,,,,,,,,,,,,,,13.2019,13.4877,13.8079,13.9646,13.9593,,13.6362,13.4752,13.29,,12.978,,12.9091,,,,,,,,,,,,,,,,
2022-06-30,,,,,,,,,,,,,,,,,,,,13.2025,13.4775,13.7993,13.8597,13.805,,13.4477,13.2967,13.1156,,12.8175,,12.7508,,,,,,,,,,,,,,,,
2022-07-01,,,,,,,,,,,,,,,,,,,,,13.4772,13.71,13.7773,13.731,,13.3966,13.2063,13.03,,12.7345,,12.6406,,,,,,,,,,,,,,,,
2022-07-04,,,,,,,,,,,,,,,,,,,,,13.4894,13.735,13.8323,13.7888,,13.5,13.3512,13.1557,,12.8441,,12.7834,,,,,,,,,,,,,,,,
2022-07-05,,,,,,,,,,,,,,,,,,,,,13.4767,13.7372,13.8532,13.8445,,13.5865,13.4561,13.2685,,12.9592,,12.9118,,,,,,,,,,,,,,,,
2022-07-06,,,,,,,,,,,,,,,,,,,,,13.485,13.7821,13.8886,13.888,,13.6211,13.4734,13.2868,,12.991,,12.9224,,,,,,,,,,,,,,,,
2022-07-07,,,,,,,,,,,,,,,,,,,,,13.4826,13.7788,13.8745,13.8727,,13.5864,13.4247,13.2224,,12.9034,,12.835,,,,,,,,,,,,,,,,
2022-07-08,,,,,,,,,,,,,,,,,,,,,13.4994,13.8066,13.9268,13.9465,13.8818,13.698,13.57,13.3587,13.1941,13.063,,12.9949,,12.9985,,,,,,,,,,,,,,
2022-07-11,,,,,,,,,,,,,,,,,,,,,13.5313,13.9093,14.0573,14.138,14.1263,13.9693,13.8435,13.6438,13.4633,13.31,,13.2369,,13.2267,,,,,,,,,,,,,,
2022-07-12,,,,,,,,,,,,,,,,,,,,,13.5414,13.8697,13.9823,14.037,13.9645,13.7675,13.6335,13.4379,13.3027,13.133,,13.0632,,13.0513,,,,,,,,,,,,,,
2022-07-13,,,,,,,,,,,,,,,,,,,,,13.5501,13.8991,14.0365,14.0854,14.0225,13.8375,13.6924,13.4814,13.3261,13.1629,,13.0742,,13.0513,,,,,,,,,,,,,,
2022-07-14,,,,,,,,,,,,,,,,,,,,,13.5667,13.9176,14.0961,14.1561,14.0895,13.9408,13.8104,13.628,13.477,13.2709,,13.1866,,13.1641,,,,,,,,,,,,,,
2022-07-15,,,,,,,,,,,,,,,,,,,,,13.5703,13.8872,14.0443,14.0468,13.9901,13.8271,13.691,13.5035,13.374,13.195,,13.1113,,13.0969,,,,,,,,,,,,,,
2022-07-18,,,,,,,,,,,,,,,,,,,,,13.5928,13.9166,14.1011,14.18,14.1248,14.0329,13.9124,13.7235,13.59,13.43,,13.3541,,13.3488,,,,,,,,,,,,,,
2022-07-19,,,,,,,,,,,,,,,,,,,,,13.6017,13.9373,14.1207,14.2236,14.1961,14.1089,13.9928,13.817,13.6818,13.5197,,13.4589,,13.4606,,,,,,,,,,,,,,
2022-07-20,,,,,,,,,,,,,,,,,,,,,13.6043,13.8963,14.0613,14.125,14.0811,13.9564,13.8466,13.676,13.5701,13.4203,,13.375,,13.4096,,,,,,,,,,,,,,
2022-07-21,,,,,,,,,,,,,,,,,,,,,13.6101,13.9217,14.086,14.1752,14.1352,14.0644,13.9542,13.7875,13.6766,13.565,,13.502,,13.5342,,,,,,,,,,,,,,
2022-07-22,,,,,,,,,,,,,,,,,,,,,13.6125,13.878,13.9957,14.05,13.975,13.8809,13.7712,13.615,13.5189,13.34,,13.3111,,13.3194,,,,,,,,,,,,,,
2022-07-25,,,,,,,,,,,,,,,,,,,,,13.6257,13.8531,13.9662,14.005,13.92,13.8043,13.6873,13.515,13.39,13.257,,13.218,,13.23,,,,,,,,,,,,,,
2022-07-26,,,,,,,,,,,,,,,,,,,,,13.6404,13.9038,14.0267,14.0828,13.9739,13.8486,13.7181,13.53,13.4,13.2712,,13.2111,,13.23,,,,,,,,,,,,,,
2022-07-27,,,,,,,,,,,,,,,,,,,,,13.6541,13.9,14.0182,14.0455,13.8987,13.7533,13.6189,13.4204,13.285,13.1425,,13.0957,,13.0998,,,,,,,,,,,,,,
2022-07-28,,,,,,,,,,,,,,,,,,,,,13.654,13.8499,13.9277,13.9132,13.7279,13.5771,13.4189,13.2351,13.0995,12.9238,,12.8891,,12.8957,,,,,,,,,,,,,,
2022-07-29,,,,,,,,,,,,,,,,,,,,,13.6506,13.8072,13.8649,13.82,13.62,13.4159,13.255,13.0612,12.9408,12.769,,12.7274,,12.7492,,,,,,,,,,,,,,
2022-08-01,,,,,,,,,,,,,,,,,,,,,13.676,13.8317,13.8489,13.7542,13.5349,13.3339,13.1559,12.9418,12.7956,12.6487,,12.6017,,12.5977,,,,,,,,,,,,,,
2022-08-02,,,,,,,,,,,,,,,,,,,,,13.6829,13.8,13.85,13.7754,13.575,13.3868,13.2302,13.0284,12.9,12.7672,,12.7286,,12.7476,,,,,,,,,,,,,,
2022-08-03,,,,,,,,,,,,,,,,,,,,,13.6846,13.805,13.86,13.7965,13.565,13.3533,13.1649,12.9508,12.7933,12.6079,,12.5537,,12.5763,,,,,,,,,,,,,,
2022-08-04,,,,,,,,,,,,,,,,,,,,,13.7111,13.7628,13.76,13.6417,13.3311,13.09,12.8462,12.5812,12.4042,12.2134,,12.1555,,12.1975,,,,,,,,,,,,,,
2022-08-05,,,,,,,,,,,,,,,,,,,,,13.7129,13.7839,13.8068,13.7024,13.4079,13.1,12.865,12.5915,12.4,12.2164,,12.1182,,12.1508,,,,,,,,,,,,,,
2022-08-08,,,,,,,,,,,,,,,,,,,,,13.7069,13.7628,13.7684,13.6436,13.3384,13.0,12.735,12.4327,12.208,11.97,,11.8253,,11.8091,,,,,,,,,,,,,,
2022-08-09,,,,,,,,,,,,,,,,,,,,,13.7002,13.74,13.7572,13.6649,13.3649,13.039,12.7701,12.465,12.2494,12.0199,,11.88,,11.8865,,,,,,,,,,,,,,
2022-08-10,,,,,,,,,,,,,,,,,,,,,13.7019,13.74,13.7353,13.6341,13.3263,13.0091,12.7452,12.45,12.2264,11.9838,,11.835,,11.8508,,,,,,,,,,,,,,
2022-08-11,,,,,,,,,,,,,,,,,,,,,13.7017,13.7381,13.7288,13.6288,13.331,13.0286,12.768,12.499,12.287,12.0617,,11.9285,,11.9461,,,,,,,,,,,,,,
2022-08-12,,,,,,,,,,,,,,,,,,,,,13.7,13.7172,13.7069,13.5716,13.2371,12.9189,12.6231,12.3144,12.1107,11.9022,,11.7831,,11.7843,,,,,,,,,,,,,,
2022-08-15,,,,,,,,,,,,,,,,,,,,,13.7074,13.7319,13.7034,13.5714,13.2405,12.8712,12.5674,12.2409,11.9962,11.7577,,11.6277,,11.5929,,,,,,,,,,,,,,
2022-08-16,,,,,,,,,,,,,,,,,,,,,13.6974,13.73,13.6829,13.5352,13.1854,12.8386,12.5449,12.23,12.0185,11.8079,,11.6921,,11.6566,,,,,,,,,,,,,,
2022-08-17,,,,,,,,,,,,,,,,,,,,,13.6962,13.7335,13.7226,13.6049,13.2875,12.947,12.6671,12.3767,12.1613,11.985,,11.8534,,11.8488,,,,,,,,,,,,,,
2022-08-18,,,,,,,,,,,,,,,,,,,,,13.698,13.7376,13.7278,13.6452,13.3749,13.0925,12.8183,12.5221,12.3388,12.133,,11.9362,,11.9666,,,,,,,,,,,,,,
2022-08-19,,,,,,,,,,,,,,,,,,,,,13.696,13.7488,13.7733,13.7199,13.4736,13.2367,12.9762,12.71,12.487,12.232,,12.1336,,12.098,,,,,,,,,,,,,,
2022-08-22,,,,,,,,,,,,,,,,,,,,,13.702,13.7517,13.7655,13.73,13.4964,13.2287,12.9774,12.6868,12.4407,12.1926,,12.0871,,12.0661,,,,,,,,,,,,,,
2022-08-23,,,,,,,,,,,,,,,,,,,,,13.7022,13.7415,13.75,13.6961,13.4376,13.1517,12.8585,12.5369,12.2726,11.9939,,11.8621,,11.831,,,,,,,,,,,,,,
2022-08-24,,,,,,,,,,,,,,,,,,,,,13.7131,13.741,13.7633,13.7189,13.4775,13.1853,12.9126,12.5968,12.3131,12.0706,,11.94,,11.9107,,,,,,,,,,,,,,
2022-08-25,,,,,,,,,,,,,,,,,,,,,13.7084,13.7413,13.768,13.7481,13.5265,13.2701,13.02,12.7234,12.48,12.2303,,12.1139,,12.1224,,,,,,,,,,,,,,
2022-08-26,,,,,,,,,,,,,,,,,,,,,13.7101,13.7518,13.7606,13.6938,13.4431,13.1493,12.88,12.5865,12.3429,12.0971,,11.9883,,11.9922,,,,,,,,,,,,,,
2022-08-29,,,,,,,,,,,,,,,,,,,,,13.71,13.76,13.7793,13.7301,13.4751,13.2398,13.0,12.7054,12.4823,12.2118,,12.104,,12.0914,,,,,,,,,,,,,,
2022-08-30,,,,,,,,,,,,,,,,,,,,,13.7197,13.7608,13.7685,13.7105,13.459,13.1689,12.9126,12.6409,12.4186,12.183,,12.0729,,12.0866,,,,,,,,,,,,,,
2022-08-31,,,,,,,,,,,,,,,,,,,,,13.7217,13.7485,13.7484,13.6559,13.3549,13.0491,12.7768,12.51,12.2893,12.073,,11.9692,,11.9749,,,,,,,,,,,,,,
2022-09-01,,,,,,,,,,,,,,,,,,,,,13.7175,13.7351,13.7186,13.594,13.2808,12.9435,12.6483,12.3602,12.121,11.8628,,11.76,,11.7643,,,,,,,,,,,,,,
2022-09-02,,,,,,,,,,,,,,,,,,,,,13.7147,13.7269,13.7043,13.57,13.2502,12.9137,12.6231,12.32,12.071,11.8126,,11.7003,,11.69,,,,,,,,,,,,,,
2022-09-05,,,,,,,,,,,,,,,,,,,,,13.708,13.7253,13.7,13.56,13.2447,12.8917,12.6035,12.2714,12.0112,11.7979,,11.6858,,11.6665,,,,,,,,,,,,,,
2022-09-06,,,,,,,,,,,,,,,,,,,,,13.7289,13.76,13.785,13.7145,13.4515,13.1671,12.8813,12.5488,12.2971,12.0365,,11.9076,,11.8809,,,,,,,,,,,,,,
2022-09-08,,,,,,,,,,,,,,,,,,,,,13.7199,13.7549,13.785,13.7099,13.4298,13.0905,12.7658,12.4142,12.1402,11.8588,,11.705,,11.6714,,,,,,,,,,,,,,
2022-09-09,,,,,,,,,,,,,,,,,,,,,13.7186,13.7405,13.7489,13.6461,13.3257,12.9826,12.645,12.2968,12.0067,11.7371,,11.58,,11.5377,,,,,,,,,,,,,,
2022-09-12,,,,,,,,,,,,,,,,,,,,,13.7212,13.7471,13.7769,13.6874,13.396,13.0487,12.7085,12.3599,12.0715,11.8105,,11.6444,,11.6028,,,,,,,,,,,,,,
2022-09-13,,,,,,,,,,,,,,,,,,,,,13.7404,13.7634,13.8083,13.7559,13.5022,13.2004,12.8853,12.5416,12.2605,11.9847,,11.837,,11.8014,,,,,,,,,,,,,,
2022-09-14,,,,,,,,,,,,,,,,,,,,,13.7445,13.7639,13.7981,13.7389,13.49,13.1734,12.8561,12.5211,12.2557,12.0042,,11.87,,11.8508,,,,,,,,,,,,,,
2022-09-15,,,,,,,,,,,,,,,,,,,,,13.7528,13.7931,13.8281,13.7941,13.5526,13.278,12.9823,12.6489,12.3967,12.159,,12.04,,12.0206,,,,,,,,,,,,,,
2022-09-16,,,,,,,,,,,,,,,,,,,,,13.7616,13.8026,13.8418,13.8111,13.5769,13.283,12.9811,12.633,12.3662,12.1066,,11.975,,11.9706,,,,,,,,,,,,,,
2022-09-19,,,,,,,,,,,,,,,,,,,,,13.7573,13.7791,13.821,13.794,13.5609,13.2853,12.9602,12.5914,12.321,12.015,,11.8687,,11.8487,,,,,,,,,,,,,,
2022-09-20,,,,,,,,,,,,,,,,,,,,,13.7608,13.7833,13.8098,13.7742,13.5587,13.297,12.9613,12.59,12.3162,11.9946,,11.8485,,11.8348,,,,,,,,,,,,,,
2022-09-21,,,,,,,,,,,,,,,,,,,,,13.7586,13.7435,13.7538,13.6749,13.4525,13.1368,12.7835,12.395,12.1239,11.814,,11.6365,,11.594,,,,,,,,,,,,,,
2022-09-22,,,,,,,,,,,,,,,,,,,,,13.7055,13.6801,13.6913,13.5616,13.2071,12.8357,12.4642,12.0897,11.8337,11.5616,,11.4415,,11.4209,,,,,,,,,,,,,,
2022-09-23,,,,,,,,,,,,,,,,,,,,,13.7048,13.6802,13.6891,13.5541,13.2267,12.8753,12.521,12.1536,11.9261,11.7007,,11.5811,,11.5996,,,,,,,,,,,,,,
2022-09-26,,,,,,,,,,,,,,,,,,,,,13.7039,13.6968,13.7128,13.6,13.3,12.9959,12.6809,12.3477,12.117,11.9076,,11.8286,,11.8711,,,,,,,,,,,,,,
2022-09-27,,,,,,,,,,,,,,,,,,,,,13.7079,13.6668,13.6631,13.5008,13.165,12.8265,12.4782,12.1226,11.8689,11.662,,11.598,,11.6556,,,,,,,,,,,,,,
2022-09-28,,,,,,,,,,,,,,,,,,,,,13.7055,13.6711,13.6831,13.5567,13.245,12.94,12.6016,12.2423,12.0047,11.8131,,11.7677,,11.8379,,,,,,,,,,,,,,
2022-09-29,,,,,,,,,,,,,,,,,,,,,13.7154,13.6818,13.6734,13.5388,13.2124,12.9109,12.5679,12.2337,12.0065,11.7936,,11.7489,,11.8009,,,,,,,,,,,,,,
2022-09-30,,,,,,,,,,,,,,,,,,,,,13.6957,13.6888,13.6712,13.52,13.1666,12.825,12.4675,12.0997,11.871,11.66,,11.6025,,11.6637,,,,,,,,,,,,,,
2022-10-03,,,,,,,,,,,,,,,,,,,,,,13.6756,13.66,13.4993,13.1228,12.7708,12.404,12.027,11.7781,11.54,,11.4479,,11.4678,,,,,,,,,,,,,,
2022-10-04,,,,,,,,,,,,,,,,,,,,,,13.6916,13.6552,13.497,13.1265,12.78,12.4033,12.0254,11.77,11.535,,11.433,,11.4292,,,,,,,,,,,,,,
2022-10-05,,,,,,,,,,,,,,,,,,,,,,13.6895,13.6572,13.5069,13.1466,12.78,12.42,12.0465,11.7977,11.596,,11.488,,11.5118,,,,,,,,,,,,,,
2022-10-06,,,,,,,,,,,,,,,,,,,,,,13.6952,13.6687,13.5136,13.1512,12.788,12.438,12.0789,11.8338,11.6351,,11.5416,,11.5565,,,,,,,,,,,,,,
2022-10-07,,,,,,,,,,,,,,,,,,,,,,13.698,13.69,13.5421,13.178,12.8164,12.4809,12.115,11.8718,11.64,,11.5375,,11.5565,,,,,,,,,,,,,,
2022-10-10,,,,,,,,,,,,,,,,,,,,,,13.6952,13.6758,13.5218,13.1435,12.761,12.4064,12.045,11.8125,11.5731,,11.48,,11.5117,,,,,,,,,,,,,,
2022-10-11,,,,,,,,,,,,,,,,,,,,,,13.7018,13.6849,13.5369,13.1834,12.8563,12.5084,12.1632,11.9222,11.7225,,11.6421,,11.6836,,,,,,,,,,,,,,
2022-10-13,,,,,,,,,,,,,,,,,,,,,,13.6991,13.6716,13.527,13.1805,12.8498,12.5264,12.19,11.9611,11.7819,,11.6957,,11.7359,,,,,,,,,,,,,,
2022-10-14,,,,,,,,,,,,,,,,,,,,,,13.708,13.687,13.5583,13.225,12.9239,12.6214,12.295,12.071,11.8573,,11.7863,,11.8009,,,,,,,,,,,,,,
2022-10-17,,,,,,,,,,,,,,,,,,,,,,13.6965,13.6883,13.5481,13.1999,12.8836,12.5469,12.195,11.9411,11.7104,,11.621,,11.6511,,,,,,,,,,,,,,
2022-10-18,,,,,,,,,,,,,,,,,,,,,,13.6965,13.6793,13.5387,13.1965,12.8683,12.5291,12.17,11.9141,11.677,,11.5817,,11.614,,,,,,,,,,,,,,
2022-10-19,,,,,,,,,,,,,,,,,,,,,,13.6988,13.6793,13.5455,13.2158,12.9048,12.5676,12.22,11.9734,11.74,,11.6708,,11.7039,,,,,,,,,,,,,,
2022-10-20,,,,,,,,,,,,,,,,,,,,,,13.6974,13.6772,13.55,13.2201,12.8964,12.5714,12.24,11.9983,11.78,,11.7105,,11.7234,,,,,,,,,,,,,,
2022-10-21,,,,,,,,,,,,,,,,,,,,,,13.6995,13.6772,13.545,13.2,12.8688,12.55,12.2246,11.9735,11.7452,,11.678,,11.7027,,,,,,,,,,,,,,
2022-10-24,,,,,,,,,,,,,,,,,,,,,,13.7024,13.6872,13.54,13.2299,12.9111,12.5926,12.28,12.0377,11.8867,,11.8173,,11.8626,,,,,,,,,,,,,,
2022-10-25,,,,,,,,,,,,,,,,,,,,,,13.6986,13.6711,13.5622,13.2454,12.9754,12.6632,12.354,12.1032,11.9063,,11.8336,,11.8628,,,,,,,,,,,,,,
2022-10-26,,,,,,,,,,,,,,,,,,,,,,13.6976,13.6725,13.5937,13.2945,13.0191,12.7288,12.4123,12.1826,11.9851,,11.9282,,11.9733,,,,,,,,,,,,,,
2022-10-27,,,,,,,,,,,,,,,,,,,,,,13.6856,13.6709,13.592,13.2906,12.9933,12.6885,12.3563,12.0992,11.8961,,11.8242,,11.8591,,,,,,,,,,,,,,
2022-10-28,,,,,,,,,,,,,,,,,,,,,,13.6942,13.685,13.605,13.2759,12.9979,12.6836,12.3532,12.101,11.8781,,11.815,,11.8508,,,,,,,,,,,,,,
2022-10-31,,,,,,,,,,,,,,,,,,,,,,13.6889,13.6685,13.5827,13.2344,12.9461,12.611,12.2506,11.9713,11.7595,,11.675,,11.7165,,,,,,,,,,,,,,
2022-11-01,,,,,,,,,,,,,,,,,,,,,,13.6902,13.6629,13.6038,13.2772,12.9463,12.5939,12.2394,11.9715,11.7431,,11.665,,11.6538,,,,,,,,,,,,,,
2022-11-03,,,,,,,,,,,,,,,,,,,,,,13.6928,13.6735,13.6307,13.3077,13.002,12.6635,12.3136,12.0412,11.8154,,11.7434,,11.7225,,,,,,,,,,,,,,
2022-11-04,,,,,,,,,,,,,,,,,,,,,,13.6917,13.6642,13.615,13.2821,12.9667,12.6137,12.2527,11.9915,11.7685,,11.6916,,11.6863,,,,,,,,,,,,,,
2022-11-07,,,,,,,,,,,,,,,,,,,,,,13.7043,13.6915,13.645,13.3427,13.0613,12.74,12.4159,12.1614,11.958,,11.895,,11.907,,,,,,,,,,,,,,
2022-11-08,,,,,,,,,,,,,,,,,,,,,,13.7007,13.6972,13.665,13.3644,13.0811,12.7663,12.4617,12.224,12.0476,,11.999,,12.0187,,,,,,,,,,,,,,
2022-11-09,,,,,,,,,,,,,,,,,,,,,,13.6928,13.6864,13.6418,13.3599,13.0761,12.7733,12.4594,12.2367,12.0662,,12.0164,,12.041,,,,,,,,,,,,,,
2022-11-10,,,,,,,,,,,,,,,,,,,,,,13.7415,13.806,13.8882,13.7898,13.6475,13.4691,13.2926,13.1623,13.0788,,13.0878,,13.1461,,,,,,,,,,,,,,
2022-11-11,,,,,,,,,,,,,,,,,,,,,,13.7526,13.8281,14.0144,13.9726,13.9363,13.8149,13.6415,13.5078,13.33,,13.3342,,13.3535,,,,,,,,,,,,,,
2022-11-14,,,,,,,,,,,,,,,,,,,,,,13.7252,13.7321,13.8836,13.8216,13.767,13.629,13.4025,13.2061,13.0331,,12.995,,12.9606,,,,,,,,,,,,,,
2022-11-16,,,,,,,,,,,,,,,,,,,,,,13.74,13.7868,14.0103,14.0377,14.0915,14.0009,13.7889,13.5783,13.3916,,13.3304,,13.3183,,,,,,,,,,,,,,
2022-11-17,,,,,,,,,,,,,,,,,,,,,,13.7441,13.8528,14.0838,14.1378,14.16,14.1247,13.9621,13.8104,13.595,,13.5391,,13.5139,,,,,,,,,,,,,,
2022-11-18,,,,,,,,,,,,,,,,,,,,,,13.7327,13.8895,14.2065,14.2759,14.355,14.2898,14.1045,13.945,13.735,,13.6911,,13.6658,,,,,,,,,,,,,,
2022-11-21,,,,,,,,,,,,,,,,,,,,,,13.7282,13.834,14.1345,14.2175,14.286,14.205,13.9839,13.8,13.5668,,13.5045,,13.4872,,,,,,,,,,,,,,
2022-11-22,,,,,,,,,,,,,,,,,,,,,,13.73,13.8597,14.1813,14.3013,14.405,14.3335,14.1249,13.9189,13.7312,,13.6715,,13.6711,,,,,,,,,,,,,,
2022-11-23,,,,,,,,,,,,,,,,,,,,,,13.74,13.8598,14.3125,14.5197,14.615,14.603,14.3824,14.2413,13.9776,,13.9391,,13.9757,,,,,,,,,,,,,,
2022-11-24,,,,,,,,,,,,,,,,,,,,,,13.738,13.797,14.1522,14.2635,14.3365,14.2941,14.0743,13.878,13.677,,13.6505,,13.6266,,,,,,,,,,,,,,
2022-11-25,,,,,,,,,,,,,,,,,,,,,,13.7393,13.8201,14.21,14.3693,14.505,14.4639,14.2757,14.0947,13.93,,13.8729,,13.84,,,,,,,,,,,,,,
2022-11-28,,,,,,,,,,,,,,,,,,,,,,13.7351,13.8151,14.175,14.2589,14.3111,14.2598,14.0885,13.9005,13.7268,,13.695,,13.6539,,,,,,,,,,,,,,
2022-11-29,,,,,,,,,,,,,,,,,,,,,,13.7258,13.74,13.9715,13.9647,13.974,13.87,13.6636,13.4341,13.2023,,13.1489,,13.0888,,,,,,,,,,,,,,
2022-11-30,,,,,,,,,,,,,,,,,,,,,,13.7169,13.715,13.94,13.9439,13.9195,13.8,13.5277,13.2591,13.0657,,12.9565,,12.8809,,,,,,,,,,,,,,
2022-12-01,,,,,,,,,,,,,,,,,,,,,,13.7079,13.7029,13.9709,13.9726,13.9816,13.8639,13.603,13.36,13.15,,13.0565,,13.0011,,,,,,,,,,,,,,
2022-12-02,,,,,,,,,,,,,,,,,,,,,,13.701,13.6707,13.9004,13.8722,13.8269,13.6949,13.4381,13.1831,12.9239,,12.8094,,12.7343,,,,,,,,,,,,,,
2022-12-05,,,,,,,,,,,,,,,,,,,,,,13.7019,13.7,13.9988,13.9983,13.9865,13.8636,13.6081,13.3636,13.1104,,12.9964,,12.9229,,,,,,,,,,,,,,
2022-12-06,,,,,,,,,,,,,,,,,,,,,,13.7027,13.7044,13.994,14.0134,14.0014,13.8784,13.6516,13.4339,13.1939,,13.0892,,13.02,,,,,,,,,,,,,,
2022-12-07,,,,,,,,,,,,,,,,,,,,,,13.701,13.6641,13.91,13.8932,13.8441,13.711,13.481,13.2464,13.0525,,12.9629,,12.9077,,,,,,,,,,,,,,
2022-12-08,,,,,,,,,,,,,,,,,,,,,,13.6949,13.6383,13.865,13.824,13.8261,13.72,13.5069,13.3038,13.085,,13.0111,,12.958,,,,,,,,,,,,,,
2022-12-09,,,,,,,,,,,,,,,,,,,,,,13.6939,13.6155,13.8053,13.7749,13.8033,13.7129,13.5118,13.3105,13.0845,,13.0291,,12.9969,,,,,,,,,,,,,,
2022-12-12,,,,,,,,,,,,,,,,,,,,,,13.7112,13.6444,13.9052,13.9196,13.978,13.9272,13.7568,13.608,13.4186,,13.3649,,13.3047,,,,,,,,,,,,,,
2022-12-13,,,,,,,,,,,,,,,,,,,,,,13.7136,13.65,13.905,13.9355,14.0671,14.0758,13.9487,13.8288,13.6648,,13.6145,,13.5594,,,,,,,,,,,,,,
2022-12-14,,,,,,,,,,,,,,,,,,,,,,13.7145,13.6388,13.9323,13.9495,14.0738,14.0888,14.0431,13.9802,13.8502,,13.8501,,13.8249,,,,,,,,,,,,,,
2022-12-15,,,,,,,,,,,,,,,,,,,,,,13.7234,13.6189,13.834,13.8047,13.8904,13.8729,13.8064,13.7205,13.5999,,13.5998,,13.586,,,,,,,,,,,,,,
2022-12-16,,,,,,,,,,,,,,,,,,,,,,13.7318,13.6249,13.845,13.826,13.9473,13.9409,13.9164,13.8787,13.7815,,13.8048,,13.8008,,,,,,,,,,,,,,
2022-12-19,,,,,,,,,,,,,,,,,,,,,,13.7514,13.6365,13.8545,13.8261,13.9446,13.9391,13.8872,13.8453,13.7328,,13.7551,,13.7572,,,,,,,,,,,,,,
2022-12-20,,,,,,,,,,,,,,,,,,,,,,13.7833,13.613,13.8001,13.7524,13.814,13.738,13.614,13.5144,13.3637,,13.3528,,13.3575,,,,,,,,,,,,,,
2022-12-21,,,,,,,,,,,,,,,,,,,,,,13.8245,13.606,13.7798,13.7433,13.7893,13.7022,13.5407,13.4212,13.2615,,13.2544,,13.2674,,,,,,,,,,,,,,
2022-12-22,,,,,,,,,,,,,,,,,,,,,,13.8715,13.5959,13.7468,13.6737,13.674,13.5607,13.3767,13.2453,13.0827,,13.0951,,13.1276,,,,,,,,,,,,,,
2022-12-23,,,,,,,,,,,,,,,,,,,,,,13.9019,13.5918,13.7405,13.59,13.5259,13.3751,13.166,13.0274,12.853,,12.8885,,12.95,,,,,,,,,,,,,,
2022-12-26,,,,,,,,,,,,,,,,,,,,,,13.9483,13.595,13.7637,13.637,13.5699,13.4476,13.2727,13.1407,12.9905,,13.0119,,13.0463,,,,,,,,,,,,,,
2022-12-27,,,,,,,,,,,,,,,,,,,,,,14.0475,13.5977,13.7566,13.6133,13.5281,13.4108,13.229,13.1035,12.9735,,13.007,,13.0523,,,,,,,,,,,,,,
2022-12-28,,,,,,,,,,,,,,,,,,,,,,14.1226,13.588,13.7207,13.549,13.4166,13.2582,13.052,12.8957,12.7301,,12.7465,,12.7801,,,,,,,,,,,,,,
2022-12-29,,,,,,,,,,,,,,,,,,,,,,14.1371,13.59,13.7056,13.527,13.388,13.2278,13.0076,12.828,12.6781,,12.6763,,12.7074,,,,,,,,,,,,,,
2022-12-30,,,,,,,,,,,,,,,,,,,,,,14.1371,13.59,13.7056,13.527,13.388,13.2278,13.0076,12.828,12.6781,,12.6763,,12.7074,,,,,,,,,,,,,,
2023-01-02,,,,,,,,,,,,,,,,,,,,,,,13.5866,13.6955,13.5913,13.4879,13.3618,13.1961,13.0495,12.9274,,12.9451,,12.992,,,,,,,,,,,,,,
2023-01-03,,,,,,,,,,,,,,,,,,,,,,,13.5907,13.7421,13.7005,13.6551,13.5811,13.4387,13.3039,13.188,,13.2057,,13.2424,,,,,,,,,,,,,,
2023-01-04,,,,,,,,,,,,,,,,,,,,,,,13.5965,13.7841,13.7706,13.7639,13.7032,13.5614,13.445,13.3326,,13.3472,,13.402,,,,,,,,,,,,,,
2023-01-05,,,,,,,,,,,,,,,,,,,,,,,13.5868,13.7399,13.698,13.6979,13.596,13.4361,13.2875,13.156,,13.129,,13.164,,,,,,,,,,,,,,
2023-01-06,,,,,,,,,,,,,,,,,,,,,,,13.6107,13.7154,13.6555,13.6049,13.4685,13.2641,13.089,12.9321,12.9199,12.8977,,12.9177,,12.9759,,,,,,,,,,,,
2023-01-09,,,,,,,,,,,,,,,,,,,,,,,13.6226,13.6948,13.635,13.577,13.4241,13.1824,12.9845,12.8099,12.7771,12.769,,12.8025,,12.8568,,,,,,,,,,,,
2023-01-10,,,,,,,,,,,,,,,,,,,,,,,13.6264,13.7075,13.6657,13.594,13.438,13.164,12.932,12.722,12.6503,12.624,,12.637,,12.6739,,,,,,,,,,,,
2023-01-11,,,,,,,,,,,,,,,,,,,,,,,13.6607,13.7138,13.6478,13.5494,13.3473,13.0624,12.821,12.5917,12.5172,12.4832,,12.4764,,12.5026,,,,,,,,,,,,
2023-01-12,,,,,,,,,,,,,,,,,,,,,,,13.6738,13.7215,13.6106,13.4598,13.217,12.9168,12.6582,12.4282,12.3744,12.3189,,12.3035,,12.3324,,,,,,,,,,,,
2023-01-13,,,,,,,,,,,,,,,,,,,,,,,13.6838,13.7099,13.619,13.452,13.2277,12.9291,12.662,12.4414,12.4009,12.3581,,12.3653,,12.4115,,,,,,,,,,,,
2023-01-16,,,,,,,,,,,,,,,,,,,,,,,13.6865,13.7296,13.6871,13.562,13.3895,13.1137,12.887,12.6895,12.6615,12.6239,,12.6487,,12.7009,,,,,,,,,,,,
2023-01-17,,,,,,,,,,,,,,,,,,,,,,,13.6766,13.7032,13.6517,13.5001,13.2994,13.0113,12.7604,12.5444,12.5145,12.4826,,12.5062,,12.5639,,,,,,,,,,,,
2023-01-18,,,,,,,,,,,,,,,,,,,,,,,13.6713,13.6818,13.6228,13.4767,13.2746,12.9956,12.7651,12.5742,12.5465,12.5312,,12.5658,,12.6298,,,,,,,,,,,,
2023-01-19,,,,,,,,,,,,,,,,,,,,,,,13.67,13.6903,13.6401,13.5058,13.3119,13.0435,12.8333,12.6482,12.6243,12.6206,,12.651,,12.7303,,,,,,,,,,,,
2023-01-20,,,,,,,,,,,,,,,,,,,,,,,13.6599,13.682,13.6404,13.5201,13.3755,13.1454,12.9672,12.808,12.8013,12.8174,,12.883,,12.9777,,,,,,,,,,,,
2023-01-23,,,,,,,,,,,,,,,,,,,,,,,13.6615,13.6973,13.656,13.5676,13.4329,13.2126,13.0386,12.8892,12.8852,12.896,,12.9583,,13.0776,,,,,,,,,,,,
2023-01-24,,,,,,,,,,,,,,,,,,,,,,,13.6573,13.6887,13.6403,13.5315,13.3756,13.1323,12.9475,12.775,12.777,12.7693,,12.8397,,12.974,,,,,,,,,,,,
2023-01-25,,,,,,,,,,,,,,,,,,,,,,,13.6404,13.6838,13.6118,13.4786,13.3116,13.0543,12.8493,12.6708,12.6655,12.641,,12.6961,,12.8162,,,,,,,,,,,,
2023-01-26,,,,,,,,,,,,,,,,,,,,,,,13.6351,13.6908,13.6141,13.5014,13.3451,13.0967,12.8955,12.7304,12.7442,12.7051,,12.7413,,12.8354,,,,,,,,,,,,
2023-01-27,,,,,,,,,,,,,,,,,,,,,,,13.6476,13.7067,13.6531,13.5527,13.4135,13.2104,13.0211,12.8792,12.8879,12.8708,,12.9163,,13.0112,,,,,,,,,,,,
2023-01-30,,,,,,,,,,,,,,,,,,,,,,,13.6457,13.7093,13.656,13.557,13.4229,13.2387,13.0514,12.9085,12.9177,12.8873,,12.9247,,13.0239,,,,,,,,,,,,
2023-01-31,,,,,,,,,,,,,,,,,,,,,,,13.6397,13.7017,13.636,13.5316,13.3844,13.1795,12.9806,12.8391,12.8408,12.8195,,12.85,,12.9428,,,,,,,,,,,,
2023-02-01,,,,,,,,,,,,,,,,,,,,,,,13.6456,13.7308,13.6789,13.593,13.4533,13.2575,13.0627,12.9233,12.932,12.9209,,12.9692,,13.0604,,,,,,,,,,,,
2023-02-02,,,,,,,,,,,,,,,,,,,,,,,13.6421,13.719,13.6948,13.6445,13.551,13.368,13.1644,13.0028,12.9849,12.9436,,12.9356,,13.0023,,,,,,,,,,,,
2023-02-03,,,,,,,,,,,,,,,,,,,,,,,13.642,13.7588,13.7928,13.7782,13.7186,13.5711,13.3998,13.2545,13.2451,13.2142,,13.2188,,13.2967,,,,,,,,,,,,
2023-02-06,,,,,,,,,,,,,,,,,,,,,,,13.6474,13.7764,13.8246,13.8092,13.736,13.575,13.3987,13.253,13.25,13.203,,13.205,,13.2762,,,,,,,,,,,,
2023-02-07,,,,,,,,,,,,,,,,,,,,,,,13.646,13.7452,13.7074,13.6629,13.574,13.424,13.2604,13.127,13.1284,13.1241,,13.1519,,13.235,,,,,,,,,,,,
2023-02-08,,,,,,,,,,,,,,,,,,,,,,,13.6397,13.7145,13.6352,13.5568,13.4038,13.1952,13.0027,12.852,12.876,12.8526,,12.9341,,13.0477,,,,,,,,,,,,
2023-02-09,,,,,,,,,,,,,,,,,,,,,,,13.6346,13.685,13.5581,13.4343,13.28,13.122,12.989,12.888,12.9397,12.9576,,13.073,,13.2234,,,,,,,,,,,,
2023-02-10,,,,,,,,,,,,,,,,,,,,,,,13.6366,13.6892,13.5495,13.4433,13.3103,13.145,13.005,12.894,12.9332,12.951,,13.0744,,13.2117,,,,,,,,,,,,
2023-02-13,,,,,,,,,,,,,,,,,,,,,,,13.6334,13.695,13.587,13.524,13.4194,13.2725,13.124,13.0006,13.0329,13.033,,13.129,,13.2383,,,,,,,,,,,,
2023-02-14,,,,,,,,,,,,,,,,,,,,,,,13.6357,13.67,13.5338,13.4553,13.3164,13.1422,13.001,12.8905,12.9238,12.9511,,13.0852,,13.2239,,,,,,,,,,,,
2023-02-15,,,,,,,,,,,,,,,,,,,,,,,13.6301,13.6352,13.4273,13.278,13.0996,12.908,12.741,12.618,12.6347,12.655,,12.7943,,12.9521,,,,,,,,,,,,
2023-02-16,,,,,,,,,,,,,,,,,,,,,,,13.6302,13.6177,13.4064,13.2463,13.0756,12.873,12.726,12.611,12.6603,12.6758,,12.845,,13.0262,,,,,,,,,,,,
2023-02-17,,,,,,,,,,,,,,,,,,,,,,,13.6292,13.6138,13.412,13.2559,13.064,12.8511,12.677,12.552,12.5916,12.592,,12.7395,,12.9078,,,,,,,,,,,,
2023-02-22,,,,,,,,,,,,,,,,,,,,,,,13.6295,13.6344,13.4901,13.382,13.195,12.9687,12.79,12.668,12.6951,12.6943,,12.817,,12.9704,,,,,,,,,,,,
2023-02-23,,,,,,,,,,,,,,,,,,,,,,,13.6396,13.6462,13.519,13.397,13.206,12.965,12.7733,12.636,12.6669,12.665,,12.7919,,12.9636,,,,,,,,,,,,
2023-02-24,,,,,,,,,,,,,,,,,,,,,,,13.6339,13.6602,13.5745,13.4784,13.3169,13.1,12.9297,12.802,12.8419,12.841,,12.9829,,13.1409,,,,,,,,,,,,
2023-02-27,,,,,,,,,,,,,,,,,,,,,,,13.6362,13.645,13.5047,13.3499,13.1704,12.952,12.7667,12.6231,12.6485,12.639,,12.7587,,12.9038,,,,,,,,,,,,
2023-02-28,,,,,,,,,,,,,,,,,,,,,,,13.6318,13.642,13.525,13.3802,13.2084,12.9977,12.8239,12.7052,12.73,12.7307,,12.8465,,12.9938,,,,,,,,,,,,
2023-03-01,,,,,,,,,,,,,,,,,,,,,,,13.633,13.6297,13.485,13.3236,13.1478,12.9471,12.793,12.7007,12.7452,12.7612,,12.911,,13.0896,,,,,,,,,,,,
2023-03-02,,,,,,,,,,,,,,,,,,,,,,,13.6355,13.6373,13.4905,13.35,13.1958,13.0316,12.8984,12.8277,12.8892,12.9136,,13.0644,,13.2352,,,,,,,,,,,,
2023-03-03,,,,,,,,,,,,,,,,,,,,,,,13.6326,13.643,13.5049,13.371,13.2332,13.0725,12.948,12.8714,12.9338,12.949,,13.0842,,13.2518,,,,,,,,,,,,
2023-03-06,,,,,,,,,,,,,,,,,,,,,,,13.6326,13.609,13.4462,13.283,13.1113,12.9362,12.81,12.7294,12.7906,12.8105,,12.9664,,13.1507,,,,,,,,,,,,
2023-03-07,,,,,,,,,,,,,,,,,,,,,,,13.5605,13.5743,13.3886,13.2094,13.0368,12.862,12.738,12.6517,12.702,12.7242,,12.8676,,13.0372,,,,,,,,,,,,
2023-03-08,,,,,,,,,,,,,,,,,,,,,,,13.5789,13.5681,13.3252,13.0923,12.862,12.661,12.517,12.4307,12.486,12.505,,12.646,,12.8435,,,,,,,,,,,,
2023-03-09,,,,,,,,,,,,,,,,,,,,,,,13.6122,13.5569,13.28,13.0242,12.775,12.526,12.3453,12.2369,12.2939,12.294,,12.4278,,12.612,,,,,,,,,,,,
2023-03-10,,,,,,,,,,,,,,,,,,,,,,,13.6187,13.5955,13.37,13.158,12.927,12.6898,12.5113,12.3919,12.441,12.4314,,12.5459,,12.7234,,,,,,,,,,,,
2023-03-13,,,,,,,,,,,,,,,,,,,,,,,13.6086,13.5355,13.265,13.0145,12.765,12.5118,12.3205,12.1878,12.232,12.2238,,12.3441,,12.52,,,,,,,,,,,,
2023-03-14,,,,,,,,,,,,,,,,,,,,,,,13.6182,13.5592,13.295,13.0542,12.8151,12.5521,12.3658,12.2427,12.29,12.294,,12.4357,,12.626,,,,,,,,,,,,
2023-03-15,,,,,,,,,,,,,,,,,,,,,,,13.6129,13.5379,13.2481,12.9632,12.6797,12.3972,12.204,12.0949,12.1467,12.1579,,12.3408,,12.5696,,,,,,,,,,,,
2023-03-16,,,,,,,,,,,,,,,,,,,,,,,13.6164,13.5666,13.2995,13.0363,12.7779,12.5071,12.3194,12.2076,12.26,12.2671,,12.429,,12.6365,,,,,,,,,,,,
2023-03-17,,,,,,,,,,,,,,,,,,,,,,,13.6152,13.5669,13.2639,12.9706,12.687,12.3993,12.2,12.0869,12.139,12.1409,,12.2987,,12.5168,,,,,,,,,,,,
2023-03-20,,,,,,,,,,,,,,,,,,,,,,,13.617,13.564,13.2826,12.9825,12.717,12.4248,12.229,12.1087,12.152,12.153,,12.2976,,12.4942,,,,,,,,,,,,
2023-03-21,,,,,,,,,,,,,,,,,,,,,,,13.62,13.5806,13.3088,13.0103,12.7436,12.452,12.256,12.1302,12.1654,12.169,,12.2914,,12.4814,,,,,,,,,,,,
2023-03-22,,,,,,,,,,,,,,,,,,,,,,,13.6213,13.5718,13.3075,13.022,12.7452,12.4366,12.2117,12.0735,12.0919,12.0845,,12.193,,12.376,,,,,,,,,,,,
2023-03-23,,,,,,,,,,,,,,,,,,,,,,,13.6282,13.6142,13.4292,13.187,12.9188,12.5703,12.3201,12.1552,12.1637,12.137,,12.257,,12.4326,,,,,,,,,,,,
2023-03-24,,,,,,,,,,,,,,,,,,,,,,,13.6265,13.5906,13.3682,13.0895,12.7847,12.41,12.1465,11.9808,11.986,11.9655,,12.0928,,12.2982,,,,,,,,,,,,
2023-03-27,,,,,,,,,,,,,,,,,,,,,,,13.6242,13.6001,13.355,13.057,12.736,12.3421,12.073,11.9127,11.9052,11.8841,,12.0093,,12.1913,,,,,,,,,,,,
2023-03-28,,,,,,,,,,,,,,,,,,,,,,,13.6231,13.6161,13.4165,13.155,12.845,12.4549,12.197,12.0358,12.0257,12.0018,,12.0913,,12.2451,,,,,,,,,,,,
2023-03-29,,,,,,,,,,,,,,,,,,,,,,,13.6321,13.6326,13.4365,13.2332,12.969,12.6189,12.3666,12.1906,12.1826,12.16,,12.2337,,12.3726,,,,,,,,,,,,
2023-03-30,,,,,,,,,,,,,,,,,,,,,,,13.627,13.628,13.4026,13.163,12.8424,12.4435,12.179,11.9766,11.9547,11.936,,12.0037,,12.1591,,,,,,,,,,,,
2023-03-31,,,,,,,,,,,,,,,,,,,,,,,13.6395,13.6426,13.431,13.2004,12.8956,12.504,12.2232,12.0387,12.0162,11.983,,12.028,,12.1627,,,,,,,,,,,,
2023-04-03,,,,,,,,,,,,,,,,,,,,,,,,13.64,13.4456,13.2094,12.8807,12.4942,12.208,12.003,11.9766,11.9488,,12.003,,12.1322,,,,,,,,,,,,
2023-04-04,,,,,,,,,,,,,,,,,,,,,,,,13.6466,13.4773,13.2459,12.916,12.5289,12.227,12.024,11.9897,11.9488,,11.981,,12.0918,,,,,,,,,,,,
2023-04-05,,,,,,,,,,,,,,,,,,,,,,,,13.645,13.476,13.2355,12.8985,12.5044,12.199,11.988,11.9504,11.9046,,11.9162,,12.0161,,,,,,,,,,,,
2023-04-06,,,,,,,,,,,,,,,,,,,,,,,,13.6524,13.4889,13.2628,12.948,12.5684,12.2607,12.0593,12.0249,11.9859,,12.0037,,12.1205,,,,,,,,,,,,
2023-04-10,,,,,,,,,,,,,,,,,,,,,,,,13.6562,13.4792,13.2404,12.921,12.5305,12.222,12.0174,11.9908,11.9463,,11.9736,,12.0988,,,,,,,,,,,,
2023-04-11,,,,,,,,,,,,,,,,,,,,,,,,13.6419,13.4108,13.1401,12.7763,12.3487,12.0124,11.7862,11.7478,11.6898,,11.7101,,11.8436,,,,,,,,,,,,
2023-04-12,,,,,,,,,,,,,,,,,,,,,,,,13.6458,13.42,13.1514,12.7967,12.3707,12.038,11.8311,11.7784,11.7193,,11.7227,,11.849,,,,,,,,,,,,
2023-04-13,,,,,,,,,,,,,,,,,,,,,,,,13.654,13.4348,13.1767,12.818,12.3837,12.0347,11.8117,11.7505,11.681,,11.6642,,11.7662,,,,,,,,,,,,
2023-04-14,,,,,,,,,,,,,,,,,,,,,,,,13.6511,13.4439,13.2068,12.8828,12.4674,12.135,11.92,11.8583,11.7888,,11.7755,,11.8676,,,,,,,,,,,,
2023-04-17,,,,,,,,,,,,,,,,,,,,,,,,13.662,13.4685,13.2281,12.9027,12.4995,12.1557,11.936,11.8764,11.7994,,11.7713,,11.8639,,,,,,,,,,,,
2023-04-18,,,,,,,,,,,,,,,,,,,,,,,,13.6644,13.4943,13.2546,12.932,12.5463,12.2206,12.0153,11.9648,11.8866,,11.865,,11.9618,,,,,,,,,,,,
2023-04-19,,,,,,,,,,,,,,,,,,,,,,,,13.6651,13.5125,13.2797,12.9759,12.627,12.332,12.1542,12.118,12.0611,,12.068,,12.1952,,,,,,,,,,,,
2023-04-20,,,,,,,,,,,,,,,,,,,,,,,,13.665,13.5029,13.2307,12.891,12.5135,12.19,12.006,11.966,11.904,,11.903,,12.039,,,,,,,,,,,,
2023-04-24,,,,,,,,,,,,,,,,,,,,,,,,13.662,13.489,13.2092,12.859,12.4635,12.1264,11.9267,11.8861,11.813,,11.816,,11.959,,,,,,,,,,,,
2023-04-25,,,,,,,,,,,,,,,,,,,,,,,,13.6583,13.471,13.1794,12.825,12.4229,12.0718,11.856,11.7981,11.721,,11.7193,,11.8462,,,,,,,,,,,,
2023-04-26,,,,,,,,,,,,,,,,,,,,,,,,13.6681,13.4992,13.22,12.864,12.4642,12.11,11.887,11.8231,11.7341,,11.701,,11.8165,,,,,,,,,,,,
2023-04-27,,,,,,,,,,,,,,,,,,,,,,,,13.669,13.5003,13.2306,12.886,12.4935,12.1427,11.9444,11.8703,11.7706,,11.721,,11.8161,,,,,,,,,,,,
2023-04-28,,,,,,,,,,,,,,,,,,,,,,,,13.6733,13.5354,13.2987,12.982,12.615,12.2933,12.1079,12.0309,11.9422,,11.875,,11.9584,,,,,,,,,,,,
2023-05-02,,,,,,,,,,,,,,,,,,,,,,,,13.672,13.5162,13.261,12.9345,12.557,12.2233,12.0284,11.953,11.875,,11.8281,,11.9281,,,,,,,,,,,,
2023-05-03,,,,,,,,,,,,,,,,,,,,,,,,13.6729,13.5081,13.246,12.9029,12.5063,12.1441,11.928,11.8427,11.7528,,11.6938,,11.7983,,,,,,,,,,,,
2023-05-04,,,,,,,,,,,,,,,,,,,,,,,,13.683,13.509,13.2132,12.8472,12.435,12.047,11.8022,11.7079,11.5945,,11.5272,,11.632,,,,,,,,,,,,
2023-05-05,,,,,,,,,,,,,,,,,,,,,,,,13.6862,13.5117,13.1994,12.8228,12.389,11.9918,11.745,11.6536,11.5403,,11.481,,11.6019,,,,,,,,,,,,
2023-05-08,,,,,,,,,,,,,,,,,,,,,,,,13.6905,13.5191,13.2071,12.8107,12.3544,11.9549,11.705,11.619,11.5226,,11.5027,,11.6544,,,,,,,,,,,,
2023-05-09,,,,,,,,,,,,,,,,,,,,,,,,13.6862,13.5379,13.2465,12.862,12.4236,12.0446,11.802,11.7146,11.6123,,11.5649,,11.7115,,,,,,,,,,,,
2023-05-10,,,,,,,,,,,,,,,,,,,,,,,,13.6929,13.5443,13.2704,12.8872,12.4328,12.0324,11.771,11.6709,11.5564,,11.4842,,11.6194,,,,,,,,,,,,
2023-05-11,,,,,,,,,,,,,,,,,,,,,,,,13.6993,13.5382,13.256,12.856,12.3955,11.9744,11.692,11.5728,11.4459,,11.3613,,11.4717,,,,,,,,,,,,
2023-05-12,,,,,,,,,,,,,,,,,,,,,,,,13.7014,13.5516,13.2937,12.9226,12.4784,12.0554,11.7554,11.6179,11.4745,,11.3612,,11.434,,,,,,,,,,,,
2023-05-15,,,,,,,,,,,,,,,,,,,,,,,,13.702,13.5557,13.3081,12.9287,12.4715,12.0351,11.7097,11.5435,11.3928,,11.2389,,11.3038,,,,,,,,,,,,
2023-05-16,,,,,,,,,,,,,,,,,,,,,,,,13.703,13.5531,13.3066,12.9335,12.476,12.0491,11.7415,11.5847,11.4486,,11.3055,,11.3785,,,,,,,,,,,,
2023-05-17,,,,,,,,,,,,,,,,,,,,,,,,13.703,13.5595,13.3305,12.9633,12.518,12.098,11.8043,11.6527,11.5151,,11.3795,,11.452,,,,,,,,,,,,
2023-05-18,,,,,,,,,,,,,,,,,,,,,,,,13.7129,13.5572,13.3163,12.9337,12.4709,12.044,11.7352,11.5814,11.448,,11.3172,,11.398,,,,,,,,,,,,
2023-05-19,,,,,,,,,,,,,,,,,,,,,,,,13.7093,13.5623,13.303,12.916,12.459,12.037,11.7383,11.5852,11.455,,11.3357,,11.43,,,,,,,,,,,,
2023-05-22,,,,,,,,,,,,,,,,,,,,,,,,13.7171,13.5648,13.307,12.9348,12.4865,12.0731,11.7783,11.6233,11.4927,,11.3772,,11.4577,,,,,,,,,,,,
2023-05-23,,,,,,,,,,,,,,,,,,,,,,,,13.717,13.5588,13.2884,12.91,12.4555,12.0256,11.7238,11.5617,11.4204,,11.2682,,11.3344,,,,,,,,,,,,
2023-05-24,,,,,,,,,,,,,,,,,,,,,,,,13.7152,13.544,13.265,12.8785,12.4123,11.9733,11.664,11.5032,11.3629,,11.2196,,11.2846,,,,,,,,,,,,
2023-05-25,,,,,,,,,,,,,,,,,,,,,,,,13.7065,13.5101,13.181,12.755,12.2661,11.8277,11.517,11.3425,11.198,,11.0567,,11.12,,,,,,,,,,,,
2023-05-26,,,,,,,,,,,,,,,,,,,,,,,,13.7039,13.497,13.1681,12.7302,12.2285,11.7888,11.477,11.3042,11.1634,,11.0049,,11.0783,,,,,,,,,,,,
2023-05-29,,,,,,,,,,,,,,,,,,,,,,,,13.7064,13.5148,13.2075,12.7803,12.2804,11.8417,11.526,11.3512,11.207,,11.047,,11.1032,,,,,,,,,,,,
2023-05-30,,,,,,,,,,,,,,,,,,,,,,,,13.7163,13.5092,13.1942,12.7518,12.2418,11.796,11.483,11.2996,11.1514,,10.986,,11.046,,,,,,,,,,,,
2023-05-31,,,,,,,,,,,,,,,,,,,,,,,,13.713,13.5092,13.2136,12.7771,12.2759,11.833,11.5148,11.32,11.1587,,10.979,,11.033,,,,,,,,,,,,
2023-06-01,,,,,,,,,,,,,,,,,,,,,,,,13.7192,13.5,13.198,12.7502,12.2473,11.808,11.4908,11.291,11.1287,,10.94,,10.9901,,,,,,,,,,,,
2023-06-02,,,,,,,,,,,,,,,,,,,,,,,,13.7182,13.506,13.2063,12.7623,12.2559,11.826,11.509,11.3121,11.1428,,10.9037,,10.9172,,,,,,,,,,,,
2023-06-05,,,,,,,,,,,,,,,,,,,,,,,,13.7233,13.4801,13.1594,12.6823,12.1399,11.672,11.336,11.1218,10.946,,10.6913,,10.6939,,,,,,,,,,,,
2023-06-06,,,,,,,,,,,,,,,,,,,,,,,,13.725,13.48,13.132,12.6384,12.0764,11.6,11.276,11.0698,10.8895,,10.631,,10.6432,,,,,,,,,,,,
2023-06-07,,,,,,,,,,,,,,,,,,,,,,,,13.7283,13.4538,13.0954,12.607,12.068,11.61,11.296,11.1063,10.948,,10.7298,,10.758,,,,,,,,,,,,
2023-06-09,,,,,,,,,,,,,,,,,,,,,,,,13.7146,13.4302,13.0263,12.4878,11.8964,11.4239,11.1114,10.9277,10.767,,10.5587,,10.6047,,,,,,,,,,,,
2023-06-12,,,,,,,,,,,,,,,,,,,,,,,,13.7368,13.3709,12.9836,12.461,11.8816,11.397,11.0748,10.886,10.733,,10.5265,,10.5885,,,,,,,,,,,,
2023-06-13,,,,,,,,,,,,,,,,,,,,,,,,13.7456,13.3769,13.052,12.5607,12.0029,11.5343,11.2067,11.0074,10.864,,10.6809,,10.7393,,,,,,,,,,,,
2023-06-14,,,,,,,,,,,,,,,,,,,,,,,,13.7498,13.3732,13.0287,12.5376,11.9716,11.497,11.1621,10.9631,10.8145,,10.624,,10.6933,,,,,,,,,,,,
2023-06-15,,,,,,,,,,,,,,,,,,,,,,,,13.758,13.3516,12.989,12.474,11.9104,11.448,11.1295,10.9433,10.7961,,10.603,,10.6673,,,,,,,,,,,,
2023-06-16,,,,,,,,,,,,,,,,,,,,,,,,13.7587,13.3588,13.0068,12.5078,11.942,11.484,11.1552,10.9628,10.8093,,10.5951,,10.6178,,,,,,,,,,,,
2023-06-19,,,,,,,,,,,,,,,,,,,,,,,,13.7611,13.3629,13.0119,12.498,11.9395,11.4903,11.164,10.9719,10.8042,,10.606,,10.632,,,,,,,,,,,,
2023-06-20,,,,,,,,,,,,,,,,,,,,,,,,13.7662,13.3542,12.9857,12.4533,11.8823,11.425,11.0996,10.9107,10.7695,,10.5853,,10.6253,,,,,,,,,,,,
2023-06-21,,,,,,,,,,,,,,,,,,,,,,,,13.766,13.3584,12.98,12.4551,11.895,11.4445,11.1191,10.9305,10.7883,,10.5942,,10.6139,,,,,,,,,,,,
2023-06-22,,,,,,,,,,,,,,,,,,,,,,,,13.7733,13.3875,13.048,12.5304,11.9616,11.4936,11.1557,10.9574,10.8024,,10.6047,,10.6216,,,,,,,,,,,,
2023-06-23,,,,,,,,,,,,,,,,,,,,,,,,13.7752,13.3597,12.9911,12.4576,11.8782,11.3931,11.0421,10.8408,10.6755,,10.4832,,10.5061,,,,,,,,,,,,
2023-06-26,,,,,,,,,,,,,,,,,,,,,,,,13.7726,13.3431,12.9633,12.4387,11.847,11.3497,10.9859,10.7938,10.6227,,10.429,,10.4398,,,,,,,,,,,,
2023-06-27,,,,,,,,,,,,,,,,,,,,,,,,13.7691,13.319,12.9254,12.4184,11.8276,11.335,10.9734,10.7798,10.5981,,10.3961,,10.4184,,,,,,,,,,,,
2023-06-28,,,,,,,,,,,,,,,,,,,,,,,,13.7645,13.3125,12.9147,12.4186,11.8287,11.346,10.9885,10.8012,10.6211,,10.438,,10.4703,,,,,,,,,,,,
2023-06-29,,,,,,,,,,,,,,,,,,,,,,,,13.7671,13.2744,12.8737,12.3607,11.7465,11.2512,10.8942,10.6994,10.5361,,10.3592,,10.3886,,,,,,,,,,,,
2023-06-30,,,,,,,,,,,,,,,,,,,,,,,,13.7694,13.2034,12.7891,12.2647,11.638,11.1389,10.7832,10.5847,10.4023,,10.2065,,10.2278,,,,,,,,,,,,
2023-07-03,,,,,,,,,,,,,,,,,,,,,,,,,13.2025,12.7468,12.1642,11.5298,11.0232,10.6656,10.4497,10.2747,,10.0743,,10.0886,,,,,,,,,,,,
2023-07-04,,,,,,,,,,,,,,,,,,,,,,,,,13.196,12.7652,12.1967,11.5752,11.0743,10.7236,10.5168,10.346,,10.1527,,10.164,,,,,,,,,,,,
2023-07-05,,,,,,,,,,,,,,,,,,,,,,,,,13.2015,12.8013,12.2202,11.622,11.1163,10.7804,10.5894,10.428,,10.261,,10.2869,,,,,,,,,,,,
2023-07-06,,,,,,,,,,,,,,,,,,,,,,,,,13.2111,12.839,12.284,11.6923,11.184,10.8392,10.6462,10.483,,10.3281,,10.3693,,,,,,,,,,,,
2023-07-07,,,,,,,,,,,,,,,,,,,,,,,,,13.1968,12.7793,12.2,11.59,11.067,10.7025,10.4992,10.332,10.2453,10.163,,10.1956,,,10.3702,,,,,,,,,
2023-07-10,,,,,,,,,,,,,,,,,,,,,,,,,13.1963,12.8178,12.2447,11.6486,11.125,10.7575,10.5524,10.3886,10.2972,10.2188,,10.2485,,,10.4148,,,,,,,,,
2023-07-11,,,,,,,,,,,,,,,,,,,,,,,,,13.2135,12.8394,12.2747,11.6757,11.152,10.776,10.5643,10.382,10.2871,10.2035,,10.2282,,,10.386,,,,,,,,,
2023-07-12,,,,,,,,,,,,,,,,,,,,,,,,,13.2004,12.8333,12.2791,11.6826,11.1506,10.7791,10.5703,10.393,10.2967,10.2066,,10.2181,,,10.364,,,,,,,,,
2023-07-13,,,,,,,,,,,,,,,,,,,,,,,,,13.2197,12.8299,12.299,11.7235,11.2066,10.831,10.6455,10.4774,10.3854,10.303,,10.3151,,,10.461,,,,,,,,,
2023-07-14,,,,,,,,,,,,,,,,,,,,,,,,,13.2894,12.8461,12.321,11.7483,11.2498,10.886,10.7106,10.5584,10.475,10.398,,10.4163,,,10.5576,,,,,,,,,
2023-07-17,,,,,,,,,,,,,,,,,,,,,,,,,13.284,12.8,12.255,11.6758,11.1621,10.7906,10.6159,10.466,10.394,10.324,,10.3527,,,10.5078,,,,,,,,,
2023-07-18,,,,,,,,,,,,,,,,,,,,,,,,,13.2825,12.7666,12.2018,11.615,11.101,10.725,10.54,10.3904,10.2989,10.2311,,10.255,,,10.414,,,,,,,,,
2023-07-19,,,,,,,,,,,,,,,,,,,,,,,,,13.2756,12.7657,12.2057,11.637,11.143,10.778,10.6091,10.4627,10.3771,10.3015,,10.326,,,10.5034,,,,,,,,,
2023-07-20,,,,,,,,,,,,,,,,,,,,,,,,,13.2699,12.7716,12.229,11.6726,11.1966,10.842,10.6742,10.5354,10.463,10.3924,,10.43,,,10.629,,,,,,,,,
2023-07-21,,,,,,,,,,,,,,,,,,,,,,,,,13.238,12.7225,12.1551,11.5727,11.0938,10.7309,10.5655,10.4206,10.3528,10.2711,,10.308,,,10.519,,,,,,,,,
2023-07-24,,,,,,,,,,,,,,,,,,,,,,,,,13.2347,12.717,12.1469,11.5789,11.0945,10.7329,10.5581,10.4109,10.3359,10.2498,,10.2806,,,10.4824,,,,,,,,,
2023-07-25,,,,,,,,,,,,,,,,,,,,,,,,,13.203,12.6597,12.0747,11.4966,11.0064,10.643,10.4802,10.3293,10.2651,10.1795,,10.2163,,,10.4465,,,,,,,,,
2023-07-26,,,,,,,,,,,,,,,,,,,,,,,,,13.1799,12.618,12.0165,11.4318,10.9397,10.5787,10.4265,10.2845,10.2215,10.1433,,10.1929,,,10.43,,,,,,,,,
2023-07-27,,,,,,,,,,,,,,,,,,,,,,,,,13.1755,12.615,12.0162,11.4405,10.9584,10.6135,10.4703,10.3323,10.2655,10.2035,,10.263,,,10.5061,,,,,,,,,
2023-07-28,,,,,,,,,,,,,,,,,,,,,,,,,13.1997,12.636,12.0376,11.4679,10.99,10.6493,10.5041,10.3607,10.2923,10.2196,,10.274,,,10.5053,,,,,,,,,
2023-07-31,,,,,,,,,,,,,,,,,,,,,,,,,13.1614,12.5974,12.002,11.4263,10.9448,10.606,10.4555,10.314,10.2404,10.164,,10.207,,,10.4388,,,,,,,,,
2023-08-01,,,,,,,,,,,,,,,,,,,,,,,,,13.1836,12.6193,12.0407,11.4654,10.9834,10.6462,10.4973,10.3476,10.2694,10.1875,,10.2173,,,10.44,,,,,,,,,
2023-08-02,,,,,,,,,,,,,,,,,,,,,,,,,13.1931,12.6632,12.0711,11.5041,11.0158,10.6793,10.518,10.3424,10.2458,10.1383,,10.1544,,,10.364,,,,,,,,,
2023-08-03,,,,,,,,,,,,,,,,,,,,,,,,,13.0444,12.4698,11.8752,11.2925,10.8024,10.4718,10.3479,10.1993,10.1308,10.0578,,10.1342,,,10.412,,,,,,,,,
2023-08-04,,,,,,,,,,,,,,,,,,,,,,,,,13.0519,12.4787,11.8845,11.306,10.8143,10.4811,10.3351,10.18,10.105,10.0271,,10.0997,,,10.3688,,,,,,,,,
2023-08-07,,,,,,,,,,,,,,,,,,,,,,,,,13.0504,12.4854,11.9331,11.3624,10.8782,10.5377,10.3871,10.2393,10.1696,10.0864,,10.1465,,,10.3958,,,,,,,,,
2023-08-08,,,,,,,,,,,,,,,,,,,,,,,,,13.0456,12.4537,11.874,11.2924,10.7945,10.4392,10.2726,10.1148,10.0376,9.9512,,10.0127,,,10.2618,,,,,,,,,
2023-08-09,,,,,,,,,,,,,,,,,,,,,,,,,13.0467,12.4486,11.8724,11.296,10.796,10.4388,10.2871,10.1277,10.0467,9.984,,10.0637,,,10.3141,,,,,,,,,
2023-08-10,,,,,,,,,,,,,,,,,,,,,,,,,13.045,12.4248,11.8308,11.2499,10.7448,10.3854,10.2337,10.0805,10.006,9.948,,10.0346,,,10.3135,,,,,,,,,
2023-08-11,,,,,,,,,,,,,,,,,,,,,,,,,13.0373,12.4198,11.8225,11.2095,10.6894,10.3266,10.171,10.0321,9.9648,9.9102,,10.0023,,,10.296,,,,,,,,,
2023-08-14,,,,,,,,,,,,,,,,,,,,,,,,,13.04,12.4496,11.8834,11.2952,10.798,10.4577,10.3136,10.181,10.1225,10.075,,10.1718,,,10.4525,,,,,,,,,
2023-08-15,,,,,,,,,,,,,,,,,,,,,,,,,13.0363,12.4393,11.896,11.3269,10.8358,10.5005,10.3605,10.227,10.1574,10.1198,,10.2211,,,10.5053,,,,,,,,,
2023-08-16,,,,,,,,,,,,,,,,,,,,,,,,,13.0325,12.4071,11.8827,11.3119,10.8362,10.5124,10.3766,10.248,10.1884,10.1435,,10.2411,,,10.5346,,,,,,,,,
2023-08-17,,,,,,,,,,,,,,,,,,,,,,,,,13.03,12.4123,11.8849,11.3192,10.859,10.5408,10.4244,10.313,10.2602,10.235,,10.3445,,,10.647,,,,,,,,,
2023-08-18,,,,,,,,,,,,,,,,,,,,,,,,,13.0281,12.4176,11.8646,11.3026,10.8324,10.5216,10.4102,10.2979,10.2466,10.219,,10.3245,,,10.6195,,,,,,,,,
2023-08-21,,,,,,,,,,,,,,,,,,,,,,,,,13.0223,12.43,11.877,11.3354,10.8861,10.5955,10.5083,10.398,10.3636,10.355,,10.4692,,,10.7533,,,,,,,,,
2023-08-22,,,,,,,,,,,,,,,,,,,,,,,,,13.0189,12.4082,11.8448,11.2827,10.8233,10.5323,10.4332,10.321,10.271,10.2566,,10.3705,,,10.6566,,,,,,,,,
2023-08-23,,,,,,,,,,,,,,,,,,,,,,,,,13.0103,12.3984,11.811,11.229,10.7493,10.4346,10.3158,10.197,10.1388,10.112,,10.2145,,,10.4857,,,,,,,,,
2023-08-24,,,,,,,,,,,,,,,,,,,,,,,,,13.0062,12.3869,11.8042,11.2098,10.7175,10.3891,10.2672,10.1381,10.0696,10.0373,,10.1426,,,10.4315,,,,,,,,,
2023-08-25,,,,,,,,,,,,,,,,,,,,,,,,,13.0024,12.4114,11.8635,11.2973,10.829,10.5102,10.3875,10.2567,10.1914,10.1587,,10.253,,,10.5125,,,,,,,,,
2023-08-28,,,,,,,,,,,,,,,,,,,,,,,,,12.996,12.4018,11.8605,11.2969,10.8266,10.5225,10.4054,10.2826,10.2052,10.1712,,10.2441,,,10.5029,,,,,,,,,
2023-08-29,,,,,,,,,,,,,,,,,,,,,,,,,12.9885,12.3902,11.8325,11.2534,10.7797,10.466,10.3304,10.2059,10.1207,10.0798,,10.1485,,,10.3915,,,,,,,,,
2023-08-30,,,,,,,,,,,,,,,,,,,,,,,,,12.9673,12.3505,11.799,11.206,10.7427,10.4378,10.303,10.1873,10.1111,10.0717,,10.1567,,,10.423,,,,,,,,,
2023-08-31,,,,,,,,,,,,,,,,,,,,,,,,,12.9649,12.3647,11.8238,11.2517,10.8102,10.5263,10.4094,10.3106,10.254,10.2332,,10.3468,,,10.6332,,,,,,,,,
2023-09-01,,,,,,,,,,,,,,,,,,,,,,,,,12.9595,12.3586,11.8413,11.2872,10.8583,10.5794,10.4643,10.3573,10.3014,10.279,,10.3738,,,10.6292,,,,,,,,,
2023-09-04,,,,,,,,,,,,,,,,,,,,,,,,,12.9465,12.3606,11.843,11.2982,10.8719,10.6003,10.4798,10.3735,10.3156,10.29,,10.388,,,10.6447,,,,,,,,,
2023-09-05,,,,,,,,,,,,,,,,,,,,,,,,,12.9396,12.3849,11.8666,11.3159,10.8974,10.6455,10.5383,10.4448,10.4045,10.393,,10.512,,,10.7886,,,,,,,,,
2023-09-06,,,,,,,,,,,,,,,,,,,,,,,,,12.9261,12.3644,11.8294,11.2711,10.8575,10.6052,10.505,10.418,10.3734,10.3649,,10.4919,,,10.7928,,,,,,,,,
2023-09-08,,,,,,,,,,,,,,,,,,,,,,,,,12.9135,12.3405,11.7898,11.2279,10.8039,10.5361,10.4374,10.3463,10.3073,10.2985,,10.4324,,,10.751,,,,,,,,,
2023-09-11,,,,,,,,,,,,,,,,,,,,,,,,,12.897,12.3215,11.761,11.1851,10.762,10.4775,10.3782,10.287,10.2441,10.2328,,10.3606,,,10.6847,,,,,,,,,
2023-09-12,,,,,,,,,,,,,,,,,,,,,,,,,12.881,12.2903,11.7154,11.1279,10.6974,10.4082,10.2939,10.1906,10.1341,10.1274,,10.257,,,10.5945,,,,,,,,,
2023-09-13,,,,,,,,,,,,,,,,,,,,,,,,,12.863,12.2747,11.7017,11.1011,10.6545,10.3599,10.247,10.142,10.0852,10.0731,,10.2054,,,10.5395,,,,,,,,,
2023-09-14,,,,,,,,,,,,,,,,,,,,,,,,,12.8464,12.277,11.7041,11.1099,10.6792,10.3833,10.2717,10.162,10.1067,10.0902,,10.2212,,,10.5418,,,,,,,,,
2023-09-15,,,,,,,,,,,,,,,,,,,,,,,,,12.8243,12.2675,11.7072,11.1287,10.7069,10.4086,10.3034,10.1999,10.1544,10.143,,10.2872,,,10.623,,,,,,,,,
2023-09-18,,,,,,,,,,,,,,,,,,,,,,,,,12.7948,12.2614,11.7124,11.1412,10.7131,10.4142,10.3078,10.216,10.1625,10.166,,10.3111,,,10.632,,,,,,,,,
2023-09-19,,,,,,,,,,,,,,,,,,,,,,,,,12.7534,12.246,11.715,11.163,10.7548,10.4703,10.3802,10.2944,10.2647,10.2597,,10.4054,,,10.7286,,,,,,,,,
2023-09-20,,,,,,,,,,,,,,,,,,,,,,,,,12.7007,12.2242,11.7025,11.1581,10.7485,10.4659,10.3727,10.2837,10.233,10.23,,10.3695,,,10.6831,,,,,,,,,
2023-09-21,,,,,,,,,,,,,,,,,,,,,,,,,12.6444,12.2304,11.7212,11.1729,10.7907,10.5294,10.4496,10.364,10.322,10.333,,10.4815,,,10.7971,,,,,,,,,
2023-09-22,,,,,,,,,,,,,,,,,,,,,,,,,12.6465,12.2234,11.7001,11.1552,10.7682,10.5055,10.4276,10.3428,10.307,10.3158,,10.469,,,10.804,,,,,,,,,
2023-09-25,,,,,,,,,,,,,,,,,,,,,,,,,12.6443,12.205,11.6888,11.169,10.7943,10.5475,10.4838,10.4136,10.389,10.4039,,10.575,,,10.912,,,,,,,,,
2023-09-26,,,,,,,,,,,,,,,,,,,,,,,,,12.642,12.1823,11.7007,11.2151,10.8709,10.6694,10.626,10.5683,10.5505,10.5725,,10.7443,,,11.0722,,,,,,,,,
2023-09-27,,,,,,,,,,,,,,,,,,,,,,,,,12.6715,12.1617,11.7391,11.3219,11.0188,10.8628,10.8533,10.8092,10.7895,10.8363,,11.01,,,11.2986,,,,,,,,,
2023-09-28,,,,,,,,,,,,,,,,,,,,,,,,,12.6676,12.1515,11.7725,11.4006,11.1101,10.9424,10.904,10.8301,10.8125,10.8082,,10.9563,,,11.2313,,,,,,,,,
2023-09-29,,,,,,,,,,,,,,,,,,,,,,,,,12.6634,12.1934,11.7395,11.3219,11.0035,10.8182,10.755,10.663,10.6313,10.6254,,10.7727,,,11.048,,,,,,,,,
2023-10-02,,,,,,,,,,,,,,,,,,,,,,,,,,12.2044,11.7866,11.4115,11.1303,10.984,10.945,10.883,10.854,10.8593,,11.004,,,11.267,,,,,,,,,
2023-10-03,,,,,,,,,,,,,,,,,,,,,,,,,,12.208,11.8268,11.4757,11.229,11.1068,11.092,11.0417,11.0501,11.075,,11.2176,,,11.4984,,,,,,,,,
2023-10-04,,,,,,,,,,,,,,,,,,,,,,,,,,12.1954,11.7428,11.3686,11.089,10.9444,10.926,10.8737,10.8798,10.896,,11.0464,,,11.329,,,,,,,,,
2023-10-05,,,,,,,,,,,,,,,,,,,,,,,,,,12.2007,11.7496,11.3675,11.09,10.9439,10.93,10.8817,10.882,10.908,,11.063,,,11.3656,,,,,,,,,
2023-10-06,,,,,,,,,,,,,,,,,,,,,,,,,,12.2017,11.7502,11.3502,11.0695,10.9191,10.892,10.8569,10.8616,10.881,,11.0319,,,11.321,,,,,,,,,
2023-10-09,,,,,,,,,,,,,,,,,,,,,,,,,,12.22,11.7456,11.3033,10.9843,10.8054,10.7666,10.706,10.7006,10.709,,10.854,,,11.1327,,,,,,,,,
2023-10-10,,,,,,,,,,,,,,,,,,,,,,,,,,12.2128,11.7228,11.2518,10.9207,10.7193,10.6666,10.6028,10.593,10.6038,,10.7415,,,11.004,,,,,,,,,
2023-10-11,,,,,,,,,,,,,,,,,,,,,,,,,,12.2293,11.7818,11.3503,11.0454,10.8575,10.7916,10.7312,10.7092,10.7144,,10.836,,,11.071,,,,,,,,,
2023-10-13,,,,,,,,,,,,,,,,,,,,,,,,,,12.219,11.7999,11.4116,11.14,10.9699,10.9216,10.867,10.8508,10.8648,,10.985,,,11.223,,,,,,,,,
2023-10-16,,,,,,,,,,,,,,,,,,,,,,,,,,12.2071,11.7499,11.356,11.0734,10.8961,10.8382,10.7798,10.754,10.753,,10.8722,,,11.1049,,,,,,,,,
2023-10-17,,,,,,,,,,,,,,,,,,,,,,,,,,12.2014,11.7635,11.407,11.1497,11.0245,10.9938,10.9511,10.9355,10.957,,11.0745,,,11.2953,,,,,,,,,
2023-10-18,,,,,,,,,,,,,,,,,,,,,,,,,,12.1927,11.7563,11.4098,11.1732,11.0617,11.0346,11.012,10.99,11.0272,,11.132,,,11.3272,,,,,,,,,
2023-10-19,,,,,,,,,,,,,,,,,,,,,,,,,,12.1806,11.7424,11.4282,11.233,11.1647,11.1633,11.1663,11.1669,11.217,,11.339,,,11.543,,,,,,,,,
2023-10-20,,,,,,,,,,,,,,,,,,,,,,,,,,12.1738,11.7042,11.3525,11.1239,11.0225,11.0022,10.9868,10.9806,11.0231,,11.1388,,,11.367,,,,,,,,,
2023-10-23,,,,,,,,,,,,,,,,,,,,,,,,,,12.1722,11.6994,11.3652,11.1375,11.031,10.9979,10.9848,10.9936,11.0287,,11.158,,,11.3833,,,,,,,,,
2023-10-24,,,,,,,,,,,,,,,,,,,,,,,,,,12.1674,11.6764,11.3243,11.0745,10.9234,10.877,10.8513,10.851,10.879,,11.0047,,,11.2417,,,,,,,,,
2023-10-25,,,,,,,,,,,,,,,,,,,,,,,,,,12.1572,11.6618,11.3094,11.0654,10.9153,10.8595,10.8322,10.8409,10.86,,10.9855,,,11.2321,,,,,,,,,
2023-10-26,,,,,,,,,,,,,,,,,,,,,,,,,,12.1444,11.6164,11.2347,10.955,10.782,10.708,10.6575,10.638,10.633,,10.7312,,,10.9482,,,,,,,,,
2023-10-27,,,,,,,,,,,,,,,,,,,,,,,,,,12.1359,11.6395,11.3013,11.0904,10.968,10.904,10.8683,10.8529,10.851,,10.955,,,11.1603,,,,,,,,,
2023-10-30,,,,,,,,,,,,,,,,,,,,,,,,,,12.1234,11.6491,11.3799,11.2036,11.1077,11.094,11.0692,11.0762,11.09,,11.207,,,11.4072,,,,,,,,,
2023-10-31,,,,,,,,,,,,,,,,,,,,,,,,,,12.1005,11.6133,11.3132,11.1395,11.0533,11.064,11.0573,11.0812,11.1074,,11.236,,,11.4327,,,,,,,,,
2023-11-01,,,,,,,,,,,,,,,,,,,,,,,,,,12.0814,11.5719,11.2185,11.0378,10.9313,10.9209,10.887,10.8918,10.8983,,11.0297,,,11.24,,,,,,,,,
2023-11-03,,,,,,,,,,,,,,,,,,,,,,,,,,12.0672,11.5374,11.1761,10.9495,10.798,10.75,10.705,10.6856,10.661,,10.7834,,,11.013,,,,,,,,,
2023-11-06,,,,,,,,,,,,,,,,,,,,,,,,,,12.0706,11.536,11.1739,10.9677,10.838,10.8167,10.777,10.7809,10.7798,,10.9155,,,11.1498,,,,,,,,,
2023-11-07,,,,,,,,,,,,,,,,,,,,,,,,,,12.0712,11.4968,11.1233,10.916,10.7727,10.741,10.691,10.685,10.6726,,10.78,,,10.987,,,,,,,,,
2023-11-08,,,,,,,,,,,,,,,,,,,,,,,,,,12.065,11.4478,11.0986,10.9017,10.7619,10.719,10.6719,10.6625,10.652,,10.7457,,,10.9325,,,,,,,,,
2023-11-09,,,,,,,,,,,,,,,,,,,,,,,,,,12.069,11.4539,11.0816,10.9013,10.775,10.7511,10.708,10.702,10.6725,,10.7679,,,10.973,,,,,,,,,
2023-11-10,,,,,,,,,,,,,,,,,,,,,,,,,,12.0697,11.4359,11.0504,10.8496,10.697,10.668,10.612,10.601,10.5729,,10.6637,,,10.871,,,,,,,,,
2023-11-13,,,,,,,,,,,,,,,,,,,,,,,,,,12.0647,11.4417,11.0525,10.8444,10.6843,10.662,10.6059,10.597,10.5681,,10.671,,,10.878,,,,,,,,,
2023-11-14,,,,,,,,,,,,,,,,,,,,,,,,,,12.0599,11.4144,10.9612,10.6907,10.494,10.46,10.4042,10.3897,10.3506,,10.4515,,,10.677,,,,,,,,,
2023-11-16,,,,,,,,,,,,,,,,,,,,,,,,,,12.0634,11.4193,10.9369,10.6506,10.4498,10.4127,10.3473,10.3391,10.289,,10.3895,,,10.6217,,,,,,,,,
2023-11-17,,,,,,,,,,,,,,,,,,,,,,,,,,12.0486,11.3867,10.895,10.575,10.376,10.331,10.258,10.247,10.1983,,10.292,,,10.534,,,,,,,,,
2023-11-20,,,,,,,,,,,,,,,,,,,,,,,,,,12.0497,11.39,10.9111,10.6108,10.431,10.391,10.3233,10.319,10.2797,,10.361,,,10.5846,,,,,,,,,
2023-11-21,,,,,,,,,,,,,,,,,,,,,,,,,,12.057,11.3977,10.9567,10.6807,10.5185,10.494,10.4288,10.4298,10.3991,,10.483,,,10.7042,,,,,,,,,
2023-11-22,,,,,,,,,,,,,,,,,,,,,,,,,,12.0595,11.382,10.9359,10.6289,10.4499,10.4167,10.3572,10.351,10.3155,,10.405,,,10.6252,,,,,,,,,
2023-11-23,,,,,,,,,,,,,,,,,,,,,,,,,,12.0559,11.3747,10.9272,10.6246,10.4525,10.4198,10.3626,10.3517,10.3147,,10.4005,,,10.6313,,,,,,,,,
2023-11-24,,,,,,,,,,,,,,,,,,,,,,,,,,12.0435,11.3564,10.9056,10.59,10.4012,10.366,10.309,10.2995,10.2612,,10.3564,,,10.6162,,,,,,,,,
2023-11-27,,,,,,,,,,,,,,,,,,,,,,,,,,12.0355,11.3448,10.8895,10.5607,10.3619,10.3133,10.236,10.21,10.1628,,10.2443,,,10.496,,,,,,,,,
2023-11-28,,,,,,,,,,,,,,,,,,,,,,,,,,12.0236,11.3281,10.8818,10.5745,10.3745,10.323,10.245,10.2101,10.163,,10.235,,,10.4372,,,,,,,,,
2023-11-29,,,,,,,,,,,,,,,,,,,,,,,,,,12.0031,11.3118,10.878,10.5736,10.3725,10.309,10.2141,10.1656,10.1106,,10.164,,,10.3534,,,,,,,,,
2023-11-30,,,,,,,,,,,,,,,,,,,,,,,,,,11.9821,11.2798,10.8171,10.5024,10.2666,10.206,10.1237,10.0929,10.0267,,10.0981,,,10.314,,,,,,,,,
2023-12-01,,,,,,,,,,,,,,,,,,,,,,,,,,11.9752,11.2731,10.7926,10.4706,10.2322,10.1559,10.0727,10.033,9.9747,,10.0493,,,10.271,,,,,,,,,
2023-12-04,,,,,,,,,,,,,,,,,,,,,,,,,,11.964,11.2738,10.8059,10.502,10.2881,10.231,10.1586,10.127,10.076,,10.1701,,,10.4067,,,,,,,,,
2023-12-05,,,,,,,,,,,,,,,,,,,,,,,,,,11.9474,11.2346,10.817,10.5476,10.3323,10.2759,10.1957,10.1663,10.1117,,10.1897,,,10.4128,,,,,,,,,
2023-12-06,,,,,,,,,,,,,,,,,,,,,,,,,,11.924,11.2259,10.7788,10.5008,10.2781,10.208,10.127,10.0998,10.0457,,10.113,,,10.327,,,,,,,,,
2023-12-07,,,,,,,,,,,,,,,,,,,,,,,,,,11.8987,11.207,10.7546,10.4733,10.2574,10.1886,10.1002,10.0656,10.0101,,10.083,,,10.3142,,,,,,,,,
2023-12-08,,,,,,,,,,,,,,,,,,,,,,,,,,11.8749,11.213,10.7669,10.4979,10.293,10.2387,10.166,10.1369,10.0839,,10.1482,,,10.3638,,,,,,,,,
2023-12-11,,,,,,,,,,,,,,,,,,,,,,,,,,11.845,11.21,10.7459,10.4775,10.2639,10.2098,10.131,10.0941,10.047,,10.116,,,10.335,,,,,,,,,
2023-12-12,,,,,,,,,,,,,,,,,,,,,,,,,,11.8226,11.1885,10.7149,10.4247,10.2062,10.143,10.0673,10.0277,9.9741,,10.041,,,10.262,,,,,,,,,
2023-12-13,,,,,,,,,,,,,,,,,,,,,,,,,,11.7845,11.176,10.6519,10.3567,10.1147,10.027,9.9274,9.8759,9.8186,,9.8799,,,10.1092,,,,,,,,,
2023-12-14,,,,,,,,,,,,,,,,,,,,,,,,,,11.7592,11.1575,10.6044,10.301,10.0627,9.9698,9.8923,9.8516,9.7996,,9.8679,,,10.0719,,,,,,,,,
2023-12-15,,,,,,,,,,,,,,,,,,,,,,,,,,11.77,11.1544,10.5837,10.2833,10.0256,9.9376,9.8484,9.8056,9.7454,,9.8013,,,9.9991,,,,,,,,,
2023-12-18,,,,,,,,,,,,,,,,,,,,,,,,,,11.7761,11.0846,10.5632,10.26,10.003,9.9026,9.8209,9.7904,9.7383,,9.8095,,,10.0103,,,,,,,,,
2023-12-19,,,,,,,,,,,,,,,,,,,,,,,,,,11.7832,11.1374,10.628,10.2677,10.0009,9.885,9.7932,9.7528,9.6928,,9.7544,,,9.956,,,,,,,,,
2023-12-20,,,,,,,,,,,,,,,,,,,,,,,,,,11.7898,11.2209,10.701,10.2961,10.0005,9.876,9.776,9.7314,9.6735,,9.7285,,,9.9091,,,,,,,,,
2023-12-21,,,,,,,,,,,,,,,,,,,,,,,,,,11.8164,11.2147,10.7069,10.3069,10.0208,9.8856,9.7866,9.7353,9.6838,,9.7445,,,9.9297,,,,,,,,,
2023-12-22,,,,,,,,,,,,,,,,,,,,,,,,,,11.8576,11.2075,10.6902,10.304,9.9976,9.8779,9.7806,9.7336,9.6839,,9.7441,,,9.9181,,,,,,,,,
2023-12-26,,,,,,,,,,,,,,,,,,,,,,,,,,11.8746,11.1658,10.6524,10.274,9.9757,9.8623,9.7592,9.7078,9.6608,,9.7237,,,9.9025,,,,,,,,,
2023-12-27,,,,,,,,,,,,,,,,,,,,,,,,,,11.9233,11.1227,10.6157,10.223,9.8835,9.8134,9.7159,9.657,9.611,,9.68,,,9.851,,,,,,,,,
2023-12-28,,,,,,,,,,,,,,,,,,,,,,,,,,11.935,11.0977,10.6151,10.176,9.8192,9.817,9.738,9.7055,9.6604,,9.7417,,,9.926,,,,,,,,,
2023-12-29,,,,,,,,,,,,,,,,,,,,,,,,,,11.935,11.0977,10.6151,10.176,9.8192,9.817,9.738,9.7055,9.6604,,9.7417,,,9.926,,,,,,,,,
2024-01-02,,,,,,,,,,,,,,,,,,,,,,,,,,,11.0728,10.5798,10.1071,9.8232,9.8473,9.7714,9.7345,9.7,,9.7827,,,9.9689,,,,,,,,,
2024-01-03,,,,,,,,,,,,,,,,,,,,,,,,,,,11.1034,10.6105,10.1534,9.8623,9.8665,9.7795,9.7528,9.715,,9.7955,,,9.9889,,,,,,,,,
2024-01-04,,,,,,,,,,,,,,,,,,,,,,,,,,,11.1844,10.6626,10.215,9.9451,9.8899,9.8108,9.7766,9.7515,,9.8314,,,10.0309,,,,,,,,,
2024-01-05,,,,,,,,,,,,,,,,,,,,,,,,,,,11.2192,10.708,10.2782,10.0114,9.9043,9.8131,9.7686,9.7415,9.7916,9.8188,,,10.029,,10.165,,,,,,10.4989,
2024-01-08,,,,,,,,,,,,,,,,,,,,,,,,,,,11.2034,10.7181,10.291,10.03,9.9308,9.8418,9.8009,9.783,9.836,9.8679,,,10.0752,,10.2141,,,,,,10.5441,
2024-01-09,,,,,,,,,,,,,,,,,,,,,,,,,,,11.1896,10.7211,10.3077,10.066,9.981,9.8971,9.8569,9.8432,9.8965,9.9288,,,10.1282,,10.2587,,,,,,10.5732,
2024-01-10,,,,,,,,,,,,,,,,,,,,,,,,,,,11.1598,10.6977,10.3005,10.0836,10.0096,9.9238,9.8859,9.8689,9.917,9.949,,,10.1314,,10.2567,,,,,,10.5578,
2024-01-11,,,,,,,,,,,,,,,,,,,,,,,,,,,11.0913,10.6462,10.298,10.0521,9.976,9.8857,9.8424,9.8211,9.873,9.9095,,,10.0995,,10.2303,,,,,,10.5344,
2024-01-12,,,,,,,,,,,,,,,,,,,,,,,,,,,11.0855,10.6382,10.276,10.0055,9.909,9.798,9.7461,9.7208,9.7726,9.8063,,,10.008,,10.1427,,,,,,10.4557,
2024-01-15,,,,,,,,,,,,,,,,,,,,,,,,,,,11.0924,10.6172,10.2447,9.995,9.8911,9.778,9.7244,9.699,9.7529,9.7883,,,9.9916,,10.1299,,,,,,10.4522,
2024-01-16,,,,,,,,,,,,,,,,,,,,,,,,,,,11.0982,10.6184,10.2643,10.0499,9.9933,9.905,9.8657,9.8626,9.9212,9.9669,,,10.1889,,10.3219,,,,,,10.6498,
2024-01-17,,,,,,,,,,,,,,,,,,,,,,,,,,,11.0904,10.5907,10.2561,9.9996,9.9763,9.8914,9.866,9.8538,9.9144,9.9676,,,10.2089,,10.3457,,,,,,10.6913,
2024-01-18,,,,,,,,,,,,,,,,,,,,,,,,,,,11.0809,10.5816,10.232,9.9732,9.9466,9.8622,9.8328,9.8221,9.8878,9.935,,,10.1703,,10.317,,,,,,10.685,
2024-01-19,,,,,,,,,,,,,,,,,,,,,,,,,,,11.0655,10.5872,10.2514,10.0137,9.9708,9.8777,9.8461,9.8303,9.8886,9.9279,,,10.1391,,10.285,,,,,,10.64,
2024-01-22,,,,,,,,,,,,,,,,,,,,,,,,,,,11.0605,10.5784,10.2277,9.9878,9.9588,9.8898,9.8797,9.8777,9.9428,9.9996,,,10.2279,,10.3752,,,,,,10.728,
2024-01-23,,,,,,,,,,,,,,,,,,,,,,,,,,,11.0498,10.5775,10.2295,9.9987,9.9436,9.8681,9.8514,9.8378,9.9029,9.9588,,,10.195,,10.3394,,,,,,10.688,
2024-01-24,,,,,,,,,,,,,,,,,,,,,,,,,,,11.0597,10.5808,10.2228,9.9993,9.9353,9.8561,9.84,9.826,9.8833,9.9393,,,10.1743,,10.317,,,,,,10.6686,
2024-01-25,,,,,,,,,,,,,,,,,,,,,,,,,,,11.0672,10.5789,10.2186,9.9813,9.8801,9.7845,9.7543,9.7395,9.808,9.8514,,,10.0774,,10.2366,,,,,,10.5977,
2024-01-26,,,,,,,,,,,,,,,,,,,,,,,,,,,11.0784,10.5696,10.1844,9.9211,9.8113,9.7197,9.696,9.6817,9.7462,9.7941,,,10.0347,,10.1884,,,,,,10.557,
2024-01-29,,,,,,,,,,,,,,,,,,,,,,,,,,,11.0662,10.5796,10.194,9.9438,9.837,9.7515,9.7321,9.7225,9.7867,9.8433,,,10.0942,,10.2505,,,,,,10.6217,
2024-01-30,,,,,,,,,,,,,,,,,,,,,,,,,,,11.0673,10.5885,10.215,9.9649,9.8657,9.7857,9.7665,9.7625,9.8229,9.873,,,10.1219,,10.276,,,,,,10.6574,
2024-01-31,,,,,,,,,,,,,,,,,,,,,,,,,,,11.056,10.5707,10.1885,9.9284,9.8263,9.7376,9.7149,9.6975,9.7588,9.8029,,,10.0269,,10.1855,,,,,,10.5445,
2024-02-01,,,,,,,,,,,,,,,,,,,,,,,,,,,11.0514,10.5681,10.1752,9.9068,9.802,9.712,9.6873,9.6744,9.7272,9.7719,,,9.9973,,10.144,,,,,,10.505,
2024-02-02,,,,,,,,,,,,,,,,,,,,,,,,,,,11.0583,10.5927,10.2083,9.9309,9.8614,9.7856,9.7731,9.7634,9.822,9.8697,,,10.1019,,10.2557,,,,,,10.629,
2024-02-05,,,,,,,,,,,,,,,,,,,,,,,,,,,11.0557,10.579,10.2037,9.9291,9.8667,9.8038,9.7977,9.7907,9.858,9.9034,,,10.1393,,10.2877,,,,,,10.6486,
2024-02-06,,,,,,,,,,,,,,,,,,,,,,,,,,,11.0582,10.5705,10.1798,9.8928,9.8182,9.7449,9.7308,9.7242,9.7785,9.8285,,,10.0596,,10.2075,,,,,,10.577,
2024-02-07,,,,,,,,,,,,,,,,,,,,,,,,,,,11.0563,10.562,10.1886,9.9028,9.8291,9.7605,9.7448,9.7363,9.8013,9.8465,,,10.0754,,10.2238,,,,,,10.5858,
2024-02-08,,,,,,,,,,,,,,,,,,,,,,,,,,,11.0523,10.5467,10.2019,9.9447,9.8946,9.8335,9.8278,9.8234,9.8821,9.9372,,,10.1613,,10.3018,,,,,,10.6664,
2024-02-09,,,,,,,,,,,,,,,,,,,,,,,,,,,11.0506,10.5475,10.1955,9.9443,9.886,9.8279,9.823,9.8124,9.8715,9.9221,,,10.155,,10.2965,,,,,,10.6773,
2024-02-14,,,,,,,,,,,,,,,,,,,,,,,,,,,11.0553,10.54,10.2065,9.9681,9.929,9.875,9.875,9.8777,9.9438,9.9955,,,10.2301,,10.3798,,,,,,10.7506,
2024-02-15,,,,,,,,,,,,,,,,,,,,,,,,,,,11.0548,10.5337,10.1837,9.9422,9.9084,9.8559,9.8568,9.8536,9.9153,9.9737,,,10.2145,,10.3673,,,,,,10.7506,
2024-02-16,,,,,,,,,,,,,,,,,,,,,,,,,,,11.0506,10.5332,10.1985,9.9827,9.9552,9.9155,9.9274,9.9303,9.9964,10.0495,,,10.2682,,10.4099,,,,,,10.7722,
2024-02-19,,,,,,,,,,,,,,,,,,,,,,,,,,,11.0445,10.5219,10.18,9.967,9.937,9.8973,9.9109,9.9146,9.9774,10.0238,,,10.2461,,10.3829,,,,,,10.7459,
2024-02-20,,,,,,,,,,,,,,,,,,,,,,,,,,,11.035,10.5107,10.1601,9.9319,9.8926,9.8421,9.8522,9.8511,9.9145,9.9655,,,10.1909,,10.3286,,,,,,10.6979,
2024-02-21,,,,,,,,,,,,,,,,,,,,,,,,,,,11.0268,10.5061,10.1553,9.9299,9.8854,9.8285,9.832,9.826,9.8871,9.938,,,10.1559,,10.307,,,,,,10.6914,
2024-02-22,,,,,,,,,,,,,,,,,,,,,,,,,,,11.0262,10.5054,10.1547,9.9587,9.9203,9.8755,9.8856,9.889,9.956,10.0028,,,10.2271,,10.3782,,,,,,10.7555,
2024-02-23,,,,,,,,,,,,,,,,,,,,,,,,,,,11.0225,10.4951,10.1535,9.9593,9.925,9.8814,9.8957,9.892,9.9681,10.0152,,,10.2437,,10.396,,,,,,10.772,
2024-02-26,,,,,,,,,,,,,,,,,,,,,,,,,,,11.0116,10.4852,10.1515,9.9798,9.9596,9.9291,9.9553,9.9602,10.0381,10.0899,,,10.3261,,10.4773,,,,,,10.8478,
2024-02-27,,,,,,,,,,,,,,,,,,,,,,,,,,,11.0059,10.4683,10.1142,9.9236,9.8791,9.8355,9.8491,9.8519,9.9196,9.9853,,,10.2331,,10.3946,,,,,,10.7846,
2024-02-28,,,,,,,,,,,,,,,,,,,,,,,,,,,11.0047,10.4626,10.1277,9.9391,9.9112,9.8714,9.8871,9.8901,9.967,10.0259,,,10.2722,,10.4263,,,,,,10.8092,
2024-02-29,,,,,,,,,,,,,,,,,,,,,,,,,,,11.0005,10.4562,10.1,9.898,9.8666,9.8208,9.8359,9.835,9.903,9.9622,,,10.1941,,10.3535,,,,,,10.7288,
2024-03-01,,,,,,,,,,,,,,,,,,,,,,,,,,,10.9992,10.4436,10.0799,9.88,9.8272,9.7881,9.7945,9.788,9.8582,9.911,,,10.1547,,10.3107,,,,,,10.689,
2024-03-04,,,,,,,,,,,,,,,,,,,,,,,,,,,10.9884,10.4356,10.0657,9.8657,9.8174,9.7835,9.7911,9.7861,9.8551,9.9137,,,10.1578,,10.3104,,,,,,10.6735,
2024-03-05,,,,,,,,,,,,,,,,,,,,,,,,,,,10.9742,10.4089,10.013,9.8156,9.7609,9.7176,9.725,9.7163,9.7851,9.839,,,10.0869,,10.2449,,,,,,10.6148,
2024-03-06,,,,,,,,,,,,,,,,,,,,,,,,,,,10.9725,10.3785,9.9928,9.7956,9.762,9.7228,9.735,9.7347,9.8074,9.8583,,,10.0974,,10.2565,,,,,,10.6249,
2024-03-07,,,,,,,,,,,,,,,,,,,,,,,,,,,10.9746,10.3531,9.9781,9.7991,9.765,9.7268,9.7403,9.7487,9.8161,9.8777,,,10.129,,10.2938,,,,,,10.6574,
2024-03-08,,,,,,,,,,,,,,,,,,,,,,,,,,,10.9836,10.3353,9.9525,9.8093,9.7865,9.7603,9.7885,9.8057,9.8776,9.9436,,,10.211,,10.3832,,,,,,10.7666,
2024-03-11,,,,,,,,,,,,,,,,,,,,,,,,,,,10.9732,10.3031,9.9061,9.7748,9.751,9.7194,9.7415,9.7534,9.8242,9.9007,,,10.1661,,10.3431,,,,,,10.7288,
2024-03-12,,,,,,,,,,,,,,,,,,,,,,,,,,,10.9708,10.2795,9.8666,9.7327,9.7184,9.6906,9.7116,9.7206,9.7987,9.8685,,,10.1515,,10.3311,,,,,,10.7295,
2024-03-13,,,,,,,,,,,,,,,,,,,,,,,,,,,10.9597,10.2568,9.8628,9.7358,9.7215,9.6936,9.7118,9.7172,9.7921,9.8553,,,10.1284,,10.3109,,,,,,10.7169,
2024-03-14,,,,,,,,,,,,,,,,,,,,,,,,,,,10.9517,10.2305,9.8884,9.7822,9.7978,9.7807,9.8168,9.8337,9.9082,9.9831,,,10.261,,10.4439,,,,,,10.8409,
2024-03-15,,,,,,,,,,,,,,,,,,,,,,,,,,,10.9434,10.231,9.9344,9.8447,9.8688,9.867,9.905,9.9337,10.012,10.0807,,,10.3545,,10.5395,,,,,,10.9392,
2024-03-18,,,,,,,,,,,,,,,,,,,,,,,,,,,10.9324,10.2367,9.9522,9.8687,9.9024,9.9,9.938,9.9772,10.06,10.1342,,,10.41,,10.5943,,,,,,10.986,
2024-03-19,,,,,,,,,,,,,,,,,,,,,,,,,,,10.8962,10.2111,9.94,9.8289,9.8591,9.8465,9.8743,9.9072,9.9875,10.0556,,,10.3358,,10.5224,,,,,,10.9217,
2024-03-20,,,,,,,,,,,,,,,,,,,,,,,,,,,10.833,10.1719,9.927,9.781,9.8125,9.796,9.8231,9.8543,9.9319,9.9994,,,10.2767,,10.4515,,,,,,10.8479,
2024-03-21,,,,,,,,,,,,,,,,,,,,,,,,,,,10.7625,10.1587,9.9374,9.8127,9.8464,9.837,9.868,9.8998,9.9755,10.0439,,,10.314,,10.4864,,,,,,10.889,
2024-03-22,,,,,,,,,,,,,,,,,,,,,,,,,,,10.7702,10.1373,9.8924,9.7973,9.8303,9.827,9.8636,9.9017,9.9866,10.0559,,,10.3404,,10.5138,,,,,,10.9332,
2024-03-25,,,,,,,,,,,,,,,,,,,,,,,,,,,10.7693,10.1321,9.85,9.7686,9.7914,9.789,9.8255,9.8584,9.9366,10.0044,,,10.2876,,10.4593,,,,,,10.8722,
2024-03-26,,,,,,,,,,,,,,,,,,,,,,,,,,,10.7714,10.1264,9.8773,9.8103,9.8385,9.836,9.8855,9.929,10.0107,10.0791,,,10.3525,,10.5195,,,,,,10.9195,
2024-03-27,,,,,,,,,,,,,,,,,,,,,,,,,,,10.7776,10.0924,9.8672,9.791,9.8251,9.8285,9.8853,9.9351,10.0198,10.093,,,10.3715,,10.5402,,,,,,10.9487,
2024-03-28,,,,,,,,,,,,,,,,,,,,,,,,,,,10.781,10.0671,9.8779,9.8054,9.819,9.8321,9.8894,9.9381,10.026,10.0938,,,10.378,,10.5555,,,,,,10.9683,
2024-04-01,,,,,,,,,,,,,,,,,,,,,,,,,,,,10.1706,9.918,9.819,9.8297,9.856,9.9195,9.9728,10.0627,10.148,,,10.4566,,10.635,,,,,,11.0568,
2024-04-02,,,,,,,,,,,,,,,,,,,,,,,,,,,,10.1903,9.9535,9.8465,9.8698,9.892,9.9535,10.0086,10.0979,10.185,,,10.5052,,10.6949,,,,,,11.1355,
2024-04-03,,,,,,,,,,,,,,,,,,,,,,,,,,,,10.1924,9.9697,9.8615,9.8876,9.895,9.9562,10.0123,10.1052,10.1901,,,10.5134,,10.7114,,,,,,11.1606,
2024-04-04,,,,,,,,,,,,,,,,,,,,,,,,,,,,10.1627,9.971,9.847,9.8843,9.8765,9.931,9.9832,10.0796,10.171,,,10.5047,,10.7052,,,,,,11.1586,
2024-04-05,,,,,,,,,,,,,,,,,,,,,,,,,,,,10.1071,9.9879,9.8663,9.95,9.9604,10.0367,10.0988,10.2021,10.2968,,,10.6261,,10.823,,,,,,11.258,
2024-04-08,,,,,,,,,,,,,,,,,,,,,,,,,,,,10.1111,9.9711,9.8288,9.9324,9.9531,10.0263,10.101,10.1976,10.3,,,10.6205,,10.8136,,,,,,11.2317,
2024-04-09,,,,,,,,,,,,,,,,,,,,,,,,,,,,10.1093,9.9577,9.7925,9.8903,9.894,9.9586,10.0261,10.125,10.213,,,10.5386,,10.7374,,,,,,11.1649,
2024-04-10,,,,,,,,,,,,,,,,,,,,,,,,,,,,10.1039,9.9946,9.8822,10.0138,10.0413,10.1174,10.1926,10.2958,10.3913,,,10.72,,10.9203,,,,,,11.3407,
2024-04-11,,,,,,,,,,,,,,,,,,,,,,,,,,,,10.1372,10.0331,9.9185,10.0552,10.0964,10.1703,10.2469,10.3433,10.4347,,,10.7527,,10.9513,,,,,,11.3826,
2024-04-12,,,,,,,,,,,,,,,,,,,,,,,,,,,,10.1487,10.0227,9.9078,10.0425,10.1074,10.196,10.2731,10.3797,10.469,,,10.7844,,10.9803,,,,,,11.4133,
2024-04-15,,,,,,,,,,,,,,,,,,,,,,,,,,,,10.1687,10.078,9.9997,10.1445,10.2293,10.342,10.4373,10.5496,10.6516,,,10.9831,,11.1815,,,,,,11.6037,
2024-04-16,,,,,,,,,,,,,,,,,,,,,,,,,,,,10.2301,10.1974,10.1759,10.3203,10.4451,10.5661,10.684,10.7957,10.924,,,11.2645,,11.458,,,,,,11.8562,
2024-04-17,,,,,,,,,,,,,,,,,,,,,,,,,,,,10.2925,10.3413,10.3271,10.4639,10.584,10.694,10.7948,10.8852,10.9798,,,11.2217,,11.3613,,,,,,11.7019,
2024-04-18,,,,,,,,,,,,,,,,,,,,,,,,,,,,10.305,10.3278,10.3298,10.4466,10.5406,10.6563,10.7625,10.8616,10.9496,,,11.1701,,11.306,,,,,,11.6079,
2024-04-19,,,,,,,,,,,,,,,,,,,,,,,,,,,,10.3032,10.2809,10.256,10.3439,10.4037,10.4844,10.5738,10.6584,10.7424,,,10.967,,11.1278,,,,,,11.4739,
2024-04-22,,,,,,,,,,,,,,,,,,,,,,,,,,,,10.2925,10.2408,10.2027,10.281,10.3363,10.4218,10.5214,10.6196,10.7144,,,10.968,,11.1365,,,,,,11.501,
2024-04-23,,,,,,,,,,,,,,,,,,,,,,,,,,,,10.2814,10.2125,10.1976,10.2973,10.3538,10.4392,10.5376,10.6315,10.7289,,,10.9893,,11.1525,,,,,,11.5017,
2024-04-24,,,,,,,,,,,,,,,,,,,,,,,,,,,,10.28,10.2172,10.243,10.3643,10.4444,10.5414,10.654,10.7493,10.8433,,,11.1015,,11.2606,,,,,,11.6137,
2024-04-25,,,,,,,,,,,,,,,,,,,,,,,,,,,,10.2666,10.1887,10.2222,10.355,10.4386,10.5375,10.6468,10.752,10.8598,,,11.1519,,11.3165,,,,,,11.6908,
2024-04-26,,,,,,,,,,,,,,,,,,,,,,,,,,,,10.2338,10.088,10.0853,10.2013,10.271,10.3623,10.4741,10.5859,10.6948,,,11.0215,,11.2013,,,,,,11.61,
2024-04-29,,,,,,,,,,,,,,,,,,,,,,,,,,,,10.1995,10.0516,10.0475,10.1636,10.2247,10.3218,10.4302,10.5379,10.651,,,10.9812,,11.162,,,,,,11.5738,
2024-04-30,,,,,,,,,,,,,,,,,,,,,,,,,,,,10.2404,10.1687,10.2013,10.3563,10.4426,10.551,10.6685,10.7775,10.8863,,,11.2013,,11.3709,,,,,,11.7768,
2024-05-02,,,,,,,,,,,,,,,,,,,,,,,,,,,,10.2212,10.0956,10.0911,10.2098,10.2796,10.366,10.467,10.5843,10.6749,,,10.9648,,11.144,,,,,,11.5365,
2024-05-03,,,,,,,,,,,,,,,,,,,,,,,,,,,,10.1822,10.0447,10.0371,10.1425,10.1938,10.265,10.356,10.4724,10.551,,,10.8337,,11.0111,,,,,,11.4219,
2024-05-06,,,,,,,,,,,,,,,,,,,,,,,,,,,,10.1869,10.0985,10.1088,10.2295,10.29,10.3719,10.4724,10.5823,10.6679,,,10.943,,11.1176,,,,,,11.5026,
2024-05-07,,,,,,,,,,,,,,,,,,,,,,,,,,,,10.1707,10.0878,10.0958,10.217,10.2785,10.3582,10.4545,10.5575,10.6416,,,10.911,,11.079,,,,,,11.4588,
2024-05-08,,,,,,,,,,,,,,,,,,,,,,,,,,,,10.1603,10.078,10.1035,10.2388,10.313,10.4016,10.5098,10.6263,10.7244,,,11.0075,,11.1819,,,,,,11.5485,
2024-05-09,,,,,,,,,,,,,,,,,,,,,,,,,,,,10.2036,10.1216,10.1502,10.2768,10.3385,10.4247,10.5283,10.6562,10.768,,,11.1,,11.2832,,,,,,11.6987,
2024-05-10,,,,,,,,,,,,,,,,,,,,,,,,,,,,10.2217,10.1556,10.1891,10.327,10.4023,10.4934,10.6001,10.7277,10.8469,,,11.1866,,11.3667,,,,,,11.78,
2024-05-13,,,,,,,,,,,,,,,,,,,,,,,,,,,,10.2811,10.1713,10.2036,10.3338,10.4103,10.5107,10.6155,10.7468,10.8585,,,11.1921,,11.373,,,,,,11.763,
2024-05-14,,,,,,,,,,,,,,,,,,,,,,,,,,,,10.2954,10.2031,10.222,10.3465,10.4197,10.506,10.5943,10.7099,10.8122,,,11.1108,,11.2797,,,,,,11.651,
2024-05-15,,,,,,,,,,,,,,,,,,,,,,,,,,,,10.3166,10.2176,10.2434,10.3595,10.4331,10.5122,10.6011,10.7024,10.7995,,,11.0772,,11.2345,,,,,,11.598,
2024-05-16,,,,,,,,,,,,,,,,,,,,,,,,,,,,10.3133,10.2261,10.248,10.3613,10.4323,10.5078,10.5923,10.7009,10.7976,,,11.093,,11.261,,,,,,11.6462,
2024-05-17,,,,,,,,,,,,,,,,,,,,,,,,,,,,10.3158,10.237,10.2608,10.3921,10.4904,10.5879,10.6873,10.8038,10.9096,,,11.2163,,11.3816,,,,,,11.76,
2024-05-20,,,,,,,,,,,,,,,,,,,,,,,,,,,,10.3192,10.2415,10.272,10.4181,10.5252,10.6269,10.7275,10.8489,10.9586,,,11.2664,,11.427,,,,,,11.8041,
2024-05-21,,,,,,,,,,,,,,,,,,,,,,,,,,,,10.3207,10.2371,10.2522,10.3917,10.4854,10.5881,10.684,10.8055,10.9083,,,11.217,,11.3821,,,,,,11.7549,
2024-05-22,,,,,,,,,,,,,,,,,,,,,,,,,,,,10.3208,10.2686,10.302,10.4579,10.5794,10.7006,10.809,10.935,11.0447,,,11.3628,,11.5335,,,,,,11.8977,
2024-05-23,,,,,,,,,,,,,,,,,,,,,,,,,,,,10.3243,10.2597,10.2911,10.4474,10.569,10.6862,10.7826,10.9006,10.9999,,,11.2825,,11.4438,,,,,,11.7902,
2024-05-24,,,,,,,,,,,,,,,,,,,,,,,,,,,,10.3233,10.269,10.3006,10.4918,10.6309,10.7686,10.8662,10.987,11.079,,,11.3351,,11.4895,,,,,,11.8233,
2024-05-27,,,,,,,,,,,,,,,,,,,,,,,,,,,,10.3153,10.2506,10.2712,10.4323,10.544,10.6507,10.74,10.8593,10.954,,,11.2209,,11.39,,,,,,11.7467,
2024-05-28,,,,,,,,,,,,,,,,,,,,,,,,,,,,10.3112,10.258,10.268,10.418,10.5175,10.6097,10.6994,10.8159,10.9196,,,11.2104,,11.3968,,,,,,11.7858,
2024-05-29,,,,,,,,,,,,,,,,,,,,,,,,,,,,10.3184,10.2861,10.329,10.512,10.6512,10.783,10.8915,11.0211,11.1337,,,11.4525,,11.6376,,,,,,12.001,
2024-05-31,,,,,,,,,,,,,,,,,,,,,,,,,,,,10.3085,10.2577,10.292,10.4689,10.6002,10.718,10.8159,10.9407,11.0485,,,11.3599,,11.54,,,,,,11.8943,
2024-06-03,,,,,,,,,,,,,,,,,,,,,,,,,,,,10.3053,10.2513,10.2824,10.4723,10.6039,10.7303,10.8324,10.9531,11.0625,,,11.3739,,11.5543,,,,,,11.9009,
2024-06-04,,,,,,,,,,,,,,,,,,,,,,,,,,,,10.2605,10.2514,10.2836,10.4977,10.6339,10.7623,10.8727,10.9998,11.1055,,,11.4146,,11.5904,,,,,,11.938,
2024-06-05,,,,,,,,,,,,,,,,,,,,,,,,,,,,10.2393,10.2785,10.3371,10.5646,10.6958,10.8419,10.947,11.0671,11.1708,,,11.4424,,11.6029,,,,,,11.9293,
2024-06-06,,,,,,,,,,,,,,,,,,,,,,,,,,,,10.2209,10.2485,10.305,10.5148,10.6247,10.7695,10.8703,10.9882,11.0877,,,11.3575,,11.5179,,,,,,11.855,
2024-06-07,,,,,,,,,,,,,,,,,,,,,,,,,,,,10.254,10.3063,10.4684,10.7809,10.985,11.1704,11.3302,11.4575,11.5931,,,11.8744,,12.0075,,,,,,12.2848,
2024-06-10,,,,,,,,,,,,,,,,,,,,,,,,,,,,10.3402,10.353,10.5226,10.8008,11.01,11.1986,11.3211,11.4494,11.545,,,11.7957,,11.927,,,,,,12.1817,
2024-06-11,,,,,,,,,,,,,,,,,,,,,,,,,,,,10.4459,10.3079,10.465,10.7135,10.9046,11.0834,11.2052,11.3355,11.4276,,,11.6854,,11.829,,,,,,12.1123,
2024-06-12,,,,,,,,,,,,,,,,,,,,,,,,,,,,10.4709,10.3316,10.5422,10.7857,10.9835,11.183,11.3238,11.4791,11.586,,,11.9036,,12.0526,,,,,,12.368,
2024-06-13,,,,,,,,,,,,,,,,,,,,,,,,,,,,10.4798,10.2905,10.4846,10.714,10.8962,11.1012,11.2453,11.3904,11.4909,,,11.803,,11.9566,,,,,,12.29,
2024-06-14,,,,,,,,,,,,,,,,,,,,,,,,,,,,10.487,10.2834,10.4627,10.6857,10.8723,11.056,11.194,11.3292,11.4205,,,11.7021,,11.8445,,,,,,12.1545,
2024-06-17,,,,,,,,,,,,,,,,,,,,,,,,,,,,10.4898,10.2935,10.5192,10.7625,10.9731,11.142,11.284,11.4182,11.5082,,,11.7807,,11.911,,,,,,12.1955,
2024-06-18,,,,,,,,,,,,,,,,,,,,,,,,,,,,10.4832,10.2854,10.493,10.7432,10.9721,11.1398,11.285,11.416,11.5227,,,11.8157,,11.9444,,,,,,12.233,
2024-06-19,,,,,,,,,,,,,,,,,,,,,,,,,,,,10.4866,10.319,10.5496,10.799,11.0284,11.2027,11.349,11.474,11.5753,,,11.8528,,11.9832,,,,,,12.2612,
2024-06-20,,,,,,,,,,,,,,,,,,,,,,,,,,,,10.4854,10.3039,10.4637,10.6578,10.8807,11.0552,11.219,11.3581,11.4685,,,11.8037,,11.9547,,,,,,12.2708,
2024-06-21,,,,,,,,,,,,,,,,,,,,,,,,,,,,10.483,10.3005,10.4463,10.6285,10.849,11.0093,11.1559,11.2867,11.3996,,,11.7137,,11.8577,,,,,,12.163,
2024-06-24,,,,,,,,,,,,,,,,,,,,,,,,,,,,10.4838,10.2938,10.4299,10.6045,10.811,10.9644,11.0917,11.2279,11.3375,,,11.6417,,11.7748,,,,,,12.0773,
2024-06-25,,,,,,,,,,,,,,,,,,,,,,,,,,,,10.482,10.342,10.4394,10.6305,10.8309,10.995,11.1222,11.2639,11.3884,,,11.7113,,11.8508,,,,,,12.168,
2024-06-26,,,,,,,,,,,,,,,,,,,,,,,,,,,,10.4835,10.3457,10.4941,10.7156,10.941,11.1242,11.265,11.41,11.5295,,,11.8425,,11.981,,,,,,12.2839,
2024-06-27,,,,,,,,,,,,,,,,,,,,,,,,,,,,10.484,10.3383,10.4916,10.728,10.9542,11.1571,11.307,11.4632,11.5815,,,11.905,,12.0362,,,,,,12.3448,
2024-06-28,,,,,,,,,,,,,,,,,,,,,,,,,,,,10.4812,10.3845,10.6101,10.9071,11.1366,11.3948,11.5452,11.6973,11.8148,,,12.1096,,12.2333,,,,,,12.5145,
2024-07-01,,,,,,,,,,,,,,,,,,,,,,,,,,,,,10.4318,10.7167,11.0812,11.3229,11.6158,11.7602,11.9077,11.9965,,,12.2292,,12.335,,,,,,12.5628,
2024-07-02,,,,,,,,,,,,,,,,,,,,,,,,,,,,,10.4024,10.6822,11.0398,11.266,11.547,11.6832,11.8322,11.917,,,12.1752,,12.2974,,,,,,12.5562,
2024-07-03,,,,,,,,,,,,,,,,,,,,,,,,,,,,,10.3758,10.6057,10.9058,11.1142,11.3775,11.5073,11.6559,11.745,,,12.018,,12.1399,,,,,,12.3995,
2024-07-04,,,,,,,,,,,,,,,,,,,,,,,,,,,,,10.3717,10.5408,10.7566,10.9286,11.1627,11.2797,11.4192,11.508,,,11.7785,,11.9153,,,,,,12.2097,
2024-07-05,,,,,,,,,,,,,,,,,,,,,,,,,,,,,10.381,10.5298,10.7539,10.911,11.109,11.232,11.3728,11.4677,11.5479,,11.7355,,11.8703,,11.9787,,,,12.145,
2024-07-08,,,,,,,,,,,,,,,,,,,,,,,,,,,,,10.3938,10.53,10.7685,10.9288,11.119,11.2454,11.3798,11.483,11.5527,,11.7355,,11.8574,,11.9554,,,,12.1298,
2024-07-09,,,,,,,,,,,,,,,,,,,,,,,,,,,,,10.4155,10.5111,10.7377,10.8853,11.0667,11.1778,11.3129,11.3993,11.4751,,11.6441,,11.7737,,11.8783,,,,12.0587,
2024-07-10,,,,,,,,,,,,,,,,,,,,,,,,,,,,,10.4111,10.4678,10.6588,10.7866,10.9596,11.0697,11.1889,11.2672,11.3277,,11.4686,,11.585,,11.6862,,,,11.8696,
2024-07-11,,,,,,,,,,,,,,,,,,,,,,,,,,,,,10.4072,10.4773,10.6781,10.8052,10.9761,11.0641,11.1799,11.2572,11.3094,,11.4332,,11.545,,11.6428,,,,11.8309,
2024-07-12,,,,,,,,,,,,,,,,,,,,,,,,,,,,,10.4212,10.5148,10.728,10.861,11.0325,11.113,11.2307,11.3043,11.3583,,11.4807,,11.5802,,11.6847,,,,11.8685,
2024-07-15,,,,,,,,,,,,,,,,,,,,,,,,,,,,,10.4193,10.5197,10.7366,10.89,11.066,11.1671,11.2918,11.3778,11.4508,,11.5925,,11.7035,,11.8048,,,,11.9907,
2024-07-16,,,,,,,,,,,,,,,,,,,,,,,,,,,,,10.4167,10.5042,10.697,10.832,10.9978,11.0894,11.2125,11.3036,11.3753,,11.534,,11.651,,11.7662,,,,11.9604,
2024-07-17,,,,,,,,,,,,,,,,,,,,,,,,,,,,,10.4236,10.54,10.7454,10.8924,11.0751,11.1753,11.298,11.387,11.4592,,11.609,,11.716,,11.8335,,,,12.009,
2024-07-18,,,,,,,,,,,,,,,,,,,,,,,,,,,,,10.4402,10.6104,10.8796,11.0643,11.279,11.3938,11.5238,11.6095,11.6795,,11.817,,11.9151,,12.0193,,,,12.196,
2024-07-19,,,,,,,,,,,,,,,,,,,,,,,,,,,,,10.4348,10.6054,10.8953,11.0881,11.315,11.4315,11.558,11.648,11.7123,,11.859,,11.9575,,12.0683,,,,12.236,
2024-07-22,,,,,,,,,,,,,,,,,,,,,,,,,,,,,10.4272,10.5851,10.8587,11.0513,11.2747,11.3872,11.507,11.594,11.658,,11.788,,11.8818,,11.983,,,,12.157,
2024-07-23,,,,,,,,,,,,,,,,,,,,,,,,,,,,,10.4312,10.6032,10.9078,11.1339,11.3753,11.5024,11.633,11.715,11.7945,,11.933,,12.0337,,12.1424,,,,12.3152,
2024-07-24,,,,,,,,,,,,,,,,,,,,,,,,,,,,,10.4263,10.5985,10.9448,11.1907,11.4494,11.5802,11.7095,11.7939,11.8664,,11.9927,,12.0815,,12.1814,,,,12.3436,
2024-07-25,,,,,,,,,,,,,,,,,,,,,,,,,,,,,10.4509,10.6779,11.0792,11.3455,11.6064,11.746,11.8772,11.965,12.0408,,12.1632,,12.2358,,12.3221,,,,12.4455,
2024-07-26,,,,,,,,,,,,,,,,,,,,,,,,,,,,,10.445,10.661,11.0492,11.3093,11.5508,11.6804,11.8177,11.9056,11.9642,,12.061,,12.1216,,12.1986,,,,12.3026,
2024-07-29,,,,,,,,,,,,,,,,,,,,,,,,,,,,,10.4234,10.6277,11.029,11.302,11.5723,11.7133,11.8574,11.958,12.0277,,12.132,,12.1909,,12.2585,,,,12.3523,
2024-07-30,,,,,,,,,,,,,,,,,,,,,,,,,,,,,10.4212,10.6122,10.9972,11.262,11.5243,11.6651,11.8103,11.9026,11.9737,,12.0702,,12.1317,,12.1915,,,,12.2817,
2024-07-31,,,,,,,,,,,,,,,,,,,,,,,,,,,,,10.4166,10.6164,10.9896,11.243,11.486,11.61,11.7381,11.8137,11.87,,11.9417,,12.0022,,12.0675,,,,12.1615,
2024-08-01,,,,,,,,,,,,,,,,,,,,,,,,,,,,,10.4016,10.5844,10.9396,11.1845,11.43,11.5521,11.6912,11.7826,11.85,,11.9541,,12.035,,12.1148,,,,12.229,
2024-08-02,,,,,,,,,,,,,,,,,,,,,,,,,,,,,10.3847,10.4615,10.7386,10.9476,11.154,11.2564,11.3821,11.457,11.53,,11.6168,,11.7225,,11.8101,,,,11.954,
2024-08-05,,,,,,,,,,,,,,,,,,,,,,,,,,,,,10.392,10.4823,10.7134,10.9033,11.106,11.2065,11.3178,11.404,11.4653,,11.5673,,11.6729,,11.7688,,,,11.92,
2024-08-06,,,,,,,,,,,,,,,,,,,,,,,,,,,,,10.408,10.5963,10.9687,11.2238,11.4323,11.5252,11.6098,11.6945,11.7412,,11.7829,,11.8441,,11.9195,,,,12.0044,
2024-08-07,,,,,,,,,,,,,,,,,,,,,,,,,,,,,10.4037,10.5845,10.9408,11.1832,11.3906,11.4905,11.5763,11.657,11.6984,,11.7427,,11.8126,,11.88,,,,11.9883,
2024-08-08,,,,,,,,,,,,,,,,,,,,,,,,,,,,,10.4,10.588,10.9629,11.2197,11.4445,11.5478,11.6305,11.702,11.732,,11.767,,11.8393,,11.896,,,,11.986,
2024-08-09,,,,,,,,,,,,,,,,,,,,,,,,,,,,,10.4174,10.6455,11.0141,11.261,11.4381,11.5181,11.5795,11.6094,11.614,,11.602,,11.652,,11.7093,,,,11.7785,
2024-08-12,,,,,,,,,,,,,,,,,,,,,,,,,,,,,10.4163,10.6494,11.0304,11.2738,11.4537,11.5242,11.5793,11.6087,11.6127,,11.5976,,11.634,,11.6875,,,,11.762,
2024-08-13,,,,,,,,,,,,,,,,,,,,,,,,,,,,,10.4192,10.6549,11.017,11.2231,11.3697,11.4142,11.4445,11.4537,11.4394,,11.4224,,11.4602,,11.513,,,,11.5885,
2024-08-14,,,,,,,,,,,,,,,,,,,,,,,,,,,,,10.4167,10.6574,10.9967,11.1863,11.3372,11.3958,11.4252,11.441,11.426,,11.4024,,11.4371,,11.4926,,,,11.5694,
2024-08-15,,,,,,,,,,,,,,,,,,,,,,,,,,,,,10.4238,10.7017,11.0753,11.295,11.4691,11.532,11.5685,11.5867,11.5801,,11.5523,,11.582,,11.6304,,,,11.7,
2024-08-16,,,,,,,,,,,,,,,,,,,,,,,,,,,,,10.4353,10.7436,11.1602,11.389,11.5798,11.6429,11.6588,11.6665,11.6459,,11.5804,,11.579,,11.6091,,,,11.6605,
2024-08-19,,,,,,,,,,,,,,,,,,,,,,,,,,,,,10.4461,10.749,11.151,11.3596,11.51,11.5473,11.5395,11.5335,11.4982,,11.4278,,11.446,,11.4852,,,,11.549,
2024-08-20,,,,,,,,,,,,,,,,,,,,,,,,,,,,,10.4285,10.707,11.1038,11.3351,11.4846,11.5275,11.5397,11.5492,11.5378,,11.497,,11.5245,,11.5762,,,,11.6584,
2024-08-21,,,,,,,,,,,,,,,,,,,,,,,,,,,,,10.423,10.6498,11.0215,11.2498,11.3932,11.4331,11.4634,11.4862,11.4855,,11.4755,,11.5065,,11.5639,,,,11.6557,
2024-08-22,,,,,,,,,,,,,,,,,,,,,,,,,,,,,10.4444,10.7555,11.1592,11.387,11.5483,11.6013,11.6294,11.6743,11.6767,,11.6982,,11.7289,,11.7948,,,,11.8746,
2024-08-23,,,,,,,,,,,,,,,,,,,,,,,,,,,,,10.4416,10.7171,11.0866,11.3032,11.4374,11.4654,11.4997,11.5265,11.5357,,11.5335,,11.5694,,11.6417,,,,11.7436,
2024-08-26,,,,,,,,,,,,,,,,,,,,,,,,,,,,,10.446,10.7298,11.077,11.285,11.3975,11.41,11.4316,11.4555,11.4551,,11.4616,,11.503,,11.5845,,,,11.704,
2024-08-27,,,,,,,,,,,,,,,,,,,,,,,,,,,,,10.4684,10.7742,11.1622,11.3936,11.5013,11.528,11.54,11.5547,11.545,,11.5392,,11.583,,11.6525,,,,11.7724,
2024-08-28,,,,,,,,,,,,,,,,,,,,,,,,,,,,,10.4909,10.8335,11.2721,11.5333,11.6631,11.686,11.7042,11.7155,11.6975,,11.6818,,11.72,,11.7836,,,,11.8963,
2024-08-29,,,,,,,,,,,,,,,,,,,,,,,,,,,,,10.5045,10.8842,11.3417,11.6033,11.7473,11.7909,11.8199,11.8451,11.8386,,11.8351,,11.8746,,11.935,,,,12.0205,
2024-08-30,,,,,,,,,,,,,,,,,,,,,,,,,,,,,10.5026,10.8896,11.3229,11.5903,11.7456,11.8219,11.8889,11.9418,11.9598,,12.0151,,12.0753,,12.1578,,,,12.2543,
2024-09-02,,,,,,,,,,,,,,,,,,,,,,,,,,,,,10.5071,10.8892,11.3259,11.6063,11.7662,11.8602,11.927,11.9892,12.0065,,12.071,,12.1442,,12.2265,,,,12.3301,
2024-09-03,,,,,,,,,,,,,,,,,,,,,,,,,,,,,10.5013,10.8837,11.3193,11.609,11.789,11.8889,11.9376,11.9814,11.982,,12.0217,,12.084,,12.1683,,,,12.2735,
2024-09-04,,,,,,,,,,,,,,,,,,,,,,,,,,,,,10.498,10.844,11.233,11.495,11.6572,11.7315,11.8008,11.8245,11.8206,,11.8408,,11.911,,11.9955,,,,12.1097,
2024-09-05,,,,,,,,,,,,,,,,,,,,,,,,,,,,,10.4934,10.8197,11.1962,11.4302,11.5669,11.659,11.7128,11.741,11.743,,11.7536,,11.818,,11.9036,,,,12.0115,
2024-09-06,,,,,,,,,,,,,,,,,,,,,,,,,,,,,10.4933,10.8137,11.2274,11.4751,11.6113,11.7068,11.7472,11.7658,11.758,,11.746,,11.793,,11.869,,,,11.9555,
2024-09-09,,,,,,,,,,,,,,,,,,,,,,,,,,,,,10.5098,10.834,11.2394,11.4852,11.6396,11.7454,11.7745,11.7802,11.7684,,11.7447,,11.786,,11.8524,,,,11.9348,
2024-09-10,,,,,,,,,,,,,,,,,,,,,,,,,,,,,10.5164,10.828,11.2122,11.4498,11.6199,11.747,11.7896,11.8055,11.7867,,11.7754,,11.822,,11.8925,,,,11.9709,
2024-09-11,,,,,,,,,,,,,,,,,,,,,,,,,,,,,10.5347,10.8412,11.2455,11.4943,11.6648,11.7643,11.808,11.8166,11.8011,,11.767,,11.808,,11.8698,,,,11.943,
2024-09-12,,,,,,,,,,,,,,,,,,,,,,,,,,,,,10.5822,10.8811,11.3057,11.5705,11.7387,11.8339,11.8769,11.9016,11.8943,,11.883,,11.947,,12.0114,,,,12.118,
2024-09-13,,,,,,,,,,,,,,,,,,,,,,,,,,,,,10.6003,10.8822,11.2958,11.5515,11.7101,11.7994,11.8495,11.8846,11.8783,,11.8474,,11.911,,11.976,,,,12.0635,
2024-09-16,,,,,,,,,,,,,,,,,,,,,,,,,,,,,10.6166,10.8824,11.3095,11.56,11.7286,11.8167,11.873,11.9133,11.9103,,11.8997,,11.9621,,12.0326,,,,12.1378,
2024-09-17,,,,,,,,,,,,,,,,,,,,,,,,,,,,,10.6447,10.885,11.2983,11.533,11.703,11.7963,11.8554,11.901,11.9093,,11.9022,,11.9804,,12.062,,,,12.1885,
2024-09-18,,,,,,,,,,,,,,,,,,,,,,,,,,,,,10.6529,10.862,11.271,11.4884,11.649,11.747,11.809,11.8587,11.8643,,11.871,,11.9427,,12.021,,,,12.1447,
2024-09-19,,,,,,,,,,,,,,,,,,,,,,,,,,,,,10.6805,10.909,11.393,11.694,11.9068,12.0233,12.066,12.0981,12.0856,,12.0432,,12.098,,12.1605,,,,12.2712,
2024-09-20,,,,,,,,,,,,,,,,,,,,,,,,,,,,,10.6819,10.959,11.4501,11.7916,12.025,12.1712,12.247,12.298,12.3103,,12.2989,,12.3539,,12.4307,,,,12.5396,
2024-09-23,,,,,,,,,,,,,,,,,,,,,,,,,,,,,10.6864,10.9318,11.4824,11.8688,12.1172,12.2642,12.3642,12.4338,12.4591,,12.4738,,12.5389,,12.6126,,,,12.7135,
2024-09-24,,,,,,,,,,,,,,,,,,,,,,,,,,,,,10.6859,10.9058,11.4071,11.7557,11.973,12.0961,12.1661,12.2107,12.2154,,12.2115,,12.2645,,12.3395,,,,12.438,
2024-09-25,,,,,,,,,,,,,,,,,,,,,,,,,,,,,10.6876,10.8766,11.3789,11.7206,11.946,12.0603,12.1318,12.1734,12.1783,,12.1653,,12.2232,,12.2947,,,,12.3975,
2024-09-26,,,,,,,,,,,,,,,,,,,,,,,,,,,,,10.6836,10.8878,11.4265,11.7859,12.0503,12.1787,12.2546,12.2967,12.288,,12.2653,,12.308,,12.3559,,,,12.449,
2024-09-27,,,,,,,,,,,,,,,,,,,,,,,,,,,,,10.6837,10.877,11.4349,11.8318,12.1147,12.2599,12.3365,12.3863,12.3805,,12.3514,,12.3868,,12.4465,,,,12.5084,
2024-09-30,,,,,,,,,,,,,,,,,,,,,,,,,,,,,10.6779,10.8932,11.4688,11.8651,12.1391,12.3116,12.395,12.4452,12.4495,,12.429,,12.463,,12.5255,,,,12.5905,
2024-10-01,,,,,,,,,,,,,,,,,,,,,,,,,,,,,,10.9132,11.4614,11.8372,12.0686,12.2471,12.342,12.3785,12.382,,12.3726,,12.412,,12.4785,,,,12.5475,
2024-10-02,,,,,,,,,,,,,,,,,,,,,,,,,,,,,,10.9427,11.4417,11.8217,12.0439,12.218,12.3025,12.3446,12.3421,,12.3146,,12.3575,,12.4292,,,,12.504,
2024-10-03,,,,,,,,,,,,,,,,,,,,,,,,,,,,,,10.9858,11.4834,11.8655,12.0896,12.264,12.3572,12.4002,12.4023,,12.3803,,12.4183,,12.4817,,,,12.5448,
2024-10-04,,,,,,,,,,,,,,,,,,,,,,,,,,,,,,11.0256,11.5528,11.9672,12.1976,12.3716,12.457,12.4965,12.4882,,12.4539,,12.4912,,12.5417,,,,12.5804,
2024-10-07,,,,,,,,,,,,,,,,,,,,,,,,,,,,,,11.048,11.5614,11.953,12.1656,12.3214,12.403,12.4342,12.4393,,12.3906,,12.4288,,12.4722,,,,12.5007,
2024-10-08,,,,,,,,,,,,,,,,,,,,,,,,,,,,,,11.0504,11.5446,11.9254,12.1402,12.284,12.3708,12.3927,12.3915,,12.3472,,12.3716,,12.415,,,,12.43,
2024-10-09,,,,,,,,,,,,,,,,,,,,,,,,,,,,,,11.0764,11.6179,12.0475,12.311,12.4824,12.5946,12.6375,12.6382,,12.6117,,12.6445,,12.6757,,,,12.6985,
2024-10-10,,,,,,,,,,,,,,,,,,,,,,,,,,,,,,11.088,11.6358,12.0819,12.3699,12.5596,12.69,12.739,12.7467,,12.7185,,12.7376,,12.765,,,,12.7554,
2024-10-11,,,,,,,,,,,,,,,,,,,,,,,,,,,,,,11.115,11.6787,12.1281,12.4291,12.6227,12.7758,12.8533,12.8842,,12.8766,,12.9029,,12.934,,,,12.9411,
2024-10-14,,,,,,,,,,,,,,,,,,,,,,,,,,,,,,11.1016,11.638,12.0671,12.3449,12.518,12.6482,12.6979,12.7035,,12.6793,,12.6913,,12.721,,,,12.7355,
2024-10-15,,,,,,,,,,,,,,,,,,,,,,,,,,,,,,11.1183,11.6684,12.104,12.3937,12.5833,12.709,12.7625,12.7751,,12.7585,,12.7823,,12.8085,,,,12.8345,
2024-10-16,,,,,,,,,,,,,,,,,,,,,,,,,,,,,,11.1402,11.6838,12.1159,12.4277,12.6145,12.7585,12.8192,12.8443,,12.8402,,12.8713,,12.915,,,,12.9517,
2024-10-17,,,,,,,,,,,,,,,,,,,,,,,,,,,,,,11.1618,11.7077,12.1495,12.4701,12.6636,12.8015,12.857,12.8806,,12.8928,,12.9373,,12.9913,,,,13.0295,
2024-10-18,,,,,,,,,,,,,,,,,,,,,,,,,,,,,,11.171,11.709,12.1631,12.4899,12.6918,12.8447,12.9104,12.9476,,12.9637,,13.0038,,13.0583,,,,13.0835,
2024-10-21,,,,,,,,,,,,,,,,,,,,,,,,,,,,,,11.1849,11.6845,12.1239,12.4423,12.6477,12.7988,12.8555,12.8826,,12.8864,,12.9305,,12.985,,,,13.0185,
2024-10-22,,,,,,,,,,,,,,,,,,,,,,,,,,,,,,11.1989,11.706,12.1379,12.4651,12.6815,12.8272,12.8872,12.9106,,12.9081,,12.9416,,12.98,,,,12.9995,
2024-10-23,,,,,,,,,,,,,,,,,,,,,,,,,,,,,,11.215,11.7318,12.1685,12.5106,12.7287,12.886,12.9513,12.9818,,12.9897,,13.0225,,13.056,,,,13.0875,
2024-10-24,,,,,,,,,,,,,,,,,,,,,,,,,,,,,,11.2106,11.6788,12.0718,12.38,12.574,12.6996,12.7467,12.7606,,12.7433,,12.7897,,12.8161,,,,12.8457,
2024-10-25,,,,,,,,,,,,,,,,,,,,,,,,,,,,,,11.2249,11.7241,12.147,12.4605,12.6552,12.7893,12.8359,12.8497,,12.8468,,12.8696,,12.9104,,,,12.9137,
2024-10-28,,,,,,,,,,,,,,,,,,,,,,,,,,,,,,11.238,11.7315,12.156,12.4733,12.6767,12.8023,12.847,12.8616,,12.8627,,12.8948,,12.9354,,,,12.9527,
2024-10-29,,,,,,,,,,,,,,,,,,,,,,,,,,,,,,11.2483,11.7537,12.1958,12.5222,12.7256,12.8588,12.9143,12.9387,,12.956,,12.9878,,13.0344,,,,13.0554,
2024-10-30,,,,,,,,,,,,,,,,,,,,,,,,,,,,,,11.257,11.7467,12.1768,12.5267,12.7323,12.8632,12.912,12.9295,,12.936,,12.9598,,12.9996,,,,13.0135,
2024-10-31,,,,,,,,,,,,,,,,,,,,,,,,,,,,,,11.2675,11.7575,12.1945,12.5543,12.7704,12.909,12.9622,12.9886,,12.997,,13.0307,,13.0669,,,,13.0703,
2024-11-01,,,,,,,,,,,,,,,,,,,,,,,,,,,,,,11.3082,11.9036,12.4165,12.8296,13.053,13.1922,13.254,13.286,,13.316,,13.3411,,13.3702,,,,13.3761,
2024-11-04,,,,,,,,,,,,,,,,,,,,,,,,,,,,,,11.3024,11.8396,12.2906,12.6564,12.8562,12.984,13.0327,13.0501,,13.062,,13.0906,,13.1245,,,,13.1282,
2024-11-05,,,,,,,,,,,,,,,,,,,,,,,,,,,,,,11.3196,11.8512,12.2744,12.6285,12.8177,12.9421,12.9857,12.9959,,13.009,,13.0309,,13.0733,,,,13.08,
2024-11-06,,,,,,,,,,,,,,,,,,,,,,,,,,,,,,11.33,11.8848,12.3464,12.7192,12.9177,13.0388,13.067,13.0695,,13.043,,13.045,,13.0635,,,,13.0465,
2024-11-07,,,,,,,,,,,,,,,,,,,,,,,,,,,,,,11.36,11.9154,12.4024,12.7826,12.9842,13.0831,13.103,13.0846,,13.0226,,13.008,,13.0103,,,,12.962,
2024-11-08,,,,,,,,,,,,,,,,,,,,,,,,,,,,,,11.3729,11.9439,12.4506,12.8457,13.0605,13.174,13.1984,13.186,,13.1209,,13.0936,,13.0914,,,,13.0097,
2024-11-11,,,,,,,,,,,,,,,,,,,,,,,,,,,,,,11.3817,11.968,12.5036,12.9076,13.1253,13.2543,13.2864,13.2819,,13.2152,,13.1725,,13.1521,,,,13.0597,
2024-11-12,,,,,,,,,,,,,,,,,,,,,,,,,,,,,,11.382,11.9311,12.4839,12.9121,13.1483,13.2925,13.3522,13.3626,,13.324,,13.2882,,13.2765,,,,13.1832,
2024-11-13,,,,,,,,,,,,,,,,,,,,,,,,,,,,,,11.3915,11.9592,12.5238,12.9541,13.2016,13.3577,13.4142,13.423,,13.394,,13.3606,,13.3438,,,,13.2425,
2024-11-14,,,,,,,,,,,,,,,,,,,,,,,,,,,,,,11.3917,11.9365,12.4768,12.8885,13.1395,13.2948,13.3611,13.3736,,13.3471,,13.3102,,13.3079,,,,13.2175,
2024-11-18,,,,,,,,,,,,,,,,,,,,,,,,,,,,,,11.4145,11.9885,12.559,12.9959,13.281,13.4415,13.5063,13.5198,,13.4813,,13.436,,13.4198,,,,13.3058,
2024-11-19,,,,,,,,,,,,,,,,,,,,,,,,,,,,,,11.4273,11.9916,12.5217,12.913,13.17,13.3264,13.3899,13.4012,,13.3759,,13.336,,13.331,,,,13.2363,
2024-11-21,,,,,,,,,,,,,,,,,,,,,,,,,,,,,,11.4402,12.0065,12.5078,12.887,13.141,13.2995,13.3537,13.359,,13.3211,,13.2785,,13.275,,,,13.1785,
2024-11-22,,,,,,,,,,,,,,,,,,,,,,,,,,,,,,11.4599,12.0323,12.5451,12.943,13.1933,13.3473,13.3995,13.4082,,13.3711,,13.3351,,13.3276,,,,13.2405,
2024-11-25,,,,,,,,,,,,,,,,,,,,,,,,,,,,,,11.4866,12.0608,12.5927,12.986,13.2145,13.3609,13.3983,13.3812,,13.3006,,13.252,,13.2423,,,,13.1346,
2024-11-26,,,,,,,,,,,,,,,,,,,,,,,,,,,,,,11.4885,12.0467,12.5854,12.9846,13.2198,13.3618,13.3985,13.371,,13.2835,,13.226,,13.2105,,,,13.1095,
2024-11-27,,,,,,,,,,,,,,,,,,,,,,,,,,,,,,11.548,12.1925,12.7712,13.2209,13.487,13.6565,13.7007,13.691,,13.6378,,13.6054,,13.607,,,,13.5139,
2024-11-28,,,,,,,,,,,,,,,,,,,,,,,,,,,,,,11.5903,12.2997,12.9834,13.505,13.77,13.9303,13.9744,13.9683,,13.9281,,13.8831,,13.8791,,,,13.8075,
2024-11-29,,,,,,,,,,,,,,,,,,,,,,,,,,,,,,11.6446,12.3412,13.066,13.615,13.8923,14.0533,14.0951,14.0641,,14.0208,,13.9681,,13.9383,,,,13.8017,
2024-12-02,,,,,,,,,,,,,,,,,,,,,,,,,,,,,,11.634,12.3071,12.9986,13.5401,13.8219,14.0021,14.0705,14.0678,,14.0846,,14.0209,,13.9909,,,,13.8657,
2024-12-03,,,,,,,,,,,,,,,,,,,,,,,,,,,,,,11.6725,12.3759,13.0971,13.6643,13.9886,14.186,14.2818,14.2955,,14.3391,,14.292,,14.2651,,,,14.1554,
2024-12-04,,,,,,,,,,,,,,,,,,,,,,,,,,,,,,11.7346,12.4539,13.1776,13.7455,14.063,14.2391,14.3225,14.3273,,14.3289,,14.266,,14.227,,,,14.112,
2024-12-05,,,,,,,,,,,,,,,,,,,,,,,,,,,,,,11.7361,12.4593,13.1914,13.78,14.1371,14.3326,14.4198,14.4285,,14.4172,,14.329,,14.2523,,,,14.0993,
2024-12-06,,,,,,,,,,,,,,,,,,,,,,,,,,,,,,11.8236,12.545,13.2929,13.9383,14.3542,14.5861,14.7172,14.7472,,14.7773,,14.6883,,14.6051,,,,14.4245,
2024-12-09,,,,,,,,,,,,,,,,,,,,,,,,,,,,,,11.8961,12.615,13.4068,14.066,14.4913,14.7577,14.9029,14.9517,,15.0002,,14.9216,,14.8535,,,,14.6453,
2024-12-10,,,,,,,,,,,,,,,,,,,,,,,,,,,,,,11.9324,12.6052,13.3739,13.9435,14.3242,14.555,14.6676,14.68,,14.6787,,14.5632,,14.4667,,,,14.2533,
2024-12-11,,,,,,,,,,,,,,,,,,,,,,,,,,,,,,12.002,12.629,13.36,13.8769,14.2119,14.3961,14.4821,14.488,,14.47,,14.3686,,14.2741,,,,14.0804,
2024-12-12,,,,,,,,,,,,,,,,,,,,,,,,,,,,,,12.152,12.7794,13.6314,14.2501,14.6196,14.776,14.8236,14.7698,,14.63,,14.488,,14.37,,,,14.1555,
2024-12-13,,,,,,,,,,,,,,,,,,,,,,,,,,,,,,12.1562,12.8672,13.7805,14.438,14.8502,15.0319,15.0993,15.0811,,15.0042,,14.89,,14.784,,,,14.5664,
2024-12-16,,,,,,,,,,,,,,,,,,,,,,,,,,,,,,12.1597,12.8888,13.8327,14.5257,14.958,15.2136,15.349,15.3737,,15.4195,,15.3282,,15.2465,,,,15.0675,
2024-12-17,,,,,,,,,,,,,,,,,,,,,,,,,,,,,,12.1974,12.9574,13.916,14.594,15.0321,15.2792,15.401,15.406,,15.4097,,15.334,,15.2502,,,,15.0588,
2024-12-18,,,,,,,,,,,,,,,,,,,,,,,,,,,,,,12.2192,13.072,14.1359,14.9185,15.4409,15.7645,15.932,15.9399,,15.9587,,15.8673,,15.783,,,,15.584,
2024-12-19,,,,,,,,,,,,,,,,,,,,,,,,,,,,,,12.2302,13.0627,14.0119,14.6942,15.073,15.306,15.3821,15.3476,,15.2913,,15.1975,,15.1115,,,,14.9458,
2024-12-20,,,,,,,,,,,,,,,,,,,,,,,,,,,,,,12.2432,13.0176,13.9945,14.6167,14.9303,15.1218,15.1472,15.0831,,14.9258,,14.815,,14.7202,,,,14.5396,
2024-12-23,,,,,,,,,,,,,,,,,,,,,,,,,,,,,,12.2439,13.076,14.1044,14.8548,15.2517,15.4866,15.5644,15.5347,,15.3935,,15.2673,,15.17,,,,14.953,
2024-12-24,,,,,,,,,,,,,,,,,,,,,,,,,,,,,,12.2439,13.076,14.1044,14.8548,15.2517,15.4866,15.5644,15.5347,,15.3935,,15.2673,,15.17,,,,14.953,
2024-12-26,,,,,,,,,,,,,,,,,,,,,,,,,,,,,,12.2442,13.1229,14.2351,14.9646,15.3884,15.657,15.7332,15.7071,,15.606,,15.5073,,15.4333,,,,15.2555,
2024-12-27,,,,,,,,,,,,,,,,,,,,,,,,,,,,,,12.2479,13.0747,14.153,14.8961,15.3786,15.67,15.7894,15.7947,,15.7668,,15.7155,,15.6734,,,,15.5491,
2024-12-30,,,,,,,,,,,,,,,,,,,,,,,,,,,,,,12.2497,13.069,14.1506,14.937,15.4486,15.7853,15.943,15.9691,,15.9811,,15.9313,,15.8895,,,,15.7505,
2024-12-31,,,,,,,,,,,,,,,,,,,,,,,,,,,,,,12.2497,13.069,14.1506,14.937,15.4486,15.7853,15.943,15.9691,,15.9811,,15.9313,,15.8895,,,,15.7505,
2025-01-02,,,,,,,,,,,,,,,,,,,,,,,,,,,,,,,13.0201,14.0109,14.7284,15.1821,15.5041,15.6794,15.7136,,15.758,,15.7148,,15.6815,,,,15.5543,
2025-01-03,,,,,,,,,,,,,,,,,,,,,,,,,,,,,,,13.0293,13.9934,14.6495,15.047,15.3264,15.4935,15.5227,,15.53,,15.492,,15.4541,,,,15.3165,
2025-01-06,,,,,,,,,,,,,,,,,,,,,,,,,,,,,,,13.0464,13.9701,14.5936,14.9759,15.2437,15.3963,15.4058,,15.3733,,15.306,,15.257,,,,15.087,
2025-01-07,,,,,,,,,,,,,,,,,,,,,,,,,,,,,,,13.0741,13.9954,14.6236,15.0138,15.2812,15.4323,15.451,,15.43,,15.371,,15.3274,,,,15.1685,
2025-01-08,,,,,,,,,,,,,,,,,,,,,,,,,,,,,,,13.0695,13.9687,14.5895,14.9718,15.224,15.387,15.427,,15.4375,,15.4063,,15.385,,,,15.2857,
2025-01-09,,,,,,,,,,,,,,,,,,,,,,,,,,,,,,,13.0666,13.9422,14.5592,14.9159,15.1643,15.3119,15.3312,,15.2992,,15.2613,,15.247,,,,15.1725,
2025-01-10,,,,,,,,,,,,,,,,,,,,,,,,,,,,,,,13.0917,13.9988,14.6472,15.0401,15.2991,15.4413,15.4627,15.4762,15.4558,,15.4524,,15.446,,15.4441,,15.4123,15.2546
2025-01-13,,,,,,,,,,,,,,,,,,,,,,,,,,,,,,,13.0858,13.9464,14.5416,14.915,15.1576,15.291,15.3072,15.345,15.3285,,15.3492,,15.361,,15.3854,,15.3855,15.2695
2025-01-14,,,,,,,,,,,,,,,,,,,,,,,,,,,,,,,13.0934,13.9347,14.5088,14.8638,15.0962,15.2295,15.2293,15.2435,15.234,,15.2328,,15.2437,,15.2513,,15.243,15.1201
2025-01-15,,,,,,,,,,,,,,,,,,,,,,,,,,,,,,,13.0968,13.9142,14.4608,14.7885,15.0009,15.0981,15.0715,15.042,15.005,,14.968,,14.9426,,14.9246,,14.901,14.7991
2025-01-16,,,,,,,,,,,,,,,,,,,,,,,,,,,,,,,13.1215,13.9362,14.5048,14.8679,15.095,15.218,15.2145,15.2217,15.1919,,15.1613,,15.1489,,15.1562,,15.1315,15.0748
2025-01-17,,,,,,,,,,,,,,,,,,,,,,,,,,,,,,,13.1349,13.9525,14.543,14.9256,15.1465,15.2628,15.262,15.286,15.2578,,15.2443,,15.2425,,15.287,,15.292,15.2795
2025-01-20,,,,,,,,,,,,,,,,,,,,,,,,,,,,,,,13.1546,13.953,14.5376,14.8959,15.1004,15.201,15.1775,15.184,15.1428,,15.1079,,15.0836,,15.1286,,15.1245,15.1406
2025-01-21,,,,,,,,,,,,,,,,,,,,,,,,,,,,,,,13.179,13.954,14.5423,14.9078,15.1313,15.2179,15.1938,15.2245,15.1841,,15.1379,,15.1191,,15.1703,,15.16,15.1781
2025-01-22,,,,,,,,,,,,,,,,,,,,,,,,,,,,,,,13.1993,13.9457,14.5034,14.8702,15.0956,15.19,15.1575,15.1863,15.1403,,15.0934,,15.063,,15.1203,,15.0883,15.075
2025-01-23,,,,,,,,,,,,,,,,,,,,,,,,,,,,,,,13.2233,14.0132,14.6011,14.993,15.226,15.3236,15.3065,15.3535,15.3115,,15.2675,,15.2395,,15.2844,,15.2745,15.2736
2025-01-24,,,,,,,,,,,,,,,,,,,,,,,,,,,,,,,13.2541,14.0481,14.6827,15.0857,15.332,15.4348,15.41,15.427,15.3789,,15.3099,,15.2663,,15.3105,,15.2855,15.2805
2025-01-27,,,,,,,,,,,,,,,,,,,,,,,,,,,,,,,13.2749,14.0579,14.705,15.1028,15.3413,15.4381,15.3866,15.3775,15.3231,,15.2412,,15.1826,,15.2159,,15.1739,15.158
2025-01-28,,,,,,,,,,,,,,,,,,,,,,,,,,,,,,,13.3033,14.0618,14.7084,15.088,15.3139,15.3954,15.3402,15.323,15.2805,,15.2067,,15.1539,,15.1883,,15.1555,15.1556
2025-01-29,,,,,,,,,,,,,,,,,,,,,,,,,,,,,,,13.3356,14.1038,14.7605,15.156,15.3846,15.4736,15.4281,15.4135,15.3629,,15.296,,15.2451,,15.2775,,15.2534,15.2401
2025-01-30,,,,,,,,,,,,,,,,,,,,,,,,,,,,,,,13.3561,14.0163,14.502,14.808,14.9776,15.0305,14.9716,14.9605,14.9131,,14.8611,,14.8423,,14.8965,,14.9098,14.948
2025-01-31,,,,,,,,,,,,,,,,,,,,,,,,,,,,,,,13.3641,14.0391,14.5461,14.8605,15.0463,15.0972,15.0199,14.9813,14.924,,14.8417,,14.7949,,14.8358,,14.818,14.8223
2025-02-03,,,,,,,,,,,,,,,,,,,,,,,,,,,,,,,13.3703,14.0566,14.5531,14.8525,15.0204,15.0523,14.9503,14.8709,14.7986,,14.6795,,14.618,,14.6514,,14.6306,14.615
2025-02-04,,,,,,,,,,,,,,,,,,,,,,,,,,,,,,,13.377,14.0827,14.57,14.8612,15.0375,15.0593,14.9543,14.86,14.7734,,14.631,,14.55,,14.5777,,14.5507,14.5329
2025-02-05,,,,,,,,,,,,,,,,,,,,,,,,,,,,,,,13.39,14.0965,14.6053,14.9084,15.0961,15.1453,15.056,14.9868,14.9221,,14.805,,14.736,,14.767,,14.7403,14.7248
2025-02-06,,,,,,,,,,,,,,,,,,,,,,,,,,,,,,,13.3953,14.0925,14.6054,14.9039,15.0858,15.1514,15.079,15.0217,14.9627,,14.848,,14.7852,,14.8166,,14.7975,14.7865
2025-02-07,,,,,,,,,,,,,,,,,,,,,,,,,,,,,,,13.4169,14.1206,14.6632,14.9961,15.2026,15.2925,15.242,15.2133,15.1646,,15.0427,,14.971,,14.9963,,14.9731,14.9542
2025-02-10,,,,,,,,,,,,,,,,,,,,,,,,,,,,,,,13.4245,14.1181,14.6307,14.9528,15.1512,15.2444,15.205,15.2022,15.1574,,15.067,,15.0071,,15.0436,,15.0385,15.0232
2025-02-11,,,,,,,,,,,,,,,,,,,,,,,,,,,,,,,13.4305,14.12,14.5945,14.8911,15.075,15.1462,15.091,15.0667,15.0223,,14.9366,,14.8884,,14.9311,,14.929,14.9365
2025-02-12,,,,,,,,,,,,,,,,,,,,,,,,,,,,,,,13.4332,14.1052,14.563,14.8584,15.0321,15.1091,15.069,15.0748,15.0503,,15.0033,,14.9772,,15.0285,,15.0356,15.0295
2025-02-13,,,,,,,,,,,,,,,,,,,,,,,,,,,,,,,13.4412,14.0988,14.5327,14.8014,14.9566,15.0173,14.973,14.9742,14.9431,,14.8942,,14.875,,14.934,,14.9644,14.9836
2025-02-14,,,,,,,,,,,,,,,,,,,,,,,,,,,,,,,13.449,14.0947,14.5143,14.7635,14.896,14.9223,14.8429,14.8,14.7365,,14.651,,14.6164,,14.662,,14.6742,14.696
2025-02-17,,,,,,,,,,,,,,,,,,,,,,,,,,,,,,,13.4564,14.0735,14.4334,14.632,14.7495,14.7557,14.6542,14.5675,14.4912,,14.4043,,14.3627,,14.409,,14.41,14.425
2025-02-18,,,,,,,,,,,,,,,,,,,,,,,,,,,,,,,13.4664,14.0929,14.4462,14.6399,14.7473,14.7446,14.64,14.549,14.4738,,14.3854,,14.3552,,14.4081,,14.4227,14.4253
2025-02-19,,,,,,,,,,,,,,,,,,,,,,,,,,,,,,,13.4774,14.1075,14.4586,14.6489,14.773,14.8034,14.7293,14.6761,14.617,,14.538,,14.5192,,14.582,,14.5917,14.596
2025-02-20,,,,,,,,,,,,,,,,,,,,,,,,,,,,,,,13.4832,14.1201,14.4441,14.605,14.7173,14.7442,14.6676,14.6263,14.5718,,14.5003,,14.4968,,14.579,,14.609,14.6575
2025-02-21,,,,,,,,,,,,,,,,,,,,,,,,,,,,,,,13.4782,14.0498,14.3192,14.4594,14.5349,14.5259,14.4257,14.3797,14.3256,,14.28,,14.3035,,14.4115,,14.4823,14.5774
2025-02-24,,,,,,,,,,,,,,,,,,,,,,,,,,,,,,,13.504,14.1207,14.4317,14.5904,14.671,14.6701,14.5707,14.5113,14.4517,,14.396,,14.3989,,14.484,,14.5429,14.624
2025-02-25,,,,,,,,,,,,,,,,,,,,,,,,,,,,,,,13.527,14.121,14.4107,14.5494,14.6291,14.6228,14.5333,14.4803,14.4312,,14.388,,14.4106,,14.5199,,14.604,14.697
2025-02-26,,,,,,,,,,,,,,,,,,,,,,,,,,,,,,,13.5498,14.1949,14.529,14.707,14.8132,14.8474,14.774,14.7579,14.7188,,14.6888,,14.7112,,14.8115,,14.8699,14.9014
2025-02-27,,,,,,,,,,,,,,,,,,,,,,,,,,,,,,,13.5646,14.2051,14.566,14.7612,14.8717,14.8951,14.819,14.7964,14.7543,,14.722,,14.7433,,14.8442,,14.9099,14.971
2025-02-28,,,,,,,,,,,,,,,,,,,,,,,,,,,,,,,13.5722,14.2673,14.6977,14.9187,15.0521,15.0925,15.043,15.059,15.0407,,15.0236,,15.0518,,15.1588,,15.2421,15.2974
2025-03-05,,,,,,,,,,,,,,,,,,,,,,,,,,,,,,,13.6037,14.2183,14.5713,14.7488,14.8655,14.885,14.812,14.7919,14.7643,,14.746,,14.771,,14.8709,,14.9408,14.9771
2025-03-06,,,,,,,,,,,,,,,,,,,,,,,,,,,,,,,13.6263,14.2126,14.5677,14.7473,14.8536,14.877,14.803,14.7984,14.7729,,14.7765,,14.816,,14.9315,,15.0081,15.064
2025-03-07,,,,,,,,,,,,,,,,,,,,,,,,,,,,,,,13.6491,14.2,14.4904,14.6773,14.7748,14.7663,14.661,14.5875,14.5443,,14.5377,,14.5704,,14.683,,14.7678,14.827
2025-03-10,,,,,,,,,,,,,,,,,,,,,,,,,,,,,,,13.6805,14.1831,14.4828,14.7342,14.8479,14.8553,14.765,14.7008,14.664,,14.6655,,14.6916,,14.812,,14.8981,14.9585
2025-03-11,,,,,,,,,,,,,,,,,,,,,,,,,,,,,,,13.7282,14.1684,14.4211,14.6486,14.736,14.733,14.6161,14.5216,14.4809,,14.4574,,14.482,,14.5845,,14.661,14.7263
2025-03-12,,,,,,,,,,,,,,,,,,,,,,,,,,,,,,,13.7746,14.1675,14.426,14.6512,14.738,14.7496,14.648,14.5876,14.552,,14.5437,,14.578,,14.6927,,14.7874,14.8762
2025-03-13,,,,,,,,,,,,,,,,,,,,,,,,,,,,,,,13.8165,14.1775,14.4266,14.6587,14.7236,14.6985,14.5741,14.4783,14.423,,14.389,,14.4186,,14.5352,,14.6296,14.7267
2025-03-14,,,,,,,,,,,,,,,,,,,,,,,,,,,,,,,13.8784,14.1713,14.4259,14.681,14.7515,14.7476,14.6232,14.5277,14.4678,,14.4175,,14.4426,,14.5505,,14.6402,14.735
2025-03-17,,,,,,,,,,,,,,,,,,,,,,,,,,,,,,,13.9549,14.2075,14.4633,14.675,14.7346,14.7073,14.5581,14.4287,14.3496,,14.2721,,14.2871,,14.3988,,14.4984,14.613
2025-03-18,,,,,,,,,,,,,,,,,,,,,,,,,,,,,,,14.0552,14.225,14.4439,14.6537,14.7157,14.6738,14.5084,14.3772,14.2935,,14.1893,,14.1933,,14.301,,14.3968,14.5015
2025-03-19,,,,,,,,,,,,,,,,,,,,,,,,,,,,,,,14.1617,14.2332,14.4559,14.6382,14.6981,14.6493,14.484,14.3459,14.2603,,14.1445,,14.1377,,14.2406,,14.3328,14.461
2025-03-20,,,,,,,,,,,,,,,,,,,,,,,,,,,,,,,14.2771,14.3369,14.6065,14.804,14.8803,14.8671,14.7191,14.6191,14.5337,,14.4185,,14.4144,,14.5289,,14.6143,14.7539
2025-03-21,,,,,,,,,,,,,,,,,,,,,,,,,,,,,,,14.2812,14.3543,14.6725,14.881,14.9761,14.9737,14.8259,14.7312,14.6603,,14.5589,,14.5443,,14.6508,,14.7132,14.817
2025-03-24,,,,,,,,,,,,,,,,,,,,,,,,,,,,,,,14.2857,14.3655,14.717,14.9564,15.063,15.0735,14.9472,14.8564,14.791,,14.6894,,14.6691,,14.7595,,14.8066,14.8785
2025-03-25,,,,,,,,,,,,,,,,,,,,,,,,,,,,,,,14.2976,14.3949,14.7815,15.0535,15.1627,15.19,15.0735,14.9937,14.9222,,14.8143,,14.7833,,14.8522,,14.9036,14.9478
2025-03-26,,,,,,,,,,,,,,,,,,,,,,,,,,,,,,,14.3012,14.3918,14.8019,15.0916,15.2167,15.2624,15.1571,15.1028,15.0494,,14.9534,,14.9323,,15.0104,,15.0498,15.097
2025-03-27,,,,,,,,,,,,,,,,,,,,,,,,,,,,,,,14.311,14.3595,14.7118,14.9734,15.0538,15.072,14.942,14.8765,14.8237,,14.7432,,14.7387,,14.837,,14.8991,14.9813
2025-03-28,,,,,,,,,,,,,,,,,,,,,,,,,,,,,,,14.3207,14.3583,14.7773,15.0555,15.1484,15.1832,15.078,15.0152,14.9534,,14.8438,,14.8262,,14.9076,,14.9558,15.0214
2025-03-31,,,,,,,,,,,,,,,,,,,,,,,,,,,,,,,14.3216,14.2914,14.7061,14.9506,15.0316,15.0747,14.9618,14.8945,14.8375,,14.7283,,14.725,,14.8292,,14.8954,14.9993
2025-04-01,,,,,,,,,,,,,,,,,,,,,,,,,,,,,,,,14.2947,14.6839,14.9214,14.9737,15.0041,14.8821,14.8035,14.7333,,14.6328,,14.6123,,14.7081,,14.7731,14.8688
2025-04-02,,,,,,,,,,,,,,,,,,,,,,,,,,,,,,,,14.3685,14.7119,14.9452,14.9988,15.0242,14.894,14.8082,14.7368,,14.6203,,14.6155,,14.719,,14.8049,14.9245
2025-04-03,,,,,,,,,,,,,,,,,,,,,,,,,,,,,,,,14.3423,14.5536,14.7252,14.7214,14.6804,14.4861,14.3483,14.2661,,14.1505,,14.1616,,14.2855,,14.4115,14.6029
2025-04-04,,,,,,,,,,,,,,,,,,,,,,,,,,,,,,,,14.3483,14.5212,14.6375,14.6133,14.5344,14.3232,14.183,14.1024,,14.0105,,14.0416,,14.1911,,14.3443,14.5857
2025-04-07,,,,,,,,,,,,,,,,,,,,,,,,,,,,,,,,14.3556,14.523,14.6277,14.5911,14.504,14.2951,14.1528,14.083,,14.0249,,14.0818,,14.239,,14.3964,14.6237
2025-04-08,,,,,,,,,,,,,,,,,,,,,,,,,,,,,,,,14.3937,14.5915,14.715,14.6869,14.6107,14.4111,14.2765,14.2155,,14.165,,14.226,,14.387,,14.5433,14.7533
2025-04-09,,,,,,,,,,,,,,,,,,,,,,,,,,,,,,,,14.3918,14.6256,14.7789,14.7847,14.7295,14.5585,14.4404,14.3827,,14.328,,14.3721,,14.5003,,14.6445,14.8311
2025-04-10,,,,,,,,,,,,,,,,,,,,,,,,,,,,,,,,14.3913,14.5966,14.7427,14.7579,14.714,14.5527,14.4702,14.4146,,14.3623,,14.4077,,14.5489,,14.7114,14.9445
2025-04-11,,,,,,,,,,,,,,,,,,,,,,,,,,,,,,,,14.4022,14.597,14.7172,14.7047,14.6267,14.4382,14.3159,14.2499,,14.189,,14.2324,,14.3745,,14.5216,14.7195
2025-04-14,,,,,,,,,,,,,,,,,,,,,,,,,,,,,,,,14.3964,14.5608,14.6462,14.6062,14.4911,14.2723,14.1173,14.0379,,13.9689,,14.0051,,14.1492,,14.3012,14.4991
2025-04-15,,,,,,,,,,,,,,,,,,,,,,,,,,,,,,,,14.396,14.5982,14.6922,14.6645,14.5631,14.3482,14.206,14.1287,,14.0612,,14.1049,,14.2495,,14.3924,14.5605
2025-04-16,,,,,,,,,,,,,,,,,,,,,,,,,,,,,,,,14.4045,14.5945,14.6902,14.6457,14.5265,14.3032,14.147,14.0698,,14.0067,,14.0617,,14.2252,,14.381,14.5604
2025-04-17,,,,,,,,,,,,,,,,,,,,,,,,,,,,,,,,14.4121,14.6106,14.7041,14.6698,14.5539,14.3195,14.1504,14.0523,,13.9525,,13.9867,,14.1355,,14.286,14.4575
2025-04-22,,,,,,,,,,,,,,,,,,,,,,,,,,,,,,,,14.432,14.6173,14.692,14.6467,14.5335,14.3079,14.1355,14.0481,,13.9672,,14.0131,,14.1729,,14.343,14.5478
2025-04-23,,,,,,,,,,,,,,,,,,,,,,,,,,,,,,,,14.4737,14.591,14.6424,14.5485,14.3994,14.1338,13.8994,13.7972,,13.7072,,13.7593,,13.928,,14.1129,14.354
2025-04-24,,,,,,,,,,,,,,,,,,,,,,,,,,,,,,,,14.4385,14.5103,14.5389,14.4332,14.26,13.9715,13.6955,13.5791,,13.4631,,13.5013,,13.6663,,13.848,14.0941
2025-04-25,,,,,,,,,,,,,,,,,,,,,,,,,,,,,,,,14.4623,14.5628,14.6085,14.5103,14.3385,14.0598,13.8085,13.6808,,13.5507,,13.583,,13.746,,13.9203,14.1645
2025-04-28,,,,,,,,,,,,,,,,,,,,,,,,,,,,,,,,14.4817,14.5763,14.6283,14.5308,14.3506,14.0754,13.8055,13.6757,,13.5303,,13.5682,,13.73,,13.9089,14.1285
2025-04-29,,,,,,,,,,,,,,,,,,,,,,,,,,,,,,,,14.4991,14.6167,14.668,14.5738,14.3969,14.1222,13.8661,13.735,,13.575,,13.5995,,13.764,,13.9197,14.1168
2025-04-30,,,,,,,,,,,,,,,,,,,,,,,,,,,,,,,,14.4967,14.5976,14.6339,14.5274,14.3392,14.048,13.7837,13.636,,13.4711,,13.479,,13.63,,13.7683,13.9585
2025-05-02,,,,,,,,,,,,,,,,,,,,,,,,,,,,,,,,14.5221,14.6188,14.6478,14.5655,14.39,14.1165,13.8603,13.7293,,13.5626,,13.563,,13.7087,,13.8211,13.9725
2025-05-05,,,,,,,,,,,,,,,,,,,,,,,,,,,,,,,,14.5548,14.6328,14.6872,14.6138,14.4608,14.1982,13.9683,13.8415,,13.6815,,13.676,,13.8144,,13.9158,14.0438
2025-05-06,,,,,,,,,,,,,,,,,,,,,,,,,,,,,,,,14.5457,14.6111,14.6574,14.575,14.4075,14.1264,13.8675,13.7255,,13.5364,,13.521,,13.655,,13.7505,13.8829
2025-05-07,,,,,,,,,,,,,,,,,,,,,,,,,,,,,,,,14.587,14.6399,14.6935,14.62,14.462,14.1853,13.9078,13.7625,,13.557,,13.525,,13.657,,13.741,13.8607
2025-05-08,,,,,,,,,,,,,,,,,,,,,,,,,,,,,,,,14.638,14.6826,14.7424,14.649,14.4729,14.1685,13.8499,13.68,,13.438,,13.393,,13.511,,13.6034,13.7522
2025-05-09,,,,,,,,,,,,,,,,,,,,,,,,,,,,,,,,14.638,14.6822,14.7551,14.6593,14.4953,14.1879,13.8478,13.678,,13.426,,13.364,,13.4697,,13.5396,13.6655
2025-05-12,,,,,,,,,,,,,,,,,,,,,,,,,,,,,,,,14.638,14.6749,14.7573,14.6696,14.5132,14.223,13.9173,13.756,,13.531,,13.472,,13.5739,,13.6504,13.7771
2025-05-13,,,,,,,,,,,,,,,,,,,,,,,,,,,,,,,,14.644,14.6644,14.7504,14.6679,14.5081,14.223,13.9114,13.7508,,13.536,,13.4997,,13.6295,,13.725,13.8714
2025-05-14,,,,,,,,,,,,,,,,,,,,,,,,,,,,,,,,14.6559,14.6753,14.771,14.7023,14.5755,14.3074,14.0328,13.8926,,13.6913,,13.653,,13.7719,,13.858,13.9732
2025-05-15,,,,,,,,,,,,,,,,,,,,,,,,,,,,,,,,14.6728,14.6743,14.7712,14.7115,14.5985,14.3457,14.0978,13.9627,,13.77,,13.738,,13.8527,,13.9088,13.9652
2025-05-16,,,,,,,,,,,,,,,,,,,,,,,,,,,,,,,,14.6673,14.6495,14.703,14.6115,14.4704,14.186,13.9055,13.7722,,13.595,,13.582,,13.706,,13.792,13.9074
2025-05-19,,,,,,,,,,,,,,,,,,,,,,,,,,,,,,,,14.6746,14.6451,14.6688,14.5724,14.4195,14.1281,13.8071,13.6637,,13.481,,13.468,,13.6036,,13.7182,13.8815
2025-05-20,,,,,,,,,,,,,,,,,,,,,,,,,,,,,,,,14.6814,14.6523,14.688,14.5968,14.4561,14.1729,13.8447,13.692,,13.501,,13.491,,13.634,,13.7664,13.9398
2025-05-21,,,,,,,,,,,,,,,,,,,,,,,,,,,,,,,,14.6885,14.6607,14.7071,14.625,14.5038,14.2471,13.948,13.811,,13.632,,13.63,,13.779,,13.8976,14.0546
2025-05-22,,,,,,,,,,,,,,,,,,,,,,,,,,,,,,,,14.6912,14.6639,14.7029,14.6125,14.4835,14.2182,13.9017,13.762,,13.576,,13.56,,13.6931,,13.812,13.963
2025-05-23,,,,,,,,,,,,,,,,,,,,,,,,,,,,,,,,14.6922,14.6608,14.7022,14.6082,14.464,14.1896,13.8784,13.742,,13.563,,13.565,,13.7129,,13.8394,14.0
2025-05-26,,,,,,,,,,,,,,,,,,,,,,,,,,,,,,,,14.693,14.6431,14.6792,14.5774,14.4325,14.1632,13.8482,13.713,,13.532,,13.5352,,13.6923,,13.8176,13.9826
2025-05-27,,,,,,,,,,,,,,,,,,,,,,,,,,,,,,,,14.6933,14.6345,14.6503,14.5334,14.3691,14.0736,13.7145,13.563,,13.3591,,13.3394,,13.485,,13.6149,13.797
2025-05-28,,,,,,,,,,,,,,,,,,,,,,,,,,,,,,,,14.7013,14.6456,14.6814,14.5794,14.424,14.1414,13.8004,13.655,,13.4497,,13.4346,,13.5788,,13.695,13.8589
2025-05-29,,,,,,,,,,,,,,,,,,,,,,,,,,,,,,,,14.7189,14.6504,14.6935,14.6139,14.4858,14.223,13.8859,13.729,,13.5038,,13.4671,,13.5936,,13.685,13.8241
2025-05-30,,,,,,,,,,,,,,,,,,,,,,,,,,,,,,,,14.7379,14.681,14.7462,14.6915,14.5781,14.337,14.014,13.862,,13.6285,,13.581,,13.6977,,13.776,13.8964
2025-06-02,,,,,,,,,,,,,,,,,,,,,,,,,,,,,,,,14.7342,14.6812,14.7416,14.6913,14.5905,14.3555,14.0484,13.9095,,13.694,,13.663,,13.7925,,13.8788,13.9948
2025-06-03,,,,,,,,,,,,,,,,,,,,,,,,,,,,,,,,14.75,14.7066,14.759,14.7143,14.6139,14.3814,14.0634,13.911,,13.688,,13.649,,13.7605,,13.832,13.9375
2025-06-04,,,,,,,,,,,,,,,,,,,,,,,,,,,,,,,,14.758,14.7113,14.769,14.735,14.6444,14.4103,14.0794,13.9165,,13.671,,13.623,,13.7373,,13.8116,13.9272
2025-06-05,,,,,,,,,,,,,,,,,,,,,,,,,,,,,,,,14.785,14.78,14.8538,14.8466,14.7734,14.5542,14.243,14.0924,,13.855,,13.797,,13.902,,13.9624,14.066
2025-06-06,,,,,,,,,,,,,,,,,,,,,,,,,,,,,,,,14.7965,14.7836,14.861,14.8421,14.7494,14.526,14.1967,14.0405,,13.809,,13.746,,13.8372,,13.9004,14.0063
2025-06-09,,,,,,,,,,,,,,,,,,,,,,,,,,,,,,,,14.7865,14.7572,14.8126,14.78,14.6728,14.4298,14.0851,13.9235,,13.704,,13.648,,13.7484,,13.82,13.957
2025-06-10,,,,,,,,,,,,,,,,,,,,,,,,,,,,,,,,14.775,14.7295,14.7714,14.7421,14.6175,14.365,13.9914,13.8178,,13.581,,13.5344,,13.6473,,13.7443,13.891
2025-06-11,,,,,,,,,,,,,,,,,,,,,,,,,,,,,,,,14.7912,14.7527,14.8098,14.7989,14.6935,14.4423,14.0636,13.8893,,13.639,,13.5646,,13.6543,,13.7149,13.8362
2025-06-12,,,,,,,,,,,,,,,,,,,,,,,,,,,,,,,,14.7955,14.7432,14.7906,14.7877,14.6798,14.4352,14.0695,13.8963,,13.649,,13.579,,13.6655,,13.7398,13.8757
2025-06-13,,,,,,,,,,,,,,,,,,,,,,,,,,,,,,,,14.7846,14.733,14.7634,14.7475,14.632,14.3804,14.0074,13.8383,,13.5917,,13.5284,,13.626,,13.701,13.8426
2025-06-16,,,,,,,,,,,,,,,,,,,,,,,,,,,,,,,,14.8045,14.746,14.7841,14.7749,14.66,14.4043,14.013,13.8288,,13.5656,,13.4762,,13.5525,,13.6304,13.76
2025-06-17,,,,,,,,,,,,,,,,,,,,,,,,,,,,,,,,14.8217,14.743,14.7831,14.7845,14.6933,14.4595,14.094,13.9113,,13.6642,,13.5705,,13.6505,,13.712,13.85
2025-06-18,,,,,,,,,,,,,,,,,,,,,,,,,,,,,,,,14.835,14.7463,14.7752,14.7947,14.7069,14.4733,14.0924,13.9024,,13.6595,,13.5664,,13.6484,,13.7279,13.876
2025-06-20,,,,,,,,,,,,,,,,,,,,,,,,,,,,,,,,14.9449,14.8497,14.8646,14.8768,14.778,14.5257,14.0983,13.8789,,13.5745,,13.443,,13.5038,,13.5613,13.706
2025-06-23,,,,,,,,,,,,,,,,,,,,,,,,,,,,,,,,14.9407,14.8485,14.868,14.8651,14.7768,14.5213,14.0807,13.8557,,13.547,,13.422,,13.4845,,13.5437,13.7
2025-06-24,,,,,,,,,,,,,,,,,,,,,,,,,,,,,,,,14.9468,14.8111,14.8461,14.8268,14.7333,14.467,14.0037,13.7746,,13.4643,,13.3498,,13.4177,,13.5142,13.703
2025-06-25,,,,,,,,,,,,,,,,,,,,,,,,,,,,,,,,14.949,14.8059,14.8479,14.82,14.7403,14.489,14.0496,13.8283,,13.5405,,13.4299,,13.4934,,13.5784,13.7478
2025-06-26,,,,,,,,,,,,,,,,,,,,,,,,,,,,,,,,14.9499,14.7866,14.839,14.7933,14.7069,14.446,13.9728,13.7403,,13.4413,,13.3291,,13.4044,,13.502,13.7116
2025-06-27,,,,,,,,,,,,,,,,,,,,,,,,,,,,,,,,14.9572,14.7865,14.8369,14.8015,14.7106,14.455,13.9724,13.744,,13.4377,,13.3295,,13.4059,,13.4925,13.69
2025-06-30,,,,,,,,,,,,,,,,,,,,,,,,,,,,,,,,14.953,14.7867,14.8377,14.7825,14.6661,14.386,13.8585,13.6066,,13.2581,,13.1054,,13.1557,,13.2171,13.3909
2025-07-01,,,,,,,,,,,,,,,,,,,,,,,,,,,,,,,,,14.7871,14.8384,14.7762,14.6577,14.3863,13.8823,13.6341,,13.297,,13.1393,,13.1774,,13.2151,13.35
2025-07-02,,,,,,,,,,,,,,,,,,,,,,,,,,,,,,,,,14.8319,14.8464,14.7697,14.6596,14.3925,13.9045,13.665,,13.3356,,13.1893,,13.231,,13.2663,13.3861
2025-07-03,,,,,,,,,,,,,,,,,,,,,,,,,,,,,,,,,14.8771,14.8664,14.7799,14.6593,14.4007,13.9214,13.6825,,13.3544,,13.221,,13.2734,,13.3191,13.4469
2025-07-04,,,,,,,,,,,,,,,,,,,,,,,,,,,,,,,,,14.8916,14.8806,14.7993,14.6869,14.4314,13.9627,13.7238,13.59,13.4009,,13.2637,,13.3105,13.3344,13.3526,13.4876
2025-07-07,,,,,,,,,,,,,,,,,,,,,,,,,,,,,,,,,14.8899,14.883,14.8093,14.7005,14.4463,13.9985,13.768,13.6427,13.4646,,13.3391,,13.3912,13.4237,13.4466,13.572
2025-07-08,,,,,,,,,,,,,,,,,,,,,,,,,,,,,,,,,14.8909,14.8846,14.8043,14.6897,14.4277,13.9668,13.7311,13.6068,13.4263,,13.316,,13.3864,13.4266,13.4607,13.603
2025-07-09,,,,,,,,,,,,,,,,,,,,,,,,,,,,,,,,,14.894,14.8812,14.7995,14.6805,14.4129,13.953,13.7171,13.5942,13.4215,,13.317,,13.3836,13.4362,13.4693,13.6405
2025-07-10,,,,,,,,,,,,,,,,,,,,,,,,,,,,,,,,,14.893,14.8997,14.856,14.7745,14.534,14.11,13.881,13.7561,13.5857,,13.4786,,13.5418,13.5968,13.6398,13.795
2025-07-11,,,,,,,,,,,,,,,,,,,,,,,,,,,,,,,,,14.892,14.9048,14.8712,14.7991,14.5599,14.1302,13.898,13.779,13.6094,,13.491,,13.5453,13.5895,13.6228,13.7714
2025-07-14,,,,,,,,,,,,,,,,,,,,,,,,,,,,,,,,,14.889,14.9049,14.8688,14.7887,14.534,14.1045,13.881,13.7627,13.6045,,13.502,,13.5724,13.6297,13.6759,13.8505
2025-07-15,,,,,,,,,,,,,,,,,,,,,,,,,,,,,,,,,14.8884,14.8993,14.8639,14.8052,14.5709,14.1675,13.9707,13.8701,13.729,,13.638,,13.7093,13.7724,13.825,13.9911
2025-07-16,,,,,,,,,,,,,,,,,,,,,,,,,,,,,,,,,14.8926,14.9026,14.8736,14.8087,14.5735,14.189,13.9933,13.9006,13.765,,13.699,,13.7804,13.8452,13.8937,14.0875
2025-07-17,,,,,,,,,,,,,,,,,,,,,,,,,,,,,,,,,14.8943,14.9,14.865,14.7905,14.5509,14.1528,13.942,13.839,13.6945,,13.6,,13.672,13.7317,13.787,13.975
2025-07-18,,,,,,,,,,,,,,,,,,,,,,,,,,,,,,,,,14.8996,14.9137,14.88,14.8212,14.5851,14.1936,13.9858,13.883,13.7399,,13.649,,13.7165,13.7805,13.8351,14.019
2025-07-21,,,,,,,,,,,,,,,,,,,,,,,,,,,,,,,,,14.9053,14.9118,14.8666,14.7865,14.5351,14.1165,13.9063,13.795,13.6532,,13.5814,,13.651,13.714,13.79,13.9968
2025-07-22,,,,,,,,,,,,,,,,,,,,,,,,,,,,,,,,,14.9022,14.9071,14.8563,14.7534,14.4949,14.048,13.8307,13.7209,13.5762,,13.4937,,13.5682,13.639,13.7076,13.9137
2025-07-23,,,,,,,,,,,,,,,,,,,,,,,,,,,,,,,,,14.912,14.9001,14.841,14.7373,14.4655,14.0124,13.7984,13.695,13.5501,,13.477,,13.548,13.629,13.7,13.934
2025-07-24,,,,,,,,,,,,,,,,,,,,,,,,,,,,,,,,,14.9182,14.8976,14.845,14.7462,14.4752,14.031,13.8245,13.7255,13.5868,,13.5158,,13.595,13.6805,13.755,14.0143
2025-07-25,,,,,,,,,,,,,,,,,,,,,,,,,,,,,,,,,14.9147,14.8875,14.829,14.7314,14.464,14.0332,13.8333,13.7378,13.6021,,13.54,,13.615,13.6995,13.7803,14.024
2025-07-28,,,,,,,,,,,,,,,,,,,,,,,,,,,,,,,,,14.9198,14.8798,14.83,14.726,14.4567,14.0173,13.812,13.7185,13.5854,,13.5238,,13.608,13.6896,13.7658,14.018
2025-07-29,,,,,,,,,,,,,,,,,,,,,,,,,,,,,,,,,14.9141,14.8677,14.807,14.6851,14.402,13.941,13.7287,13.6149,13.4653,,13.3829,,13.4432,13.5186,13.5951,13.839
2025-07-30,,,,,,,,,,,,,,,,,,,,,,,,,,,,,,,,,14.8993,14.8678,14.825,14.7295,14.4675,14.017,13.8079,13.6871,13.5291,,13.4395,,13.495,13.5655,13.642,13.8678
2025-07-31,,,,,,,,,,,,,,,,,,,,,,,,,,,,,,,,,14.8885,14.8772,14.853,14.7939,14.5709,14.158,13.9548,13.8282,13.6792,,13.5858,,13.6473,13.7139,13.773,13.9854
2025-08-01,,,,,,,,,,,,,,,,,,,,,,,,,,,,,,,,,14.8857,14.864,14.805,14.7021,14.4436,13.992,13.7883,13.6673,13.5243,,13.438,,13.5065,13.582,13.657,13.8917
2025-08-04,,,,,,,,,,,,,,,,,,,,,,,,,,,,,,,,,14.8927,14.864,14.798,14.6882,14.4153,13.947,13.736,13.605,13.452,,13.369,,13.4296,13.498,13.5683,13.7923
2025-08-05,,,,,,,,,,,,,,,,,,,,,,,,,,,,,,,,,14.8894,14.86,14.799,14.6884,14.4155,13.9528,13.748,13.6307,13.4817,,13.411,,13.4835,13.559,13.6343,13.8701
2025-08-06,,,,,,,,,,,,,,,,,,,,,,,,,,,,,,,,,14.8866,14.8559,14.7915,14.6727,14.4003,13.9424,13.732,13.6093,13.4672,,13.3745,,13.4471,13.5145,13.5873,13.823
2025-08-07,,,,,,,,,,,,,,,,,,,,,,,,,,,,,,,,,14.8909,14.8473,14.772,14.6409,14.3536,13.8785,13.67,13.5522,13.3907,,13.2887,,13.3507,13.415,13.4824,13.7103
2025-08-08,,,,,,,,,,,,,,,,,,,,,,,,,,,,,,,,,14.8931,14.8567,14.794,14.663,14.3826,13.9127,13.692,13.5637,13.4036,,13.3059,,13.365,13.4275,13.4963,13.73
2025-08-11,,,,,,,,,,,,,,,,,,,,,,,,,,,,,,,,,14.891,14.8479,14.779,14.6394,14.3501,13.8596,13.63,13.4904,13.3243,,13.2233,,13.277,13.3385,13.4066,13.6379
2025-08-12,,,,,,,,,,,,,,,,,,,,,,,,,,,,,,,,,14.8936,14.8335,14.7341,14.5735,14.2523,13.7355,13.5044,13.3718,13.207,,13.109,,13.1808,13.2468,13.3206,13.5912
2025-08-13,,,,,,,,,,,,,,,,,,,,,,,,,,,,,,,,,14.899,14.8259,14.7212,14.5436,14.2159,13.7174,13.4961,13.3847,13.23,,13.155,,13.2416,13.3328,13.4025,13.6848
2025-08-14,,,,,,,,,,,,,,,,,,,,,,,,,,,,,,,,,14.9046,14.8309,14.7122,14.555,14.23,13.7258,13.4924,13.394,13.218,,13.141,,13.2214,13.311,13.3832,13.6605
2025-08-15,,,,,,,,,,,,,,,,,,,,,,,,,,,,,,,,,14.9077,14.833,14.7062,14.544,14.204,13.697,13.4686,13.3673,13.2,,13.118,,13.199,13.28,13.348,13.6365
2025-08-18,,,,,,,,,,,,,,,,,,,,,,,,,,,,,,,,,14.9073,14.8281,14.7148,14.5582,14.2363,13.744,13.5218,13.4278,13.272,,13.199,,13.286,13.374,13.4467,13.7384
2025-08-19,,,,,,,,,,,,,,,,,,,,,,,,,,,,,,,,,14.9073,14.8421,14.7626,14.6468,14.3602,13.9295,13.7276,13.6431,13.503,,13.442,,13.536,13.6216,13.6922,13.9556
2025-08-20,,,,,,,,,,,,,,,,,,,,,,,,,,,,,,,,,14.9127,14.8288,14.7193,14.6018,14.2903,13.8325,13.6179,13.5213,13.369,,13.3143,,13.421,13.52,13.6033,13.889
2025-08-21,,,,,,,,,,,,,,,,,,,,,,,,,,,,,,,,,14.921,14.8201,14.7297,14.63,14.3377,13.9007,13.6924,13.6122,13.4456,,13.401,,13.519,13.6335,13.722,14.0347
2025-08-22,,,,,,,,,,,,,,,,,,,,,,,,,,,,,,,,,14.9226,14.8068,14.6853,14.551,14.2313,13.7634,13.5496,13.4674,13.2997,,13.246,,13.3646,13.4826,13.5698,13.9125
2025-08-25,,,,,,,,,,,,,,,,,,,,,,,,,,,,,,,,,14.9269,14.8036,14.6608,14.518,14.1889,13.7204,13.5058,13.4182,13.2462,,13.186,,13.3004,13.4165,13.5034,13.854
2025-08-26,,,,,,,,,,,,,,,,,,,,,,,,,,,,,,,,,14.9267,14.8113,14.673,14.5545,14.2427,13.792,13.578,13.4843,13.3117,,13.2405,,13.3468,13.4639,13.5316,13.8709
2025-08-27,,,,,,,,,,,,,,,,,,,,,,,,,,,,,,,,,14.9301,14.8135,14.6688,14.5418,14.2275,13.7761,13.5621,13.4764,13.2968,,13.2276,,13.3443,13.4686,13.5545,13.916
2025-08-28,,,,,,,,,,,,,,,,,,,,,,,,,,,,,,,,,14.926,14.8088,14.6744,14.5242,14.2104,13.7402,13.5177,13.4164,13.233,,13.1424,,13.2502,13.3449,13.4155,13.7435
2025-08-29,,,,,,,,,,,,,,,,,,,,,,,,,,,,,,,,,14.9258,14.8116,14.6909,14.5386,14.2302,13.7807,13.5641,13.4644,13.2864,,13.2033,,13.3111,13.4052,13.473,13.7919
2025-09-01,,,,,,,,,,,,,,,,,,,,,,,,,,,,,,,,,14.9224,14.8116,14.7032,14.5234,14.2084,13.7483,13.543,13.4519,13.284,,13.2204,,13.3292,13.4398,13.5156,13.851
2025-09-02,,,,,,,,,,,,,,,,,,,,,,,,,,,,,,,,,14.9194,14.8093,14.7186,14.5563,14.2536,13.8067,13.606,13.5223,13.359,,13.304,,13.424,13.5452,13.6183,13.9479
2025-09-03,,,,,,,,,,,,,,,,,,,,,,,,,,,,,,,,,14.9167,14.8045,14.71,14.5524,14.256,13.814,13.615,13.53,13.365,,13.309,,13.4185,13.5425,13.6076,13.933
2025-09-04,,,,,,,,,,,,,,,,,,,,,,,,,,,,,,,,,14.916,14.7945,14.7051,14.5325,14.2339,13.788,13.587,13.504,13.335,,13.2799,,13.3891,13.5125,13.5874,13.9249
2025-09-05,,,,,,,,,,,,,,,,,,,,,,,,,,,,,,,,,14.9159,14.7989,14.7016,14.51,14.2,13.736,13.524,13.4316,13.2544,,13.1894,,13.2884,13.4097,13.4738,13.812
2025-09-08,,,,,,,,,,,,,,,,,,,,,,,,,,,,,,,,,14.9165,14.8,14.6951,14.505,14.195,13.732,13.525,13.4269,13.2531,,13.1857,,13.2744,13.3857,13.4487,13.768
2025-09-09,,,,,,,,,,,,,,,,,,,,,,,,,,,,,,,,,14.9177,14.8032,14.7104,14.533,14.2251,13.77,13.569,13.4645,13.2852,,13.2099,,13.289,13.3926,13.4487,13.7534
2025-09-10,,,,,,,,,,,,,,,,,,,,,,,,,,,,,,,,,14.9206,14.7831,14.7249,14.5567,14.2585,13.804,13.589,13.4792,13.2943,,13.2101,,13.2805,13.3755,13.4294,13.7231
2025-09-11,,,,,,,,,,,,,,,,,,,,,,,,,,,,,,,,,14.9243,14.7747,14.7312,14.5651,14.2777,13.811,13.5886,13.467,13.2855,,13.1923,,13.2573,13.3502,13.403,13.6823
2025-09-12,,,,,,,,,,,,,,,,,,,,,,,,,,,,,,,,,14.9208,14.7683,14.7193,14.559,14.2738,13.822,13.6086,13.4912,13.3162,,13.2269,,13.2994,13.39,13.44,13.7055
2025-09-15,,,,,,,,,,,,,,,,,,,,,,,,,,,,,,,,,14.9217,14.7664,14.7047,14.5452,14.2414,13.778,13.559,13.4351,13.251,,13.1507,,13.2166,13.3132,13.358,13.622
2025-09-16,,,,,,,,,,,,,,,,,,,,,,,,,,,,,,,,,14.9295,14.7575,14.689,14.5228,14.217,13.7464,13.5252,13.3945,13.205,,13.106,,13.1628,13.238,13.2799,13.5275
2025-09-17,,,,,,,,,,,,,,,,,,,,,,,,,,,,,,,,,14.9329,14.754,14.6819,14.5078,14.1963,13.7113,13.4975,13.3613,13.179,,13.0777,,13.1327,13.197,13.242,13.4811
2025-09-18,,,,,,,,,,,,,,,,,,,,,,,,,,,,,,,,,14.9341,14.7649,14.712,14.5451,14.2435,13.7717,13.5566,13.4276,13.2461,,13.143,,13.1917,13.26,13.296,13.5355
2025-09-19,,,,,,,,,,,,,,,,,,,,,,,,,,,,,,,,,14.9327,14.7616,14.7097,14.5424,14.2437,13.7747,13.5663,13.443,13.2694,,13.172,,13.2239,13.2873,13.3279,13.5502
2025-09-22,,,,,,,,,,,,,,,,,,,,,,,,,,,,,,,,,14.9354,14.7702,14.7282,14.5723,14.286,13.8331,13.6275,13.5104,13.342,,13.26,,13.3174,13.391,13.4322,13.6573
2025-09-23,,,,,,,,,,,,,,,,,,,,,,,,,,,,,,,,,14.9355,14.7606,14.7073,14.5492,14.2443,13.7648,13.5526,13.4263,13.249,,13.1614,,13.2245,13.302,13.3444,13.577
2025-09-24,,,,,,,,,,,,,,,,,,,,,,,,,,,,,,,,,14.9375,14.7616,14.7205,14.5684,14.2701,13.801,13.5898,13.4664,13.294,,13.208,,13.265,13.3388,13.3813,13.6
2025-09-25,,,,,,,,,,,,,,,,,,,,,,,,,,,,,,,,,14.9388,14.7633,14.7182,14.5934,14.3133,13.872,13.6749,13.5629,13.389,,13.299,,13.3469,13.4235,13.4588,13.663
2025-09-26,,,,,,,,,,,,,,,,,,,,,,,,,,,,,,,,,14.9414,14.7666,14.7087,14.573,14.2861,13.84,13.6415,13.5294,13.3552,,13.2655,,13.3204,13.3947,13.4475,13.6755
2025-09-29,,,,,,,,,,,,,,,,,,,,,,,,,,,,,,,,,14.945,14.7679,14.7147,14.5868,14.3,13.866,13.665,13.5573,13.3913,,13.3039,,13.3595,13.4353,13.491,13.7144
2025-09-30,,,,,,,,,,,,,,,,,,,,,,,,,,,,,,,,,14.9442,14.784,14.7251,14.582,14.2921,13.8463,13.6445,13.5305,13.3564,,13.2574,,13.3045,13.3833,13.4283,13.6702
2025-10-01,,,,,,,,,,,,,,,,,,,,,,,,,,,,,,,,,,14.8098,14.739,14.5857,14.2976,13.8659,13.6714,13.5618,13.3936,,13.2972,,13.3402,13.414,13.4541,13.6714
2025-10-02,,,,,,,,,,,,,,,,,,,,,,,,,,,,,,,,,,14.8396,14.7657,14.6012,14.3234,13.908,13.7245,13.632,13.4697,,13.4029,,13.4524,13.5345,13.579,13.8094
2025-10-03,,,,,,,,,,,,,,,,,,,,,,,,,,,,,,,,,,14.8423,14.7875,14.6239,14.346,13.9494,13.7777,13.6912,13.5342,,13.4671,,13.5137,13.5915,13.6363,13.8438
2025-10-06,,,,,,,,,,,,,,,,,,,,,,,,,,,,,,,,,,14.85,14.7762,14.6013,14.3131,13.9032,13.723,13.6387,13.4807,,13.4029,,13.4478,13.524,13.5739,13.815
2025-10-07,,,,,,,,,,,,,,,,,,,,,,,,,,,,,,,,,,14.8472,14.7824,14.6298,14.3568,13.9586,13.7874,13.7023,13.5473,,13.4883,,13.5454,13.6326,13.6868,13.9426
2025-10-08,,,,,,,,,,,,,,,,,,,,,,,,,,,,,,,,,,14.8476,14.7772,14.6098,14.3279,13.9291,13.7562,13.6691,13.5185,,13.4633,,13.5383,13.6282,13.6773,13.9217
2025-10-09,,,,,,,,,,,,,,,,,,,,,,,,,,,,,,,,,,14.846,14.7461,14.575,14.2714,13.839,13.6583,13.5685,13.4154,,13.3587,,13.428,13.5166,13.5865,13.8565
2025-10-10,,,,,,,,,,,,,,,,,,,,,,,,,,,,,,,,,,14.8372,14.7097,14.5248,14.2287,13.8223,13.6505,13.5805,13.437,,13.4095,,13.4972,13.6027,13.671,13.9585
2025-10-13,,,,,,,,,,,,,,,,,,,,,,,,,,,,,,,,,,14.8364,14.7067,14.5215,14.2242,13.8244,13.6559,13.5778,13.4275,,13.3927,,13.4773,13.5759,13.6475,13.9342
2025-10-14,,,,,,,,,,,,,,,,,,,,,,,,,,,,,,,,,,14.8336,14.6921,14.4971,14.2087,13.803,13.6312,13.5489,13.3966,,13.3574,,13.4381,13.5421,13.6058,13.8964
2025-10-15,,,,,,,,,,,,,,,,,,,,,,,,,,,,,,,,,,14.8287,14.7183,14.5264,14.2508,13.8365,13.6526,13.5535,13.3908,,13.3282,,13.388,13.4741,13.5292,13.8023
2025-10-16,,,,,,,,,,,,,,,,,,,,,,,,,,,,,,,,,,14.8291,14.7154,14.5202,14.2459,13.8272,13.6406,13.5443,13.3831,,13.3357,,13.4072,13.5035,13.5731,13.8516
2025-10-17,,,,,,,,,,,,,,,,,,,,,,,,,,,,,,,,,,14.8307,14.7173,14.5206,14.2424,13.8155,13.6317,13.5376,13.3806,,13.3411,,13.4254,13.5264,13.5967,13.883
2025-10-20,,,,,,,,,,,,,,,,,,,,,,,,,,,,,,,,,,14.8513,14.7175,14.5134,14.2112,13.7576,13.5615,13.4602,13.2967,,13.2471,,13.3288,13.433,13.4992,13.8016
2025-10-21,,,,,,,,,,,,,,,,,,,,,,,,,,,,,,,,,,14.8611,14.7054,14.4914,14.1806,13.7093,13.5193,13.4172,13.2517,,13.2055,,13.2939,13.3971,13.4634,13.7645
2025-10-22,,,,,,,,,,,,,,,,,,,,,,,,,,,,,,,,,,14.8569,14.7036,14.4607,14.1487,13.6648,13.4744,13.3645,13.2017,,13.1548,,13.24,13.3454,13.408,13.702
2025-10-23,,,,,,,,,,,,,,,,,,,,,,,,,,,,,,,,,,14.8528,14.7063,14.455,14.1435,13.6543,13.4576,13.343,13.1756,,13.124,,13.2161,13.3221,13.3987,13.6964
2025-10-24,,,,,,,,,,,,,,,,,,,,,,,,,,,,,,,,,,14.8436,14.694,14.4266,14.0982,13.5925,13.3917,13.27,13.1017,,13.043,,13.128,13.2311,13.297,13.588
2025-10-27,,,,,,,,,,,,,,,,,,,,,,,,,,,,,,,,,,14.855,14.698,14.4348,14.095,13.5884,13.3817,13.2563,13.0947,,13.0295,,13.112,13.2153,13.2755,13.5628
2025-10-28,,,,,,,,,,,,,,,,,,,,,,,,,,,,,,,,,,14.8575,14.704,14.4421,14.1175,13.6146,13.4175,13.3007,13.142,,13.0756,,13.1673,13.2779,13.345,13.6408
2025-10-29,,,,,,,,,,,,,,,,,,,,,,,,,,,,,,,,,,14.8678,14.7,14.4353,14.1081,13.6143,13.4306,13.3206,13.1742,,13.121,,13.211,13.324,13.394,13.696
2025-10-30,,,,,,,,,,,,,,,,,,,,,,,,,,,,,,,,,,14.8772,14.722,14.483,14.1762,13.7171,13.5281,13.4119,13.2681,,13.2123,,13.297,13.4028,13.4713,13.7516
2025-10-31,,,,,,,,,,,,,,,,,,,,,,,,,,,,,,,,,,14.879,14.71,14.4574,14.121,13.6242,13.426,13.3001,13.1516,,13.0852,,13.1655,13.2744,13.3335,13.6304
2025-11-03,,,,,,,,,,,,,,,,,,,,,,,,,,,,,,,,,,14.8825,14.718,14.4906,14.147,13.6675,13.463,13.3321,13.178,,13.1067,,13.1899,13.2973,13.3642,13.6688
2025-11-04,,,,,,,,,,,,,,,,,,,,,,,,,,,,,,,,,,14.8833,14.709,14.4827,14.1368,13.6445,13.445,13.318,13.172,,13.1155,,13.2064,13.317,13.3907,13.7149
2025-11-05,,,,,,,,,,,,,,,,,,,,,,,,,,,,,,,,,,14.8797,14.699,14.4682,14.1158,13.6154,13.416,13.2868,13.1398,,13.078,,13.1589,13.268,13.3379,13.6625
2025-11-06,,,,,,,,,,,,,,,,,,,,,,,,,,,,,,,,,,14.8887,14.7329,14.5161,14.1497,13.6476,13.445,13.3067,13.161,,13.0945,,13.1794,13.291,13.364,13.6845
2025-11-07,,,,,,,,,,,,,,,,,,,,,,,,,,,,,,,,,,14.8886,14.7459,14.5168,14.1504,13.6495,13.4428,13.3025,13.1484,,13.0774,,13.16,13.273,13.341,13.6635
2025-11-10,,,,,,,,,,,,,,,,,,,,,,,,,,,,,,,,,,14.8907,14.7432,14.4995,14.121,13.5979,13.3806,13.2294,13.0725,,12.9929,,13.075,13.1795,13.25,13.5719
2025-11-11,,,,,,,,,,,,,,,,,,,,,,,,,,,,,,,,,,14.8894,14.68,14.386,13.981,13.4208,13.2073,13.0629,12.9142,,12.8466,,12.939,13.0535,13.131,13.4753
2025-11-12,,,,,,,,,,,,,,,,,,,,,,,,,,,,,,,,,,14.891,14.6881,14.39,13.9762,13.4035,13.1895,13.0452,12.888,,12.819,,12.9155,13.0303,13.104,13.4633
2025-11-13,,,,,,,,,,,,,,,,,,,,,,,,,,,,,,,,,,14.894,14.6985,14.3825,13.9713,13.397,13.1743,13.0331,12.881,,12.815,,12.913,13.0318,13.1097,13.4828
2025-11-14,,,,,,,,,,,,,,,,,,,,,,,,,,,,,,,,,,14.893,14.679,14.3525,13.9428,13.3752,13.1616,13.03,12.8859,,12.827,,12.9224,13.0379,13.1166,13.4818
2025-11-17,,,,,,,,,,,,,,,,,,,,,,,,,,,,,,,,,,14.895,14.6889,14.3664,13.9637,13.4162,13.2127,13.0899,12.9523,,12.9,,13.0042,13.1155,13.2009,13.5495
2025-11-18,,,,,,,,,,,,,,,,,,,,,,,,,,,,,,,,,,14.9003,14.6862,14.3598,13.956,13.403,13.1973,13.0696,12.9303,,12.882,,12.9795,13.1121,13.187,13.5427
2025-11-19,,,,,,,,,,,,,,,,,,,,,,,,,,,,,,,,,,14.8998,14.6833,14.3604,13.9544,13.399,13.1926,13.0608,12.9201,,12.874,,12.9775,13.0985,13.1819,13.5312
2025-11-21,,,,,,,,,,,,,,,,,,,,,,,,,,,,,,,,,,14.9022,14.693,14.367,13.957,13.394,13.189,13.0661,12.9284,,12.88,,12.9785,13.0934,13.1687,13.5
2025-11-24,,,,,,,,,,,,,,,,,,,,,,,,,,,,,,,,,,14.9068,14.6721,14.3269,13.895,13.2989,13.0951,12.9655,12.8325,,12.789,,12.8955,13.0116,13.0941,13.4365
2025-11-25,,,,,,,,,,,,,,,,,,,,,,,,,,,,,,,,,,14.9089,14.6589,14.3006,13.8604,13.2398,13.0273,12.899,12.7675,,12.726,,12.8335,12.957,13.045,13.4042
2025-11-26,,,,,,,,,,,,,,,,,,,,,,,,,,,,,,,,,,14.9122,14.6528,14.3096,13.8769,13.2457,13.0316,12.9006,12.767,,12.706,,12.805,12.9155,12.992,13.3295
2025-11-27,,,,,,,,,,,,,,,,,,,,,,,,,,,,,,,,,,14.9134,14.6613,14.3219,13.8892,13.2715,13.0565,12.922,12.7861,,12.723,,12.8083,12.9069,12.971,13.305
2025-11-28,,,,,,,,,,,,,,,,,,,,,,,,,,,,,,,,,,14.9127,14.6621,14.334,13.9219,13.3065,13.0927,12.955,12.8151,,12.744,,12.8204,12.9109,12.974,13.2648
2025-12-01,,,,,,,,,,,,,,,,,,,,,,,,,,,,,,,,,,14.9176,14.6705,14.353,13.948,13.3499,13.1372,12.9949,12.857,,12.786,,12.855,12.938,13.002,13.275
2025-12-02,,,,,,,,,,,,,,,,,,,,,,,,,,,,,,,,,,14.9148,14.656,14.3306,13.9235,13.311,13.0868,12.9363,12.7857,,12.706,,12.774,12.8513,12.914,13.1758
2025-12-03,,,,,,,,,,,,,,,,,,,,,,,,,,,,,,,,,,14.9118,14.6559,14.328,13.9274,13.324,13.098,12.9446,12.7932,,12.719,,12.792,12.8725,12.93,13.1797
2025-12-04,,,,,,,,,,,,,,,,,,,,,,,,,,,,,,,,,,14.9117,14.6188,14.3015,13.8883,13.269,13.0369,12.886,12.7358,,12.664,,12.741,12.8267,12.8831,13.1337
2025-12-05,,,,,,,,,,,,,,,,,,,,,,,,,,,,,,,,,,14.9158,14.6656,14.4299,14.1014,13.632,13.4629,13.3589,13.253,,13.227,,13.326,13.4185,13.4849,13.724
2025-12-08,,,,,,,,,,,,,,,,,,,,,,,,,,,,,,,,,,14.9247,14.65,14.4032,14.0416,13.532,13.3515,13.2478,13.1397,,13.129,,13.2384,13.3319,13.4035,13.6443
2025-12-09,,,,,,,,,,,,,,,,,,,,,,,,,,,,,,,,,,14.9264,14.653,14.3908,14.0266,13.505,13.325,13.2257,13.1284,,13.125,,13.2455,13.3518,13.4306,13.685
2025-12-10,,,,,,,,,,,,,,,,,,,,,,,,,,,,,,,,,,14.9282,14.653,14.3883,14.0361,13.539,13.3735,13.2978,13.204,,13.2292,,13.3535,13.4574,13.5376,13.79
2025-12-11,,,,,,,,,,,,,,,,,,,,,,,,,,,,,,,,,,14.925,14.658,14.3905,14.0307,13.5117,13.3213,13.2265,13.1239,,13.1345,,13.2527,13.36,13.4409,13.6887
2025-12-12,,,,,,,,,,,,,,,,,,,,,,,,,,,,,,,,,,14.924,14.6464,14.3406,13.9522,13.391,13.192,13.0865,12.978,,12.9834,,13.1015,13.219,13.2932,13.5607
2025-12-15,,,,,,,,,,,,,,,,,,,,,,,,,,,,,,,,,,14.9275,14.6355,14.3153,13.9384,13.376,13.1687,13.0719,12.966,,12.9644,,13.0727,13.1833,13.26,13.518
2025-12-16,,,,,,,,,,,,,,,,,,,,,,,,,,,,,,,,,,14.9303,14.6342,14.3428,13.9749,13.4271,13.2212,13.1448,13.0388,,13.0621,,13.1884,13.3054,13.3804,13.639
2025-12-17,,,,,,,,,,,,,,,,,,,,,,,,,,,,,,,,,,14.9451,14.659,14.4274,14.0936,13.5911,13.3982,13.3455,13.2466,,13.2871,,13.417,13.5362,13.6223,13.8757
2025-12-18,,,,,,,,,,,,,,,,,,,,,,,,,,,,,,,,,,14.9489,14.6354,14.4076,14.087,13.6064,13.428,13.3782,13.269,,13.3088,,13.417,13.5394,13.6149,13.8825
2025-12-19,,,,,,,,,,,,,,,,,,,,,,,,,,,,,,,,,,14.9494,14.626,14.3928,14.0418,13.5331,13.339,13.2824,13.1672,,13.208,,13.3239,13.4572,13.5374,13.7955
2025-12-22,,,,,,,,,,,,,,,,,,,,,,,,,,,,,,,,,,14.952,14.6915,14.4653,14.1104,13.6073,13.4257,13.371,13.2652,,13.3174,,13.4444,13.577,13.6569,13.9076
2025-12-23,,,,,,,,,,,,,,,,,,,,,,,,,,,,,,,,,,14.9718,14.758,14.4827,14.1128,13.603,13.4085,13.3486,13.2398,,13.2867,,13.411,13.5468,13.6257,13.8672
2025-12-24,,,,,,,,,,,,,,,,,,,,,,,,,,,,,,,,,,14.9718,14.758,14.4827,14.1128,13.603,13.4085,13.3486,13.2398,,13.2867,,13.411,13.5468,13.6257,13.8672
2025-12-26,,,,,,,,,,,,,,,,,,,,,,,,,,,,,,,,,,14.9755,14.7361,14.444,14.0494,13.514,13.3107,13.2611,13.1398,,13.1931,,13.32,13.4603,13.5444,13.8124
2025-12-29,,,,,,,,,,,,,,,,,,,,,,,,,,,,,,,,,,14.9786,14.7258,14.4685,14.0833,13.538,13.3291,13.2545,13.134,,13.1693,,13.291,13.4297,13.5116,13.7816
2025-12-30,,,,,,,,,,,,,,,,,,,,,,,,,,,,,,,,,,14.9843,14.7298,14.4779,14.1146,13.5714,13.3753,13.2849,13.1561,,13.1813,,13.2875,13.4092,13.486,13.7341
2025-12-31,,,,,,,,,,,,,,,,,,,,,,,,,,,,,,,,,,14.9843,14.7298,14.4779,14.1146,13.5714,13.3753,13.2849,13.1561,,13.1813,,13.2875,13.4092,13.486,13.7341
2026-01-02,,,,,,,,,,,,,,,,,,,,,,,,,,,,,,,,,,,14.7466,14.4268,14.0329,13.4441,13.2451,13.1441,13.0247,,13.0407,,13.1366,13.2529,13.3275,13.5747
2026-01-05,,,,,,,,,,,,,,,,,,,,,,,,,,,,,,,,,,,14.7469,14.432,14.0412,13.431,13.2234,13.1088,12.9758,,12.9867,,13.0865,13.2194,13.3036,13.5861
2026-01-06,,,,,,,,,,,,,,,,,,,,,,,,,,,,,,,,,,,14.7461,14.4299,14.0441,13.4542,13.2366,13.112,12.9676,,12.9705,,13.0651,13.1949,13.2874,13.5887
2026-01-07,,,,,,,,,,,,,,,,,,,,,,,,,,,,,,,,,,,14.7186,14.3939,14.0048,13.4172,13.2103,13.097,12.9631,,12.9747,,13.0764,13.2186,13.3154,13.6338
2026-01-08,,,,,,,,,,,,,,,,,,,,,,,,,,,,,,,,,,,14.7086,14.396,14.0279,13.4412,13.2405,13.1271,12.991,,12.99,,13.0769,13.2037,13.2925,13.5965
2026-01-09,,,,,,,,,,,,,,,,,,,,,,,,,,,,,,,,,,,14.7333,14.4293,14.0674,13.4861,13.2932,13.1857,13.05,13.0666,13.0564,,13.145,13.2738,13.3514,13.6355
2026-01-12,,,,,,,,,,,,,,,,,,,,,,,,,,,,,,,,,,,14.7291,14.4099,14.0483,13.4508,13.2539,13.1435,13.002,13.0179,12.9985,,13.083,13.2035,13.2831,13.5684
2026-01-13,,,,,,,,,,,,,,,,,,,,,,,,,,,,,,,,,,,14.724,14.3922,14.005,13.3939,13.2012,13.0915,12.9479,12.9553,12.9565,,13.0476,13.1838,13.2726,13.5882
2026-01-14,,,,,,,,,,,,,,,,,,,,,,,,,,,,,,,,,,,14.7356,14.4051,14.0315,13.444,13.2603,13.1616,13.0227,13.0325,13.0342,,13.1235,13.2558,13.3379,13.625
2026-01-15,,,,,,,,,,,,,,,,,,,,,,,,,,,,,,,,,,,14.733,14.4124,14.03,13.4584,13.2873,13.1968,13.0646,13.0704,13.0706,,13.1563,13.2865,13.3682,13.6555
2026-01-16,,,,,,,,,,,,,,,,,,,,,,,,,,,,,,,,,,,14.7383,14.438,14.041,13.5266,13.3684,13.3011,13.1809,13.186,13.1986,,13.2903,13.4193,13.505,13.7945
2026-01-19,,,,,,,,,,,,,,,,,,,,,,,,,,,,,,,,,,,14.7433,14.4309,14.0165,13.4658,13.31,13.235,13.1177,13.1366,13.1426,,13.2473,13.3789,13.4686,13.7671
2026-01-20,,,,,,,,,,,,,,,,,,,,,,,,,,,,,,,,,,,14.7572,14.4474,14.0478,13.5042,13.3547,13.282,13.179,13.1988,13.21,,13.315,13.45,13.5441,13.8519
2026-01-21,,,,,,,,,,,,,,,,,,,,,,,,,,,,,,,,,,,14.7229,14.4356,14.0209,13.4521,13.2855,13.2045,13.0894,13.1124,13.1155,,13.2123,13.3474,13.4405,13.7475
2026-01-22,,,,,,,,,,,,,,,,,,,,,,,,,,,,,,,,,,,14.672,14.3945,13.9905,13.3998,13.2287,13.135,13.0173,13.0413,13.0393,,13.134,13.267,13.368,13.6841
2026-01-23,,,,,,,,,,,,,,,,,,,,,,,,,,,,,,,,,,,14.6738,14.391,13.9871,13.4025,13.219,13.119,13.0044,13.022,13.0153,,13.1025,13.2288,13.3265,13.6318
2026-01-26,,,,,,,,,,,,,,,,,,,,,,,,,,,,,,,,,,,14.6911,14.3956,13.9776,13.3922,13.2014,13.0891,12.9775,12.9847,12.9788,,13.0559,13.1778,13.273,13.5806
2026-01-27,,,,,,,,,,,,,,,,,,,,,,,,,,,,,,,,,,,14.676,14.332,13.896,13.296,13.0988,12.9813,12.866,12.8795,12.8693,,12.9348,13.0502,13.1263,13.409
2026-01-28,,,,,,,,,,,,,,,,,,,,,,,,,,,,,,,,,,,14.6727,14.3226,13.8646,13.2393,13.0248,12.9007,12.7893,12.8027,12.7906,,12.8614,12.9886,13.069,13.3687
2026-01-29,,,,,,,,,,,,,,,,,,,,,,,,,,,,,,,,,,,14.732,14.3255,13.8398,13.1703,12.9389,12.8051,12.6903,12.6915,12.6816,,12.7633,12.8903,12.9918,13.3194
2026-01-30,,,,,,,,,,,,,,,,,,,,,,,,,,,,,,,,,,,14.7423,14.3258,13.839,13.1723,12.9453,12.8197,12.7032,12.7039,12.695,,12.7716,12.8928,12.9845,13.3258
2026-02-02,,,,,,,,,,,,,,,,,,,,,,,,,,,,,,,,,,,14.73,14.3179,13.8213,13.15,12.9412,12.8238,12.7234,12.731,12.7427,,12.8385,12.971,13.0779,13.4359
2026-02-03,,,,,,,,,,,,,,,,,,,,,,,,,,,,,,,,,,,14.7145,14.2665,13.7838,13.1057,12.887,12.762,12.6563,12.668,12.668,,12.7651,12.9021,13.0081,13.3695
2026-02-04,,,,,,,,,,,,,,,,,,,,,,,,,,,,,,,,,,,14.7158,14.2516,13.7646,13.1091,12.9108,12.8005,12.7031,12.723,12.7314,,12.833,12.9745,13.0806,13.4495
2026-02-05,,,,,,,,,,,,,,,,,,,,,,,,,,,,,,,,,,,14.719,14.2433,13.7493,13.0827,12.8815,12.7727,12.6768,12.697,12.7042,,12.8051,12.95,13.0673,13.4503
2026-02-06,,,,,,,,,,,,,,,,,,,,,,,,,,,,,,,,,,,14.714,14.2305,13.7295,13.0636,12.8585,12.7585,12.6711,12.695,12.7079,,12.8232,12.9765,13.1032,13.4954
2026-02-09,,,,,,,,,,,,,,,,,,,,,,,,,,,,,,,,,,,14.7153,14.229,13.7233,13.0601,12.8507,12.7434,12.64,12.6572,12.667,,12.7711,12.9108,13.0265,13.4148
2026-02-10,,,,,,,,,,,,,,,,,,,,,,,,,,,,,,,,,,,14.6911,14.2267,13.7321,13.0947,12.8877,12.7939,12.687,12.7082,12.712,,12.8182,12.9567,13.0705,13.4408
2026-02-11,,,,,,,,,,,,,,,,,,,,,,,,,,,,,,,,,,,14.6428,14.1789,13.6863,13.0414,12.8392,12.7472,12.6458,12.6705,12.6769,,12.7867,12.9393,13.0614,13.4608
2026-02-12,,,,,,,,,,,,,,,,,,,,,,,,,,,,,,,,,,,14.6347,14.1637,13.6623,13.0305,12.8261,12.7444,12.6364,12.66,12.6644,,12.7671,12.9175,13.0259,13.4331
2026-02-13,,,,,,,,,,,,,,,,,,,,,,,,,,,,,,,,,,,14.63,14.1517,13.6599,13.0316,12.826,12.74,12.6256,12.6451,12.65,,12.7583,12.9012,13.011,13.3959
2026-02-18,,,,,,,,,,,,,,,,,,,,,,,,,,,,,,,,,,,14.6285,14.1517,13.6534,13.0062,12.799,12.7053,12.592,12.609,12.6127,,12.7123,12.8513,12.9592,13.3355
2026-02-19,,,,,,,,,,,,,,,,,,,,,,,,,,,,,,,,,,,14.5804,14.146,13.6517,13.0147,12.809,12.7234,12.613,12.6372,12.6475,,12.7552,12.9096,13.031,13.4246
2026-02-20,,,,,,,,,,,,,,,,,,,,,,,,,,,,,,,,,,,14.5731,14.1213,13.6088,12.955,12.745,12.6557,12.546,12.5731,12.5743,,12.6837,12.8353,12.9567,13.3531
2026-02-23,,,,,,,,,,,,,,,,,,,,,,,,,,,,,,,,,,,14.5669,14.112,13.5924,12.938,12.725,12.6404,12.531,12.5545,12.5645,,12.6746,12.827,12.9535,13.3551
2026-02-24,,,,,,,,,,,,,,,,,,,,,,,,,,,,,,,,,,,14.5444,14.0958,13.5775,12.929,12.714,12.63,12.5214,12.5344,12.5381,,12.6473,12.796,12.9185,13.3085
2026-02-25,,,,,,,,,,,,,,,,,,,,,,,,,,,,,,,,,,,14.5305,14.0866,13.5703,12.936,12.7203,12.642,12.5421,12.5553,12.5621,,12.6585,12.7994,12.9148,13.2901
2026-02-26,,,,,,,,,,,,,,,,,,,,,,,,,,,,,,,,,,,14.5469,14.054,13.53,12.8754,12.6557,12.5841,12.4877,12.5097,12.5123,,12.6166,12.7642,12.8725,13.259
2026-02-27,,,,,,,,,,,,,,,,,,,,,,,,,,,,,,,,,,,14.6438,14.08,13.5873,13.001,12.804,12.7264,12.6199,12.643,12.6374,,12.7256,12.862,12.9665,13.3177
2026-03-02,,,,,,,,,,,,,,,,,,,,,,,,,,,,,,,,,,,14.6359,14.093,13.6072,13.025,12.8419,12.7801,12.6936,12.7134,12.716,,12.8086,12.9439,13.0488,13.3971
2026-03-03,,,,,,,,,,,,,,,,,,,,,,,,,,,,,,,,,,,14.6205,14.1711,13.739,13.1841,13.002,12.954,12.874,12.8969,12.912,,13.008,13.1467,13.249,13.5831
2026-03-04,,,,,,,,,,,,,,,,,,,,,,,,,,,,,,,,,,,14.5689,14.1122,13.6836,13.115,12.9276,12.867,12.7839,12.804,12.8144,,12.918,13.0541,13.153,13.478
2026-03-05,,,,,,,,,,,,,,,,,,,,,,,,,,,,,,,,,,,14.5972,14.1529,13.7589,13.2616,13.0864,13.0545,12.9807,13.019,13.0326,,13.157,13.3052,13.4068,13.7355
2026-03-06,,,,,,,,,,,,,,,,,,,,,,,,,,,,,,,,,,,14.633,14.2359,13.873,13.4446,13.2622,13.2475,13.1718,13.2077,13.2205,,13.3415,13.481,13.5803,13.9062
2026-03-09,,,,,,,,,,,,,,,,,,,,,,,,,,,,,,,,,,,14.6213,14.2861,13.9268,13.5291,13.3649,13.3337,13.263,13.2701,13.2921,,13.4042,13.541,13.6189,13.9
2026-03-10,,,,,,,,,,,,,,,,,,,,,,,,,,,,,,,,,,,14.6315,14.1469,13.7117,13.3058,13.123,13.0895,13.0126,13.0228,13.0361,,13.137,13.276,13.3661,13.6869
2026-03-11,,,,,,,,,,,,,,,,,,,,,,,,,,,,,,,,,,,14.6616,14.197,13.7861,13.411,13.2451,13.2126,13.1323,13.1478,13.148,,13.2346,13.358,13.4371,13.7115
2026-03-12,,,,,,,,,,,,,,,,,,,,,,,,,,,,,,,,,,,14.7102,14.2901,13.964,13.6973,13.544,13.5032,13.4095,13.416,13.4242,,13.516,13.6355,13.7115,13.9507
2026-03-13,,,,,,,,,,,,,,,,,,,,,,,,,,,,,,,,,,,14.7549,14.4094,14.2436,14.1235,13.9818,13.9546,13.854,13.859,13.865,,13.9473,14.0535,14.1125,14.3023
2026-03-16,,,,,,,,,,,,,,,,,,,,,,,,,,,,,,,,,,,14.747,14.2337,14.068,13.8704,13.7103,13.672,13.574,13.5679,13.5593,,13.6273,13.7237,13.7611,13.925
2026-03-17,,,,,,,,,,,,,,,,,,,,,,,,,,,,,,,,,,,14.7736,14.3001,14.1426,13.9535,13.8093,13.7724,13.6671,13.6639,13.6514,,13.71,13.7965,13.8465,13.9705
2026-03-18,,,,,,,,,,,,,,,,,,,,,,,,,,,,,,,,,,,14.7399,14.2335,14.0846,13.9396,13.8132,13.7908,13.6907,13.6773,13.6792,,13.7519,13.837,13.8791,14.0217
2026-03-19,,,,,,,,,,,,,,,,,,,,,,,,,,,,,,,,,,,14.694,14.1387,13.8643,13.8167,13.6927,13.6739,13.5791,13.5791,13.571,,13.6453,13.7302,13.7823,13.9359
2026-03-20,,,,,,,,,,,,,,,,,,,,,,,,,,,,,,,,,,,14.6979,14.2838,14.1312,14.2145,14.1949,14.2044,14.1132,14.0807,14.0818,,14.137,14.1901,14.1959,14.2337
2026-03-23,,,,,,,,,,,,,,,,,,,,,,,,,,,,,,,,,,,14.6943,14.1646,13.9488,13.9052,13.8649,13.8733,13.7738,13.7482,13.7304,,13.7819,13.8424,13.8729,13.9808
2026-03-24,,,,,,,,,,,,,,,,,,,,,,,,,,,,,,,,,,,14.697,14.0943,13.9532,13.9557,13.9352,13.9558,13.888,13.8616,13.868,,13.9298,14.0035,14.0474,14.1725
2026-03-25,,,,,,,,,,,,,,,,,,,,,,,,,,,,,,,,,,,14.7083,14.0602,13.892,13.8562,13.839,13.8555,13.79,13.7656,13.7799,,13.8504,13.9289,13.9741,14.1185
2026-03-26,,,,,,,,,,,,,,,,,,,,,,,,,,,,,,,,,,,14.7172,14.1887,14.0807,14.1443,14.1277,14.1623,14.0946,14.0652,14.0751,,14.126,14.1809,14.203,14.308
2026-03-27,,,,,,,,,,,,,,,,,,,,,,,,,,,,,,,,,,,14.7173,14.2465,14.1876,14.2058,14.1959,14.2335,14.1594,14.124,14.1239,,14.1668,14.2022,14.214,14.305
2026-03-30,,,,,,,,,,,,,,,,,,,,,,,,,,,,,,,,,,,14.7272,14.2549,14.1386,14.1443,14.1173,14.1438,14.088,14.053,14.0606,,14.1133,14.1545,14.17,14.2632
2026-03-31,,,,,,,,,,,,,,,,,,,,,,,,,,,,,,,,,,,14.7304,14.1589,13.9656,13.8235,13.7812,13.8165,13.75,13.719,13.7173,,13.7801,13.8309,13.863,13.9977
2026-04-01,,,,,,,,,,,,,,,,,,,,,,,,,,,,,,,,,,,,14.148,13.934,13.7542,13.7593,13.7769,13.7042,13.6695,13.6701,,13.7323,13.786,13.8206,13.9619
2026-04-02,,,,,,,,,,,,,,,,,,,,,,,,,,,,,,,,,,,,14.1116,13.9517,13.7741,13.7571,13.8015,13.7243,13.6869,13.683,,13.7398,13.7923,13.8206,13.9738
2026-04-06,,,,,,,,,,,,,,,,,,,,,,,,,,,,,,,,,,,,14.128,14.0432,13.893,13.8345,13.902,13.8139,13.765,13.742,,13.7705,13.8132,13.823,13.9452
2026-04-07,,,,,,,,,,,,,,,,,,,,,,,,,,,,,,,,,,,,14.1372,14.1106,13.9987,13.938,14.0054,13.9187,13.8739,13.8597,,13.8806,13.9192,13.9264,14.0385
2026-04-08,,,,,,,,,,,,,,,,,,,,,,,,,,,,,,,,,,,,14.0466,13.8968,13.6371,13.5141,13.5519,13.4428,13.3922,13.3742,,13.4181,13.4748,13.513,13.7019
2026-04-09,,,,,,,,,,,,,,,,,,,,,,,,,,,,,,,,,,,,14.0486,13.9317,13.664,13.49,13.4905,13.3764,13.332,13.317,,13.363,13.4287,13.4653,13.6764
2026-04-10,,,,,,,,,,,,,,,,,,,,,,,,,,,,,,,,,,,,14.03,14.028,13.82,13.6497,13.637,13.5207,13.453,13.418,,13.4303,13.4667,13.4669,13.6027
2026-04-13,,,,,,,,,,,,,,,,,,,,,,,,,,,,,,,,,,,,14.0434,14.036,13.8412,13.6587,13.6273,13.4953,13.42,13.375,,13.368,13.3899,13.3835,13.5176
2026-04-14,,,,,,,,,,,,,,,,,,,,,,,,,,,,,,,,,,,,14.1593,13.9881,13.7328,13.5449,13.5001,13.3651,13.2932,13.249,,13.2619,13.3054,13.3215,13.4905
2026-04-15,,,,,,,,,,,,,,,,,,,,,,,,,,,,,,,,,,,,14.1361,13.9685,13.6954,13.5097,13.4566,13.316,13.2673,13.239,,13.2755,13.3345,13.351,13.5441
2026-04-16,,,,,,,,,,,,,,,,,,,,,,,,,,,,,,,,,,,,14.2005,14.0999,13.8228,13.647,13.5918,13.4608,13.4145,13.379,,13.3994,13.4453,13.4605,13.6092
2026-04-17,,,,,,,,,,,,,,,,,,,,,,,,,,,,,,,,,,,,14.2333,13.9925,13.624,13.4242,13.3485,13.2196,13.1786,13.157,,13.2021,13.2683,13.3077,13.4965
2026-04-20,,,,,,,,,,,,,,,,,,,,,,,,,,,,,,,,,,,,14.2438,14.0196,13.683,13.4988,13.4234,13.2844,13.2327,13.2099,,13.2275,13.2735,13.2949,13.4453
2026-04-22,,,,,,,,,,,,,,,,,,,,,,,,,,,,,,,,,,,,14.2285,14.0426,13.7592,13.5981,13.5377,13.396,13.3458,13.318,,13.329,13.3793,13.3997,13.5431
2026-04-23,,,,,,,,,,,,,,,,,,,,,,,,,,,,,,,,,,,,14.277,14.133,13.9404,13.8088,13.7746,13.6362,13.6133,13.595,,13.609,13.6475,13.6496,13.7497
2026-04-24,,,,,,,,,,,,,,,,,,,,,,,,,,,,,,,,,,,,14.249,14.1099,13.911,13.767,13.7211,13.5804,13.542,13.5238,,13.541,13.5815,13.5838,13.6796
2026-04-27,,,,,,,,,,,,,,,,,,,,,,,,,,,,,,,,,,,,14.243,14.12,13.958,13.84,13.8109,13.669,13.6202,13.6228,,13.6336,13.6666,13.6671,13.7425
2026-04-28,,,,,,,,,,,,,,,,,,,,,,,,,,,,,,,,,,,,14.2656,14.0332,13.951,13.8426,13.8175,13.673,13.6319,13.6332,,13.6509,13.6852,13.679,13.7502
2026-04-29,,,,,,,,,,,,,,,,,,,,,,,,,,,,,,,,,,,,14.3279,14.047,14.052,14.011,14.0056,13.891,13.863,13.8849,,13.909,13.9516,13.95,13.99
2026-04-30,,,,,,,,,,,,,,,,,,,,,,,,,,,,,,,,,,,,14.2829,14.032,13.9475,13.8699,13.848,13.721,13.6772,13.6895,,13.716,13.756,13.7595,13.8179
2026-05-04,,,,,,,,,,,,,,,,,,,,,,,,,,,,,,,,,,,,14.2839,14.0528,14.0372,13.996,14.002,13.896,13.862,13.8787,,13.91,13.9586,13.9638,14.0252
2026-05-05,,,,,,,,,,,,,,,,,,,,,,,,,,,,,,,,,,,,14.308,14.0133,13.8819,13.8529,13.867,13.755,13.725,13.744,,13.7935,13.8524,13.8698,13.959
2026-05-06,,,,,,,,,,,,,,,,,,,,,,,,,,,,,,,,,,,,14.3039,13.9512,13.7503,13.673,13.6438,13.529,13.486,13.4988,,13.5495,13.612,13.6325,13.7655
2026-05-07,,,,,,,,,,,,,,,,,,,,,,,,,,,,,,,,,,,,14.3176,13.9624,13.7909,13.7099,13.685,13.574,13.535,13.5584,,13.6155,13.6876,13.7076,13.8464
2026-05-08,,,,,,,,,,,,,,,,,,,,,,,,,,,,,,,,,,,,14.3199,13.9563,13.7708,13.6782,13.6508,13.5354,13.4989,13.5114,,13.5735,13.6369,13.6576,13.7795
2026-05-11,,,,,,,,,,,,,,,,,,,,,,,,,,,,,,,,,,,,14.3459,13.9919,13.837,13.7983,13.786,13.6894,13.665,13.6764,,13.7357,13.8028,13.8232,13.9341
2026-05-12,,,,,,,,,,,,,,,,,,,,,,,,,,,,,,,,,,,,14.3599,14.0179,13.8393,13.8381,13.8435,13.7594,13.7348,13.7397,,13.8105,13.8689,13.8819,13.972
2026-05-13,,,,,,,,,,,,,,,,,,,,,,,,,,,,,,,,,,,,14.3984,14.0568,13.9601,14.0048,14.044,13.9917,13.981,14.0076,,14.1,14.164,14.1788,14.2615
2026-05-14,,,,,,,,,,,,,,,,,,,,,,,,,,,,,,,,,,,,14.399,14.0369,13.9139,13.9397,13.9639,13.9125,13.8993,13.9205,,14.0203,14.092,14.1107,14.207
2026-05-15,,,,,,,,,,,,,,,,,,,,,,,,,,,,,,,,,,,,14.4082,14.0646,13.972,14.0484,14.0991,14.0626,14.0583,14.088,,14.2025,14.2801,14.3055,14.3924
2026-05-18,,,,,,,,,,,,,,,,,,,,,,,,,,,,,,,,,,,,14.3987,14.0183,13.884,13.9639,14.015,13.9697,13.9596,13.992,,14.1116,14.1876,14.2253,14.3481
2026-05-19,,,,,,,,,,,,,,,,,,,,,,,,,,,,,,,,,,,,14.3956,13.9951,13.8789,13.969,14.0296,13.985,13.9866,14.036,,14.1745,14.266,14.3127,14.4575
2026-05-20,,,,,,,,,,,,,,,,,,,,,,,,,,,,,,,,,,,,14.3883,13.9438,13.766,13.826,13.8585,13.7913,13.7918,13.827,,13.9542,14.0501,14.0987,14.2547
2026-05-21,,,,,,,,,,,,,,,,,,,,,,,,,,,,,,,,,,,,14.3799,13.9337,13.7611,13.784,13.8006,13.7305,13.7351,13.757,,13.8861,13.9863,14.0335,14.2
2026-05-22,,,,,,,,,,,,,,,,,,,,,,,,,,,,,,,,,,,,14.3779,13.9639,13.79,13.819,13.8322,13.7634,13.7602,13.777,,13.8932,13.9735,14.0085,14.1629
2026-05-25,,,,,,,,,,,,,,,,,,,,,,,,,,,,,,,,,,,,14.3667,13.924,13.6989,13.705,13.7058,13.6273,13.6088,13.611,,13.7162,13.7987,13.8329,13.983
2026-05-26,,,,,,,,,,,,,,,,,,,,,,,,,,,,,,,,,,,,14.3747,13.925,13.781,13.796,13.8174,13.746,13.7388,13.738,,13.839,13.9145,13.948,14.0808
2026-05-27,,,,,,,,,,,,,,,,,,,,,,,,,,,,,,,,,,,,14.3752,13.9518,13.7892,13.8109,13.8372,13.774,13.7632,13.77,,13.8571,13.9297,13.958,14.0871
2026-05-28,,,,,,,,,,,,,,,,,,,,,,,,,,,,,,,,,,,,14.3693,13.9526,13.8014,13.799,13.821,13.7472,13.7506,13.748,,13.844,13.918,13.9442,14.0616
2026-05-29,,,,,,,,,,,,,,,,,,,,,,,,,,,,,,,,,,,,14.3671,13.9601,13.8393,13.86,13.8792,13.8106,13.8047,13.7959,,13.8795,13.9321,13.9481,14.0485
2026-06-01,,,,,,,,,,,,,,,,,,,,,,,,,,,,,,,,,,,,14.3798,14.0034,13.9519,13.9958,14.0337,13.9673,13.9636,13.9498,,14.0201,14.051,14.0491,14.1135
2026-06-02,,,,,,,,,,,,,,,,,,,,,,,,,,,,,,,,,,,,14.3798,13.9477,13.945,14.0241,14.0442,13.9882,14.0004,14.0015,,14.0927,14.139,14.1481,14.2195
2026-06-03,,,,,,,,,,,,,,,,,,,,,,,,,,,,,,,,,,,,14.3954,14.001,14.1256,14.2441,14.3129,14.295,14.3319,14.3556,,14.4641,14.513,14.5246,14.5445
2026-06-05,,,,,,,,,,,,,,,,,,,,,,,,,,,,,,,,,,,,14.4156,14.0684,14.2743,14.4407,14.5482,14.5609,14.6233,14.6493,,14.7705,14.8101,14.7973,14.7652
2026-06-08,,,,,,,,,,,,,,,,,,,,,,,,,,,,,,,,,,,,14.414,14.0854,14.4241,14.6386,14.7795,14.7854,14.8328,14.8698,,14.9582,14.9738,14.943,14.8611
2026-06-09,,,,,,,,,,,,,,,,,,,,,,,,,,,,,,,,,,,,14.4154,14.1189,14.4968,14.7258,14.869,14.8506,14.8925,14.9199,,14.9982,15.0169,14.9916,14.9015
2026-06-10,,,,,,,,,,,,,,,,,,,,,,,,,,,,,,,,,,,,14.4211,14.1082,14.4881,14.7105,14.8576,14.8287,14.8727,14.9054,,15.002,15.0251,15.0004,14.9263
2026-06-11,,,,,,,,,,,,,,,,,,,,,,,,,,,,,,,,,,,,14.3736,14.0101,14.262,14.4462,14.544,14.4828,14.4977,14.5114,,14.5951,14.618,14.6039,14.5544
2026-06-12,,,,,,,,,,,,,,,,,,,,,,,,,,,,,,,,,,,,14.3671,14.0336,14.2536,14.4128,14.4943,14.4372,14.4393,14.4369,,14.4865,14.4981,14.4732,14.4379
2026-06-15,,,,,,,,,,,,,,,,,,,,,,,,,,,,,,,,,,,,14.3337,13.9583,14.1108,14.2511,14.3299,14.2809,14.297,14.302,,14.3673,14.395,14.377,14.3683
2026-06-16,,,,,,,,,,,,,,,,,,,,,,,,,,,,,,,,,,,,14.3177,13.9054,14.1107,14.2604,14.3518,14.358,14.367,14.376,,14.443,14.46,14.4396,14.3904
2026-06-17,,,,,,,,,,,,,,,,,,,,,,,,,,,,,,,,,,,,14.3224,13.943,14.1974,14.3295,14.4687,14.4488,14.4872,14.5409,,14.6234,14.6543,14.6333,14.5718
2026-06-18,,,,,,,,,,,,,,,,,,,,,,,,,,,,,,,,,,,,14.2504,13.8629,14.1995,14.3723,14.5784,14.62,14.684,14.7621,,14.8695,14.9209,14.902,14.834
2026-06-19,,,,,,,,,,,,,,,,,,,,,,,,,,,,,,,,,,,,14.252,13.8621,14.2336,14.4417,14.6387,14.694,14.769,14.8466,,14.9655,15.0279,15.017,14.9765
2026-06-22,,,,,,,,,,,,,,,,,,,,,,,,,,,,,,,,,,,,14.2534,13.8613,14.1581,14.35,14.5379,14.558,14.639,14.7056,,14.7995,14.852,14.832,14.7751
2026-06-23,,,,,,,,,,,,,,,,,,,,,,,,,,,,,,,,,,,,14.2561,13.903,14.095,14.265,14.459,14.4291,14.5148,14.5805,,14.688,14.7325,14.721,14.6815
2026-06-24,,,,,,,,,,,,,,,,,,,,,,,,,,,,,,,,,,,,14.2626,13.8623,13.986,14.1038,14.2395,14.2291,14.2682,14.3055,,14.4098,14.4601,14.4556,14.4434
2026-06-25,,,,,,,,,,,,,,,,,,,,,,,,,,,,,,,,,,,,14.2796,13.839,13.9729,14.046,14.1654,14.1556,14.2504,14.2498,,14.3716,14.4497,14.4702,14.5012
2026-06-26,,,,,,,,,,,,,,,,,,,,,,,,,,,,,,,,,,,,14.3071,13.8165,13.9423,14.0064,14.0861,14.0769,14.1717,14.1685,,14.2693,14.3622,14.3926,14.4676
2026-06-29,,,,,,,,,,,,,,,,,,,,,,,,,,,,,,,,,,,,14.3407,13.8108,13.8932,13.9545,14.043,14.0686,14.1167,14.1291,,14.238,14.325,14.3451,14.3942
2026-06-30,,,,,,,,,,,,,,,,,,,,,,,,,,,,,,,,,,,,14.3196,13.774,13.7522,13.7512,13.9109,13.953,13.9789,13.9736,,14.1061,14.198,14.2161,14.2878
2026-07-01,,,,,,,,,,,,,,,,,,,,,,,,,,,,,,,,,,,,,13.7439,13.8058,13.8241,14.0241,14.0845,14.1209,14.14,,14.295,14.3875,14.4097,14.4672
2026-07-02,,,,,,,,,,,,,,,,,,,,,,,,,,,,,,,,,,,,,13.7762,13.9135,13.9662,14.122,14.239,14.2567,14.2694,,14.433,14.5508,14.5725,14.6325
2026-07-03,,,,,,,,,,,,,,,,,,,,,,,,,,,,,,,,,,,,,13.8254,13.8561,13.8996,14.0031,14.0997,14.1038,14.1232,,14.295,14.4195,14.457,14.5359
2026-07-06,,,,,,,,,,,,,,,,,,,,,,,,,,,,,,,,,,,,,13.8256,13.8362,13.8393,13.9552,14.048,14.0524,14.0551,,14.2254,14.3396,14.3688,14.4529
2026-07-07,,,,,,,,,,,,,,,,,,,,,,,,,,,,,,,,,,,,,13.8439,13.9116,13.9302,14.0563,14.1541,14.1636,14.1657,,14.3232,14.4245,14.449,14.519
2026-07-08,,,,,,,,,,,,,,,,,,,,,,,,,,,,,,,,,,,,,13.84,13.9146,13.9394,14.072,14.1726,14.1936,14.2173,,14.3949,14.4999,14.5235,14.5735
2026-07-09,,,,,,,,,,,,,,,,,,,,,,,,,,,,,,,,,,,,,13.8285,13.8446,13.8478,13.959,14.0406,14.07,14.0837,,14.27,14.3981,14.4392,14.5378
2026-07-10,,,,,,,,,,,,,,,,,,,,,,,,,,,,,,,,,,,,,13.8033,13.7296,13.7092,13.791,13.8582,13.8658,13.8837,14.0104,14.0492,14.1798,14.2339,14.3583
2026-07-13,,,,,,,,,,,,,,,,,,,,,,,,,,,,,,,,,,,,,13.8117,13.8067,13.8187,13.9316,14.0051,14.034,14.056,14.1985,14.235,14.3601,14.396,14.5018
2026-07-14,,,,,,,,,,,,,,,,,,,,,,,,,,,,,,,,,,,,,13.7974,13.7291,13.7153,13.7945,13.8668,13.893,13.908,14.0387,14.0815,14.2115,14.2584,14.3905
2026-07-15,,,,,,,,,,,,,,,,,,,,,,,,,,,,,,,,,,,,,13.7926,13.7094,13.6921,13.7766,13.8486,13.868,13.89,14.0258,14.0696,14.2075,14.259,14.4063
2026-07-16,,,,,,,,,,,,,,,,,,,,,,,,,,,,,,,,,,,,,13.792,13.6982,13.7048,13.816,13.9114,13.933,13.9673,14.098,14.1469,14.2916,14.3425,14.4911
2026-07-17,,,,,,,,,,,,,,,,,,,,,,,,,,,,,,,,,,,,,13.818,13.8296,13.865,13.9983,14.1103,14.1445,14.1883,14.321,14.3783,14.4984,14.5505,14.6851
2026-07-20,,,,,,,,,,,,,,,,,,,,,,,,,,,,,,,,,,,,,13.8055,13.8025,13.8581,14.0089,14.1293,14.1794,14.229,14.3618,14.4295,14.5597,14.6077,14.71
2026-07-21,,,,,,,,,,,,,,,,,,,,,,,,,,,,,,,,,,,,,13.8082,13.8039,13.8719,14.0161,14.1448,14.19,14.24,14.381,14.4498,14.5838,14.6306,14.7473
2026-07-22,,,,,,,,,,,,,,,,,,,,,,,,,,,,,,,,,,,,,13.8176,13.8517,13.9233,14.0856,14.22,14.2744,14.3339,14.4777,14.5406,14.6731,14.7199,14.831
2026-07-23,,,,,,,,,,,,,,,,,,,,,,,,,,,,,,,,,,,,,13.8437,13.9721,14.0702,14.2425,14.3804,14.4494,14.5126,14.6554,14.7198,14.839,14.8753,14.957
2026-07-24,,,,,,,,,,,,,,,,,,,,,,,,,,,,,,,,,,,,,13.814,13.8609,13.9097,14.046,14.1622,14.2247,14.2849,14.4278,14.4987,14.6219,14.6704,14.7852
2026-07-27,,,,,,,,,,,,,,,,,,,,,,,,,,,,,,,,,,,,,13.7928,13.7999,13.8177,13.929,14.0462,14.1036,14.1624,14.3119,14.3937,14.5351,14.5998,14.7619
2026-07-28,,,,,,,,,,,,,,,,,,,,,,,,,,,,,,,,,,,,,13.7632,13.7504,13.7598,13.87,13.981,14.02,14.0653,14.204,14.272,14.4055,14.4692,14.659
2026-07-29,,,,,,,,,,,,,,,,,,,,,,,,,,,,,,,,,,,,,13.7425,13.7134,13.7208,13.836,13.9462,13.999,14.0402,14.1751,14.247,14.3823,14.4491,14.643
2026-07-30,,,,,,,,,,,,,,,,,,,,,,,,,,,,,,,,,,,,,13.7187,13.6899,13.6869,13.7864,13.8978,13.9427,13.9716,14.1101,14.173,14.315,14.384,14.623
2026-07-31,,,,,,,,,,,,,,,,,,,,,,,,,,,,,,,,,,,,,13.7063,13.6641,13.6683,13.7682,13.8679,13.9073,13.9461,14.082,14.146,14.2815,14.3506,14.5949
2026-08-03,,,,,,,,,,,,,,,,,,,,,,,,,,,,,,,,,,,,,13.7115,13.6468,13.6289,13.7202,13.8005,13.8305,13.8497,13.961,14.0235,14.136,14.1894,14.4
2026-08-04,,,,,,,,,,,,,,,,,,,,,,,,,,,,,,,,,,,,,13.6909,13.6569,13.6597,13.7589,13.8437,13.8865,13.9016,14.024,14.084,14.1932,14.2454,14.426
2026-08-05,,,,,,,,,,,,,,,,,,,,,,,,,,,,,,,,,,,,,13.675,13.628,13.6181,13.716,13.8016,13.8441,13.8721,14.0133,14.059,14.1699,14.213,14.362
2026-08-06,,,,,,,,,,,,,,,,,,,,,,,,,,,,,,,,,,,,,13.6586,13.6774,13.6604,13.7711,13.8616,13.9114,13.9567,14.1059,14.1585,14.2803,14.3352,14.498
2026-08-07,,,,,,,,,,,,,,,,,,,,,,,,,,,,,,,,,,,,,13.6556,13.6375,13.593,13.7079,13.7914,13.8453,13.8822,14.0325,14.0819,14.2126,14.272,14.462
2026-08-10,,,,,,,,,,,,,,,,,,,,,,,,,,,,,,,,,,,,,13.6512,13.6431,13.6352,13.754,13.835,13.8954,13.9324,14.0882,14.1447,14.2774,14.3465,14.5396
2026-08-11,,,,,,,,,,,,,,,,,,,,,,,,,,,,,,,,,,,,,13.6527,13.6615,13.6674,13.8228,13.924,13.9885,14.042,14.198,14.2504,14.3803,14.4381,14.6075
2026-08-12,,,,,,,,,,,,,,,,,,,,,,,,,,,,,,,,,,,,,13.6601,13.655,13.6233,13.825,13.9335,14.0022,14.056,14.212,14.2751,14.4044,14.4632,14.6339
2026-08-13,,,,,,,,,,,,,,,,,,,,,,,,,,,,,,,,,,,,,13.6545,13.6186,13.6112,13.839,13.9525,14.0236,14.076,14.2377,14.3072,14.4422,14.5088,14.6946
2026-08-14,,,,,,,,,,,,,,,,,,,,,,,,,,,,,,,,,,,,,13.6423,13.6222,13.6895,13.9214,14.0505,14.134,14.194,14.361,14.443,14.5841,14.6505,14.8279
2026-08-17,,,,,,,,,,,,,,,,,,,,,,,,,,,,,,,,,,,,,13.6289,13.5973,13.6671,13.8967,14.0183,14.095,14.153,14.3255,14.4042,14.5425,14.607,14.7997
2026-08-18,,,,,,,,,,,,,,,,,,,,,,,,,,,,,,,,,,,,,13.6241,13.5705,13.6216,13.8667,13.9839,14.067,14.1391,14.301,14.3895,14.5368,14.6102,14.828
2026-08-19,,,,,,,,,,,,,,,,,,,,,,,,,,,,,,,,,,,,,13.6236,13.5481,13.5601,13.8092,13.9144,13.99,14.041,14.194,14.275,14.4245,14.496,14.7129
2026-08-20,,,,,,,,,,,,,,,,,,,,,,,,,,,,,,,,,,,,,13.7387,13.5977,13.562,13.8375,13.9564,14.033,14.091,14.2535,14.327,14.4807,14.561,14.7658
2026-08-21,,,,,,,,,,,,,,,,,,,,,,,,,,,,,,,,,,,,,13.7391,13.5618,13.509,13.7686,13.872,13.9355,13.978,14.1346,14.1992,14.3349,14.3987,14.5718
2026-08-24,,,,,,,,,,,,,,,,,,,,,,,,,,,,,,,,,,,,,13.7031,13.5701,13.5166,13.7977,13.8961,13.9652,14.008,14.159,14.2276,14.362,14.426,14.5819
2026-08-25,,,,,,,,,,,,,,,,,,,,,,,,,,,,,,,,,,,,,13.6913,13.521,13.44,13.7345,13.826,13.8894,13.9366,14.083,14.15,14.2813,14.3478,14.5212
2026-08-26,,,,,,,,,,,,,,,,,,,,,,,,,,,,,,,,,,,,,13.6623,13.5151,13.4513,13.7396,13.8441,13.9145,13.963,14.107,14.1724,14.299,14.3536,14.5098
2026-08-27,,,,,,,,,,,,,,,,,,,,,,,,,,,,,,,,,,,,,13.6526,13.4607,13.4091,13.677,13.7842,13.8589,13.8955,14.0582,14.1201,14.272,14.3414,14.538
2026-08-28,,,,,,,,,,,,,,,,,,,,,,,,,,,,,,,,,,,,,13.6533,13.4258,13.3699,13.665,13.7971,13.8964,13.9585,14.131,14.2094,14.3682,14.4493,14.6558
2026-08-31,,,,,,,,,,,,,,,,,,,,,,,,,,,,,,,,,,,,,13.6473,13.442,13.405,13.6905,13.8306,13.9309,13.9991,14.1681,14.2434,14.3976,14.4798,14.6638
2026-09-01,,,,,,,,,,,,,,,,,,,,,,,,,,,,,,,,,,,,,13.6522,13.4143,13.3753,13.6386,13.7663,13.8645,13.9241,14.0855,14.169,14.3225,14.3969,14.577
2026-09-02,,,,,,,,,,,,,,,,,,,,,,,,,,,,,,,,,,,,,13.6945,13.3808,13.315,13.5664,13.679,13.7604,13.8047,13.9555,14.0305,14.168,14.2332,14.4094
2026-09-03,,,,,,,,,,,,,,,,,,,,,,,,,,,,,,,,,,,,,13.7359,13.3456,13.2723,13.5066,13.615,13.6933,13.7285,13.8663,13.9425,14.0769,14.1455,14.326
2026-09-04,,,,,,,,,,,,,,,,,,,,,,,,,,,,,,,,,,,,,13.7613,13.3541,13.2722,13.5066,13.603,13.675,13.705,13.8475,13.915,14.04,14.107,14.2765
2026-09-08,,,,,,,,,,,,,,,,,,,,,,,,,,,,,,,,,,,,,13.7702,13.3438,13.2539,13.471,13.5421,13.5901,13.592,13.716,13.765,13.875,13.9265,14.0685
2026-09-09,,,,,,,,,,,,,,,,,,,,,,,,,,,,,,,,,,,,,13.7695,13.3741,13.3154,13.5555,13.6509,13.7134,13.728,13.861,13.9193,14.0363,14.11,14.268
2026-09-10,,,,,,,,,,,,,,,,,,,,,,,,,,,,,,,,,,,,,13.7738,13.3793,13.3348,13.5697,13.653,13.7076,13.717,13.8435,13.8907,14.0048,14.0636,14.212
2026-09-11,,,,,,,,,,,,,,,,,,,,,,,,,,,,,,,,,,,,,13.7662,13.3726,13.3312,13.5614,13.645,13.6995,13.7183,13.8448,13.903,14.02,14.0756,14.2313
2026-09-14,,,,,,,,,,,,,,,,,,,,,,,,,,,,,,,,,,,,,13.7526,13.3625,13.3345,13.5744,13.6519,13.7133,13.7368,13.8682,13.9261,14.053,14.124,14.3027
2026-09-15,,,,,,,,,,,,,,,,,,,,,,,,,,,,,,,,,,,,,13.7406,13.3687,13.3584,13.5852,13.6803,13.7449,13.7747,13.9085,13.9821,14.1248,14.205,14.401
2026-09-16,,,,,,,,,,,,,,,,,,,,,,,,,,,,,,,,,,,,,13.7174,13.4121,13.3909,13.6197,13.7065,13.7634,13.781,13.8996,13.9625,14.0838,14.147,14.303
2026-09-17,,,,,,,,,,,,,,,,,,,,,,,,,,,,,,,,,,,,,13.6866,13.366,13.3428,13.5386,13.6411,13.7004,13.7203,13.8425,13.905,14.0305,14.1051,14.2512
2026-09-18,,,,,,,,,,,,,,,,,,,,,,,,,,,,,,,,,,,,,13.6872,13.3605,13.3688,13.5522,13.6447,13.7048,13.7214,13.8453,13.892,14.0143,14.0866,14.2285
2026-09-21,,,,,,,,,,,,,,,,,,,,,,,,,,,,,,,,,,,,,13.689,13.3341,13.3256,13.4756,13.5503,13.5958,13.6057,13.7233,13.7751,13.8946,13.9787,14.1126
2026-09-22,,,,,,,,,,,,,,,,,,,,,,,,,,,,,,,,,,,,,13.6881,13.3162,13.3008,13.441,13.5075,13.5444,13.5671,13.6807,13.7431,13.8526,13.9286,14.0583
2026-09-23,,,,,,,,,,,,,,,,,,,,,,,,,,,,,,,,,,,,,13.6832,13.3457,13.3544,13.5146,13.5957,13.6506,13.6751,13.7954,13.8688,13.9738,14.0414,14.1561
2026-09-24,,,,,,,,,,,,,,,,,,,,,,,,,,,,,,,,,,,,,13.6792,13.3932,13.4199,13.5952,13.6901,13.7543,13.7541,13.8746,13.9423,14.038,14.0914,14.1953
2026-09-25,,,,,,,,,,,,,,,,,,,,,,,,,,,,,,,,,,,,,13.6836,13.364,13.3737,13.5545,13.6534,13.7077,13.7102,13.8376,13.8965,13.9821,14.0236,14.1118
2026-09-28,,,,,,,,,,,,,,,,,,,,,,,,,,,,,,,,,,,,,13.7153,13.3808,13.3744,13.5449,13.6642,13.7566,13.7658,13.9068,13.982,14.0872,14.1244,14.211
2026-09-29,,,,,,,,,,,,,,,,,,,,,,,,,,,,,,,,,,,,,13.7252,13.3475,13.3172,13.4761,13.5742,13.6478,13.6516,13.8043,13.869,13.9926,14.0442,14.1543
2026-09-30,,,,,,,,,,,,,,,,,,,,,,,,,,,,,,,,,,,,,13.7224,13.3374,13.3092,13.4638,13.557,13.6257,13.6296,13.7797,13.8445,13.9592,14.0038,14.1125
