data_referencia,data_vencimento,taxa_pct_aa,pu,du,duration_du,duration_mod,taxa_di,casada_bps,real_basis_bps,pct_cdi,pct_cdi_casado
2017-06-01,2018-01-01,9.3713,1044.211381,146,140.2,0.5087,,,,,
2017-06-01,2019-01-01,9.47,1048.859601,396,362.32,1.3134,,,,,
2017-06-01,2021-01-01,10.3709,1031.279792,900,749.38,2.6943,,,,,
2017-06-01,2023-01-01,10.6904,1014.956807,1402,1064.51,3.8163,,,,,
2017-06-01,2025-01-01,10.7959,1003.631943,1904,1321.24,4.7321,,,,,
2017-06-01,2027-01-01,10.79,998.014991,2405,1530.99,5.4837,,,,,
2017-06-02,2018-01-01,9.39,1044.48399,145,139.2,0.505,,,,,
2017-06-02,2019-01-01,9.51,1048.686811,395,361.31,1.3092,,,,,
2017-06-02,2021-01-01,10.4574,1029.286598,899,748.14,2.6878,,,,,
2017-06-02,2023-01-01,10.759,1012.715263,1401,1062.95,3.8083,,,,,
2017-06-02,2025-01-01,10.8615,1000.932018,1903,1319.15,4.7219,,,,,
2017-06-02,2027-01-01,10.845,995.416687,2404,1528.47,5.4719,,,,,
2017-06-05,2018-01-01,9.405,1044.777482,144,138.2,0.5013,,,,,
2017-06-05,2019-01-01,9.52,1048.927977,394,360.3,1.3055,,,,,
2017-06-05,2021-01-01,10.4983,1028.56341,898,747.03,2.6828,,,,,
2017-06-05,2023-01-01,10.8066,1011.293566,1400,1061.56,3.8017,,,,,
2017-06-05,2025-01-01,10.9256,998.319005,1902,1317.09,4.7118,,,,,
2017-06-05,2027-01-01,10.9021,992.719625,2403,1525.89,5.4599,,,,,
2017-06-06,2018-01-01,9.3,1045.696737,143,137.2,0.4981,,,,,
2017-06-06,2019-01-01,9.35,1051.633418,393,359.36,1.3041,,,,,
2017-06-06,2021-01-01,10.3416,1033.304252,897,746.46,2.6845,,,,,
2017-06-06,2023-01-01,10.691,1016.161562,1399,1061.5,3.8055,,,,,
2017-06-06,2025-01-01,10.83,1003.241223,1901,1317.68,4.7179,,,,,
2017-06-06,2027-01-01,10.8299,997.053472,2402,1526.88,5.467,,,,,
2017-06-07,2018-01-01,9.295,1046.091674,142,136.2,0.4945,,,,,
2017-06-07,2019-01-01,9.36,1051.869702,392,358.35,1.3003,,,,,
2017-06-07,2021-01-01,10.365,1033.059677,896,745.39,2.6801,,,,,
2017-06-07,2023-01-01,10.7026,1016.12304,1398,1060.41,3.8011,,,,,
2017-06-07,2025-01-01,10.8447,1002.955294,1900,1316.43,4.7128,,,,,
2017-06-07,2027-01-01,10.8378,997.029779,2401,1525.67,5.4622,,,,,
2017-06-08,2018-01-01,9.295,1046.460696,141,135.2,0.4909,,,,,
2017-06-08,2019-01-01,9.37,1052.106816,391,357.35,1.2966,,,,,
2017-06-08,2021-01-01,10.355,1033.740718,895,744.42,2.6769,,,,,
2017-06-08,2023-01-01,10.7046,1016.455906,1397,1059.39,3.7974,,,,,
2017-06-08,2025-01-01,10.8496,1003.133601,1899,1315.35,4.7088,,,,,
2017-06-08,2027-01-01,10.8632,996.05469,2400,1523.96,5.4549,,,,,
2017-06-09,2018-01-01,9.15,1047.570223,140,134.21,0.4879,,,,,
2017-06-09,2019-01-01,9.17,1055.208683,390,356.41,1.2955,,,,,
2017-06-09,2021-01-01,10.2019,1038.390298,894,743.83,2.6785,,,,,
2017-06-09,2023-01-01,10.582,1021.611767,1396,1059.38,3.8016,,,,,
2017-06-09,2025-01-01,10.7557,1007.993119,1898,1315.91,4.7148,,,,,
2017-06-09,2027-01-01,10.7664,1001.744422,2399,1525.64,5.4657,,,,,
2017-06-12,2018-01-01,9.135,1048.010379,139,133.21,0.4844,,,,,
2017-06-12,2019-01-01,9.14,1055.98538,389,355.42,1.2923,,,,,
2017-06-12,2021-01-01,10.1681,1039.730464,893,742.92,2.676,,,,,
2017-06-12,2023-01-01,10.5413,1023.601224,1395,1058.71,3.8006,,,,,
2017-06-12,2025-01-01,10.6977,1011.163543,1897,1315.87,4.7171,,,,,
2017-06-12,2027-01-01,10.7132,1005.071054,2398,1526.11,5.47,,,,,
2017-06-13,2018-01-01,9.18,1048.147269,138,132.21,0.4805,,,,,
2017-06-13,2019-01-01,9.2,1055.535737,388,354.41,1.2879,,,,,
2017-06-13,2021-01-01,10.2549,1037.721475,892,741.69,2.6695,,,,,
2017-06-13,2023-01-01,10.5722,1022.807952,1394,1057.46,3.7951,,,,,
2017-06-13,2025-01-01,10.7207,1010.475341,1896,1314.49,4.7112,,,,,
2017-06-13,2027-01-01,10.745,1003.730496,2397,1524.23,5.4617,,,,,
2017-06-14,2018-01-01,9.1501,1048.662171,137,131.21,0.477,,,,,
2017-06-14,2019-01-01,9.16,1056.447114,387,353.42,1.2848,,,,,
2017-06-14,2021-01-01,10.1536,1040.932629,891,740.96,2.6693,,,,,
2017-06-14,2023-01-01,10.4698,1027.19967,1393,1057.29,3.798,,,,,
2017-06-14,2025-01-01,10.62,1015.693898,1895,1315.16,4.7179,,,,,
2017-06-14,2027-01-01,10.644,1009.698658,2396,1526.02,5.4731,,,,,
2017-06-16,2018-01-01,9.09,1049.325151,136,130.21,0.4736,,,,,
2017-06-16,2019-01-01,9.05,1058.305792,386,352.45,1.2826,,,,,
2017-06-16,2021-01-01,9.995,1045.748461,890,740.38,2.6711,,,,,
2017-06-16,2023-01-01,10.28,1035.044692,1392,1057.83,3.8064,,,,,
2017-06-16,2025-01-01,10.43,1025.264505,1894,1317.31,4.7337,,,,,
2017-06-16,2027-01-01,10.4751,1019.505598,2395,1529.69,5.4946,,,,,
2017-06-19,2018-01-01,9.005,1050.107099,135,129.21,0.4704,,,,,
2017-06-19,2019-01-01,8.94,1060.160911,385,351.49,1.2803,,,,,
2017-06-19,2021-01-01,9.8872,1049.158465,889,739.67,2.6711,,,,,
2017-06-19,2023-01-01,10.1675,1039.890177,1391,1057.73,3.81,,,,,
2017-06-19,2025-01-01,10.3233,1030.865366,1893,1318.07,4.741,,,,,
2017-06-19,2027-01-01,10.3765,1025.456268,2394,1531.41,5.5057,,,,,
2017-06-20,2018-01-01,9.0565,1050.214052,134,128.21,0.4665,,,,,
2017-06-20,2019-01-01,9.03,1059.303896,384,350.46,1.2755,,,,,
2017-06-20,2021-01-01,10.04,1045.28601,888,738.26,2.6623,,,,,
2017-06-20,2023-01-01,10.3357,1033.660131,1390,1055.38,3.7957,,,,,
2017-06-20,2025-01-01,10.4837,1023.471877,1892,1314.42,4.721,,,,,
2017-06-20,2027-01-01,10.5436,1016.485279,2393,1525.8,5.4772,,,,,
2017-06-21,2018-01-01,9.0017,1050.842007,133,127.21,0.4631,,,,,
2017-06-21,2019-01-01,8.98,1060.341645,383,349.48,1.2725,,,,,
2017-06-21,2021-01-01,10.04,1045.682936,887,737.26,2.6587,,,,,
2017-06-21,2023-01-01,10.365,1032.915644,1389,1054.14,3.7902,,,,,
2017-06-21,2025-01-01,10.555,1020.4405,1891,1312.24,4.7101,,,,,
2017-06-21,2027-01-01,10.625,1012.371368,2392,1522.55,5.4616,,,,,
2017-06-22,2018-01-01,8.9625,1051.390883,132,126.21,0.4596,,,,,
2017-06-22,2019-01-01,8.94,1061.242158,382,348.49,1.2694,,,,,
2017-06-22,2021-01-01,10.075,1045.108571,886,736.17,2.6539,,,,,
2017-06-22,2023-01-01,10.44,1030.391357,1388,1052.53,3.7819,,,,,
2017-06-22,2025-01-01,10.6231,1017.581651,1890,1310.11,4.6996,,,,,
2017-06-22,2027-01-01,10.68,1009.74196,2391,1520.03,5.4498,,,,,
2017-06-23,2018-01-01,8.9882,1051.625823,131,125.21,0.4559,,,,,
2017-06-23,2019-01-01,8.96,1061.334133,381,347.48,1.2655,,,,,
2017-06-23,2021-01-01,10.0934,1044.997082,885,735.12,2.6497,,,,,
2017-06-23,2023-01-01,10.4313,1031.136385,1387,1051.6,3.7788,,,,,
2017-06-23,2025-01-01,10.6139,1018.429475,1889,1309.26,4.697,,,,,
2017-06-23,2027-01-01,10.6725,1010.56161,2390,1519.23,5.4473,,,,,
2017-06-26,2018-01-01,8.9554,1052.141147,130,124.21,0.4524,,,,,
2017-06-26,2019-01-01,8.92,1062.231728,380,346.49,1.2624,,,,,
2017-06-26,2021-01-01,10.0608,1046.298275,884,734.21,2.6472,,,,,
2017-06-26,2023-01-01,10.3853,1033.33611,1386,1050.98,3.7782,,,,,
2017-06-26,2025-01-01,10.57,1020.940197,1888,1308.99,4.6978,,,,,
2017-06-26,2027-01-01,10.64,1012.760369,2389,1519.13,5.4486,,,,,
2017-06-27,2018-01-01,8.9811,1052.377945,129,123.21,0.4486,,,,,
2017-06-27,2019-01-01,8.95,1062.190832,379,345.48,1.2583,,,,,
2017-06-27,2021-01-01,10.13,1044.784174,883,733.02,2.6413,,,,,
2017-06-27,2023-01-01,10.503,1029.163476,1385,1049.02,3.7671,,,,,
2017-06-27,2025-01-01,10.7,1015.140518,1887,1305.83,4.681,,,,,
2017-06-27,2027-01-01,10.7477,1007.248026,2388,1515.16,5.429,,,,,
2017-06-28,2018-01-01,8.9512,1052.877268,128,122.21,0.4451,,,,,
2017-06-28,2019-01-01,8.89,1063.352661,378,344.5,1.2555,,,,,
2017-06-28,2021-01-01,10.0087,1048.536295,882,732.35,2.6417,,,,,
2017-06-28,2023-01-01,10.3723,1034.653896,1384,1049.08,3.7718,,,,,
2017-06-28,2025-01-01,10.5628,1022.099928,1886,1307.11,4.6914,,,,,
2017-06-28,2027-01-01,10.6312,1014.059202,2387,1517.38,5.4427,,,,,
2017-06-29,2018-01-01,8.98,1053.101628,127,121.21,0.4414,,,,,
2017-06-29,2019-01-01,8.95,1062.913695,377,343.48,1.2511,,,,,
2017-06-29,2021-01-01,10.0662,1047.343907,881,731.19,2.6362,,,,,
2017-06-29,2023-01-01,10.4061,1033.742077,1383,1047.81,3.7661,,,,,
2017-06-29,2025-01-01,10.5752,1021.912994,1885,1305.9,4.6865,,,,,
2017-06-29,2027-01-01,10.62,1015.084472,2386,1516.68,5.4408,,,,,
2017-06-30,2018-01-01,8.935,1053.668625,126,120.21,0.4379,,,,,
2017-06-30,2019-01-01,8.87,1064.337353,376,342.51,1.2484,,,,,
2017-06-30,2021-01-01,9.9652,1050.533973,880,730.46,2.636,,,,,
2017-06-30,2023-01-01,10.305,1038.092844,1382,1047.62,3.7689,,,,,
2017-06-30,2025-01-01,10.4842,1026.692212,1884,1306.41,4.6922,,,,,
2017-06-30,2027-01-01,10.5315,1020.398105,2385,1518.13,5.4503,,,,,
2017-07-03,2018-01-01,8.835,1005.675707,125,125.0,0.4558,,,,,
2017-07-03,2019-01-01,8.77,1017.214317,375,357.93,1.3058,,,,,
2017-07-03,2021-01-01,9.8533,1005.223641,879,765.2,2.7641,,,,,
2017-07-03,2023-01-01,10.2,993.805583,1381,1098.92,3.9572,,,,,
2017-07-03,2025-01-01,10.4002,982.347678,1883,1371.72,4.9305,,,,,
2017-07-03,2027-01-01,10.425,977.945549,2384,1595.89,5.735,,,,,
2017-07-04,2018-01-01,8.83,1006.036376,124,124.0,0.4521,,,,,
2017-07-04,2019-01-01,8.76,1017.686229,374,356.93,1.3023,,,,,
2017-07-04,2021-01-01,9.868,1005.190626,878,764.17,2.7601,,,,,
2017-07-04,2023-01-01,10.2785,991.109778,1380,1097.41,3.9489,,,,,
2017-07-04,2025-01-01,10.4717,979.278969,1882,1369.7,4.9201,,,,,
2017-07-04,2027-01-01,10.5429,971.747305,2383,1591.99,5.7149,,,,,
2017-07-05,2018-01-01,8.805,1006.487099,123,123.0,0.4486,,,,,
2017-07-05,2019-01-01,8.72,1018.554474,373,355.94,1.2992,,,,,
2017-07-05,2021-01-01,9.841,1006.314864,877,763.22,2.7573,,,,,
2017-07-05,2023-01-01,10.2692,991.858536,1379,1096.47,3.9459,,,,,
2017-07-05,2025-01-01,10.4506,980.683382,1881,1369.0,4.9185,,,,,
2017-07-05,2027-01-01,10.515,973.685655,2382,1591.68,5.7152,,,,,
2017-07-06,2018-01-01,8.795,1006.868998,122,122.0,0.445,,,,,
2017-07-06,2019-01-01,8.7,1019.15651,372,354.94,1.2958,,,,,
2017-07-06,2021-01-01,9.8181,1007.324859,876,762.26,2.7544,,,,,
2017-07-06,2023-01-01,10.2404,993.370816,1378,1095.66,3.944,,,,,
2017-07-06,2025-01-01,10.43,982.064586,1880,1368.3,4.9169,,,,,
2017-07-06,2027-01-01,10.5017,974.812844,2381,1591.0,5.7135,,,,,
2017-07-07,2018-01-01,8.785,1007.250312,121,121.0,0.4414,,,,,
2017-07-07,2019-01-01,8.75,1018.835669,371,353.93,1.2915,,,,,
2017-07-07,2021-01-01,9.8702,1006.256561,875,761.17,2.7492,,,,,
2017-07-07,2023-01-01,10.3364,990.005862,1377,1094.04,3.9347,,,,,
2017-07-07,2025-01-01,10.5248,977.888694,1879,1365.95,4.9043,,,,,
2017-07-07,2027-01-01,10.5928,970.142254,2380,1587.76,5.6971,,,,,
2017-07-10,2018-01-01,8.7913,1007.559146,120,120.0,0.4377,,,,,
2017-07-10,2019-01-01,8.7207,1019.559557,370,352.94,1.2882,,,,,
2017-07-10,2021-01-01,9.83,1007.744398,874,760.24,2.7468,,,,,
2017-07-10,2023-01-01,10.26,993.373064,1376,1093.53,3.9356,,,,,
2017-07-10,2025-01-01,10.4357,982.563082,1878,1366.21,4.9092,,,,,
2017-07-10,2027-01-01,10.4907,976.198751,2379,1589.28,5.7079,,,,,
2017-07-11,2018-01-01,8.7715,1007.982734,119,119.0,0.4341,,,,,
2017-07-11,2019-01-01,8.69,1020.300239,369,351.94,1.2849,,,,,
2017-07-11,2021-01-01,9.823,1008.313036,873,759.25,2.7434,,,,,
2017-07-11,2023-01-01,10.2386,994.594838,1375,1092.67,3.9333,,,,,
2017-07-11,2025-01-01,10.4279,983.326516,1877,1365.33,4.9063,,,,,
2017-07-11,2027-01-01,10.4973,976.217492,2378,1588.11,5.7033,,,,,
2017-07-12,2018-01-01,8.716,1008.560103,118,118.0,0.4307,,,,,
2017-07-12,2019-01-01,8.6007,1021.806639,368,350.95,1.2824,,,,,
2017-07-12,2021-01-01,9.63,1014.041885,872,758.61,2.7459,,,,,
2017-07-12,2023-01-01,10.0339,1003.027939,1374,1092.98,3.9417,,,,,
2017-07-12,2025-01-01,10.2234,993.64888,1876,1367.22,4.9223,,,,,
2017-07-12,2027-01-01,10.3032,987.501423,2377,1591.89,5.727,,,,,
2017-07-13,2018-01-01,8.71,1008.920472,117,117.0,0.4271,,,,,
2017-07-13,2019-01-01,8.61,1022.019704,367,349.95,1.2786,,,,,
2017-07-13,2021-01-01,9.6879,1012.803067,871,757.5,2.7405,,,,,
2017-07-13,2023-01-01,10.075,1001.786325,1373,1091.72,3.9357,,,,,
2017-07-13,2025-01-01,10.2738,991.572073,1875,1365.51,4.9138,,,,,
2017-07-13,2027-01-01,10.335,986.089014,2376,1590.11,5.7189,,,,,
2017-07-14,2018-01-01,8.6673,1009.43742,116,116.0,0.4236,,,,,
2017-07-14,2019-01-01,8.56,1023.006815,366,348.96,1.2756,,,,,
2017-07-14,2021-01-01,9.56,1016.73015,870,756.73,2.7409,,,,,
2017-07-14,2023-01-01,9.96,1006.713894,1372,1091.46,3.9389,,,,,
2017-07-14,2025-01-01,10.139,998.555169,1874,1366.42,4.9231,,,,,
2017-07-14,2027-01-01,10.2213,992.918247,2375,1591.91,5.7313,,,,,
2017-07-17,2018-01-01,8.6612,1009.7963,115,115.0,0.42,,,,,
2017-07-17,2019-01-01,8.51,1023.991448,365,347.96,1.2725,,,,,
2017-07-17,2021-01-01,9.4763,1019.432648,869,755.89,2.7399,,,,,
2017-07-17,2023-01-01,9.8992,1009.506864,1371,1090.85,3.9388,,,,,
2017-07-17,2025-01-01,10.101,1000.808353,1873,1365.95,4.9232,,,,,
2017-07-17,2027-01-01,10.2058,994.184731,2374,1591.29,5.7299,,,,,
2017-07-18,2018-01-01,8.6403,1010.21711,114,114.0,0.4164,,,,,
2017-07-18,2019-01-01,8.47,1024.843491,364,346.97,1.2693,,,,,
2017-07-18,2021-01-01,9.4306,1021.075346,868,754.97,2.7377,,,,,
2017-07-18,2023-01-01,9.8479,1011.926651,1370,1090.18,3.9383,,,,,
2017-07-18,2025-01-01,10.0309,1004.65268,1872,1365.94,4.9263,,,,,
2017-07-18,2027-01-01,10.1458,997.995837,2373,1591.77,5.7347,,,,,
2017-07-19,2018-01-01,8.595,1010.738388,113,113.0,0.4129,,,,,
2017-07-19,2019-01-01,8.38,1026.343148,363,345.98,1.2668,,,,,
2017-07-19,2021-01-01,9.3312,1024.221906,867,754.15,2.7372,,,,,
2017-07-19,2023-01-01,9.759,1015.853404,1369,1089.75,3.9399,,,,,
2017-07-19,2025-01-01,9.9358,1009.755701,1871,1366.29,4.9318,,,,,
2017-07-19,2027-01-01,10.0617,1003.210301,2372,1592.84,5.7429,,,,,
2017-07-20,2018-01-01,8.52,1011.379663,112,112.0,0.4096,,,,,
2017-07-20,2019-01-01,8.2972,1027.745687,362,344.99,1.2641,,,,,
2017-07-20,2021-01-01,9.3205,1024.884309,866,753.17,2.7339,,,,,
2017-07-20,2023-01-01,9.7737,1015.641053,1368,1088.65,3.9354,,,,,
2017-07-20,2025-01-01,9.93,1010.424214,1870,1365.37,4.9287,,,,,
2017-07-20,2027-01-01,10.05,1004.266697,2371,1592.13,5.741,,,,,
2017-07-21,2018-01-01,8.5315,1011.660649,111,111.0,0.4059,,,,,
2017-07-21,2019-01-01,8.3564,1027.304194,361,343.98,1.2597,,,,,
2017-07-21,2021-01-01,9.295,1025.960961,865,752.22,2.7311,,,,,
2017-07-21,2023-01-01,9.7662,1016.316623,1367,1087.7,3.9322,,,,,
2017-07-21,2025-01-01,9.92,1011.302045,1869,1364.51,4.9261,,,,,
2017-07-21,2027-01-01,10.035,1005.514094,2370,1591.49,5.7395,,,,,
2017-07-24,2018-01-01,8.515,1012.056538,110,110.0,0.4023,,,,,
2017-07-24,2019-01-01,8.3559,1027.63787,360,342.98,1.2561,,,,,
2017-07-24,2021-01-01,9.31,1025.903111,864,751.19,2.727,,,,,
2017-07-24,2023-01-01,9.7772,1016.253266,1366,1086.63,3.928,,,,,
2017-07-24,2025-01-01,9.9411,1010.631356,1868,1363.21,4.9204,,,,,
2017-07-24,2027-01-01,10.06,1004.453878,2369,1589.88,5.7324,,,,,
2017-07-25,2018-01-01,8.5095,1012.406975,109,109.0,0.3986,,,,,
2017-07-25,2019-01-01,8.365,1027.848035,359,341.98,1.2523,,,,,
2017-07-25,2021-01-01,9.3576,1024.936415,863,750.1,2.7219,,,,,
2017-07-25,2023-01-01,9.82,1014.923942,1365,1085.36,3.9218,,,,,
2017-07-25,2025-01-01,9.9789,1009.134355,1867,1361.68,4.9132,,,,,
2017-07-25,2027-01-01,10.0921,1002.989463,2368,1588.09,5.7242,,,,,
2017-07-26,2018-01-01,8.493,1012.801132,108,108.0,0.395,,,,,
2017-07-26,2019-01-01,8.345,1028.432576,358,340.98,1.2489,,,,,
2017-07-26,2021-01-01,9.3572,1025.311452,862,749.1,2.7183,,,,,
2017-07-26,2023-01-01,9.815,1015.500212,1364,1084.39,3.9185,,,,,
2017-07-26,2025-01-01,9.98,1009.460794,1866,1360.66,4.9095,,,,,
2017-07-26,2027-01-01,10.075,1004.355046,2367,1587.51,5.723,,,,,
2017-07-27,2018-01-01,8.2703,1014.013105,107,107.0,0.3922,,,,,
2017-07-27,2019-01-01,8.095,1031.971149,357,340.01,1.2482,,,,,
2017-07-27,2021-01-01,9.2,1030.065807,861,748.39,2.7196,,,,,
2017-07-27,2023-01-01,9.6922,1020.777708,1363,1084.18,3.9221,,,,,
2017-07-27,2025-01-01,9.8682,1015.403681,1865,1361.24,4.9166,,,,,
2017-07-27,2027-01-01,9.9554,1011.648684,2366,1589.45,5.7363,,,,,
2017-07-28,2018-01-01,8.2549,1014.393587,106,106.0,0.3886,,,,,
2017-07-28,2019-01-01,8.045,1032.93268,356,339.02,1.2451,,,,,
2017-07-28,2021-01-01,9.1699,1031.268488,860,747.44,2.7169,,,,,
2017-07-28,2023-01-01,9.7103,1020.4286,1362,1083.06,3.9175,,,,,
2017-07-28,2025-01-01,9.8984,1014.276927,1864,1359.82,4.9101,,,,,
2017-07-28,2027-01-01,10.005,1009.156156,2365,1587.23,5.7257,,,,,
2017-07-31,2018-01-01,8.2537,1014.717611,105,105.0,0.3849,,,,,
2017-07-31,2019-01-01,8.055,1033.121635,355,338.02,1.2413,,,,,
2017-07-31,2021-01-01,9.1301,1032.742489,859,746.52,2.7145,,,,,
2017-07-31,2023-01-01,9.68,1022.015491,1361,1082.25,3.9156,,,,,
2017-07-31,2025-01-01,9.8779,1015.678493,1863,1359.1,4.9084,,,,,
2017-07-31,2027-01-01,9.975,1011.274315,2364,1586.97,5.7263,,,,,
2017-08-01,2018-01-01,8.2188,1015.172086,104,104.0,0.3814,,,,,
2017-08-01,2019-01-01,7.9971,1034.180333,354,337.02,1.2384,,,,,
2017-08-01,2021-01-01,9.1346,1032.974594,858,745.51,2.7107,,,,,
2017-08-01,2023-01-01,9.6862,1022.142353,1360,1081.21,3.9116,,,,,
2017-08-01,2025-01-01,9.8776,1016.073188,1862,1358.11,4.9048,,,,,
2017-08-01,2027-01-01,9.9697,1011.963054,2363,1586.1,5.7234,,,,,
2017-08-02,2018-01-01,8.1966,1015.575482,103,103.0,0.3778,,,,,
2017-08-02,2019-01-01,7.9667,1034.884533,353,336.03,1.235,,,,,
2017-08-02,2021-01-01,9.085,1034.721783,857,744.6,2.7087,,,,,
2017-08-02,2023-01-01,9.615,1025.368082,1359,1080.67,3.9122,,,,,
2017-08-02,2025-01-01,9.79,1020.83166,1861,1358.34,4.9096,,,,,
2017-08-02,2027-01-01,9.9014,1016.313233,2362,1586.78,5.7294,,,,,
2017-08-03,2018-01-01,8.1688,1015.99869,102,102.0,0.3742,,,,,
2017-08-03,2019-01-01,7.9061,1035.97236,352,335.03,1.2321,,,,,
2017-08-03,2021-01-01,9.0041,1037.347579,856,743.74,2.7076,,,,,
2017-08-03,2023-01-01,9.525,1029.358786,1358,1080.25,3.9139,,,,,
2017-08-03,2025-01-01,9.71,1025.230384,1860,1358.47,4.9136,,,,,
2017-08-03,2027-01-01,9.8011,1022.560773,2361,1588.24,5.74,,,,,
2017-08-04,2018-01-01,8.1666,1016.323607,101,101.0,0.3705,,,,,
2017-08-04,2019-01-01,7.934,1035.930164,351,334.03,1.2281,,,,,
2017-08-04,2021-01-01,9.0148,1037.402374,855,742.73,2.7036,,,,,
2017-08-04,2023-01-01,9.515,1030.133256,1357,1079.31,3.9109,,,,,
2017-08-04,2025-01-01,9.6929,1026.469359,1859,1357.71,4.9117,,,,,
2017-08-04,2027-01-01,9.7928,1023.427766,2360,1587.45,5.7375,,,,,
2017-08-07,2018-01-01,8.1679,1016.635411,100,100.0,0.3669,,,,,
2017-08-07,2019-01-01,7.9749,1035.725372,350,333.03,1.2239,,,,,
2017-08-07,2021-01-01,9.0731,1036.126087,854,741.62,2.6981,,,,,
2017-08-07,2023-01-01,9.5729,1028.177223,1356,1077.94,3.9038,,,,,
2017-08-07,2025-01-01,9.7583,1023.556588,1858,1355.79,4.9018,,,,,
2017-08-07,2027-01-01,9.86,1019.870645,2359,1584.8,5.7244,,,,,
2017-08-08,2018-01-01,8.1529,1017.007616,99,99.0,0.3632,,,,,
2017-08-08,2019-01-01,7.9658,1036.155833,349,332.03,1.2204,,,,,
2017-08-08,2021-01-01,9.105,1035.59288,853,740.56,2.6935,,,,,
2017-08-08,2023-01-01,9.61,1027.063494,1355,1076.7,3.898,,,,,
2017-08-08,2025-01-01,9.8085,1021.420655,1857,1354.08,4.8934,,,,,
2017-08-08,2027-01-01,9.9082,1017.441752,2358,1582.61,5.714,,,,,
2017-08-09,2018-01-01,8.148,1017.341895,98,98.0,0.3596,,,,,
2017-08-09,2019-01-01,8.0169,1035.826982,348,331.02,1.2161,,,,,
2017-08-09,2021-01-01,9.185,1033.725229,852,739.42,2.6874,,,,,
2017-08-09,2023-01-01,9.71,1023.447063,1354,1075.06,3.8885,,,,,
2017-08-09,2025-01-01,9.9034,1017.072328,1856,1351.74,4.8807,,,,,
2017-08-09,2027-01-01,10.0007,1012.463822,2357,1579.34,5.6974,,,,,
2017-08-10,2018-01-01,8.1547,1017.633903,97,97.0,0.3559,,,,,
2017-08-10,2019-01-01,8.046,1035.778569,347,330.02,1.2121,,,,,
2017-08-10,2021-01-01,9.281,1031.426476,851,738.24,2.6807,,,,,
2017-08-10,2023-01-01,9.8057,1020.026852,1353,1073.45,3.8793,,,,,
2017-08-10,2025-01-01,10.0029,1012.531339,1855,1349.34,4.8676,,,,,
2017-08-10,2027-01-01,10.081,1008.22818,2356,1576.36,5.6826,,,,,
2017-08-11,2018-01-01,8.1329,1018.028694,96,96.0,0.3523,,,,,
2017-08-11,2019-01-01,8.0058,1036.600225,346,329.02,1.2089,,,,,
2017-08-11,2021-01-01,9.2465,1032.743391,850,737.3,2.6782,,,,,
2017-08-11,2023-01-01,9.755,1022.413376,1352,1072.77,3.8787,,,,,
2017-08-11,2025-01-01,9.9537,1015.343293,1854,1349.03,4.8687,,,,,
2017-08-11,2027-01-01,10.0361,1011.190682,2355,1576.47,5.6852,,,,,
2017-08-14,2018-01-01,8.1259,1018.369471,95,95.0,0.3487,,,,,
2017-08-14,2019-01-01,8.006,1036.914574,345,328.02,1.2052,,,,,
2017-08-14,2021-01-01,9.2485,1033.050625,849,736.3,2.6745,,,,,
2017-08-14,2023-01-01,9.765,1022.39486,1351,1071.71,3.8745,,,,,
2017-08-14,2025-01-01,9.9649,1015.172269,1853,1347.88,4.864,,,,,
2017-08-14,2027-01-01,10.0375,1011.494009,2354,1575.43,5.6814,,,,,
2017-08-15,2018-01-01,8.105,1018.758698,94,94.0,0.345,,,,,
2017-08-15,2019-01-01,8.0053,1037.24025,344,327.02,1.2015,,,,,
2017-08-15,2021-01-01,9.24,1033.647947,848,735.32,2.6711,,,,,
2017-08-15,2023-01-01,9.75,1023.367029,1350,1070.81,3.8717,,,,,
2017-08-15,2025-01-01,9.9637,1015.614261,1852,1346.89,4.8605,,,,,
2017-08-15,2027-01-01,10.0377,1011.866515,2353,1574.43,5.6778,,,,,
2017-08-16,2018-01-01,8.073,1019.185152,93,93.0,0.3415,,,,,
2017-08-16,2019-01-01,7.995,1037.6853,343,326.02,1.198,,,,,
2017-08-16,2021-01-01,9.227,1034.369169,847,734.34,2.6679,,,,,
2017-08-16,2023-01-01,9.735,1024.339146,1349,1069.9,3.869,,,,,
2017-08-16,2025-01-01,9.96,1016.179784,1851,1345.95,4.8573,,,,,
2017-08-16,2027-01-01,10.045,1011.831233,2352,1573.25,5.6732,,,,,
2017-08-17,2018-01-01,8.0859,1019.45477,92,92.0,0.3378,,,,,
2017-08-17,2019-01-01,8.065,1037.134949,342,325.01,1.1935,,,,,
2017-08-17,2021-01-01,9.3715,1030.758944,846,733.08,2.6598,,,,,
2017-08-17,2023-01-01,9.915,1017.621544,1348,1067.75,3.8549,,,,,
2017-08-17,2025-01-01,10.1367,1007.893828,1850,1342.45,4.8369,,,,,
2017-08-17,2027-01-01,10.2122,1002.679271,2351,1568.14,5.6462,,,,,
2017-08-18,2018-01-01,8.02,1019.993993,91,91.0,0.3343,,,,,
2017-08-18,2019-01-01,7.9961,1038.305334,341,324.02,1.1906,,,,,
2017-08-18,2021-01-01,9.271,1033.883224,845,732.26,2.6593,,,,,
2017-08-18,2023-01-01,9.7865,1023.058759,1347,1067.57,3.8588,,,,,
2017-08-18,2025-01-01,9.9963,1015.157063,1849,1343.43,4.8466,,,,,
2017-08-18,2027-01-01,10.0925,1009.878475,2350,1570.08,5.6593,,,,,
2017-08-21,2018-01-01,7.995,1020.390646,90,90.0,0.3307,,,,,
2017-08-21,2019-01-01,8.015,1038.389387,340,323.02,1.1867,,,,,
2017-08-21,2021-01-01,9.37,1031.533068,844,731.08,2.6526,,,,,
2017-08-21,2023-01-01,9.875,1019.954388,1346,1066.0,3.85,,,,,
2017-08-21,2025-01-01,10.085,1011.190246,1848,1341.18,4.8346,,,,,
2017-08-21,2027-01-01,10.1812,1005.210797,2349,1566.9,5.6433,,,,,
2017-08-22,2018-01-01,7.985,1020.735516,89,89.0,0.3271,,,,,
2017-08-22,2019-01-01,7.985,1039.075901,339,322.02,1.1834,,,,,
2017-08-22,2021-01-01,9.34,1032.720263,843,730.13,2.6499,,,,,
2017-08-22,2023-01-01,9.8612,1020.877414,1345,1065.09,3.8472,,,,,
2017-08-22,2025-01-01,10.0686,1012.37801,1847,1340.41,4.8325,,,,,
2017-08-22,2027-01-01,10.151,1007.313533,2348,1566.64,5.6439,,,,,
2017-08-23,2018-01-01,7.935,1021.211881,88,88.0,0.3235,,,,,
2017-08-23,2019-01-01,7.885,1040.620206,338,321.04,1.1808,,,,,
2017-08-23,2021-01-01,9.23,1036.099732,842,729.33,2.6496,,,,,
2017-08-23,2023-01-01,9.77,1024.847094,1344,1064.68,3.8489,,,,,
2017-08-23,2025-01-01,10.0,1016.127278,1846,1340.38,4.8354,,,,,
2017-08-23,2027-01-01,10.1024,1010.469591,2347,1566.84,5.6471,,,,,
2017-08-24,2018-01-01,7.89,1021.668442,87,87.0,0.32,,,,,
2017-08-24,2019-01-01,7.815,1041.79205,337,320.04,1.178,,,,,
2017-08-24,2021-01-01,9.15,1038.660107,841,728.48,2.6485,,,,,
2017-08-24,2023-01-01,9.6968,1028.117667,1343,1064.15,3.8495,,,,,
2017-08-24,2025-01-01,9.93,1019.959051,1845,1340.37,4.8385,,,,,
2017-08-24,2027-01-01,10.055,1013.566576,2346,1567.0,5.6501,,,,,
2017-08-25,2018-01-01,7.8446,1022.123179,86,86.0,0.3164,,,,,
2017-08-25,2019-01-01,7.765,1042.715361,336,319.05,1.1748,,,,,
2017-08-25,2021-01-01,9.1477,1039.084241,840,727.48,2.6449,,,,,
2017-08-25,2023-01-01,9.6976,1028.463682,1342,1063.14,3.8459,,,,,
2017-08-25,2025-01-01,9.9478,1019.464457,1844,1339.12,4.8332,,,,,
2017-08-25,2027-01-01,10.0812,1012.452612,2345,1565.36,5.6429,,,,,
2017-08-28,2018-01-01,7.8333,1022.46568,85,85.0,0.3128,,,,,
2017-08-28,2019-01-01,7.775,1042.902698,335,318.05,1.1711,,,,,
2017-08-28,2021-01-01,9.15,1039.382086,839,726.48,2.6412,,,,,
2017-08-28,2023-01-01,9.7,1028.746629,1341,1062.13,3.8421,,,,,
2017-08-28,2025-01-01,9.925,1020.972401,1843,1338.44,4.8317,,,,,
2017-08-28,2027-01-01,10.06,1014.051266,2344,1564.88,5.6422,,,,,
2017-08-29,2018-01-01,7.79,1022.908653,84,84.0,0.3092,,,,,
2017-08-29,2019-01-01,7.725,1043.821849,334,317.06,1.1679,,,,,
2017-08-29,2021-01-01,9.15,1039.743263,838,725.48,2.6376,,,,,
2017-08-29,2023-01-01,9.7,1029.124637,1340,1061.13,3.8385,,,,,
2017-08-29,2025-01-01,9.9296,1021.128985,1842,1337.38,4.8277,,,,,
2017-08-29,2027-01-01,10.065,1014.150936,2343,1563.76,5.6379,,,,,
2017-08-30,2018-01-01,7.7754,1023.258847,83,83.0,0.3056,,,,,
2017-08-30,2019-01-01,7.705,1044.373296,333,316.06,1.1645,,,,,
2017-08-30,2021-01-01,9.12,1040.9269,837,724.53,2.6348,,,,,
2017-08-30,2023-01-01,9.6769,1030.415337,1339,1060.27,3.8362,,,,,
2017-08-30,2025-01-01,9.9095,1022.504152,1841,1336.66,4.826,,,,,
2017-08-30,2027-01-01,10.075,1013.965198,2342,1562.51,5.6329,,,,,
2017-08-31,2018-01-01,7.7728,1023.570978,82,82.0,0.3019,,,,,
2017-08-31,2019-01-01,7.705,1044.680958,332,315.06,1.1608,,,,,
2017-08-31,2021-01-01,9.03,1043.757553,836,723.7,2.634,,,,,
2017-08-31,2023-01-01,9.5882,1034.305614,1338,1059.84,3.8377,,,,,
2017-08-31,2025-01-01,9.8231,1027.16336,1840,1336.88,4.8306,,,,,
2017-08-31,2027-01-01,9.9771,1019.967588,2341,1563.92,5.643,,,,,
2017-09-01,2018-01-01,7.7581,1023.919962,81,81.0,0.2983,,,,,
2017-09-01,2019-01-01,7.745,1044.505251,331,314.05,1.1567,,,,,
2017-09-01,2021-01-01,9.0644,1043.17156,835,722.64,2.6293,,,,,
2017-09-01,2023-01-01,9.6133,1033.686404,1337,1058.68,3.8327,,,,,
2017-09-01,2025-01-01,9.86,1025.716873,1839,1335.36,4.8234,,,,,
2017-09-01,2027-01-01,10.015,1018.173702,2340,1561.99,5.6341,,,,,
2017-09-04,2018-01-01,7.7276,1024.31565,80,80.0,0.2947,,,,,
2017-09-04,2019-01-01,7.755,1044.694039,330,313.05,1.1529,,,,,
2017-09-04,2021-01-01,9.055,1043.788405,834,721.65,2.6259,,,,,
2017-09-04,2023-01-01,9.6011,1034.546196,1336,1057.76,3.8298,,,,,
2017-09-04,2025-01-01,9.8266,1027.753935,1838,1334.83,4.823,,,,,
2017-09-04,2027-01-01,9.985,1020.283119,2339,1561.72,5.6347,,,,,
2017-09-05,2018-01-01,7.705,1024.685652,79,79.0,0.2911,,,,,
2017-09-05,2019-01-01,7.735,1045.243952,329,312.05,1.1494,,,,,
2017-09-05,2021-01-01,8.9312,1047.545184,833,720.88,2.6261,,,,,
2017-09-05,2023-01-01,9.475,1039.932751,1335,1057.56,3.8335,,,,,
2017-09-05,2025-01-01,9.71,1033.938564,1837,1335.47,4.8305,,,,,
2017-09-05,2027-01-01,9.89,1026.15329,2338,1563.06,5.6444,,,,,
2017-09-06,2018-01-01,7.6153,1025.251881,78,78.0,0.2876,,,,,
2017-09-06,2019-01-01,7.565,1047.593141,328,311.07,1.1476,,,,,
2017-09-06,2021-01-01,8.8127,1051.164635,832,720.09,2.6261,,,,,
2017-09-06,2023-01-01,9.3528,1045.191046,1334,1057.35,3.837,,,,,
2017-09-06,2025-01-01,9.5927,1040.200321,1836,1336.13,4.838,,,,,
2017-09-06,2027-01-01,9.7838,1032.717521,2337,1564.67,5.6557,,,,,
2017-09-08,2018-01-01,7.6136,1025.55547,77,77.0,0.2839,,,,,
2017-09-08,2019-01-01,7.565,1047.896343,327,310.07,1.1439,,,,,
2017-09-08,2021-01-01,8.775,1052.557327,831,719.16,2.6236,,,,,
2017-09-08,2023-01-01,9.3087,1047.33155,1333,1056.63,3.8359,,,,,
2017-09-08,2025-01-01,9.5284,1043.821249,1835,1336.03,4.8405,,,,,
2017-09-08,2027-01-01,9.705,1037.719166,2336,1565.6,5.6631,,,,,
2017-09-11,2018-01-01,7.6101,1025.864195,76,76.0,0.2803,,,,,
2017-09-11,2019-01-01,7.625,1047.482973,326,309.07,1.1396,,,,,
2017-09-11,2021-01-01,8.86,1050.567698,830,718.01,2.6173,,,,,
2017-09-11,2023-01-01,9.4,1044.044712,1332,1055.04,3.8269,,,,,
2017-09-11,2025-01-01,9.6235,1039.409131,1834,1333.69,4.8278,,,,,
2017-09-11,2027-01-01,9.81,1031.954047,2335,1562.02,5.6448,,,,,
2017-09-12,2018-01-01,7.5911,1026.216745,75,75.0,0.2766,,,,,
2017-09-12,2019-01-01,7.585,1048.264727,325,308.07,1.1363,,,,,
2017-09-12,2021-01-01,8.89,1050.098099,829,716.95,2.6128,,,,,
2017-09-12,2023-01-01,9.44,1042.82144,1331,1053.79,3.821,,,,,
2017-09-12,2025-01-01,9.685,1036.708708,1833,1331.83,4.8184,,,,,
2017-09-12,2027-01-01,9.865,1029.139442,2334,1559.67,5.6334,,,,,
2017-09-13,2018-01-01,7.5676,1026.580597,74,74.0,0.273,,,,,
2017-09-13,2019-01-01,7.535,1049.163031,324,307.08,1.1332,,,,,
2017-09-13,2021-01-01,8.88,1050.727188,828,715.97,2.6094,,,,,
2017-09-13,2023-01-01,9.433,1043.473607,1330,1052.83,3.8178,,,,,
2017-09-13,2025-01-01,9.685,1037.089079,1832,1330.83,4.8147,,,,,
2017-09-13,2027-01-01,9.8691,1029.285981,2333,1558.57,5.6293,,,,,
2017-09-14,2018-01-01,7.5466,1026.935897,73,73.0,0.2694,,,,,
2017-09-14,2019-01-01,7.4827,1050.08581,323,306.08,1.1301,,,,,
2017-09-14,2021-01-01,8.8,1053.276412,827,715.12,2.6082,,,,,
2017-09-14,2023-01-01,9.34,1047.558831,1329,1052.43,3.8196,,,,,
2017-09-14,2025-01-01,9.5772,1042.871761,1831,1331.34,4.8214,,,,,
2017-09-14,2027-01-01,9.7678,1035.566398,2332,1560.06,5.6398,,,,,
2017-09-15,2018-01-01,7.5343,1027.265992,72,72.0,0.2657,,,,,
2017-09-15,2019-01-01,7.458,1050.67885,322,305.09,1.1266,,,,,
2017-09-15,2021-01-01,8.837,1052.614319,826,714.05,2.6035,,,,,
2017-09-15,2023-01-01,9.3963,1045.682125,1328,1051.07,3.8127,,,,,
2017-09-15,2025-01-01,9.6266,1040.770797,1830,1329.65,4.813,,,,,
2017-09-15,2027-01-01,9.7968,1034.257074,2331,1558.35,5.6322,,,,,
2017-09-18,2018-01-01,7.508,1027.632965,71,71.0,0.2621,,,,,
2017-09-18,2019-01-01,7.3964,1051.706264,321,304.1,1.1236,,,,,
2017-09-18,2021-01-01,8.8035,1053.885744,825,713.11,2.6008,,,,,
2017-09-18,2023-01-01,9.37,1047.103494,1327,1050.24,3.8106,,,,,
2017-09-18,2025-01-01,9.5966,1042.654667,1829,1329.07,4.8123,,,,,
2017-09-18,2027-01-01,9.7704,1036.180796,2330,1558.0,5.6322,,,,,
2017-09-19,2018-01-01,7.4869,1027.984275,70,70.0,0.2584,,,,,
2017-09-19,2019-01-01,7.3232,1052.867185,320,303.1,1.1207,,,,,
2017-09-19,2021-01-01,8.7419,1055.927262,824,712.22,2.5991,,,,,
2017-09-19,2023-01-01,9.2999,1050.276305,1326,1049.68,3.811,,,,,
2017-09-19,2025-01-01,9.535,1046.130937,1828,1328.94,4.8145,,,,,
2017-09-19,2027-01-01,9.735,1038.633894,2329,1557.87,5.6336,,,,,
2017-09-20,2018-01-01,7.4835,1028.287745,69,69.0,0.2547,,,,,
2017-09-20,2019-01-01,7.3024,1053.407254,319,302.11,1.1172,,,,,
2017-09-20,2021-01-01,8.68,1057.977448,823,711.33,2.5973,,,,,
2017-09-20,2023-01-01,9.2509,1052.609646,1325,1049.0,3.8102,,,,,
2017-09-20,2025-01-01,9.4912,1048.718234,1827,1328.55,4.815,,,,,
2017-09-20,2027-01-01,9.695,1041.362053,2328,1557.85,5.6356,,,,,
2017-09-21,2018-01-01,7.47,1028.617129,68,68.0,0.2511,,,,,
2017-09-21,2019-01-01,7.2314,1054.535615,318,301.12,1.1143,,,,,
2017-09-21,2021-01-01,8.5815,1061.035752,822,710.51,2.5967,,,,,
2017-09-21,2023-01-01,9.1509,1056.998228,1324,1048.63,3.8124,,,,,
2017-09-21,2025-01-01,9.3969,1053.872362,1826,1328.88,4.8204,,,,,
2017-09-21,2027-01-01,9.625,1045.865879,2327,1558.57,5.6418,,,,,
2017-09-22,2018-01-01,7.455,1028.949417,67,67.0,0.2474,,,,,
2017-09-22,2019-01-01,7.2013,1055.18056,317,300.12,1.1109,,,,,
2017-09-22,2021-01-01,8.59,1061.148562,821,709.5,2.5927,,,,,
2017-09-22,2023-01-01,9.165,1056.797935,1323,1047.54,3.8079,,,,,
2017-09-22,2025-01-01,9.425,1052.822001,1825,1327.48,4.8141,,,,,
2017-09-22,2027-01-01,9.64,1045.362455,2326,1557.2,5.636,,,,,
2017-09-25,2018-01-01,7.4568,1029.238528,66,66.0,0.2437,,,,,
2017-09-25,2019-01-01,7.2416,1055.000998,316,299.11,1.1068,,,,,
2017-09-25,2021-01-01,8.7,1058.478746,820,708.3,2.5857,,,,,
2017-09-25,2023-01-01,9.2911,1052.111294,1322,1045.74,3.797,,,,,
2017-09-25,2025-01-01,9.572,1045.785453,1824,1324.42,4.7965,,,,,
2017-09-25,2027-01-01,9.7772,1037.702648,2325,1552.83,5.6132,,,,,
2017-09-26,2018-01-01,7.4467,1029.557268,65,65.0,0.2401,,,,,
2017-09-26,2019-01-01,7.1911,1055.881915,315,298.12,1.1037,,,,,
2017-09-26,2021-01-01,8.6214,1060.981299,819,707.44,2.5845,,,,,
2017-09-26,2023-01-01,9.2384,1054.589253,1321,1045.08,3.7964,,,,,
2017-09-26,2025-01-01,9.4955,1050.01188,1823,1324.49,4.8001,,,,,
2017-09-26,2027-01-01,9.7268,1041.029707,2324,1553.07,5.6166,,,,,
2017-09-27,2018-01-01,7.4563,1029.827385,64,64.0,0.2363,,,,,
2017-09-27,2019-01-01,7.2513,1055.473993,314,297.11,1.0993,,,,,
2017-09-27,2021-01-01,8.6983,1059.226201,818,706.3,2.5785,,,,,
2017-09-27,2023-01-01,9.3224,1051.60558,1320,1043.54,3.7879,,,,,
2017-09-27,2025-01-01,9.6023,1045.026818,1822,1321.99,4.7864,,,,,
2017-09-27,2027-01-01,9.8238,1035.761628,2323,1549.69,5.5995,,,,,
2017-09-28,2018-01-01,7.4559,1030.122271,63,63.0,0.2327,,,,,
2017-09-28,2019-01-01,7.2213,1056.114359,313,296.12,1.0959,,,,,
2017-09-28,2021-01-01,8.69,1059.803317,817,705.32,2.5751,,,,,
2017-09-28,2023-01-01,9.2831,1053.543751,1319,1042.79,3.7865,,,,,
2017-09-28,2025-01-01,9.5371,1048.675319,1821,1321.91,4.7889,,,,,
2017-09-28,2027-01-01,9.7537,1040.225583,2322,1550.41,5.6057,,,,,
2017-09-29,2018-01-01,7.4415,1030.450243,62,62.0,0.229,,,,,
2017-09-29,2019-01-01,7.19,1056.767877,312,295.12,1.0926,,,,,
2017-09-29,2021-01-01,8.6378,1061.578255,816,704.41,2.573,,,,,
2017-09-29,2023-01-01,9.2299,1056.038962,1318,1042.13,3.786,,,,,
2017-09-29,2025-01-01,9.4778,1052.038297,1820,1321.74,4.7909,,,,,
2017-09-29,2027-01-01,9.6887,1044.411541,2321,1551.0,5.6111,,,,,
2017-10-02,2018-01-01,7.4149,1030.805566,61,61.0,0.2254,,,,,
2017-10-02,2019-01-01,7.1828,1057.141962,311,294.12,1.0889,,,,,
2017-10-02,2021-01-01,8.6307,1062.121072,815,703.42,2.5696,,,,,
2017-10-02,2023-01-01,9.23,1056.404999,1317,1041.13,3.7824,,,,,
2017-10-02,2025-01-01,9.4919,1051.706114,1819,1320.54,4.786,,,,,
2017-10-02,2027-01-01,9.6937,1044.501808,2320,1549.88,5.6068,,,,,
2017-10-03,2018-01-01,7.4084,1031.113052,60,60.0,0.2217,,,,,
2017-10-03,2019-01-01,7.2235,1056.966131,310,293.12,1.0848,,,,,
2017-10-03,2021-01-01,8.71,1060.311351,814,702.28,2.5635,,,,,
2017-10-03,2023-01-01,9.32,1053.189799,1316,1039.55,3.7735,,,,,
2017-10-03,2025-01-01,9.5707,1048.12913,1818,1318.43,4.7749,,,,,
2017-10-03,2027-01-01,9.77,1040.429059,2319,1547.01,5.5925,,,,,
2017-10-04,2018-01-01,7.4012,1031.421709,59,59.0,0.218,,,,,
2017-10-04,2019-01-01,7.2426,1057.040435,309,292.11,1.0809,,,,,
2017-10-04,2021-01-01,8.74,1059.848703,813,701.22,2.559,,,,,
2017-10-04,2023-01-01,9.3367,1052.899281,1315,1038.45,3.7689,,,,,
2017-10-04,2025-01-01,9.5779,1048.149129,1817,1317.33,4.7706,,,,,
2017-10-04,2027-01-01,9.7569,1041.576933,2318,1546.33,5.5907,,,,,
2017-10-05,2018-01-01,7.3922,1031.733891,58,58.0,0.2143,,,,,
2017-10-05,2019-01-01,7.2835,1056.868139,308,291.11,1.0768,,,,,
2017-10-05,2021-01-01,8.8672,1056.763266,812,699.99,2.5515,,,,,
2017-10-05,2023-01-01,9.485,1047.413904,1314,1036.5,3.7568,,,,,
2017-10-05,2025-01-01,9.7172,1041.59738,1816,1314.37,4.7538,,,,,
2017-10-05,2027-01-01,9.89,1034.249747,2317,1542.06,5.5686,,,,,
2017-10-06,2018-01-01,7.39,1032.030701,57,57.0,0.2106,,,,,
2017-10-06,2019-01-01,7.285,1057.146017,307,290.11,1.0731,,,,,
2017-10-06,2021-01-01,8.775,1059.607181,811,699.16,2.5506,,,,,
2017-10-06,2023-01-01,9.3478,1053.205632,1313,1036.38,3.761,,,,,
2017-10-06,2025-01-01,9.5479,1050.411174,1815,1315.76,4.7662,,,,,
2017-10-06,2027-01-01,9.7206,1044.463961,2316,1545.22,5.5886,,,,,
2017-10-09,2018-01-01,7.3937,1032.314825,56,56.0,0.2069,,,,,
2017-10-09,2019-01-01,7.2861,1057.428608,306,289.11,1.0693,,,,,
2017-10-09,2021-01-01,8.8512,1057.906655,810,698.02,2.5447,,,,,
2017-10-09,2023-01-01,9.4372,1050.048434,1312,1034.81,3.7523,,,,,
2017-10-09,2025-01-01,9.6356,1046.413994,1814,1313.52,4.7543,,,,,
2017-10-09,2027-01-01,9.79,1040.80739,2315,1542.52,5.5753,,,,,
2017-10-10,2018-01-01,7.387,1032.621135,55,55.0,0.2032,,,,,
2017-10-10,2019-01-01,7.2489,1058.143221,305,288.11,1.066,,,,,
2017-10-10,2021-01-01,8.7949,1059.778307,809,697.13,2.5427,,,,,
2017-10-10,2023-01-01,9.385,1052.482567,1311,1034.14,3.7516,,,,,
2017-10-10,2025-01-01,9.5899,1049.07294,1813,1313.16,4.755,,,,,
2017-10-10,2027-01-01,9.745,1043.810235,2314,1542.62,5.5779,,,,,
2017-10-11,2018-01-01,7.3812,1032.92517,54,54.0,0.1996,,,,,
2017-10-11,2019-01-01,7.2307,1058.641795,304,287.12,1.0625,,,,,
2017-10-11,2021-01-01,8.7828,1060.458641,808,696.15,2.5395,,,,,
2017-10-11,2023-01-01,9.4013,1052.214341,1310,1033.04,3.7471,,,,,
2017-10-11,2025-01-01,9.63,1047.456773,1812,1311.6,4.7476,,,,,
2017-10-11,2027-01-01,9.786,1041.811363,2313,1540.61,5.5686,,,,,
2017-10-13,2018-01-01,7.374,1033.231686,53,53.0,0.1959,,,,,
2017-10-13,2019-01-01,7.212,1059.144823,303,286.12,1.059,,,,,
2017-10-13,2021-01-01,8.7834,1060.796817,807,695.15,2.5358,,,,,
2017-10-13,2023-01-01,9.398,1052.719625,1309,1032.06,3.7436,,,,,
2017-10-13,2025-01-01,9.6179,1048.440919,1811,1310.77,4.7451,,,,,
2017-10-13,2027-01-01,9.775,1042.836099,2312,1539.88,5.5665,,,,,
2017-10-16,2018-01-01,7.3731,1033.52523,52,52.0,0.1922,,,,,
2017-10-16,2019-01-01,7.2227,1059.317932,302,285.12,1.0552,,,,,
2017-10-16,2021-01-01,8.8381,1059.682981,806,694.05,2.5305,,,,,
2017-10-16,2023-01-01,9.457,1050.774767,1308,1030.68,3.7366,,,,,
2017-10-16,2025-01-01,9.6869,1045.398552,1810,1308.8,4.735,,,,,
2017-10-16,2027-01-01,9.835,1039.746217,2311,1537.41,5.5545,,,,,
2017-10-17,2018-01-01,7.3536,1033.855036,51,51.0,0.1885,,,,,
2017-10-17,2019-01-01,7.2037,1059.82286,301,284.12,1.0517,,,,,
2017-10-17,2021-01-01,8.7774,1061.666898,805,693.16,2.5287,,,,,
2017-10-17,2023-01-01,9.365,1054.770417,1307,1030.27,3.7383,,,,,
2017-10-17,2025-01-01,9.575,1051.341636,1809,1309.37,4.7419,,,,,
2017-10-17,2027-01-01,9.73,1046.225537,2310,1538.99,5.5656,,,,,
2017-10-18,2018-01-01,7.3298,1034.191685,50,50.0,0.1849,,,,,
2017-10-18,2019-01-01,7.205,1060.101005,300,283.12,1.048,,,,,
2017-10-18,2021-01-01,8.753,1062.676021,804,692.2,2.5258,,,,,
2017-10-18,2023-01-01,9.34,1056.130979,1306,1029.43,3.7361,,,,,
2017-10-18,2025-01-01,9.56,1052.47131,1808,1308.59,4.7397,,,,,
2017-10-18,2027-01-01,9.705,1048.068846,2309,1538.6,5.5654,,,,,
2017-10-19,2018-01-01,7.3146,1034.510511,49,49.0,0.1812,,,,,
2017-10-19,2019-01-01,7.175,1060.726024,299,282.12,1.0446,,,,,
2017-10-19,2021-01-01,8.6716,1065.215607,803,691.35,2.5245,,,,,
2017-10-19,2023-01-01,9.2531,1059.9399,1305,1028.98,3.7374,,,,,
2017-10-19,2025-01-01,9.46,1057.857518,1807,1308.99,4.7455,,,,,
2017-10-19,2027-01-01,9.636,1052.491688,2308,1539.3,5.5715,,,,,
2017-10-20,2018-01-01,7.3002,1034.826807,48,48.0,0.1775,,,,,
2017-10-20,2019-01-01,7.1947,1060.800212,298,281.12,1.0407,,,,,
2017-10-20,2021-01-01,8.7094,1064.552527,802,690.28,2.5198,,,,,
2017-10-20,2023-01-01,9.2786,1059.303328,1304,1027.82,3.7323,,,,,
2017-10-20,2025-01-01,9.4844,1057.013236,1806,1307.65,4.7396,,,,,
2017-10-20,2027-01-01,9.6276,1053.368909,2307,1538.5,5.569,,,,,
2017-10-23,2018-01-01,7.2878,1035.138502,47,47.0,0.1738,,,,,
2017-10-23,2019-01-01,7.2251,1060.758318,297,280.12,1.0367,,,,,
2017-10-23,2021-01-01,8.74,1064.085923,801,689.22,2.5152,,,,,
2017-10-23,2023-01-01,9.3262,1057.797952,1303,1026.52,3.726,,,,,
2017-10-23,2025-01-01,9.5336,1054.932834,1805,1305.96,4.7313,,,,,
2017-10-23,2027-01-01,9.6823,1050.550223,2306,1536.16,5.5578,,,,,
2017-10-24,2018-01-01,7.2695,1035.459738,46,46.0,0.1702,,,,,
2017-10-24,2019-01-01,7.241,1060.877763,296,279.11,1.0328,,,,,
2017-10-24,2021-01-01,8.7721,1063.58214,800,688.17,2.5106,,,,,
2017-10-24,2023-01-01,9.34,1057.628932,1302,1025.43,3.7216,,,,,
2017-10-24,2025-01-01,9.5622,1053.888105,1804,1304.55,4.725,,,,,
2017-10-24,2027-01-01,9.6876,1050.626065,2305,1535.03,5.5534,,,,,
2017-10-25,2018-01-01,7.2515,1035.779161,45,45.0,0.1665,,,,,
2017-10-25,2019-01-01,7.2136,1061.471413,295,278.12,1.0294,,,,,
2017-10-25,2021-01-01,8.7161,1065.432276,799,687.27,2.5086,,,,,
2017-10-25,2023-01-01,9.2871,1060.087515,1301,1024.76,3.721,,,,,
2017-10-25,2025-01-01,9.5196,1056.394277,1803,1304.15,4.7254,,,,,
2017-10-25,2027-01-01,9.645,1053.502397,2304,1535.08,5.5557,,,,,
2017-10-26,2018-01-01,7.235,1036.094776,44,44.0,0.1628,,,,,
2017-10-26,2019-01-01,7.3361,1060.432413,294,277.1,1.0245,,,,,
2017-10-26,2021-01-01,8.9385,1059.872428,798,685.86,2.4984,,,,,
2017-10-26,2023-01-01,9.4974,1052.216585,1300,1022.42,3.7053,,,,,
2017-10-26,2025-01-01,9.7207,1046.805155,1802,1300.32,4.7029,,,,,
2017-10-26,2027-01-01,9.8101,1044.284497,2303,1530.02,5.5291,,,,,
2017-10-27,2018-01-01,7.2337,1036.384158,43,43.0,0.1591,,,,,
2017-10-27,2019-01-01,7.2801,1061.337044,293,276.11,1.0213,,,,,
2017-10-27,2021-01-01,8.91,1060.986782,797,684.92,2.4956,,,,,
2017-10-27,2023-01-01,9.4761,1053.42589,1299,1021.56,3.7029,,,,,
2017-10-27,2025-01-01,9.6954,1048.437055,1801,1299.68,4.7016,,,,,
2017-10-27,2027-01-01,9.7829,1046.245216,2302,1529.69,5.5293,,,,,
2017-10-30,2018-01-01,7.2307,1036.676259,42,42.0,0.1554,,,,,
2017-10-30,2019-01-01,7.3117,1061.291771,292,275.11,1.0173,,,,,
2017-10-30,2021-01-01,9.0,1058.969815,796,683.75,2.4893,,,,,
2017-10-30,2023-01-01,9.5527,1050.824289,1298,1020.07,3.6949,,,,,
2017-10-30,2025-01-01,9.7572,1045.782319,1800,1297.81,4.6922,,,,,
2017-10-30,2027-01-01,9.8243,1044.240876,2301,1527.67,5.5199,,,,,
2017-10-31,2018-01-01,7.2225,1036.976395,41,41.0,0.1517,,,,,
2017-10-31,2019-01-01,7.2517,1062.235013,291,274.11,1.0142,,,,,
2017-10-31,2021-01-01,8.99,1059.595377,795,682.77,2.4859,,,,,
2017-10-31,2023-01-01,9.5672,1050.642372,1297,1018.98,3.6905,,,,,
2017-10-31,2025-01-01,9.787,1044.708028,1799,1296.39,4.6858,,,,,
2017-10-31,2027-01-01,9.875,1041.711697,2300,1525.43,5.5092,,,,,
2017-11-01,2018-01-01,7.2173,1037.271382,40,40.0,0.148,,,,,
2017-11-01,2019-01-01,7.25,1062.548406,290,273.11,1.0105,,,,,
2017-11-01,2021-01-01,9.0699,1057.858224,794,681.63,2.4799,,,,,
2017-11-01,2023-01-01,9.6779,1046.746164,1296,1017.27,3.6806,,,,,
2017-11-01,2025-01-01,9.8977,1039.696515,1798,1293.83,4.6718,,,,,
2017-11-01,2027-01-01,9.9929,1035.364074,2299,1521.53,5.4893,,,,,
2017-11-03,2018-01-01,7.2171,1037.558566,39,39.0,0.1443,,,,,
2017-11-03,2019-01-01,7.28,1062.522636,289,272.11,1.0065,,,,,
2017-11-03,2021-01-01,9.2166,1054.388803,793,680.36,2.472,,,,,
2017-11-03,2023-01-01,9.8466,1040.663072,1295,1015.19,3.6674,,,,,
2017-11-03,2025-01-01,10.0877,1030.916055,1797,1290.14,4.6505,,,,,
2017-11-03,2027-01-01,10.1848,1024.928311,2298,1515.81,5.4591,,,,,
2017-11-06,2018-01-01,7.212,1037.852966,38,38.0,0.1406,,,,,
2017-11-06,2019-01-01,7.27,1062.925562,288,271.11,1.0029,,,,,
2017-11-06,2021-01-01,9.0863,1058.158234,792,679.6,2.4722,,,,,
2017-11-06,2023-01-01,9.6982,1046.733169,1294,1015.14,3.6722,,,,,
2017-11-06,2025-01-01,9.92,1039.393733,1796,1291.51,4.6625,,,,,
2017-11-06,2027-01-01,10.0289,1034.103735,2297,1518.64,5.4771,,,,,
2017-11-07,2018-01-01,7.206,1038.148338,37,37.0,0.137,,,,,
2017-11-07,2019-01-01,7.2699,1063.222677,287,270.11,0.9992,,,,,
2017-11-07,2021-01-01,9.1339,1057.280773,791,678.51,2.4671,,,,,
2017-11-07,2023-01-01,9.7487,1045.18035,1293,1013.81,3.6657,,,,,
2017-11-07,2025-01-01,9.9909,1036.356334,1795,1289.51,4.6523,,,,,
2017-11-07,2027-01-01,10.0855,1031.296288,2296,1516.25,5.4656,,,,,
2017-11-08,2018-01-01,7.196,1038.448868,36,36.0,0.1333,,,,,
2017-11-08,2019-01-01,7.23,1063.94142,286,269.12,0.9959,,,,,
2017-11-08,2021-01-01,9.0578,1059.633114,790,677.65,2.4657,,,,,
2017-11-08,2023-01-01,9.6826,1048.101543,1292,1013.24,3.6658,,,,,
2017-11-08,2025-01-01,9.9468,1038.877249,1794,1289.13,4.6528,,,,,
2017-11-08,2027-01-01,10.0788,1032.067498,2295,1515.42,5.463,,,,,
2017-11-09,2018-01-01,7.1909,1038.742123,35,35.0,0.1296,,,,,
2017-11-09,2019-01-01,7.26,1063.91949,285,268.11,0.9919,,,,,
2017-11-09,2021-01-01,9.0533,1060.115225,789,676.66,2.4622,,,,,
2017-11-09,2023-01-01,9.686,1048.355462,1291,1012.22,3.662,,,,,
2017-11-09,2025-01-01,9.9472,1039.248914,1793,1288.13,4.6492,,,,,
2017-11-09,2027-01-01,10.0684,1033.047683,2294,1514.67,5.4608,,,,,
2017-11-10,2018-01-01,7.1789,1039.044093,34,34.0,0.1259,,,,,
2017-11-10,2019-01-01,7.27,1064.110268,284,267.11,0.9881,,,,,
2017-11-10,2021-01-01,9.185,1057.054308,788,675.42,2.4548,,,,,
2017-11-10,2023-01-01,9.8353,1043.034107,1290,1010.26,3.65,,,,,
2017-11-10,2025-01-01,10.106,1032.008406,1792,1284.88,4.6308,,,,,
2017-11-10,2027-01-01,10.225,1024.658521,2293,1509.82,5.4356,,,,,
2017-11-13,2018-01-01,7.1675,1039.344468,33,33.0,0.1222,,,,,
2017-11-13,2019-01-01,7.25,1064.616257,283,266.11,0.9846,,,,,
2017-11-13,2021-01-01,9.213,1056.697618,787,674.37,2.4503,,,,,
2017-11-13,2023-01-01,9.905,1040.775386,1289,1008.81,3.6424,,,,,
2017-11-13,2025-01-01,10.1842,1028.675546,1791,1282.78,4.6199,,,,,
2017-11-13,2027-01-01,10.34,1018.676279,2292,1505.99,5.4161,,,,,
2017-11-14,2018-01-01,7.1717,1039.624835,32,32.0,0.1185,,,,,
2017-11-14,2019-01-01,7.25,1064.911993,282,265.11,0.9809,,,,,
2017-11-14,2021-01-01,9.3,1054.820706,786,673.21,2.4441,,,,,
2017-11-14,2023-01-01,10.001,1037.537487,1288,1007.2,3.6334,,,,,
2017-11-14,2025-01-01,10.335,1021.941165,1790,1279.64,4.6023,,,,,
2017-11-14,2027-01-01,10.4899,1010.849757,2291,1501.3,5.3919,,,,,
2017-11-16,2018-01-01,7.1607,1039.923745,31,31.0,0.1148,,,,,
2017-11-16,2019-01-01,7.24,1065.311915,281,264.11,0.9773,,,,,
2017-11-16,2021-01-01,9.1934,1057.943496,785,672.4,2.4436,,,,,
2017-11-16,2023-01-01,9.8739,1042.734298,1287,1007.01,3.637,,,,,
2017-11-16,2025-01-01,10.18,1029.667165,1789,1280.84,4.6131,,,,,
2017-11-16,2027-01-01,10.3154,1020.830816,2290,1504.59,5.4123,,,,,
2017-11-17,2018-01-01,7.15,1040.221548,30,30.0,0.1111,,,,,
2017-11-17,2019-01-01,7.19,1066.126447,280,263.12,0.9741,,,,,
2017-11-17,2021-01-01,9.1047,1060.606941,784,671.56,2.4425,,,,,
2017-11-17,2023-01-01,9.8,1045.930211,1286,1006.48,3.6375,,,,,
2017-11-17,2025-01-01,10.0928,1034.216975,1788,1281.07,4.6176,,,,,
2017-11-17,2027-01-01,10.1896,1028.216674,2289,1506.69,5.426,,,,,
2017-11-20,2018-01-01,7.15,1040.506656,29,29.0,0.1074,,,,,
2017-11-20,2019-01-01,7.19,1066.420234,279,262.12,0.9704,,,,,
2017-11-20,2021-01-01,9.1047,1060.973746,783,670.56,2.4389,,,,,
2017-11-20,2023-01-01,9.8,1046.318316,1285,1005.48,3.6339,,,,,
2017-11-20,2025-01-01,10.0928,1034.611668,1787,1280.07,4.614,,,,,
2017-11-20,2027-01-01,10.1896,1028.612664,2288,1505.69,5.4224,,,,,
2017-11-21,2018-01-01,7.1207,1040.823469,28,28.0,0.1037,,,,,
2017-11-21,2019-01-01,7.17,1066.920378,278,261.12,0.9669,,,,,
2017-11-21,2021-01-01,9.0646,1062.377876,782,669.63,2.4364,,,,,
2017-11-21,2023-01-01,9.7259,1049.527658,1284,1004.96,3.6345,,,,,
2017-11-21,2025-01-01,9.9943,1039.723588,1786,1280.46,4.6195,,,,,
2017-11-21,2027-01-01,10.0801,1035.145332,2287,1507.39,5.4339,,,,,
2017-11-22,2018-01-01,7.1091,1041.119691,27,27.0,0.1,,,,,
2017-11-22,2019-01-01,7.17,1067.213593,277,260.12,0.9632,,,,,
2017-11-22,2021-01-01,9.0573,1062.932505,781,668.65,2.433,,,,,
2017-11-22,2023-01-01,9.7384,1049.437932,1283,1003.88,3.6301,,,,,
2017-11-22,2025-01-01,10.0104,1039.343876,1785,1279.23,4.6144,,,,,
2017-11-22,2027-01-01,10.1061,1034.078386,2286,1505.75,5.4267,,,,,
2017-11-23,2018-01-01,7.0891,1041.423532,26,26.0,0.0963,,,,,
2017-11-23,2019-01-01,7.1,1068.224345,276,259.13,0.9601,,,,,
2017-11-23,2021-01-01,8.99,1065.038852,780,667.77,2.4313,,,,,
2017-11-23,2023-01-01,9.6926,1051.570771,1282,1003.17,3.6291,,,,,
2017-11-23,2025-01-01,9.9734,1041.513976,1784,1278.76,4.6142,,,,,
2017-11-23,2027-01-01,10.0749,1036.227213,2285,1505.51,5.4274,,,,,
2017-11-24,2018-01-01,7.078,1041.717331,25,25.0,0.0926,,,,,
2017-11-24,2019-01-01,7.1,1068.515148,275,258.13,0.9564,,,,,
2017-11-24,2021-01-01,9.0461,1063.953219,779,666.67,2.426,,,,,
2017-11-24,2023-01-01,9.7846,1048.456487,1281,1001.58,3.6203,,,,,
2017-11-24,2025-01-01,10.0726,1037.155635,1783,1276.35,4.6014,,,,,
2017-11-24,2027-01-01,10.1666,1031.48158,2284,1502.26,5.4112,,,,,
2017-11-27,2018-01-01,7.0699,1042.007576,24,24.0,0.0889,,,,,
2017-11-27,2019-01-01,7.07,1069.1116,274,257.13,0.953,,,,,
2017-11-27,2021-01-01,9.0576,1064.022479,778,665.65,2.4221,,,,,
2017-11-27,2023-01-01,9.8031,1048.143512,1280,1000.46,3.6157,,,,,
2017-11-27,2025-01-01,10.0935,1036.554032,1782,1275.06,4.5959,,,,,
2017-11-27,2027-01-01,10.1749,1031.41468,2283,1501.05,5.4065,,,,,
2017-11-28,2018-01-01,7.0529,1042.305186,23,23.0,0.0853,,,,,
2017-11-28,2019-01-01,7.06,1069.502984,273,256.14,0.9494,,,,,
2017-11-28,2021-01-01,9.0074,1065.682041,777,664.74,2.4199,,,,,
2017-11-28,2023-01-01,9.76,1050.166718,1279,999.74,3.6145,,,,,
2017-11-28,2025-01-01,10.0371,1039.641273,1781,1274.86,4.5975,,,,,
2017-11-28,2027-01-01,10.1277,1034.449319,2282,1501.21,5.4094,,,,,
2017-11-29,2018-01-01,7.0413,1042.596977,22,22.0,0.0816,,,,,
2017-11-29,2019-01-01,7.11,1069.286953,272,255.13,0.9452,,,,,
2017-11-29,2021-01-01,9.1486,1062.418999,776,663.48,2.4122,,,,,
2017-11-29,2023-01-01,9.91,1044.886765,1278,997.78,3.6024,,,,,
2017-11-29,2025-01-01,10.19,1032.765102,1780,1271.69,4.5797,,,,,
2017-11-29,2027-01-01,10.3031,1025.094991,2281,1495.9,5.3816,,,,,
2017-11-30,2018-01-01,7.0245,1042.892176,21,21.0,0.0779,,,,,
2017-11-30,2019-01-01,7.09,1069.779885,271,254.13,0.9417,,,,,
2017-11-30,2021-01-01,9.202,1061.422519,775,662.39,2.407,,,,,
2017-11-30,2023-01-01,10.0027,1041.799778,1277,996.18,3.5937,,,,,
2017-11-30,2025-01-01,10.3028,1027.847874,1779,1269.1,4.5657,,,,,
2017-11-30,2027-01-01,10.3879,1020.829775,2280,1492.81,5.3664,,,,,
2017-12-01,2018-01-01,7.01,1043.184381,20,20.0,0.0742,,,,,
2017-12-01,2019-01-01,7.07,1070.271496,270,253.13,0.9382,,,,,
2017-12-01,2021-01-01,9.1411,1063.349171,774,661.5,2.4051,,,,,
2017-12-01,2023-01-01,9.965,1043.605901,1276,995.43,3.5921,,,,,
2017-12-01,2025-01-01,10.2613,1030.197961,1778,1268.69,4.5659,,,,,
2017-12-01,2027-01-01,10.3658,1022.442399,2279,1492.35,5.3658,,,,,
2017-12-04,2018-01-01,6.9907,1043.479078,19,19.0,0.0705,,,,,
2017-12-04,2019-01-01,7.04,1070.861875,269,252.14,0.9347,,,,,
2017-12-04,2021-01-01,9.05,1066.049306,773,660.66,2.4041,,,,,
2017-12-04,2023-01-01,9.85,1048.320533,1275,995.16,3.595,,,,,
2017-12-04,2025-01-01,10.1581,1035.467889,1777,1269.15,4.5719,,,,,
2017-12-04,2027-01-01,10.255,1028.950495,2278,1494.08,5.3774,,,,,
2017-12-05,2018-01-01,6.9659,1043.776199,18,18.0,0.0668,,,,,
2017-12-05,2019-01-01,7.02,1071.350508,268,251.14,0.9312,,,,,
2017-12-05,2021-01-01,8.995,1067.825204,772,659.76,2.402,,,,,
2017-12-05,2023-01-01,9.77,1051.730664,1274,994.68,3.5958,,,,,
2017-12-05,2025-01-01,10.0636,1040.352773,1776,1269.48,4.577,,,,,
2017-12-05,2027-01-01,10.185,1033.234624,2277,1494.8,5.3835,,,,,
2017-12-06,2018-01-01,6.9382,1044.073398,17,17.0,0.0631,,,,,
2017-12-06,2019-01-01,7.02,1071.638985,267,250.14,0.9275,,,,,
2017-12-06,2021-01-01,8.995,1068.190242,771,658.76,2.3984,,,,,
2017-12-06,2023-01-01,9.745,1053.065246,1273,993.84,3.5936,,,,,
2017-12-06,2025-01-01,10.0416,1041.796963,1775,1268.79,4.5754,,,,,
2017-12-06,2027-01-01,10.155,1035.303711,2276,1494.54,5.384,,,,,
2017-12-07,2018-01-01,6.9134,1044.366741,16,16.0,0.0594,,,,,
2017-12-07,2019-01-01,7.04,1071.729527,266,249.14,0.9236,,,,,
2017-12-07,2021-01-01,9.0782,1066.429549,770,657.61,2.3924,,,,,
2017-12-07,2023-01-01,9.8259,1050.400718,1272,992.32,3.5855,,,,,
2017-12-07,2025-01-01,10.1316,1037.915667,1774,1266.52,4.5635,,,,,
2017-12-07,2027-01-01,10.2635,1029.676979,2275,1490.87,5.3655,,,,,
2017-12-08,2018-01-01,6.9129,1044.644111,15,15.0,0.0557,,,,,
2017-12-08,2019-01-01,6.99,1072.512218,265,248.14,0.9204,,,,,
2017-12-08,2021-01-01,9.0397,1067.779113,769,656.68,2.3898,,,,,
2017-12-08,2023-01-01,9.7754,1052.694645,1271,991.64,3.5847,,,,,
2017-12-08,2025-01-01,10.0698,1041.24614,1773,1266.39,4.5656,,,,,
2017-12-08,2027-01-01,10.1974,1033.739073,2274,1491.5,5.371,,,,,
2017-12-11,2018-01-01,6.911,1044.922277,14,14.0,0.052,,,,,
2017-12-11,2019-01-01,6.97,1072.996529,264,247.15,0.9168,,,,,
2017-12-11,2021-01-01,9.0391,1068.161166,768,655.68,2.3862,,,,,
2017-12-11,2023-01-01,9.8,1052.157205,1270,990.48,3.5797,,,,,
2017-12-11,2025-01-01,10.1083,1039.814855,1772,1264.85,4.5585,,,,,
2017-12-11,2027-01-01,10.2283,1032.423315,2273,1489.74,5.3631,,,,,
2017-12-12,2018-01-01,6.9155,1045.197141,13,13.0,0.0483,,,,,
2017-12-12,2019-01-01,6.96,1073.381472,263,246.15,0.9132,,,,,
2017-12-12,2021-01-01,9.1018,1066.933573,767,654.57,2.3808,,,,,
2017-12-12,2023-01-01,9.8702,1049.910058,1269,989.03,3.5722,,,,,
2017-12-12,2025-01-01,10.2248,1034.711782,1771,1262.2,4.5441,,,,,
2017-12-12,2027-01-01,10.351,1026.058832,2272,1485.72,5.3427,,,,,
2017-12-13,2018-01-01,6.9239,1045.470612,12,12.0,0.0445,,,,,
2017-12-13,2019-01-01,6.92,1074.058858,262,245.15,0.9099,,,,,
2017-12-13,2021-01-01,9.0351,1068.996748,766,653.69,2.3791,,,,,
2017-12-13,2023-01-01,9.7934,1053.186488,1268,988.53,3.5728,,,,,
2017-12-13,2025-01-01,10.1468,1038.788148,1770,1262.31,4.5477,,,,,
2017-12-13,2027-01-01,10.285,1030.088841,2271,1486.34,5.3481,,,,,
2017-12-14,2018-01-01,6.9219,1045.749246,11,11.0,0.0408,,,,,
2017-12-14,2019-01-01,6.9217,1074.327529,261,244.15,0.9061,,,,,
2017-12-14,2021-01-01,9.1112,1067.433293,765,652.55,2.3733,,,,,
2017-12-14,2023-01-01,9.8451,1051.635462,1267,987.2,3.5663,,,,,
2017-12-14,2025-01-01,10.2071,1036.343848,1769,1260.45,4.5385,,,,,
2017-12-14,2027-01-01,10.335,1027.738973,2270,1484.11,5.3377,,,,,
2017-12-15,2018-01-01,6.9258,1046.025508,10,10.0,0.0371,,,,,
2017-12-15,2019-01-01,6.9215,1074.614828,260,243.15,0.9024,,,,,
2017-12-15,2021-01-01,9.0631,1069.020822,764,651.64,2.371,,,,,
2017-12-15,2023-01-01,9.8681,1051.165848,1266,986.05,3.5614,,,,,
2017-12-15,2025-01-01,10.2449,1034.968052,1768,1258.92,4.5315,,,,,
2017-12-15,2027-01-01,10.3739,1026.008681,2269,1482.15,5.3288,,,,,
2017-12-18,2018-01-01,6.9265,1046.303265,9,9.0,0.0334,,,,,
2017-12-18,2019-01-01,6.9033,1075.076104,259,242.15,0.8989,,,,,
2017-12-18,2021-01-01,9.0925,1068.645015,763,650.58,2.3665,,,,,
2017-12-18,2023-01-01,9.9372,1048.977834,1265,984.6,3.554,,,,,
2017-12-18,2025-01-01,10.3487,1030.517503,1767,1256.45,4.5183,,,,,
2017-12-18,2027-01-01,10.48,1020.631832,2268,1478.54,5.3107,,,,,
2017-12-19,2018-01-01,6.9295,1046.580435,8,8.0,0.0297,,,,,
2017-12-19,2019-01-01,6.905,1075.344564,258,241.15,0.8952,,,,,
2017-12-19,2021-01-01,9.1525,1067.500177,762,649.48,2.3612,,,,,
2017-12-19,2023-01-01,10.0463,1045.318868,1264,982.9,3.5443,,,,,
2017-12-19,2025-01-01,10.4576,1025.868121,1766,1253.9,4.5047,,,,,
2017-12-19,2027-01-01,10.5825,1015.500149,2267,1475.01,5.2931,,,,,
2017-12-20,2018-01-01,6.9341,1046.857477,7,7.0,0.026,,,,,
2017-12-20,2019-01-01,6.875,1075.917265,257,240.16,0.8917,,,,,
2017-12-20,2021-01-01,9.0262,1071.058038,761,648.7,2.3611,,,,,
2017-12-20,2023-01-01,9.9136,1050.64608,1263,982.76,3.5481,,,,,
2017-12-20,2025-01-01,10.3162,1032.837359,1765,1254.91,4.5141,,,,,
2017-12-20,2027-01-01,10.4736,1021.786472,2266,1476.7,5.3044,,,,,
2017-12-21,2018-01-01,6.9279,1047.137468,6,6.0,0.0223,,,,,
2017-12-21,2019-01-01,6.905,1075.914565,256,239.15,0.8877,,,,,
2017-12-21,2021-01-01,8.9957,1072.196199,760,647.76,2.3583,,,,,
2017-12-21,2023-01-01,9.8464,1053.548009,1262,982.19,3.5482,,,,,
2017-12-21,2025-01-01,10.24,1036.801132,1764,1254.99,4.5175,,,,,
2017-12-21,2027-01-01,10.3608,1028.333665,2265,1478.48,5.3162,,,,,
2017-12-22,2018-01-01,6.925,1047.41641,5,5.0,0.0186,,,,,
2017-12-22,2019-01-01,6.895,1076.294826,255,238.16,0.8841,,,,,
2017-12-22,2021-01-01,8.9974,1072.519825,759,646.76,2.3546,,,,,
2017-12-22,2023-01-01,9.8291,1054.587284,1261,981.3,3.5455,,,,,
2017-12-22,2025-01-01,10.2305,1037.647369,1763,1254.12,4.5148,,,,,
2017-12-22,2027-01-01,10.3669,1028.402518,2264,1477.33,5.3117,,,,,
2017-12-26,2018-01-01,6.9341,1047.693335,4,4.0,0.0148,,,,,
2017-12-26,2019-01-01,6.855,1076.958907,254,237.16,0.8807,,,,,
2017-12-26,2021-01-01,8.9033,1075.264068,758,645.93,2.3537,,,,,
2017-12-26,2023-01-01,9.7455,1058.110243,1260,980.83,3.5466,,,,,
2017-12-26,2025-01-01,10.1472,1041.961264,1762,1254.3,4.5188,,,,,
2017-12-26,2027-01-01,10.2898,1033.031243,2263,1478.22,5.3187,,,,,
2017-12-27,2018-01-01,6.925,1047.973164,3,3.0,0.0111,,,,,
2017-12-27,2019-01-01,6.865,1077.14783,253,236.16,0.8769,,,,,
2017-12-27,2021-01-01,8.8849,1076.093312,757,644.96,2.3505,,,,,
2017-12-27,2023-01-01,9.74,1058.707074,1259,979.87,3.5433,,,,,
2017-12-27,2025-01-01,10.155,1041.993821,1761,1253.19,4.5145,,,,,
2017-12-27,2027-01-01,10.3047,1032.614326,2262,1476.86,5.3131,,,,,
2017-12-28,2018-01-01,6.9348,1048.250889,2,2.0,0.0074,,,,,
2017-12-28,2019-01-01,6.855,1077.525764,252,235.16,0.8733,,,,,
2017-12-28,2021-01-01,8.8268,1077.926165,756,644.07,2.3485,,,,,
2017-12-28,2023-01-01,9.6803,1061.339086,1258,979.25,3.543,,,,,
2017-12-28,2025-01-01,10.0563,1047.051422,1760,1253.59,4.52,,,,,
2017-12-28,2027-01-01,10.2001,1038.780929,2261,1478.43,5.3238,,,,,
2017-12-29,2019-01-01,6.855,1077.809304,251,234.16,0.8696,,,,,
2017-12-29,2021-01-01,8.8268,1078.288047,755,643.07,2.3449,,,,,
2017-12-29,2023-01-01,9.6803,1061.728313,1257,978.25,3.5393,,,,,
2017-12-29,2025-01-01,10.0563,1047.449634,1759,1252.59,4.5164,,,,,
2017-12-29,2027-01-01,10.2001,1039.181381,2260,1477.43,5.3202,,,,,
2018-01-02,2019-01-01,6.7885,1029.905231,250,244.22,0.9075,,,,,
2018-01-02,2021-01-01,8.6484,1034.360732,754,672.7,2.457,,,,,
2018-01-02,2023-01-01,9.4812,1020.823861,1256,1025.31,3.7163,,,,,
2018-01-02,2025-01-01,9.8732,1007.752502,1758,1314.9,4.749,,,,,
2018-01-02,2027-01-01,10.05,999.124173,2259,1552.39,5.5977,,,,,
2018-01-03,2019-01-01,6.7264,1030.752222,249,243.22,0.9043,,,,,
2018-01-03,2021-01-01,8.6237,1035.328524,753,671.73,2.454,,,,,
2018-01-03,2023-01-01,9.4214,1023.46159,1255,1024.61,3.7158,,,,,
2018-01-03,2025-01-01,9.81,1011.159886,1757,1314.66,4.7508,,,,,
2018-01-03,2027-01-01,10.025,1000.904132,2258,1551.94,5.5973,,,,,
2018-01-04,2019-01-01,6.7233,1031.047313,248,242.22,0.9006,,,,,
2018-01-04,2021-01-01,8.605,1036.14314,752,670.75,2.4508,,,,,
2018-01-04,2023-01-01,9.4333,1023.375185,1254,1023.55,3.7116,,,,,
2018-01-04,2025-01-01,9.8311,1010.522591,1756,1313.4,4.7454,,,,,
2018-01-04,2027-01-01,10.025,1001.283663,2257,1550.94,5.5937,,,,,
2018-01-05,2019-01-01,6.7496,1031.070358,247,241.22,0.8967,,,,,
2018-01-05,2021-01-01,8.6686,1034.871234,751,669.68,2.4455,,,,,
2018-01-05,2023-01-01,9.475,1022.160089,1253,1022.34,3.7058,,,,,
2018-01-05,2025-01-01,9.856,1009.705687,1755,1312.11,4.7396,,,,,
2018-01-05,2027-01-01,10.06,999.70487,2256,1549.17,5.5856,,,,,
2018-01-08,2019-01-01,6.7641,1031.204114,246,240.22,0.8929,,,,,
2018-01-08,2021-01-01,8.6368,1036.01698,750,668.72,2.4427,,,,,
2018-01-08,2023-01-01,9.43,1024.232808,1252,1021.57,3.7045,,,,,
2018-01-08,2025-01-01,9.7951,1013.002543,1754,1311.83,4.7413,,,,,
2018-01-08,2027-01-01,10.01,1002.883939,2255,1549.26,5.5885,,,,,
2018-01-08,2029-01-01,10.1761,992.987564,2754,1741.75,6.2733,,,,,
2018-01-09,2019-01-01,6.7648,1031.465562,245,239.22,0.8891,,,,,
2018-01-09,2021-01-01,8.6702,1035.513854,749,667.68,2.4381,,,,,
2018-01-09,2023-01-01,9.4749,1022.898518,1251,1020.34,3.6985,,,,,
2018-01-09,2025-01-01,9.8283,1011.785491,1753,1310.44,4.7348,,,,,
2018-01-09,2027-01-01,10.035,1001.863304,2254,1547.72,5.5816,,,,,
2018-01-09,2029-01-01,10.205,991.570712,2753,1739.77,6.2646,,,,,
2018-01-10,2019-01-01,6.8199,1031.230431,244,238.22,0.885,,,,,
2018-01-10,2021-01-01,8.675,1035.734543,748,666.67,2.4343,,,,,
2018-01-10,2023-01-01,9.425,1025.1551,1250,1019.59,3.6975,,,,,
2018-01-10,2025-01-01,9.755,1015.681756,1752,1310.31,4.7375,,,,,
2018-01-10,2027-01-01,9.9885,1004.849777,2253,1547.73,5.584,,,,,
2018-01-10,2029-01-01,10.1819,993.390274,2752,1739.56,6.2651,,,,,
2018-01-11,2019-01-01,6.845,1031.272338,243,237.22,0.881,,,,,
2018-01-11,2021-01-01,8.6311,1037.18295,747,665.72,2.4319,,,,,
2018-01-11,2023-01-01,9.375,1027.418064,1249,1018.84,3.6965,,,,,
2018-01-11,2025-01-01,9.6974,1018.833682,1751,1310.0,4.7388,,,,,
2018-01-11,2027-01-01,9.9226,1008.938476,2252,1548.16,5.5889,,,,,
2018-01-11,2029-01-01,10.11,998.264332,2751,1740.99,6.2743,,,,,
2018-01-12,2019-01-01,6.88,1031.226678,242,236.22,0.877,,,,,
2018-01-12,2021-01-01,8.64,1037.299558,746,664.71,2.428,,,,,
2018-01-12,2023-01-01,9.3296,1029.508605,1248,1018.06,3.6952,,,,,
2018-01-12,2025-01-01,9.63,1022.469131,1750,1309.8,4.741,,,,,
2018-01-12,2027-01-01,9.855,1013.141105,2251,1548.63,5.5941,,,,,
2018-01-12,2029-01-01,10.0197,1004.328036,2750,1743.04,6.2869,,,,,
2018-01-15,2019-01-01,6.85,1031.769314,241,235.22,0.8736,,,,,
2018-01-15,2021-01-01,8.61,1038.395799,745,663.75,2.4251,,,,,
2018-01-15,2023-01-01,9.325,1030.047976,1247,1017.09,3.6918,,,,,
2018-01-15,2025-01-01,9.6429,1022.217202,1749,1308.64,4.7363,,,,,
2018-01-15,2027-01-01,9.89,1011.537276,2250,1546.87,5.5859,,,,,
2018-01-15,2029-01-01,10.0609,1002.110856,2749,1740.65,6.2759,,,,,
2018-01-16,2019-01-01,6.855,1031.995738,240,234.22,0.8698,,,,,
2018-01-16,2021-01-01,8.6403,1037.974471,744,662.71,2.4207,,,,,
2018-01-16,2023-01-01,9.3601,1029.079735,1246,1015.91,3.6864,,,,,
2018-01-16,2025-01-01,9.67,1021.279874,1748,1307.32,4.7304,,,,,
2018-01-16,2027-01-01,9.89,1011.91591,2249,1545.87,5.5823,,,,,
2018-01-16,2029-01-01,10.0752,1001.592932,2748,1739.17,6.2698,,,,,
2018-01-17,2019-01-01,6.86,1032.222597,239,233.22,0.8661,,,,,
2018-01-17,2021-01-01,8.6588,1037.851745,743,661.69,2.4165,,,,,
2018-01-17,2023-01-01,9.3772,1028.797181,1245,1014.83,3.6818,,,,,
2018-01-17,2025-01-01,9.6679,1021.755483,1747,1306.35,4.7269,,,,,
2018-01-17,2027-01-01,9.8781,1012.967508,2248,1545.13,5.5802,,,,,
2018-01-17,2029-01-01,10.0679,1002.43334,2747,1738.41,6.2675,,,,,
2018-01-18,2019-01-01,6.8679,1032.424075,238,232.22,0.8623,,,,,
2018-01-18,2021-01-01,8.7059,1037.014916,742,660.64,2.4116,,,,,
2018-01-18,2023-01-01,9.4,1028.300583,1244,1013.71,3.677,,,,,
2018-01-18,2025-01-01,9.677,1021.690381,1746,1305.24,4.7225,,,,,
2018-01-18,2027-01-01,9.8576,1014.506476,2247,1544.57,5.5793,,,,,
2018-01-18,2029-01-01,10.0355,1004.854629,2746,1738.51,6.2697,,,,,
2018-01-19,2019-01-01,6.8658,1032.714862,237,231.22,0.8586,,,,,
2018-01-19,2021-01-01,8.692,1037.705785,741,659.65,2.4083,,,,,
2018-01-19,2023-01-01,9.4,1028.667249,1243,1012.71,3.6734,,,,,
2018-01-19,2025-01-01,9.6983,1021.038001,1745,1303.98,4.7171,,,,,
2018-01-19,2027-01-01,9.8771,1013.781654,2246,1543.15,5.5731,,,,,
2018-01-19,2029-01-01,10.0551,1004.001711,2745,1736.85,6.2625,,,,,
2018-01-22,2019-01-01,6.8701,1032.949054,236,230.22,0.8548,,,,,
2018-01-22,2021-01-01,8.6962,1037.944226,740,658.65,2.4046,,,,,
2018-01-22,2023-01-01,9.435,1027.713503,1242,1011.54,3.668,,,,,
2018-01-22,2025-01-01,9.7337,1019.710202,1744,1302.56,4.7104,,,,,
2018-01-22,2027-01-01,9.9118,1012.201941,2245,1541.4,5.5651,,,,,
2018-01-22,2029-01-01,10.0874,1002.354594,2744,1734.75,6.2532,,,,,
2018-01-23,2019-01-01,6.8502,1033.396474,235,229.22,0.8513,,,,,
2018-01-23,2021-01-01,8.76,1036.699071,739,657.57,2.3992,,,,,
2018-01-23,2023-01-01,9.505,1025.44886,1241,1010.19,3.6608,,,,,
2018-01-23,2025-01-01,9.8162,1016.134317,1743,1300.58,4.6997,,,,,
2018-01-23,2027-01-01,10.0,1007.628408,2244,1538.48,5.5501,,,,,
2018-01-23,2029-01-01,10.1664,997.800643,2743,1731.08,6.2354,,,,,
2018-01-24,2019-01-01,6.78,1034.283627,234,228.22,0.8481,,,,,
2018-01-24,2021-01-01,8.61,1040.780882,738,656.75,2.3995,,,,,
2018-01-24,2023-01-01,9.3387,1032.083586,1240,1010.02,3.6657,,,,,
2018-01-24,2025-01-01,9.665,1023.767959,1742,1301.38,4.7091,,,,,
2018-01-24,2027-01-01,9.84,1017.01806,2243,1540.96,5.5671,,,,,
2018-01-24,2029-01-01,10.004,1008.368342,2742,1735.58,6.2609,,,,,
2018-01-25,2019-01-01,6.78,1034.552906,233,227.22,0.8444,,,,,
2018-01-25,2021-01-01,8.61,1041.122055,737,655.75,2.3959,,,,,
2018-01-25,2023-01-01,9.3387,1032.449304,1239,1009.02,3.6621,,,,,
2018-01-25,2025-01-01,9.665,1024.142841,1741,1300.38,4.7055,,,,,
2018-01-25,2027-01-01,9.84,1017.396907,2242,1539.96,5.5635,,,,,
2018-01-25,2029-01-01,10.004,1008.74994,2741,1734.58,6.2573,,,,,
2018-01-26,2019-01-01,6.7301,1035.256564,232,226.22,0.8411,,,,,
2018-01-26,2021-01-01,8.5326,1043.394309,736,654.84,2.3943,,,,,
2018-01-26,2023-01-01,9.1986,1038.127627,1238,1008.71,3.6656,,,,,
2018-01-26,2025-01-01,9.5278,1031.158982,1740,1301.01,4.7136,,,,,
2018-01-26,2027-01-01,9.7214,1024.523486,2241,1541.53,5.5752,,,,,
2018-01-26,2029-01-01,9.8842,1016.738773,2740,1737.63,6.2751,,,,,
2018-01-29,2019-01-01,6.7363,1035.470417,231,225.22,0.8373,,,,,
2018-01-29,2021-01-01,8.5928,1042.232876,735,653.77,2.389,,,,,
2018-01-29,2023-01-01,9.245,1036.727706,1237,1007.48,3.6596,,,,,
2018-01-29,2025-01-01,9.5721,1029.381478,1739,1299.48,4.7062,,,,,
2018-01-29,2027-01-01,9.7687,1022.202841,2240,1539.5,5.5655,,,,,
2018-01-29,2029-01-01,9.9292,1014.252528,2739,1735.11,6.2634,,,,,
2018-01-30,2019-01-01,6.76,1035.53374,230,224.22,0.8334,,,,,
2018-01-30,2021-01-01,8.6246,1041.783463,734,652.73,2.3845,,,,,
2018-01-30,2023-01-01,9.255,1036.712479,1236,1006.43,3.6555,,,,,
2018-01-30,2025-01-01,9.5803,1029.357834,1738,1298.39,4.7019,,,,,
2018-01-30,2027-01-01,9.7633,1022.888395,2239,1538.62,5.5626,,,,,
2018-01-30,2029-01-01,9.922,1015.091389,2738,1734.35,6.2611,,,,,
2018-01-31,2019-01-01,6.755,1035.845547,229,223.22,0.8297,,,,,
2018-01-31,2021-01-01,8.6366,1041.82784,733,651.72,2.3806,,,,,
2018-01-31,2023-01-01,9.2615,1036.830556,1235,1005.4,3.6515,,,,,
2018-01-31,2025-01-01,9.56,1030.714704,1737,1297.63,4.7,,,,,
2018-01-31,2027-01-01,9.7348,1024.890749,2238,1538.24,5.5626,,,,,
2018-01-31,2029-01-01,9.9046,1016.579835,2737,1733.94,6.2606,,,,,
2018-02-01,2019-01-01,6.755,1036.11427,228,222.22,0.826,,,,,
2018-02-01,2021-01-01,8.6363,1042.1778,732,650.72,2.3769,,,,,
2018-02-01,2023-01-01,9.2554,1037.425881,1234,1004.43,3.6482,,,,,
2018-02-01,2025-01-01,9.5066,1033.679464,1736,1297.26,4.701,,,,,
2018-02-01,2027-01-01,9.6583,1029.645086,2237,1538.9,5.5689,,,,,
2018-02-01,2029-01-01,9.7902,1024.283644,2736,1736.81,6.2775,,,,,
2018-02-02,2019-01-01,6.78,1036.170053,227,221.22,0.8221,,,,,
2018-02-02,2021-01-01,8.7471,1039.78429,731,649.59,2.3704,,,,,
2018-02-02,2023-01-01,9.3876,1032.806839,1233,1002.78,3.6378,,,,,
2018-02-02,2025-01-01,9.6418,1027.511561,1735,1294.66,4.6857,,,,,
2018-02-02,2027-01-01,9.79,1022.50599,2236,1535.04,5.5483,,,,,
2018-02-02,2029-01-01,9.9089,1017.068393,2735,1731.79,6.2526,,,,,
2018-02-05,2019-01-01,6.77,1036.524653,226,220.22,0.8185,,,,,
2018-02-05,2021-01-01,8.765,1039.689831,730,648.57,2.3663,,,,,
2018-02-05,2023-01-01,9.445,1031.022563,1232,1001.49,3.6312,,,,,
2018-02-05,2025-01-01,9.7072,1024.745046,1734,1292.88,4.6765,,,,,
2018-02-05,2027-01-01,9.8528,1019.329532,2235,1532.68,5.5366,,,,,
2018-02-05,2029-01-01,9.98,1012.940656,2734,1728.39,6.2363,,,,,
2018-02-06,2019-01-01,6.78,1036.709664,225,219.22,0.8147,,,,,
2018-02-06,2021-01-01,8.732,1040.84788,729,647.61,2.3635,,,,,
2018-02-06,2023-01-01,9.37,1034.203282,1231,1000.86,3.6314,,,,,
2018-02-06,2025-01-01,9.6349,1028.594609,1733,1292.74,4.6791,,,,,
2018-02-06,2027-01-01,9.7931,1023.088344,2234,1532.97,5.5406,,,,,
2018-02-06,2029-01-01,9.9,1018.397714,2733,1730.1,6.247,,,,,
2018-02-07,2019-01-01,6.755,1037.189859,224,218.22,0.8112,,,,,
2018-02-07,2021-01-01,8.69,1042.226424,728,646.66,2.3609,,,,,
2018-02-07,2023-01-01,9.3531,1035.205487,1230,999.95,3.6287,,,,,
2018-02-07,2025-01-01,9.626,1029.398584,1732,1291.84,4.6762,,,,,
2018-02-07,2027-01-01,9.7926,1023.496074,2233,1531.99,5.5371,,,,,
2018-02-07,2029-01-01,9.9199,1017.513771,2732,1728.42,6.2398,,,,,
2018-02-08,2019-01-01,6.69,1038.003737,223,217.22,0.8079,,,,,
2018-02-08,2021-01-01,8.6817,1042.77513,727,645.67,2.3575,,,,,
2018-02-08,2023-01-01,9.379,1034.601207,1229,998.82,3.6237,,,,,
2018-02-08,2025-01-01,9.6833,1027.021114,1731,1290.16,4.6677,,,,,
2018-02-08,2027-01-01,9.8523,1020.498713,2232,1529.69,5.5258,,,,,
2018-02-08,2029-01-01,9.9769,1014.284315,2731,1725.49,6.226,,,,,
2018-02-09,2019-01-01,6.675,1038.395776,222,216.22,0.8043,,,,,
2018-02-09,2021-01-01,8.728,1041.983775,726,644.61,2.3526,,,,,
2018-02-09,2023-01-01,9.466,1031.716856,1228,997.39,3.6156,,,,,
2018-02-09,2025-01-01,9.801,1021.777368,1730,1287.76,4.654,,,,,
2018-02-09,2027-01-01,9.9667,1014.454306,2231,1526.2,5.5075,,,,,
2018-02-09,2029-01-01,10.0953,1007.226648,2730,1720.49,6.2013,,,,,
2018-02-14,2019-01-01,6.64,1038.953208,221,215.22,0.8009,,,,,
2018-02-14,2021-01-01,8.5903,1045.709338,725,643.77,2.3526,,,,,
2018-02-14,2023-01-01,9.328,1037.249598,1227,997.07,3.619,,,,,
2018-02-14,2025-01-01,9.6829,1027.793926,1729,1288.17,4.6605,,,,,
2018-02-14,2027-01-01,9.8699,1020.268104,2230,1527.31,5.5163,,,,,
2018-02-14,2029-01-01,10.0188,1012.408429,2729,1722.08,6.2113,,,,,
2018-02-15,2019-01-01,6.605,1039.508328,220,214.22,0.7974,,,,,
2018-02-15,2021-01-01,8.55,1047.042262,724,642.82,2.3499,,,,,
2018-02-15,2023-01-01,9.3214,1037.864378,1226,996.1,3.6158,,,,,
2018-02-15,2025-01-01,9.6912,1027.773505,1728,1287.07,4.6562,,,,,
2018-02-15,2027-01-01,9.9,1018.956461,2229,1525.65,5.5088,,,,,
2018-02-15,2029-01-01,10.045,1011.145674,2728,1720.19,6.203,,,,,
2018-02-16,2019-01-01,6.57,1040.061132,219,213.22,0.794,,,,,
2018-02-16,2021-01-01,8.45,1049.844893,723,641.93,2.3489,,,,,
2018-02-16,2023-01-01,9.255,1040.725798,1225,995.43,3.6155,,,,,
2018-02-16,2025-01-01,9.6311,1031.032363,1727,1286.78,4.6577,,,,,
2018-02-16,2027-01-01,9.845,1022.433558,2228,1525.85,5.5123,,,,,
2018-02-16,2029-01-01,9.995,1014.674614,2727,1720.88,6.2084,,,,,
2018-02-19,2019-01-01,6.54,1040.570484,218,212.22,0.7905,,,,,
2018-02-19,2021-01-01,8.4638,1049.843094,722,640.92,2.3449,,,,,
2018-02-19,2023-01-01,9.2888,1039.821513,1224,994.26,3.6102,,,,,
2018-02-19,2025-01-01,9.6633,1029.864026,1726,1285.4,4.6513,,,,,
2018-02-19,2027-01-01,9.8649,1021.693438,2227,1524.42,5.5061,,,,,
2018-02-19,2029-01-01,10.0249,1013.176344,2726,1718.87,6.1994,,,,,
2018-02-20,2019-01-01,6.525,1040.954952,217,211.23,0.7869,,,,,
2018-02-20,2021-01-01,8.4082,1051.549962,721,639.98,2.3426,,,,,
2018-02-20,2023-01-01,9.245,1041.833038,1223,993.48,3.6088,,,,,
2018-02-20,2025-01-01,9.6284,1031.914664,1725,1284.82,4.6507,,,,,
2018-02-20,2027-01-01,9.8283,1024.137767,2226,1524.21,5.5072,,,,,
2018-02-20,2029-01-01,9.9833,1016.179718,2725,1719.28,6.2032,,,,,
2018-02-21,2019-01-01,6.5,1041.419985,216,210.23,0.7833,,,,,
2018-02-21,2021-01-01,8.375,1052.7042,720,639.02,2.3398,,,,,
2018-02-21,2023-01-01,9.2309,1042.728626,1222,992.55,3.6058,,,,,
2018-02-21,2025-01-01,9.6428,1031.600453,1724,1283.64,4.6458,,,,,
2018-02-21,2027-01-01,9.8263,1024.631694,2225,1523.25,5.5038,,,,,
2018-02-21,2029-01-01,9.9921,1016.008739,2724,1717.98,6.1981,,,,,
2018-02-22,2019-01-01,6.5419,1041.340129,215,209.22,0.7793,,,,,
2018-02-22,2021-01-01,8.4066,1052.263268,719,637.98,2.3354,,,,,
2018-02-22,2023-01-01,9.215,1043.691706,1221,991.63,3.603,,,,,
2018-02-22,2025-01-01,9.615,1033.310852,1723,1282.97,4.6446,,,,,
2018-02-22,2027-01-01,9.8029,1026.334288,2224,1522.76,5.5032,,,,,
2018-02-22,2029-01-01,9.9696,1017.81184,2723,1717.74,6.1985,,,,,
2018-02-23,2019-01-01,6.5419,1041.602018,214,208.22,0.7756,,,,,
2018-02-23,2021-01-01,8.4143,1052.411416,718,636.97,2.3315,,,,,
2018-02-23,2023-01-01,9.1882,1045.064659,1220,990.76,3.6008,,,,,
2018-02-23,2025-01-01,9.5512,1036.755472,1722,1282.73,4.6464,,,,,
2018-02-23,2027-01-01,9.73,1030.846363,2223,1523.34,5.509,,,,,
2018-02-23,2029-01-01,9.9007,1022.558384,2722,1719.07,6.2072,,,,,
2018-02-26,2019-01-01,6.5636,1041.689508,213,207.22,0.7717,,,,,
2018-02-26,2021-01-01,8.375,1053.712613,717,636.02,2.3288,,,,,
2018-02-26,2023-01-01,9.1,1048.753399,1219,990.2,3.6016,,,,,
2018-02-26,2025-01-01,9.4372,1042.642463,1721,1283.09,4.6525,,,,,
2018-02-26,2027-01-01,9.5939,1039.00019,2222,1525.3,5.5229,,,,,
2018-02-26,2029-01-01,9.7591,1031.991857,2721,1722.86,6.2289,,,,,
2018-02-27,2019-01-01,6.5749,1041.861917,212,206.22,0.7679,,,,,
2018-02-27,2021-01-01,8.3916,1053.642238,716,635.0,2.3248,,,,,
2018-02-27,2023-01-01,9.1168,1048.482044,1218,989.12,3.5971,,,,,
2018-02-27,2025-01-01,9.465,1041.668392,1720,1281.76,4.6465,,,,,
2018-02-27,2027-01-01,9.6211,1037.818131,2221,1523.71,5.5158,,,,,
2018-02-27,2029-01-01,9.79,1030.388752,2720,1720.82,6.2197,,,,,
2018-02-28,2019-01-01,6.552,1042.307614,211,205.22,0.7643,,,,,
2018-02-28,2021-01-01,8.3269,1055.563777,715,634.07,2.3228,,,,,
2018-02-28,2023-01-01,9.055,1051.177975,1217,988.42,3.5966,,,,,
2018-02-28,2025-01-01,9.4187,1044.286496,1719,1281.31,4.6469,,,,,
2018-02-28,2027-01-01,9.57,1041.12885,2220,1523.82,5.5187,,,,,
2018-02-28,2029-01-01,9.7377,1034.132185,2719,1721.59,6.2255,,,,,
2018-03-01,2019-01-01,6.542,1042.649441,210,204.22,0.7607,,,,,
2018-03-01,2021-01-01,8.3158,1056.17072,714,633.09,2.3194,,,,,
2018-03-01,2023-01-01,9.0467,1051.853272,1216,987.46,3.5934,,,,,
2018-03-01,2025-01-01,9.4211,1044.543123,1718,1280.28,4.643,,,,,
2018-03-01,2027-01-01,9.5809,1040.880212,2219,1522.58,5.5137,,,,,
2018-03-01,2029-01-01,9.7429,1034.178718,2718,1720.41,6.2209,,,,,
2018-03-02,2019-01-01,6.4957,1043.277305,209,203.23,0.7573,,,,,
2018-03-02,2021-01-01,8.2203,1058.845857,713,632.2,2.3182,,,,,
2018-03-02,2023-01-01,8.98,1054.738446,1215,986.79,3.5932,,,,,
2018-03-02,2025-01-01,9.365,1047.641924,1717,1279.94,4.6442,,,,,
2018-03-02,2027-01-01,9.5485,1043.120863,2218,1522.28,5.5143,,,,,
2018-03-02,2029-01-01,9.7267,1035.603862,2717,1719.96,6.2202,,,,,
2018-03-05,2019-01-01,6.445,1043.936735,208,202.23,0.7539,,,,,
2018-03-05,2021-01-01,8.155,1060.780437,712,631.27,2.3162,,,,,
2018-03-05,2023-01-01,8.8949,1058.328313,1214,986.21,3.5939,,,,,
2018-03-05,2025-01-01,9.305,1050.938926,1716,1279.65,4.6457,,,,,
2018-03-05,2027-01-01,9.4877,1047.00561,2217,1522.6,5.5185,,,,,
2018-03-05,2029-01-01,9.6533,1040.731836,2716,1721.44,6.2297,,,,,
2018-03-06,2019-01-01,6.44,1044.234675,207,201.23,0.7502,,,,,
2018-03-06,2021-01-01,8.1364,1061.567044,711,630.29,2.313,,,,,
2018-03-06,2023-01-01,8.8955,1058.663439,1213,985.21,3.5902,,,,,
2018-03-06,2025-01-01,9.305,1051.31004,1715,1278.65,4.6421,,,,,
2018-03-06,2027-01-01,9.4862,1047.468988,2216,1521.63,5.5151,,,,,
2018-03-06,2029-01-01,9.6571,1040.866033,2715,1720.31,6.2254,,,,,
2018-03-07,2019-01-01,6.43,1044.571302,206,200.23,0.7466,,,,,
2018-03-07,2021-01-01,8.145,1061.685754,710,629.28,2.3091,,,,,
2018-03-07,2023-01-01,8.9262,1057.856345,1212,984.06,3.585,,,,,
2018-03-07,2025-01-01,9.3389,1050.028806,1714,1277.25,4.6356,,,,,
2018-03-07,2027-01-01,9.5334,1045.122924,2215,1519.61,5.5053,,,,,
2018-03-07,2029-01-01,9.705,1038.148208,2714,1717.69,6.2132,,,,,
2018-03-08,2019-01-01,6.435,1044.790842,205,199.23,0.7428,,,,,
2018-03-08,2021-01-01,8.1252,1062.500642,709,628.31,2.3059,,,,,
2018-03-08,2023-01-01,8.9438,1057.548606,1211,982.97,3.5804,,,,,
2018-03-08,2025-01-01,9.375,1048.64591,1713,1275.82,4.6288,,,,,
2018-03-08,2027-01-01,9.5712,1043.327974,2214,1517.79,5.4969,,,,,
2018-03-08,2029-01-01,9.74,1036.274706,2713,1715.51,6.2034,,,,,
2018-03-09,2019-01-01,6.4317,1045.074925,204,198.23,0.7391,,,,,
2018-03-09,2021-01-01,8.125,1062.834961,708,627.31,2.3023,,,,,
2018-03-09,2023-01-01,8.97,1056.917416,1210,981.84,3.5755,,,,,
2018-03-09,2025-01-01,9.39,1048.29118,1712,1274.65,4.6239,,,,,
2018-03-09,2027-01-01,9.5711,1043.712211,2213,1516.79,5.4933,,,,,
2018-03-09,2029-01-01,9.74,1036.65698,2712,1714.51,6.1997,,,,,
2018-03-12,2019-01-01,6.4326,1045.326542,203,197.23,0.7353,,,,,
2018-03-12,2021-01-01,8.1034,1063.692531,707,626.33,2.2991,,,,,
2018-03-12,2023-01-01,8.96,1057.655499,1209,980.89,3.5723,,,,,
2018-03-12,2025-01-01,9.3879,1048.766385,1711,1273.67,4.6205,,,,,
2018-03-12,2027-01-01,9.5722,1044.027755,2212,1515.77,5.4895,,,,,
2018-03-12,2029-01-01,9.73,1037.682716,2711,1713.85,6.1979,,,,,
2018-03-13,2019-01-01,6.4461,1045.481916,202,196.23,0.7315,,,,,
2018-03-13,2021-01-01,8.068,1064.886614,706,625.37,2.2964,,,,,
2018-03-13,2023-01-01,8.8865,1060.795977,1208,980.25,3.5724,,,,,
2018-03-13,2025-01-01,9.297,1053.557397,1710,1273.75,4.6246,,,,,
2018-03-13,2027-01-01,9.4832,1049.527418,2211,1516.7,5.4973,,,,,
2018-03-13,2029-01-01,9.65,1043.231707,2710,1715.55,6.2086,,,,,
2018-03-14,2019-01-01,6.4777,1045.500674,201,195.23,0.7276,,,,,
2018-03-14,2021-01-01,8.125,1063.823829,705,624.31,2.2912,,,,,
2018-03-14,2023-01-01,8.906,1060.416305,1207,979.16,3.5678,,,,,
2018-03-14,2025-01-01,9.3029,1053.641739,1709,1272.68,4.6205,,,,,
2018-03-14,2027-01-01,9.4564,1051.453388,2210,1516.28,5.4971,,,,,
2018-03-14,2029-01-01,9.62,1045.559909,2709,1715.57,6.2104,,,,,
2018-03-15,2019-01-01,6.485,1045.705853,200,194.23,0.7238,,,,,
2018-03-15,2021-01-01,8.1564,1063.389683,704,623.27,2.2868,,,,,
2018-03-15,2023-01-01,8.94,1059.491,1206,977.99,3.5624,,,,,
2018-03-15,2025-01-01,9.3171,1053.322791,1708,1271.51,4.6156,,,,,
2018-03-15,2027-01-01,9.47,1051.044449,2209,1514.98,5.4918,,,,,
2018-03-15,2029-01-01,9.625,1045.616309,2708,1714.4,6.2059,,,,,
2018-03-16,2019-01-01,6.4621,1046.139132,199,193.23,0.7202,,,,,
2018-03-16,2021-01-01,8.105,1064.969987,703,622.33,2.2844,,,,,
2018-03-16,2023-01-01,8.9,1061.361284,1205,977.19,3.5608,,,,,
2018-03-16,2025-01-01,9.285,1055.257341,1707,1270.89,4.6147,,,,,
2018-03-16,2027-01-01,9.4416,1053.063728,2208,1514.6,5.4918,,,,,
2018-03-16,2029-01-01,9.59,1048.273594,2707,1714.58,6.2085,,,,,
2018-03-19,2019-01-01,6.4516,1046.477848,198,192.23,0.7166,,,,,
2018-03-19,2021-01-01,8.1286,1064.726213,702,621.3,2.2801,,,,,
2018-03-19,2023-01-01,8.9371,1060.320569,1204,976.0,3.5553,,,,,
2018-03-19,2025-01-01,9.2999,1054.904023,1706,1269.71,4.6098,,,,,
2018-03-19,2027-01-01,9.47,1051.799473,2207,1512.98,5.4845,,,,,
2018-03-19,2029-01-01,9.6063,1047.594006,2706,1713.03,6.202,,,,,
2018-03-20,2019-01-01,6.4511,1046.741238,197,191.23,0.7129,,,,,
2018-03-20,2021-01-01,8.2,1063.327406,701,620.22,2.2747,,,,,
2018-03-20,2023-01-01,9.0049,1058.13097,1203,974.67,3.5482,,,,,
2018-03-20,2025-01-01,9.362,1052.26272,1705,1267.98,4.6009,,,,,
2018-03-20,2027-01-01,9.52,1049.297234,2206,1510.9,5.4745,,,,,
2018-03-20,2029-01-01,9.655,1044.816654,2705,1710.38,6.1896,,,,,
2018-03-21,2019-01-01,6.4412,1047.074452,196,190.23,0.7092,,,,,
2018-03-21,2021-01-01,8.1549,1064.750262,700,619.27,2.2721,,,,,
2018-03-21,2023-01-01,8.9387,1060.980931,1202,974.0,3.5479,,,,,
2018-03-21,2025-01-01,9.2799,1056.621513,1704,1267.95,4.6043,,,,,
2018-03-21,2027-01-01,9.4411,1054.2243,2205,1511.61,5.481,,,,,
2018-03-21,2029-01-01,9.5881,1049.54071,2704,1711.64,6.198,,,,,
2018-03-22,2019-01-01,6.2278,1048.913365,195,189.23,0.7069,,,,,
2018-03-22,2021-01-01,7.955,1069.927706,699,618.5,2.2735,,,,,
2018-03-22,2023-01-01,8.8266,1065.570082,1201,973.55,3.5499,,,,,
2018-03-22,2025-01-01,9.215,1060.157435,1703,1267.72,4.6062,,,,,
2018-03-22,2027-01-01,9.4075,1056.546681,2204,1511.34,5.4817,,,,,
2018-03-22,2029-01-01,9.55,1052.406099,2703,1711.93,6.2012,,,,,
2018-03-23,2019-01-01,6.23,1049.148637,194,188.23,0.7032,,,,,
2018-03-23,2021-01-01,7.96,1070.131288,698,617.5,2.2697,,,,,
2018-03-23,2023-01-01,8.88,1063.911911,1200,972.29,3.5436,,,,,
2018-03-23,2025-01-01,9.31,1055.903765,1702,1265.59,4.5945,,,,,
2018-03-23,2027-01-01,9.52,1050.433801,2203,1507.9,5.4636,,,,,
2018-03-23,2029-01-01,9.6836,1044.1164,2702,1706.42,6.1737,,,,,
2018-03-26,2019-01-01,6.205,1049.583811,193,187.23,0.6996,,,,,
2018-03-26,2021-01-01,7.834,1073.519482,697,616.64,2.2692,,,,,
2018-03-26,2023-01-01,8.7819,1067.976067,1199,971.77,3.5449,,,,,
2018-03-26,2025-01-01,9.2266,1060.333412,1701,1265.58,4.5979,,,,,
2018-03-26,2027-01-01,9.4567,1054.456446,2202,1508.27,5.4681,,,,,
2018-03-26,2029-01-01,9.6299,1047.971175,2701,1707.23,6.1796,,,,,
2018-03-27,2019-01-01,6.23,1049.651986,192,186.23,0.6957,,,,,
2018-03-27,2021-01-01,7.8599,1073.211003,696,615.61,2.2649,,,,,
2018-03-27,2023-01-01,8.7918,1067.958409,1198,970.72,3.5408,,,,,
2018-03-27,2025-01-01,9.235,1060.295437,1700,1264.48,4.5936,,,,,
2018-03-27,2027-01-01,9.48,1053.49178,2201,1506.77,5.4615,,,,,
2018-03-27,2029-01-01,9.6562,1046.651536,2700,1705.34,6.1713,,,,,
2018-03-28,2019-01-01,6.23,1049.903751,191,185.23,0.6919,,,,,
2018-03-28,2021-01-01,7.89,1072.802981,695,614.58,2.2605,,,,,
2018-03-28,2023-01-01,8.8232,1067.129975,1197,969.57,3.5355,,,,,
2018-03-28,2025-01-01,9.2627,1059.319322,1699,1263.16,4.5876,,,,,
2018-03-28,2027-01-01,9.4937,1053.082307,2200,1505.47,5.4561,,,,,
2018-03-28,2029-01-01,9.665,1046.465988,2699,1704.04,6.1661,,,,,
2018-03-29,2019-01-01,6.21,1050.300145,190,184.23,0.6883,,,,,
2018-03-29,2021-01-01,7.8499,1074.098127,694,613.62,2.2578,,,,,
2018-03-29,2023-01-01,8.7999,1068.367068,1196,968.68,3.5331,,,,,
2018-03-29,2025-01-01,9.24,1060.795647,1698,1262.42,4.5859,,,,,
2018-03-29,2027-01-01,9.4638,1055.182138,2199,1505.12,5.4563,,,,,
2018-03-29,2029-01-01,9.6327,1048.937512,2698,1704.14,6.1683,,,,,
2018-04-02,2019-01-01,6.215,1050.515321,189,183.23,0.6846,,,,,
2018-04-02,2021-01-01,7.9473,1072.065257,693,612.51,2.2517,,,,,
2018-04-02,2023-01-01,8.8463,1066.976508,1195,967.45,3.5271,,,,,
2018-04-02,2025-01-01,9.285,1058.981962,1697,1260.89,4.5784,,,,,
2018-04-02,2027-01-01,9.4899,1054.059007,2198,1503.55,5.4493,,,,,
2018-04-02,2029-01-01,9.6549,1047.884721,2697,1702.39,6.1607,,,,,
2018-04-03,2019-01-01,6.225,1050.695171,188,182.23,0.6808,,,,,
2018-04-03,2021-01-01,8.0101,1070.878308,692,611.44,2.2464,,,,,
2018-04-03,2023-01-01,8.9182,1064.636349,1194,966.1,3.5198,,,,,
2018-04-03,2025-01-01,9.3479,1056.311847,1696,1259.15,4.5695,,,,,
2018-04-03,2027-01-01,9.5582,1050.523881,2197,1501.07,5.437,,,,,
2018-04-03,2029-01-01,9.7229,1043.889431,2696,1699.09,6.1449,,,,,
2018-04-04,2019-01-01,6.24,1050.840273,187,181.23,0.6769,,,,,
2018-04-04,2021-01-01,8.0247,1070.855134,691,610.42,2.2424,,,,,
2018-04-04,2023-01-01,8.9626,1063.33649,1193,964.88,3.5139,,,,,
2018-04-04,2025-01-01,9.4157,1053.421309,1695,1257.34,4.5601,,,,,
2018-04-04,2027-01-01,9.6599,1045.116124,2196,1497.87,5.4203,,,,,
2018-04-04,2029-01-01,9.8236,1037.840386,2695,1694.68,6.1234,,,,,
2018-04-05,2019-01-01,6.235,1051.128097,186,180.23,0.6732,,,,,
2018-04-05,2021-01-01,7.9224,1073.640619,690,609.54,2.2413,,,,,
2018-04-05,2023-01-01,8.8666,1067.291797,1192,964.35,3.5151,,,,,
2018-04-05,2025-01-01,9.3206,1058.379479,1694,1257.47,4.5645,,,,,
2018-04-05,2027-01-01,9.5508,1051.708096,2195,1499.23,5.4307,,,,,
2018-04-05,2029-01-01,9.7129,1045.300388,2694,1697.42,6.1395,,,,,
2018-04-06,2019-01-01,6.245,1051.310029,185,179.23,0.6694,,,,,
2018-04-06,2021-01-01,7.9822,1072.529896,689,608.47,2.2361,,,,,
2018-04-06,2023-01-01,8.9583,1064.221572,1191,962.9,3.5069,,,,,
2018-04-06,2025-01-01,9.4114,1054.380371,1693,1255.39,4.5532,,,,,
2018-04-06,2027-01-01,9.6339,1047.355843,2194,1496.43,5.4164,,,,,
2018-04-06,2029-01-01,9.8,1040.114345,2693,1693.48,6.1204,,,,,
2018-04-09,2019-01-01,6.2624,1051.440993,184,178.23,0.6656,,,,,
2018-04-09,2021-01-01,8.02,1071.952038,688,607.43,2.2315,,,,,
2018-04-09,2023-01-01,8.99,1063.402633,1190,961.74,3.5016,,,,,
2018-04-09,2025-01-01,9.4298,1053.874011,1692,1254.17,4.548,,,,,
2018-04-09,2027-01-01,9.6751,1045.403648,2193,1494.54,5.4075,,,,,
2018-04-09,2029-01-01,9.83,1038.592146,2692,1691.46,6.1114,,,,,
2018-04-10,2019-01-01,6.2611,1051.703509,183,177.23,0.6619,,,,,
2018-04-10,2021-01-01,8.02,1072.280252,687,606.43,2.2278,,,,,
2018-04-10,2023-01-01,8.9851,1063.948319,1189,960.77,3.4982,,,,,
2018-04-10,2025-01-01,9.445,1053.522803,1691,1252.99,4.5431,,,,,
2018-04-10,2027-01-01,9.6969,1044.554968,2192,1493.06,5.4011,,,,,
2018-04-10,2029-01-01,9.8549,1037.39916,2691,1689.62,6.1034,,,,,
2018-04-11,2019-01-01,6.247,1052.054617,182,176.23,0.6582,,,,,
2018-04-11,2021-01-01,7.995,1073.205216,686,605.46,2.2247,,,,,
2018-04-11,2023-01-01,8.9399,1065.994666,1188,959.99,3.4969,,,,,
2018-04-11,2025-01-01,9.3909,1056.493847,1690,1252.64,4.544,,,,,
2018-04-11,2027-01-01,9.63,1048.724522,2191,1493.51,5.406,,,,,
2018-04-11,2029-01-01,9.7887,1041.992376,2690,1690.86,6.1115,,,,,
2018-04-12,2019-01-01,6.2119,1052.549434,181,175.23,0.6547,,,,,
2018-04-12,2021-01-01,7.9149,1075.445277,685,604.55,2.2231,,,,,
2018-04-12,2023-01-01,8.9033,1067.721526,1187,959.17,3.4951,,,,,
2018-04-12,2025-01-01,9.37,1057.874171,1689,1251.88,4.5422,,,,,
2018-04-12,2027-01-01,9.62,1049.674633,2190,1492.73,5.4037,,,,,
2018-04-12,2029-01-01,9.775,1043.252018,2689,1690.32,6.1103,,,,,
2018-04-13,2019-01-01,6.2114,1052.804608,180,174.23,0.651,,,,,
2018-04-13,2021-01-01,7.9086,1075.920834,684,603.56,2.2195,,,,,
2018-04-13,2023-01-01,8.9687,1065.64804,1186,957.85,3.4881,,,,,
2018-04-13,2025-01-01,9.4564,1054.110433,1688,1249.86,4.5313,,,,,
2018-04-13,2027-01-01,9.7212,1044.337054,2189,1489.54,5.3872,,,,,
2018-04-13,2029-01-01,9.8752,1037.276356,2688,1685.93,6.0889,,,,,
2018-04-16,2019-01-01,6.2133,1053.043448,179,173.23,0.6472,,,,,
2018-04-16,2021-01-01,7.8601,1077.403422,683,602.61,2.2171,,,,,
2018-04-16,2023-01-01,8.92,1067.82245,1185,957.09,3.4869,,,,,
2018-04-16,2025-01-01,9.4088,1056.76534,1687,1249.42,4.5317,,,,,
2018-04-16,2027-01-01,9.6815,1046.959559,2188,1489.4,5.3886,,,,,
2018-04-16,2029-01-01,9.8313,1040.443649,2687,1686.42,6.0931,,,,,
2018-04-17,2019-01-01,6.215,1053.283847,178,172.23,0.6435,,,,,
2018-04-17,2021-01-01,7.8249,1078.567128,682,601.65,2.2142,,,,,
2018-04-17,2023-01-01,8.9021,1068.850885,1184,956.18,3.4842,,,,,
2018-04-17,2025-01-01,9.3717,1058.921147,1686,1248.86,4.5312,,,,,
2018-04-17,2027-01-01,9.644,1049.463207,2187,1489.21,5.3898,,,,,
2018-04-17,2029-01-01,9.7956,1043.09891,2686,1686.63,6.0958,,,,,
2018-04-18,2019-01-01,6.205,1053.603297,177,171.23,0.6398,,,,,
2018-04-18,2021-01-01,7.7671,1080.26946,681,600.72,2.212,,,,,
2018-04-18,2023-01-01,8.8179,1072.352601,1183,955.59,3.4847,,,,,
2018-04-18,2025-01-01,9.2847,1063.483339,1685,1248.89,4.5349,,,,,
2018-04-18,2027-01-01,9.5617,1054.51889,2186,1490.0,5.3967,,,,,
2018-04-18,2029-01-01,9.72,1048.311766,2685,1688.18,6.1057,,,,,
2018-04-19,2019-01-01,6.225,1053.720983,176,170.23,0.6359,,,,,
2018-04-19,2021-01-01,7.81,1079.567183,680,599.67,2.2073,,,,,
2018-04-19,2023-01-01,8.8523,1071.428778,1182,954.42,3.4794,,,,,
2018-04-19,2025-01-01,9.3211,1062.104791,1684,1247.46,4.5282,,,,,
2018-04-19,2027-01-01,9.5733,1054.240946,2185,1488.74,5.3916,,,,,
2018-04-19,2029-01-01,9.735,1047.737783,2684,1686.68,6.0994,,,,,
2018-04-20,2019-01-01,6.2,1054.140142,175,169.23,0.6324,,,,,
2018-04-20,2021-01-01,7.77,1080.841869,679,598.72,2.2046,,,,,
2018-04-20,2023-01-01,8.85,1071.875161,1181,953.43,3.4759,,,,,
2018-04-20,2025-01-01,9.33,1062.052588,1683,1246.36,4.5238,,,,,
2018-04-20,2027-01-01,9.58,1054.242586,2184,1487.6,5.3871,,,,,
2018-04-20,2029-01-01,9.7534,1046.948607,2683,1685.05,6.0925,,,,,
2018-04-23,2019-01-01,6.21,1054.325526,174,168.23,0.6286,,,,,
2018-04-23,2021-01-01,7.8282,1079.779325,678,597.65,2.1994,,,,,
2018-04-23,2023-01-01,8.9562,1068.292351,1180,951.91,3.4669,,,,,
2018-04-23,2025-01-01,9.4562,1056.39015,1682,1243.86,4.5095,,,,,
2018-04-23,2027-01-01,9.7246,1046.455351,2183,1483.46,5.365,,,,,
2018-04-23,2029-01-01,9.8884,1038.772102,2682,1679.49,6.0649,,,,,
2018-04-24,2019-01-01,6.215,1054.544679,173,167.23,0.6248,,,,,
2018-04-24,2021-01-01,7.8363,1079.910239,677,596.64,2.1956,,,,,
2018-04-24,2023-01-01,8.9791,1067.808974,1179,950.8,3.4621,,,,,
2018-04-24,2025-01-01,9.4937,1054.984826,1681,1242.42,4.5027,,,,,
2018-04-24,2027-01-01,9.7471,1045.578126,2182,1481.97,5.3585,,,,,
2018-04-24,2029-01-01,9.9008,1038.379702,2681,1678.07,6.0591,,,,,
2018-04-25,2019-01-01,6.235,1054.666029,172,166.23,0.6209,,,,,
2018-04-25,2021-01-01,7.86,1079.672656,676,595.61,2.1913,,,,,
2018-04-25,2023-01-01,8.9926,1067.674826,1178,949.73,3.4578,,,,,
2018-04-25,2025-01-01,9.5162,1054.296617,1680,1241.15,4.4972,,,,,
2018-04-25,2027-01-01,9.746,1046.025761,2181,1481.0,5.3551,,,,,
2018-04-25,2029-01-01,9.9133,1037.982376,2680,1676.65,6.0533,,,,,
2018-04-26,2019-01-01,6.23,1054.95175,171,165.23,0.6172,,,,,
2018-04-26,2021-01-01,7.8223,1080.888148,675,594.66,2.1886,,,,,
2018-04-26,2023-01-01,8.9269,1070.467424,1177,949.05,3.4574,,,,,
2018-04-26,2025-01-01,9.4238,1059.070637,1679,1241.25,4.5014,,,,,
2018-04-26,2027-01-01,9.6956,1049.241809,2180,1481.09,5.3579,,,,,
2018-04-26,2029-01-01,9.8568,1041.93262,2679,1677.56,6.0597,,,,,
2018-04-27,2019-01-01,6.2,1055.399041,170,164.23,0.6137,,,,,
2018-04-27,2021-01-01,7.795,1081.856438,674,593.69,2.1855,,,,,
2018-04-27,2023-01-01,8.86,1073.309017,1176,948.38,3.4571,,,,,
2018-04-27,2025-01-01,9.3371,1063.593528,1678,1241.27,4.505,,,,,
2018-04-27,2027-01-01,9.5949,1055.312899,2179,1482.28,5.3671,,,,,
2018-04-27,2029-01-01,9.755,1048.781621,2678,1680.0,6.0741,,,,,
2018-04-30,2019-01-01,6.21,1055.586619,169,163.23,0.6099,,,,,
2018-04-30,2021-01-01,7.8555,1080.751653,673,592.62,2.1804,,,,,
2018-04-30,2023-01-01,8.91,1071.818963,1175,947.14,3.451,,,,,
2018-04-30,2025-01-01,9.39,1061.440099,1677,1239.65,4.497,,,,,
2018-04-30,2027-01-01,9.645,1052.863245,2178,1480.19,5.3571,,,,,
2018-04-30,2029-01-01,9.8133,1045.462945,2677,1677.03,6.0602,,,,,
2018-05-02,2019-01-01,6.235,1055.679052,168,162.23,0.606,,,,,
2018-05-02,2021-01-01,7.895,1080.147123,672,591.57,2.1757,,,,,
2018-05-02,2023-01-01,8.9485,1070.760351,1174,945.95,3.4454,,,,,
2018-05-02,2025-01-01,9.4305,1059.887671,1676,1238.17,4.4899,,,,,
2018-05-02,2027-01-01,9.6953,1050.415212,2177,1478.1,5.3471,,,,,
2018-05-02,2029-01-01,9.855,1043.213002,2676,1674.62,6.0492,,,,,
2018-05-03,2019-01-01,6.2568,1055.793847,167,161.23,0.6021,,,,,
2018-05-03,2021-01-01,7.935,1079.53476,671,590.53,2.1711,,,,,
2018-05-03,2023-01-01,8.9514,1071.017675,1173,944.93,3.4417,,,,,
2018-05-03,2025-01-01,9.4199,1060.771338,1675,1237.29,4.4872,,,,,
2018-05-03,2027-01-01,9.6799,1051.666865,2176,1477.43,5.3454,,,,,
2018-05-03,2029-01-01,9.8276,1045.334279,2675,1674.54,6.0504,,,,,
2018-05-04,2019-01-01,6.255,1056.059517,166,160.23,0.5984,,,,,
2018-05-04,2021-01-01,7.935,1079.861921,670,589.53,2.1674,,,,,
2018-05-04,2023-01-01,8.972,1070.623697,1172,943.83,3.437,,,,,
2018-05-04,2025-01-01,9.43,1060.669792,1674,1236.17,4.4827,,,,,
2018-05-04,2027-01-01,9.68,1052.046906,2175,1476.43,5.3418,,,,,
2018-05-04,2029-01-01,9.83,1045.571353,2674,1673.46,6.0464,,,,,
2018-05-07,2019-01-01,6.28,1056.156794,165,159.23,0.5945,,,,,
2018-05-07,2021-01-01,8.055,1077.390017,669,588.39,2.1608,,,,,
2018-05-07,2023-01-01,9.07,1067.393844,1171,942.35,3.4285,,,,,
2018-05-07,2025-01-01,9.52,1056.782492,1673,1234.1,4.4715,,,,,
2018-05-07,2027-01-01,9.76,1047.948746,2174,1473.69,5.328,,,,,
2018-05-07,2029-01-01,9.9,1041.546758,2673,1670.1,6.0304,,,,,
2018-05-08,2019-01-01,6.3099,1056.225521,164,158.23,0.5906,,,,,
2018-05-08,2021-01-01,8.1768,1074.895315,668,587.25,2.1542,,,,,
2018-05-08,2023-01-01,9.2,1063.022622,1170,940.7,3.4185,,,,,
2018-05-08,2025-01-01,9.655,1050.812298,1672,1231.5,4.4566,,,,,
2018-05-08,2027-01-01,9.8981,1040.662841,2173,1469.69,5.3068,,,,,
2018-05-08,2029-01-01,10.0432,1032.995723,2672,1664.25,6.0014,,,,,
2018-05-09,2019-01-01,6.2709,1056.723906,163,157.23,0.5871,,,,,
2018-05-09,2021-01-01,8.3067,1072.233284,667,586.1,2.1474,,,,,
2018-05-09,2023-01-01,9.3815,1056.832083,1169,938.81,3.4059,,,,,
2018-05-09,2025-01-01,9.8257,1043.246356,1671,1228.47,4.4387,,,,,
2018-05-09,2027-01-01,10.0874,1030.669492,2172,1464.58,5.2793,,,,,
2018-05-09,2029-01-01,10.2476,1020.825216,2671,1656.33,5.9618,,,,,
2018-05-10,2019-01-01,6.2325,1057.215836,162,156.23,0.5836,,,,,
2018-05-10,2021-01-01,8.128,1076.693765,666,585.3,2.148,,,,,
2018-05-10,2023-01-01,9.15,1065.581958,1168,938.95,3.4136,,,,,
2018-05-10,2025-01-01,9.59,1054.629914,1670,1230.27,4.4548,,,,,
2018-05-10,2027-01-01,9.8479,1044.220777,2171,1468.78,5.306,,,,,
2018-05-10,2029-01-01,10.0063,1036.072652,2670,1663.5,6.0007,,,,,
2018-05-11,2019-01-01,6.2861,1057.14098,161,155.23,0.5796,,,,,
2018-05-11,2021-01-01,8.2464,1074.298475,665,584.17,2.1415,,,,,
2018-05-11,2023-01-01,9.2333,1062.930468,1167,937.54,3.4059,,,,,
2018-05-11,2025-01-01,9.6557,1051.933184,1669,1228.49,4.4457,,,,,
2018-05-11,2027-01-01,9.9183,1040.718282,2170,1466.26,5.2935,,,,,
2018-05-11,2029-01-01,10.0581,1033.250148,2669,1660.75,5.988,,,,,
2018-05-14,2019-01-01,6.3284,1057.139283,160,154.23,0.5756,,,,,
2018-05-14,2021-01-01,8.355,1072.145743,664,583.04,2.1353,,,,,
2018-05-14,2023-01-01,9.3302,1059.805751,1166,936.06,3.3975,,,,,
2018-05-14,2025-01-01,9.749,1047.967963,1668,1226.38,4.4343,,,,,
2018-05-14,2027-01-01,9.985,1037.442183,2169,1463.81,5.2814,,,,,
2018-05-14,2029-01-01,10.1208,1029.772787,2668,1657.62,5.9733,,,,,
2018-05-15,2019-01-01,6.3176,1057.46204,159,153.23,0.5719,,,,,
2018-05-15,2021-01-01,8.3502,1072.596936,663,582.05,2.1317,,,,,
2018-05-15,2023-01-01,9.4017,1057.612734,1165,934.71,3.3904,,,,,
2018-05-15,2025-01-01,9.81,1045.525895,1667,1224.66,4.4256,,,,,
2018-05-15,2027-01-01,10.0643,1033.500388,2168,1461.08,5.2678,,,,,
2018-05-15,2029-01-01,10.218,1024.210779,2667,1653.33,5.9526,,,,,
2018-05-16,2019-01-01,6.2623,1058.051626,158,152.23,0.5685,,,,,
2018-05-16,2021-01-01,8.3385,1073.205534,662,581.06,2.1283,,,,,
2018-05-16,2023-01-01,9.3615,1059.43175,1164,933.9,3.3887,,,,,
2018-05-16,2025-01-01,9.7865,1047.002313,1666,1223.94,4.4239,,,,,
2018-05-16,2027-01-01,10.0329,1035.606056,2167,1460.76,5.2681,,,,,
2018-05-16,2029-01-01,10.1749,1027.240326,2666,1653.79,5.9566,,,,,
2018-05-17,2019-01-01,6.5303,1056.708135,157,151.23,0.5633,,,,,
2018-05-17,2021-01-01,8.5334,1069.115173,661,579.84,2.12,,,,,
2018-05-17,2023-01-01,9.4792,1055.597449,1163,932.32,3.3794,,,,,
2018-05-17,2025-01-01,9.8782,1043.155462,1665,1221.84,4.4127,,,,,
2018-05-17,2027-01-01,10.1139,1031.591661,2166,1458.0,5.2543,,,,,
2018-05-17,2029-01-01,10.27,1021.838079,2665,1649.57,5.9363,,,,,
2018-05-18,2019-01-01,6.5919,1056.609256,156,150.22,0.5593,,,,,
2018-05-18,2021-01-01,8.7361,1064.889778,660,578.6,2.1116,,,,,
2018-05-18,2023-01-01,9.7656,1045.837702,1162,929.9,3.3618,,,,,
2018-05-18,2025-01-01,10.2168,1028.125286,1664,1216.8,4.381,,,,,
2018-05-18,2027-01-01,10.4401,1014.516171,2165,1449.9,5.2097,,,,,
2018-05-18,2029-01-01,10.61,1001.908915,2664,1637.06,5.8731,,,,,
2018-05-21,2019-01-01,6.5489,1057.129503,155,149.22,0.5558,,,,,
2018-05-21,2021-01-01,8.6165,1067.934511,659,577.74,2.1107,,,,,
2018-05-21,2023-01-01,9.7102,1048.173486,1161,929.18,3.3609,,,,,
2018-05-21,2025-01-01,10.185,1029.955912,1663,1216.18,4.38,,,,,
2018-05-21,2027-01-01,10.4642,1013.642888,2164,1448.37,5.2031,,,,,
2018-05-21,2029-01-01,10.6399,1000.551976,2663,1635.05,5.8643,,,,,
2018-05-22,2019-01-01,6.5049,1057.652564,154,148.23,0.5523,,,,,
2018-05-22,2021-01-01,8.5168,1070.532679,658,576.86,2.1095,,,,,
2018-05-22,2023-01-01,9.6947,1049.104863,1160,928.25,3.358,,,,,
2018-05-22,2025-01-01,10.2198,1028.784319,1662,1214.77,4.3735,,,,,
2018-05-22,2027-01-01,10.4925,1012.551686,2163,1446.76,5.1959,,,,,
2018-05-22,2029-01-01,10.6639,999.54611,2662,1633.24,5.8566,,,,,
2018-05-23,2019-01-01,6.5162,1057.851527,153,147.23,0.5485,,,,,
2018-05-23,2021-01-01,8.44,1072.613987,657,575.94,2.1076,,,,,
2018-05-23,2023-01-01,9.6888,1049.697882,1159,927.28,3.3547,,,,,
2018-05-23,2025-01-01,10.2017,1029.996446,1661,1213.98,4.3714,,,,,
2018-05-23,2027-01-01,10.474,1013.927097,2162,1446.16,5.1946,,,,,
2018-05-23,2029-01-01,10.6551,1000.463693,2661,1632.54,5.8545,,,,,
2018-05-24,2019-01-01,6.5929,1057.674694,152,146.22,0.5444,,,,,
2018-05-24,2021-01-01,8.5573,1070.315936,656,574.81,2.1012,,,,,
2018-05-24,2023-01-01,9.8351,1044.95307,1158,925.55,3.344,,,,,
2018-05-24,2025-01-01,10.377,1022.544286,1660,1210.89,4.3534,,,,,
2018-05-24,2027-01-01,10.6799,1003.56302,2161,1440.67,5.1653,,,,,
2018-05-24,2029-01-01,10.856,989.196725,2660,1624.73,5.816,,,,,
2018-05-25,2019-01-01,6.6164,1057.808312,151,145.22,0.5405,,,,,
2018-05-25,2021-01-01,8.6391,1068.830123,655,573.71,2.0956,,,,,
2018-05-25,2023-01-01,10.0044,1039.454409,1157,923.71,3.3322,,,,,
2018-05-25,2025-01-01,10.5933,1013.381758,1659,1207.3,4.332,,,,,
2018-05-25,2027-01-01,10.925,991.37384,2160,1434.31,5.1311,,,,,
2018-05-25,2029-01-01,11.105,975.425111,2659,1615.3,5.7693,,,,,
2018-05-28,2019-01-01,6.6965,1057.622604,150,144.22,0.5364,,,,,
2018-05-28,2021-01-01,8.7208,1067.35666,654,572.62,2.09,,,,,
2018-05-28,2023-01-01,10.0859,1037.032401,1156,922.31,3.3246,,,,,
2018-05-28,2025-01-01,10.6573,1010.982966,1658,1205.53,4.3231,,,,,
2018-05-28,2027-01-01,10.9617,989.916722,2159,1432.51,5.123,,,,,
2018-05-28,2029-01-01,11.1318,974.325714,2658,1613.4,5.7611,,,,,
2018-05-29,2019-01-01,6.717,1057.779174,149,143.22,0.5326,,,,,
2018-05-29,2021-01-01,8.8514,1064.807632,653,571.47,2.0833,,,,,
2018-05-29,2023-01-01,10.34,1028.726154,1155,920.04,3.3088,,,,,
2018-05-29,2025-01-01,10.9268,999.709405,1657,1201.3,4.2975,,,,,
2018-05-29,2027-01-01,11.2855,974.096388,2158,1424.43,5.0793,,,,,
2018-05-29,2029-01-01,11.4415,957.575531,2657,1601.91,5.7042,,,,,
2018-05-30,2019-01-01,6.7384,1057.932369,148,142.22,0.5287,,,,,
2018-05-30,2021-01-01,8.8217,1065.824296,652,570.5,2.0804,,,,,
2018-05-30,2023-01-01,10.3071,1030.247876,1154,919.2,3.3068,,,,,
2018-05-30,2025-01-01,10.9551,998.90619,1656,1199.96,4.2916,,,,,
2018-05-30,2027-01-01,11.3042,973.584844,2157,1423.02,5.0734,,,,,
2018-05-30,2029-01-01,11.4594,957.009857,2656,1600.31,5.6975,,,,,
2018-06-01,2019-01-01,6.6874,1058.48962,147,141.22,0.5253,,,,,
2018-06-01,2021-01-01,8.7221,1068.390751,651,569.62,2.0791,,,,,
2018-06-01,2023-01-01,10.2817,1031.514257,1153,918.33,3.3044,,,,,
2018-06-01,2025-01-01,10.8916,1002.045711,1655,1199.72,4.2932,,,,,
2018-06-01,2027-01-01,11.2358,977.387362,2156,1423.52,5.0783,,,,,
2018-06-01,2029-01-01,11.4099,960.128035,2655,1600.98,5.7025,,,,,
2018-06-04,2019-01-01,6.6499,1058.968689,146,140.22,0.5217,,,,,
2018-06-04,2021-01-01,8.6838,1069.595394,650,568.66,2.0763,,,,,
2018-06-04,2023-01-01,10.27,1032.313569,1152,917.39,3.3014,,,,,
2018-06-04,2025-01-01,10.94,1000.37798,1654,1198.14,4.2857,,,,,
2018-06-04,2027-01-01,11.2925,974.990963,2155,1421.27,5.0677,,,,,
2018-06-04,2029-01-01,11.4658,957.485272,2654,1598.09,5.6893,,,,,
2018-06-05,2019-01-01,6.8362,1058.218429,145,139.22,0.5171,,,,,
2018-06-05,2021-01-01,8.9766,1063.485952,649,567.32,2.0658,,,,,
2018-06-05,2023-01-01,10.6415,1020.172919,1151,914.53,3.28,,,,,
2018-06-05,2025-01-01,11.3774,982.289979,1653,1191.87,4.2465,,,,,
2018-06-05,2027-01-01,11.7833,951.585284,2154,1409.52,5.0037,,,,,
2018-06-05,2029-01-01,12.003,929.293694,2653,1578.92,5.5941,,,,,
2018-06-06,2019-01-01,6.9116,1058.08664,144,138.22,0.513,,,,,
2018-06-06,2021-01-01,9.1651,1059.725722,648,566.11,2.0578,,,,,
2018-06-06,2023-01-01,10.7639,1016.501276,1150,912.92,3.2706,,,,,
2018-06-06,2025-01-01,11.4046,981.576513,1652,1190.54,4.2407,,,,,
2018-06-06,2027-01-01,11.8329,949.647705,2153,1407.43,4.9941,,,,,
2018-06-06,2029-01-01,12.0432,927.624717,2652,1576.56,5.5837,,,,,
2018-06-07,2019-01-01,7.5171,1055.117847,143,137.2,0.5064,,,,,
2018-06-07,2021-01-01,9.6459,1049.703746,647,564.55,2.0432,,,,,
2018-06-07,2023-01-01,10.9272,1011.509231,1149,911.1,3.2593,,,,,
2018-06-07,2025-01-01,11.4929,978.331859,1651,1188.48,4.23,,,,,
2018-06-07,2027-01-01,11.8866,947.526489,2152,1405.25,4.984,,,,,
2018-06-07,2029-01-01,12.0463,927.882785,2651,1575.45,5.5797,,,,,
2018-06-08,2019-01-01,7.2719,1056.724584,142,136.21,0.5039,,,,,
2018-06-08,2021-01-01,9.4565,1054.155993,646,563.77,2.0439,,,,,
2018-06-08,2023-01-01,10.71,1019.118121,1148,911.19,3.266,,,,,
2018-06-08,2025-01-01,11.2661,988.205343,1650,1190.21,4.2448,,,,,
2018-06-08,2027-01-01,11.5852,962.349388,2151,1410.86,5.0174,,,,,
2018-06-08,2029-01-01,11.6498,949.194289,2650,1587.86,5.6436,,,,,
2018-06-11,2019-01-01,7.1209,1057.818166,141,135.21,0.5009,,,,,
2018-06-11,2021-01-01,9.5307,1052.939469,645,562.68,2.0386,,,,,
2018-06-11,2023-01-01,10.7878,1016.946655,1147,909.8,3.2588,,,,,
2018-06-11,2025-01-01,11.2776,988.141864,1649,1189.07,4.2403,,,,,
2018-06-11,2027-01-01,11.6187,961.151901,2150,1409.13,5.0097,,,,,
2018-06-11,2029-01-01,11.6946,947.213178,2649,1585.35,5.6324,,,,,
2018-06-12,2019-01-01,7.0809,1058.317443,140,134.21,0.4974,,,,,
2018-06-12,2021-01-01,9.6176,1051.459795,644,561.58,2.033,,,,,
2018-06-12,2023-01-01,10.8299,1015.967323,1146,908.59,3.2532,,,,,
2018-06-12,2025-01-01,11.2984,987.690041,1648,1187.82,4.2351,,,,,
2018-06-12,2027-01-01,11.5684,963.998793,2149,1409.23,5.0123,,,,,
2018-06-12,2029-01-01,11.6622,949.360739,2648,1585.44,5.6344,,,,,
2018-06-13,2019-01-01,7.1559,1058.21307,139,133.21,0.4933,,,,,
2018-06-13,2021-01-01,9.7999,1047.96284,643,560.37,2.0252,,,,,
2018-06-13,2023-01-01,10.99,1011.11397,1145,906.78,3.242,,,,,
2018-06-13,2025-01-01,11.4568,981.516418,1647,1184.91,4.2187,,,,,
2018-06-13,2027-01-01,11.7121,957.508435,2148,1405.08,4.9911,,,,,
2018-06-13,2029-01-01,11.7965,942.631118,2647,1579.9,5.6079,,,,,
2018-06-14,2019-01-01,7.5241,1056.600206,138,132.2,0.4879,,,,,
2018-06-14,2021-01-01,10.1978,1039.971166,642,558.91,2.0126,,,,,
2018-06-14,2023-01-01,11.3032,1001.347529,1144,904.21,3.2237,,,,,
2018-06-14,2025-01-01,11.7741,968.92808,1646,1180.08,4.1896,,,,,
2018-06-14,2027-01-01,12.0972,939.778775,2147,1395.63,4.9405,,,,,
2018-06-14,2029-01-01,12.204,921.872319,2646,1565.12,5.5353,,,,,
2018-06-15,2019-01-01,7.2284,1058.420894,137,131.21,0.4856,,,,,
2018-06-15,2021-01-01,9.88,1047.047624,641,558.28,2.0162,,,,,
2018-06-15,2023-01-01,11.1004,1008.346385,1143,904.23,3.2297,,,,,
2018-06-15,2025-01-01,11.635,975.02654,1645,1180.76,4.1972,,,,,
2018-06-15,2027-01-01,11.9421,947.450594,2146,1398.03,4.9559,,,,,
2018-06-15,2029-01-01,12.0945,927.909991,2645,1567.82,5.5502,,,,,
2018-06-18,2019-01-01,7.0838,1059.452514,136,130.21,0.4825,,,,,
2018-06-18,2021-01-01,9.704,1051.159589,640,557.48,2.0165,,,,,
2018-06-18,2023-01-01,11.0986,1008.826256,1142,903.24,3.2262,,,,,
2018-06-18,2025-01-01,11.7042,972.626693,1644,1178.93,4.1881,,,,,
2018-06-18,2027-01-01,11.99,945.628763,2145,1395.98,4.9465,,,,,
2018-06-18,2029-01-01,12.1399,925.995898,2644,1565.29,5.539,,,,,
2018-06-19,2019-01-01,6.96,1060.369047,135,129.21,0.4794,,,,,
2018-06-19,2021-01-01,9.4996,1055.886381,639,556.72,2.0175,,,,,
2018-06-19,2023-01-01,10.825,1018.203629,1141,903.61,3.2355,,,,,
2018-06-19,2025-01-01,11.4208,984.698112,1643,1181.35,4.2074,,,,,
2018-06-19,2027-01-01,11.7322,958.233742,2144,1400.64,4.9745,,,,,
2018-06-19,2029-01-01,11.9,938.854977,2643,1572.4,5.5761,,,,,
2018-06-20,2019-01-01,6.9721,1060.591164,134,128.21,0.4756,,,,,
2018-06-20,2021-01-01,9.6025,1054.081298,638,555.6,2.0116,,,,,
2018-06-20,2023-01-01,10.8727,1017.050424,1140,902.37,3.2297,,,,,
2018-06-20,2025-01-01,11.4711,983.040186,1642,1179.74,4.1998,,,,,
2018-06-20,2027-01-01,11.7627,957.202864,2143,1398.97,4.9672,,,,,
2018-06-20,2029-01-01,11.904,939.0645,2642,1571.26,5.5719,,,,,
2018-06-21,2019-01-01,6.9727,1060.871855,133,127.21,0.4719,,,,,
2018-06-21,2021-01-01,9.6914,1052.585194,637,554.5,2.006,,,,,
2018-06-21,2023-01-01,10.9884,1013.679531,1139,900.79,3.2207,,,,,
2018-06-21,2025-01-01,11.6248,977.148469,1641,1176.88,4.1838,,,,,
2018-06-21,2027-01-01,11.9394,949.275416,2142,1394.09,4.9421,,,,,
2018-06-21,2029-01-01,12.054,931.682292,2641,1565.19,5.5429,,,,,
2018-06-22,2019-01-01,6.971,1061.164095,132,126.21,0.4682,,,,,
2018-06-22,2021-01-01,9.6873,1053.058085,636,553.5,2.0025,,,,,
2018-06-22,2023-01-01,11.0351,1012.577087,1138,899.56,3.2149,,,,,
2018-06-22,2025-01-01,11.6669,975.856164,1640,1175.38,4.1769,,,,,
2018-06-22,2027-01-01,11.9636,948.565616,2141,1392.56,4.9356,,,,,
2018-06-22,2029-01-01,12.0851,930.49854,2640,1563.14,5.5341,,,,,
2018-06-25,2019-01-01,6.9294,1061.653066,131,125.21,0.4647,,,,,
2018-06-25,2021-01-01,9.4911,1057.588526,635,552.73,2.0032,,,,,
2018-06-25,2023-01-01,10.9131,1016.977858,1137,899.17,3.2171,,,,,
2018-06-25,2025-01-01,11.5574,980.761526,1639,1175.7,4.1821,,,,,
2018-06-25,2027-01-01,11.846,954.523108,2140,1394.14,4.9464,,,,,
2018-06-25,2029-01-01,11.9912,935.776931,2639,1565.31,5.5465,,,,,
2018-06-26,2019-01-01,6.86,1062.27526,130,124.22,0.4613,,,,,
2018-06-26,2021-01-01,9.3218,1061.560212,634,551.92,2.0034,,,,,
2018-06-26,2023-01-01,10.717,1023.836676,1136,899.15,3.2227,,,,,
2018-06-26,2025-01-01,11.3879,988.175307,1638,1176.74,4.1922,,,,,
2018-06-26,2027-01-01,11.7289,960.502433,2139,1395.71,4.9571,,,,,
2018-06-26,2029-01-01,11.8891,941.522484,2638,1567.77,5.5602,,,,,
2018-06-27,2019-01-01,6.8987,1062.36688,129,123.22,0.4574,,,,,
2018-06-27,2021-01-01,9.4822,1058.537904,633,550.74,1.9962,,,,,
2018-06-27,2023-01-01,10.8343,1020.393398,1135,897.56,3.2136,,,,,
2018-06-27,2025-01-01,11.5002,983.962339,1637,1174.39,4.1796,,,,,
2018-06-27,2027-01-01,11.8232,956.449137,2138,1392.64,4.9421,,,,,
2018-06-27,2029-01-01,11.9379,939.391828,2637,1565.12,5.5484,,,,,
2018-06-28,2019-01-01,6.6898,1063.656764,128,122.22,0.4546,,,,,
2018-06-28,2021-01-01,9.272,1063.368222,632,549.98,1.9973,,,,,
2018-06-28,2023-01-01,10.695,1025.389499,1134,897.26,3.2166,,,,,
2018-06-28,2025-01-01,11.3515,990.530357,1636,1175.18,4.188,,,,,
2018-06-28,2027-01-01,11.725,961.533984,2137,1393.8,4.9505,,,,,
2018-06-28,2029-01-01,11.8474,944.549781,2636,1567.18,5.5602,,,,,
2018-06-29,2019-01-01,6.6955,1063.902781,127,121.22,0.4508,,,,,
2018-06-29,2021-01-01,9.2374,1064.476619,631,549.02,1.9944,,,,,
2018-06-29,2023-01-01,10.6115,1028.560464,1133,896.68,3.2169,,,,,
2018-06-29,2025-01-01,11.2395,995.614893,1635,1175.53,4.1935,,,,,
2018-06-29,2027-01-01,11.539,970.876013,2136,1396.88,4.9697,,,,,
2018-06-29,2029-01-01,11.643,955.804386,2635,1573.09,5.5914,,,,,
2018-07-02,2019-01-01,6.6543,1015.563675,126,126.0,0.4688,,,,,
2018-07-02,2021-01-01,9.1816,1017.224982,630,574.39,2.0876,,,,,
2018-07-02,2023-01-01,10.49,984.19206,1132,940.74,3.3787,,,,,
2018-07-02,2025-01-01,11.09,953.49696,1634,1236.54,4.417,,,,,
2018-07-02,2027-01-01,11.3369,932.317101,2135,1473.56,5.2521,,,,,
2018-07-02,2029-01-01,11.421,919.39776,2634,1663.4,5.9242,,,,,
2018-07-03,2019-01-01,6.7088,1015.565949,125,125.0,0.4648,,,,,
2018-07-03,2021-01-01,9.2627,1015.861967,629,573.33,2.0823,,,,,
2018-07-03,2023-01-01,10.56,982.259411,1131,939.48,3.372,,,,,
2018-07-03,2025-01-01,11.15,951.372678,1633,1234.94,4.4089,,,,,
2018-07-03,2027-01-01,11.415,928.899508,2134,1471.07,5.2395,,,,,
2018-07-03,2029-01-01,11.4817,916.493225,2633,1660.53,5.9108,,,,,
2018-07-04,2019-01-01,6.72,1015.775206,124,124.0,0.4611,,,,,
2018-07-04,2021-01-01,9.2654,1016.162102,628,572.33,2.0786,,,,,
2018-07-04,2023-01-01,10.4978,984.712582,1130,938.71,3.3711,,,,,
2018-07-04,2025-01-01,11.0581,955.637437,1632,1234.85,4.4123,,,,,
2018-07-04,2027-01-01,11.29,935.413122,2133,1472.46,5.2504,,,,,
2018-07-04,2029-01-01,11.37,922.972156,2632,1662.96,5.9253,,,,,
2018-07-05,2019-01-01,6.7859,1015.731306,123,123.0,0.4571,,,,,
2018-07-05,2021-01-01,9.355,1014.632249,627,571.27,2.073,,,,,
2018-07-05,2023-01-01,10.6328,980.63836,1129,937.2,3.3616,,,,,
2018-07-05,2025-01-01,11.165,951.542551,1631,1232.79,4.4007,,,,,
2018-07-05,2027-01-01,11.405,930.183718,2132,1469.26,5.2335,,,,,
2018-07-05,2029-01-01,11.47,917.918506,2631,1658.89,5.9055,,,,,
2018-07-06,2019-01-01,6.6971,1016.405256,122,122.0,0.4537,,,,,
2018-07-06,2021-01-01,9.1963,1018.333956,626,570.38,2.0728,,,,,
2018-07-06,2023-01-01,10.465,986.581249,1128,936.83,3.3654,,,,,
2018-07-06,2025-01-01,11.0095,958.484699,1630,1233.34,4.4088,,,,,
2018-07-06,2027-01-01,11.2464,938.352882,2131,1471.3,5.2483,,,,,
2018-07-06,2029-01-01,11.3391,925.454086,2630,1661.91,5.9232,,,,,
2018-07-09,2019-01-01,6.6971,1016.666747,121,121.0,0.45,,,,,
2018-07-09,2021-01-01,9.1963,1018.689534,625,569.38,2.0691,,,,,
2018-07-09,2023-01-01,10.465,986.970981,1127,935.83,3.3618,,,,,
2018-07-09,2025-01-01,11.0095,958.882041,1629,1232.34,4.4052,,,,,
2018-07-09,2027-01-01,11.2464,938.749819,2130,1470.3,5.2447,,,,,
2018-07-09,2029-01-01,11.3391,925.848628,2629,1660.91,5.9197,,,,,
2018-07-10,2019-01-01,6.6718,1017.043151,120,120.0,0.4464,,,,,
2018-07-10,2021-01-01,9.04,1022.343095,624,568.48,2.0688,,,,,
2018-07-10,2023-01-01,10.31,992.518938,1126,935.41,3.365,,,,,
2018-07-10,2025-01-01,10.8603,965.610647,1628,1232.83,4.4129,,,,,
2018-07-10,2027-01-01,11.1096,945.920007,2129,1471.93,5.2569,,,,,
2018-07-10,2029-01-01,11.19,934.472533,2628,1664.48,5.9404,,,,,
2018-07-11,2019-01-01,6.7057,1017.151217,119,119.0,0.4425,,,,,
2018-07-11,2021-01-01,9.13,1020.796038,623,567.42,2.0633,,,,,
2018-07-11,2023-01-01,10.4154,989.396318,1125,934.02,3.3568,,,,,
2018-07-11,2025-01-01,10.9769,961.055076,1627,1230.66,4.4005,,,,,
2018-07-11,2027-01-01,11.2158,941.052846,2128,1468.89,5.2411,,,,,
2018-07-11,2029-01-01,11.305,928.510566,2627,1659.96,5.9181,,,,,
2018-07-12,2019-01-01,6.7562,1017.187837,118,118.0,0.4386,,,,,
2018-07-12,2021-01-01,9.2587,1018.448557,622,566.33,2.0569,,,,,
2018-07-12,2023-01-01,10.605,983.520372,1124,932.31,3.3449,,,,,
2018-07-12,2025-01-01,11.1472,954.287575,1626,1227.96,4.3842,,,,,
2018-07-12,2027-01-01,11.3801,933.391793,2127,1464.74,5.2186,,,,,
2018-07-12,2029-01-01,11.4708,919.854909,2626,1653.87,5.8876,,,,,
2018-07-13,2019-01-01,6.6973,1017.712498,117,117.0,0.4351,,,,,
2018-07-13,2021-01-01,9.155,1020.979259,621,565.4,2.0555,,,,,
2018-07-13,2023-01-01,10.5189,986.750108,1123,931.63,3.3451,,,,,
2018-07-13,2025-01-01,11.0718,957.849629,1625,1227.72,4.3863,,,,,
2018-07-13,2027-01-01,11.295,937.951451,2126,1465.37,5.2248,,,,,
2018-07-13,2029-01-01,11.3763,925.392934,2625,1655.77,5.8994,,,,,
2018-07-16,2019-01-01,6.6603,1018.13687,116,116.0,0.4316,,,,,
2018-07-16,2021-01-01,9.125,1021.963206,620,564.42,2.0525,,,,,
2018-07-16,2023-01-01,10.54,986.44617,1122,930.55,3.3406,,,,,
2018-07-16,2025-01-01,11.1362,955.548517,1624,1226.07,4.3778,,,,,
2018-07-16,2027-01-01,11.3931,933.557476,2125,1462.49,5.2099,,,,,
2018-07-16,2029-01-01,11.5049,918.803326,2624,1650.82,5.875,,,,,
2018-07-17,2019-01-01,6.5969,1018.673781,115,115.0,0.4281,,,,,
2018-07-17,2021-01-01,9.0554,1023.776791,619,563.47,2.0503,,,,,
2018-07-17,2023-01-01,10.4511,989.772087,1121,929.88,3.3409,,,,,
2018-07-17,2025-01-01,11.0549,959.358321,1623,1225.89,4.3804,,,,,
2018-07-17,2027-01-01,11.3235,937.352887,2124,1462.82,5.2144,,,,,
2018-07-17,2029-01-01,11.433,923.095698,2623,1652.03,5.8831,,,,,
2018-07-18,2019-01-01,6.6204,1018.830455,114,114.0,0.4243,,,,,
2018-07-18,2021-01-01,9.1076,1023.035752,618,562.43,2.0456,,,,,
2018-07-18,2023-01-01,10.4721,989.468992,1120,928.8,3.3363,,,,,
2018-07-18,2025-01-01,11.055,959.75338,1622,1224.88,4.3768,,,,,
2018-07-18,2027-01-01,11.2928,939.254962,2123,1462.41,5.2144,,,,,
2018-07-18,2029-01-01,11.4112,924.677939,2622,1651.7,5.883,,,,,
2018-07-19,2019-01-01,6.6277,1019.058375,113,113.0,0.4205,,,,,
2018-07-19,2021-01-01,9.1199,1023.132686,617,561.43,2.0417,,,,,
2018-07-19,2023-01-01,10.426,991.382567,1119,927.98,3.3348,,,,,
2018-07-19,2025-01-01,10.9982,962.54286,1621,1224.45,4.3775,,,,,
2018-07-19,2027-01-01,11.2444,942.029719,2122,1462.34,5.2164,,,,,
2018-07-19,2029-01-01,11.3507,928.37603,2621,1652.55,5.8893,,,,,
2018-07-20,2019-01-01,6.6025,1019.425003,112,112.0,0.4169,,,,,
2018-07-20,2021-01-01,9.0249,1025.471613,616,560.49,2.0401,,,,,
2018-07-20,2023-01-01,10.225,998.444468,1118,927.73,3.34,,,,,
2018-07-20,2025-01-01,10.7349,974.125012,1620,1226.08,4.3937,,,,,
2018-07-20,2027-01-01,10.9574,956.689985,2121,1466.84,5.246,,,,,
2018-07-20,2029-01-01,11.0329,946.398563,2620,1661.3,5.9374,,,,,
2018-07-23,2019-01-01,6.6411,1019.521091,111,111.0,0.413,,,,,
2018-07-23,2021-01-01,9.0668,1024.94856,615,559.46,2.0355,,,,,
2018-07-23,2023-01-01,10.255,997.831226,1117,926.62,3.335,,,,,
2018-07-23,2025-01-01,10.7902,972.156459,1619,1224.53,4.386,,,,,
2018-07-23,2027-01-01,11.0179,954.053782,2120,1464.68,5.2354,,,,,
2018-07-23,2029-01-01,11.0888,943.656514,2619,1658.59,5.9247,,,,,
2018-07-24,2019-01-01,6.6353,1019.805471,110,110.0,0.4093,,,,,
2018-07-24,2021-01-01,9.005,1026.590321,614,558.5,2.0332,,,,,
2018-07-24,2023-01-01,10.215,999.549303,1116,925.77,3.3332,,,,,
2018-07-24,2025-01-01,10.75,974.267964,1618,1223.93,4.3854,,,,,
2018-07-24,2027-01-01,11.013,954.694487,2119,1463.78,5.2324,,,,,
2018-07-24,2029-01-01,11.08,944.542836,2618,1657.86,5.9226,,,,,
2018-07-25,2019-01-01,6.5717,1020.328758,109,109.0,0.4059,,,,,
2018-07-25,2021-01-01,8.8899,1029.344827,613,557.58,2.032,,,,,
2018-07-25,2023-01-01,10.125,1002.937875,1115,925.1,3.3335,,,,,
2018-07-25,2025-01-01,10.67,978.089118,1617,1223.72,4.3879,,,,,
2018-07-25,2027-01-01,10.8793,961.805841,2118,1465.34,5.2443,,,,,
2018-07-25,2029-01-01,10.9546,951.993944,2617,1660.7,5.9394,,,,,
2018-07-26,2019-01-01,6.575,1020.572952,108,108.0,0.4021,,,,,
2018-07-26,2021-01-01,8.888,1029.732451,612,556.58,2.0284,,,,,
2018-07-26,2023-01-01,10.185,1001.319993,1114,923.88,3.3273,,,,,
2018-07-26,2025-01-01,10.74,975.48499,1616,1222.03,4.379,,,,,
2018-07-26,2027-01-01,10.9773,957.272542,2117,1462.46,5.2294,,,,,
2018-07-26,2029-01-01,11.0333,947.949563,2616,1657.29,5.923,,,,,
2018-07-27,2019-01-01,6.57,1020.851212,107,107.0,0.3984,,,,,
2018-07-27,2021-01-01,8.8473,1030.929833,611,555.61,2.0256,,,,,
2018-07-27,2023-01-01,10.1665,1002.321656,1113,922.95,3.3245,,,,,
2018-07-27,2025-01-01,10.7108,977.128365,1615,1221.32,4.3776,,,,,
2018-07-27,2027-01-01,10.99,957.032512,2116,1461.22,5.2243,,,,,
2018-07-27,2029-01-01,11.0749,946.010569,2615,1655.01,5.9127,,,,,
2018-07-30,2019-01-01,6.5781,1021.076373,106,106.0,0.3947,,,,,
2018-07-30,2021-01-01,8.849,1031.241262,610,554.61,2.0219,,,,,
2018-07-30,2023-01-01,10.185,1002.091073,1112,921.88,3.3201,,,,,
2018-07-30,2025-01-01,10.7411,976.228138,1614,1220.02,4.3718,,,,,
2018-07-30,2027-01-01,11.0082,956.518778,2115,1459.87,5.2186,,,,,
2018-07-30,2029-01-01,11.09,945.560438,2614,1653.55,5.9067,,,,,
2018-07-31,2019-01-01,6.5726,1021.356505,105,105.0,0.391,,,,,
2018-07-31,2021-01-01,8.8752,1031.043038,609,553.59,2.0177,,,,,
2018-07-31,2023-01-01,10.2469,1000.421784,1111,920.65,3.3138,,,,,
2018-07-31,2025-01-01,10.8263,972.996786,1613,1218.17,4.3618,,,,,
2018-07-31,2027-01-01,11.09,952.842399,2114,1457.3,5.2056,,,,,
2018-07-31,2029-01-01,11.1876,940.524154,2613,1649.56,5.8872,,,,,
2018-08-01,2019-01-01,6.575,1021.605042,104,104.0,0.3872,,,,,
2018-08-01,2021-01-01,8.84,1032.122598,608,552.61,2.0148,,,,,
2018-08-01,2023-01-01,10.2639,1000.246166,1110,919.58,3.3095,,,,,
2018-08-01,2025-01-01,10.885,970.907053,1612,1216.58,4.3538,,,,,
2018-08-01,2027-01-01,11.17,949.281832,2113,1454.77,5.1928,,,,,
2018-08-01,2029-01-01,11.2749,936.101807,2612,1645.88,5.8695,,,,,
2018-08-02,2019-01-01,6.5767,1021.856565,103,103.0,0.3835,,,,,
2018-08-02,2021-01-01,8.86,1032.054436,607,551.6,2.0107,,,,,
2018-08-02,2023-01-01,10.2911,999.73486,1109,918.48,3.3047,,,,,
2018-08-02,2025-01-01,10.92,969.827338,1611,1215.23,4.3476,,,,,
2018-08-02,2027-01-01,11.2236,947.042551,2112,1452.74,5.1831,,,,,
2018-08-02,2029-01-01,11.3335,933.285434,2611,1643.08,5.8564,,,,,
2018-08-03,2019-01-01,6.5681,1022.148265,102,102.0,0.3798,,,,,
2018-08-03,2021-01-01,8.824,1033.148541,606,550.62,2.0078,,,,,
2018-08-03,2023-01-01,10.1513,1004.753952,1108,918.01,3.3072,,,,,
2018-08-03,2025-01-01,10.7471,977.554668,1610,1215.96,4.357,,,,,
2018-08-03,2027-01-01,11.045,956.271831,2111,1455.16,5.2001,,,,,
2018-08-03,2029-01-01,11.1649,942.970655,2610,1647.25,5.8802,,,,,
2018-08-06,2019-01-01,6.5767,1022.373259,101,101.0,0.3761,,,,,
2018-08-06,2021-01-01,8.825,1033.474572,605,549.62,2.0042,,,,,
2018-08-06,2023-01-01,10.1342,1005.707555,1107,917.07,3.3043,,,,,
2018-08-06,2025-01-01,10.7219,979.024834,1609,1215.21,4.3553,,,,,
2018-08-06,2027-01-01,11.025,957.665243,2110,1454.55,5.1988,,,,,
2018-08-06,2029-01-01,11.1404,944.72746,2609,1647.0,5.8806,,,,,
2018-08-07,2019-01-01,6.6261,1022.443666,100,100.0,0.3722,,,,,
2018-08-07,2021-01-01,8.9677,1030.87655,604,548.53,1.9976,,,,,
2018-08-07,2023-01-01,10.2768,1001.372945,1106,915.54,3.2945,,,,,
2018-08-07,2025-01-01,10.8741,972.961025,1608,1212.69,4.3403,,,,,
2018-08-07,2027-01-01,11.1905,949.869265,2109,1450.37,5.1762,,,,,
2018-08-07,2029-01-01,11.3142,935.534958,2608,1640.67,5.8489,,,,,
2018-08-08,2019-01-01,6.6115,1022.759029,99,99.0,0.3685,,,,,
2018-08-08,2021-01-01,8.9888,1030.794215,603,547.51,1.9935,,,,,
2018-08-08,2023-01-01,10.3738,998.571066,1105,914.17,3.2867,,,,,
2018-08-08,2025-01-01,10.9867,968.62096,1607,1210.57,4.3283,,,,,
2018-08-08,2027-01-01,11.2778,945.98861,2108,1447.7,5.1626,,,,,
2018-08-08,2029-01-01,11.4063,930.910724,2607,1636.85,5.8304,,,,,
2018-08-09,2019-01-01,6.6263,1022.963672,98,98.0,0.3647,,,,,
2018-08-09,2021-01-01,9.118,1028.500589,602,546.43,1.9872,,,,,
2018-08-09,2023-01-01,10.5069,994.610291,1104,912.67,3.2774,,,,,
2018-08-09,2025-01-01,11.1225,963.351811,1606,1208.21,4.3146,,,,,
2018-08-09,2027-01-01,11.3986,940.513606,2107,1444.38,5.1452,,,,,
2018-08-09,2029-01-01,11.5243,924.934327,2606,1632.23,5.8078,,,,,
2018-08-10,2019-01-01,6.7316,1022.83546,97,97.0,0.3606,,,,,
2018-08-10,2021-01-01,9.472,1021.670899,601,545.19,1.9763,,,,,
2018-08-10,2023-01-01,10.8697,983.284468,1103,910.31,3.2582,,,,,
2018-08-10,2025-01-01,11.463,949.747024,1605,1203.8,4.2857,,,,,
2018-08-10,2027-01-01,11.7637,923.475838,2106,1436.36,5.0999,,,,,
2018-08-10,2029-01-01,11.8728,906.881299,2605,1620.54,5.7482,,,,,
2018-08-13,2019-01-01,6.7224,1023.133516,96,96.0,0.357,,,,,
2018-08-13,2021-01-01,9.5099,1021.274195,600,544.17,1.9719,,,,,
2018-08-13,2023-01-01,10.8949,982.880851,1102,909.22,3.2535,,,,,
2018-08-13,2025-01-01,11.51,948.245789,1604,1202.33,4.2787,,,,,
2018-08-13,2027-01-01,11.8261,920.949965,2105,1434.16,5.0893,,,,,
2018-08-13,2029-01-01,11.9446,903.551781,2604,1617.33,5.7332,,,,,
2018-08-14,2019-01-01,6.6377,1023.704061,95,95.0,0.3535,,,,,
2018-08-14,2021-01-01,9.18,1028.309219,599,543.39,1.975,,,,,
2018-08-14,2023-01-01,10.5831,993.319605,1101,909.39,3.2633,,,,,
2018-08-14,2025-01-01,11.1939,961.603238,1603,1204.5,4.2986,,,,,
2018-08-14,2027-01-01,11.5383,934.997678,2104,1438.7,5.1185,,,,,
2018-08-14,2029-01-01,11.652,919.31264,2603,1625.31,5.7766,,,,,
2018-08-15,2019-01-01,6.6575,1023.894256,94,94.0,0.3497,,,,,
2018-08-15,2021-01-01,9.1661,1028.949604,598,542.4,1.9716,,,,,
2018-08-15,2023-01-01,10.5828,993.72593,1100,908.39,3.2597,,,,,
2018-08-15,2025-01-01,11.2113,961.289372,1602,1203.32,4.2937,,,,,
2018-08-15,2027-01-01,11.5357,935.527427,2103,1437.75,5.1153,,,,,
2018-08-15,2029-01-01,11.6651,919.019164,2602,1623.91,5.7709,,,,,
2018-08-16,2019-01-01,6.6266,1024.265687,93,93.0,0.3461,,,,,
2018-08-16,2021-01-01,9.1955,1028.71247,597,541.38,1.9674,,,,,
2018-08-16,2023-01-01,10.665,991.466849,1099,907.08,3.2526,,,,,
2018-08-16,2025-01-01,11.29,958.454236,1601,1201.54,4.2843,,,,,
2018-08-16,2027-01-01,11.62,931.909175,2102,1435.13,5.1021,,,,,
2018-08-16,2029-01-01,11.7713,913.811855,2601,1619.65,5.7503,,,,,
2018-08-17,2019-01-01,6.62,1024.549666,92,92.0,0.3424,,,,,
2018-08-17,2021-01-01,9.195,1029.081747,596,540.38,1.9638,,,,,
2018-08-17,2023-01-01,10.7222,990.024695,1098,905.87,3.2466,,,,,
2018-08-17,2025-01-01,11.3868,954.897908,1600,1199.57,4.2736,,,,,
2018-08-17,2027-01-01,11.75,926.161101,2101,1431.63,5.0837,,,,,
2018-08-17,2029-01-01,11.895,907.746327,2600,1614.85,5.7269,,,,,
2018-08-20,2019-01-01,6.655,1024.688857,91,91.0,0.3386,,,,,
2018-08-20,2021-01-01,9.31,1027.124488,595,539.3,1.9578,,,,,
2018-08-20,2023-01-01,10.86,986.012709,1097,904.35,3.2371,,,,,
2018-08-20,2025-01-01,11.53,949.488077,1599,1197.13,4.2594,,,,,
2018-08-20,2027-01-01,11.855,921.642297,2100,1428.61,5.0682,,,,,
2018-08-20,2029-01-01,11.9773,903.885611,2599,1611.33,5.7102,,,,,
2018-08-21,2019-01-01,6.74,1024.659301,90,90.0,0.3346,,,,,
2018-08-21,2021-01-01,9.5964,1021.761319,594,538.11,1.9484,,,,,
2018-08-21,2023-01-01,11.215,975.18387,1096,902.01,3.2185,,,,,
2018-08-21,2025-01-01,11.9,935.100333,1598,1192.42,4.2286,,,,,
2018-08-21,2027-01-01,12.2725,902.835232,2099,1419.56,5.0174,,,,,
2018-08-21,2029-01-01,12.3963,883.034815,2598,1597.48,5.64,,,,,
2018-08-22,2019-01-01,6.7083,1025.032073,89,89.0,0.331,,,,,
2018-08-22,2021-01-01,9.4834,1024.382938,593,537.19,1.947,,,,,
2018-08-22,2023-01-01,11.065,980.315997,1095,901.58,3.2213,,,,,
2018-08-22,2025-01-01,11.71,943.073227,1597,1193.33,4.239,,,,,
2018-08-22,2027-01-01,12.0672,912.624258,2098,1422.52,5.0371,,,,,
2018-08-22,2029-01-01,12.205,893.05412,2597,1602.35,5.6669,,,,,
2018-08-23,2019-01-01,6.7826,1025.047028,88,88.0,0.327,,,,,
2018-08-23,2021-01-01,9.6608,1021.227669,592,536.07,1.9398,,,,,
2018-08-23,2023-01-01,11.1985,976.524244,1094,900.08,3.212,,,,,
2018-08-23,2025-01-01,11.8314,938.652147,1596,1191.11,4.2266,,,,,
2018-08-23,2027-01-01,12.1583,908.860969,2097,1419.76,5.0232,,,,,
2018-08-23,2029-01-01,12.2677,890.296014,2596,1599.42,5.6534,,,,,
2018-08-24,2019-01-01,6.7621,1025.381966,87,87.0,0.3234,,,,,
2018-08-24,2021-01-01,9.5759,1023.282954,591,535.12,1.9379,,,,,
2018-08-24,2023-01-01,11.1006,980.011111,1093,899.45,3.2126,,,,,
2018-08-24,2025-01-01,11.7134,943.766566,1595,1191.29,4.2317,,,,,
2018-08-24,2027-01-01,12.0179,915.720723,2096,1421.47,5.0356,,,,,
2018-08-24,2029-01-01,12.1017,899.123244,2595,1603.51,5.6762,,,,,
2018-08-27,2019-01-01,6.7325,1025.745308,86,86.0,0.3197,,,,,
2018-08-27,2021-01-01,9.5099,1024.962482,590,534.17,1.9356,,,,,
2018-08-27,2023-01-01,11.029,982.676908,1092,898.71,3.2121,,,,,
2018-08-27,2025-01-01,11.6299,947.524503,1594,1191.13,4.2343,,,,,
2018-08-27,2027-01-01,11.919,920.712364,2095,1422.37,5.0432,,,,,
2018-08-27,2029-01-01,11.9884,905.344178,2594,1605.99,5.6907,,,,,
2018-08-28,2019-01-01,6.7867,1025.834871,85,85.0,0.3159,,,,,
2018-08-28,2021-01-01,9.5665,1024.211764,589,533.13,1.9309,,,,,
2018-08-28,2023-01-01,11.14,979.592558,1091,897.3,3.2038,,,,,
2018-08-28,2025-01-01,11.7577,942.830458,1593,1188.85,4.2213,,,,,
2018-08-28,2027-01-01,12.0429,915.393876,2094,1418.99,5.0257,,,,,
2018-08-28,2029-01-01,12.1032,899.862217,2593,1601.47,5.6689,,,,,
2018-08-29,2019-01-01,6.7423,1026.244457,84,84.0,0.3123,,,,,
2018-08-29,2021-01-01,9.5099,1025.701737,588,532.17,1.9284,,,,,
2018-08-29,2023-01-01,11.1247,980.483229,1090,896.35,3.2009,,,,,
2018-08-29,2025-01-01,11.7553,943.341978,1592,1187.87,4.2179,,,,,
2018-08-29,2027-01-01,12.0642,914.827417,2093,1417.58,5.0197,,,,,
2018-08-29,2029-01-01,12.1319,898.80727,2592,1599.59,5.6608,,,,,
2018-08-30,2019-01-01,6.8869,1026.052609,83,83.0,0.3081,,,,,
2018-08-30,2021-01-01,9.8584,1019.22425,587,530.94,1.9178,,,,,
2018-08-30,2023-01-01,11.415,971.848679,1089,894.26,3.1851,,,,,
2018-08-30,2025-01-01,12.0232,933.183227,1591,1184.18,4.1948,,,,,
2018-08-30,2027-01-01,12.3174,903.714404,2092,1411.7,4.9876,,,,,
2018-08-30,2029-01-01,12.3735,887.041983,2591,1591.18,5.6189,,,,,
2018-08-31,2019-01-01,6.8398,1026.471025,82,82.0,0.3046,,,,,
2018-08-31,2021-01-01,9.7175,1022.360321,586,530.03,1.917,,,,,
2018-08-31,2023-01-01,11.2344,977.874871,1088,893.94,3.1891,,,,,
2018-08-31,2025-01-01,11.8316,941.146657,1590,1185.1,4.2052,,,,,
2018-08-31,2027-01-01,12.135,912.411134,2091,1414.21,5.0046,,,,,
2018-08-31,2029-01-01,12.2027,896.03176,2590,1595.42,5.6425,,,,,
2018-09-03,2019-01-01,6.8607,1026.676,81,81.0,0.3008,,,,,
2018-09-03,2021-01-01,9.8834,1019.49807,585,528.92,1.9101,,,,,
2018-09-03,2023-01-01,11.4413,971.870269,1087,892.16,3.1769,,,,,
2018-09-03,2025-01-01,12.0299,933.762365,1589,1182.11,4.1872,,,,,
2018-09-03,2027-01-01,12.2902,905.775418,2090,1410.22,4.9836,,,,,
2018-09-03,2029-01-01,12.3538,888.846671,2589,1589.78,5.615,,,,,
2018-09-04,2019-01-01,6.8564,1026.959496,80,80.0,0.2971,,,,,
2018-09-04,2021-01-01,9.9908,1017.794458,584,527.85,1.9044,,,,,
2018-09-04,2023-01-01,11.58,968.022059,1086,890.64,3.1675,,,,,
2018-09-04,2025-01-01,12.165,928.922354,1588,1179.75,4.1738,,,,,
2018-09-04,2027-01-01,12.4702,898.115751,2089,1405.75,4.9599,,,,,
2018-09-04,2029-01-01,12.5061,881.701403,2588,1584.11,5.5874,,,,,
2018-09-05,2019-01-01,6.85,1027.249072,79,79.0,0.2934,,,,,
2018-09-05,2021-01-01,9.98,1018.388186,583,526.86,1.901,,,,,
2018-09-05,2023-01-01,11.5945,967.998907,1085,889.58,3.1633,,,,,
2018-09-05,2025-01-01,12.175,928.958035,1587,1178.65,4.1695,,,,,
2018-09-05,2027-01-01,12.5051,896.981267,2088,1404.07,4.9524,,,,,
2018-09-05,2029-01-01,12.5529,879.811638,2587,1581.68,5.5765,,,,,
2018-09-06,2019-01-01,6.7299,1027.876935,78,78.0,0.29,,,,,
2018-09-06,2021-01-01,9.792,1022.416755,582,525.98,1.9011,,,,,
2018-09-06,2023-01-01,11.3945,974.567876,1084,889.34,3.1681,,,,,
2018-09-06,2025-01-01,11.995,936.390818,1586,1179.46,4.1791,,,,,
2018-09-06,2027-01-01,12.3421,904.687872,2087,1406.22,4.9672,,,,,
2018-09-06,2029-01-01,12.3805,888.748812,2586,1585.96,5.6002,,,,,
2018-09-10,2019-01-01,6.679,1028.2925,77,77.0,0.2864,,,,,
2018-09-10,2021-01-01,9.6614,1025.335272,581,525.07,1.9,,,,,
2018-09-10,2023-01-01,11.3469,976.455502,1083,888.52,3.1666,,,,,
2018-09-10,2025-01-01,12.0036,936.475406,1585,1178.38,4.1749,,,,,
2018-09-10,2027-01-01,12.3347,905.438556,2086,1405.36,4.9645,,,,,
2018-09-10,2029-01-01,12.386,888.886739,2585,1584.8,5.5958,,,,,
2018-09-11,2019-01-01,6.7149,1028.45199,76,76.0,0.2826,,,,,
2018-09-11,2021-01-01,9.7181,1024.6086,580,524.03,1.8953,,,,,
2018-09-11,2023-01-01,11.4281,974.367672,1082,887.21,3.1596,,,,,
2018-09-11,2025-01-01,12.0831,933.795889,1584,1176.58,4.1656,,,,,
2018-09-11,2027-01-01,12.4683,899.877249,2085,1401.78,4.946,,,,,
2018-09-11,2029-01-01,12.518,882.766162,2584,1579.75,5.5714,,,,,
2018-09-12,2019-01-01,6.693,1028.780101,75,75.0,0.2789,,,,,
2018-09-12,2021-01-01,9.64,1026.501808,579,523.08,1.8932,,,,,
2018-09-12,2023-01-01,11.3615,976.83814,1081,886.46,3.1588,,,,,
2018-09-12,2025-01-01,12.0312,936.240566,1583,1176.1,4.1659,,,,,
2018-09-12,2027-01-01,12.3506,905.560305,2084,1403.06,4.9556,,,,,
2018-09-12,2029-01-01,12.3944,889.293083,2583,1582.54,5.5874,,,,,
2018-09-13,2019-01-01,6.7733,1028.817301,74,74.0,0.275,,,,,
2018-09-13,2021-01-01,9.865,1022.525251,578,521.93,1.8852,,,,,
2018-09-13,2023-01-01,11.52,972.385334,1080,884.86,3.1486,,,,,
2018-09-13,2025-01-01,12.1399,932.436851,1582,1174.0,4.1544,,,,,
2018-09-13,2027-01-01,12.4832,900.053863,2083,1399.5,4.9372,,,,,
2018-09-13,2029-01-01,12.52,883.494478,2582,1577.69,5.564,,,,,
2018-09-14,2019-01-01,6.778,1029.071778,73,73.0,0.2713,,,,,
2018-09-14,2021-01-01,9.785,1024.448612,577,520.98,1.8831,,,,,
2018-09-14,2023-01-01,11.3945,976.656688,1079,884.34,3.1503,,,,,
2018-09-14,2025-01-01,12.0159,937.68186,1581,1174.25,4.1599,,,,,
2018-09-14,2027-01-01,12.3308,907.287033,2082,1401.44,4.9508,,,,,
2018-09-14,2029-01-01,12.3793,890.869149,2581,1581.0,5.5827,,,,,
2018-09-17,2019-01-01,6.6715,1029.633144,72,72.0,0.2678,,,,,
2018-09-17,2021-01-01,9.665,1027.143667,576,520.06,1.8819,,,,,
2018-09-17,2023-01-01,11.27,980.913559,1078,883.81,3.1519,,,,,
2018-09-17,2025-01-01,11.9012,942.593329,1580,1174.41,4.1647,,,,,
2018-09-17,2027-01-01,12.21,913.158204,2081,1402.77,4.9608,,,,,
2018-09-17,2029-01-01,12.2596,897.268147,2580,1583.67,5.5981,,,,,
2018-09-18,2019-01-01,6.6749,1029.887808,71,71.0,0.2641,,,,,
2018-09-18,2021-01-01,9.5785,1029.191289,575,519.12,1.8799,,,,,
2018-09-18,2023-01-01,11.1888,983.842645,1077,883.11,3.1518,,,,,
2018-09-18,2025-01-01,11.8274,945.917391,1579,1174.15,4.1665,,,,,
2018-09-18,2027-01-01,12.1574,915.964222,2080,1402.78,4.9632,,,,,
2018-09-18,2029-01-01,12.2129,900.03154,2579,1584.1,5.602,,,,,
2018-09-19,2019-01-01,6.6893,1030.113293,70,70.0,0.2604,,,,,
2018-09-19,2021-01-01,9.595,1029.246264,574,518.11,1.876,,,,,
2018-09-19,2023-01-01,11.1126,986.621997,1076,882.4,3.1514,,,,,
2018-09-19,2025-01-01,11.7179,950.6666,1578,1174.25,4.171,,,,,
2018-09-19,2027-01-01,12.0675,920.483593,2079,1403.51,4.9698,,,,,
2018-09-19,2029-01-01,12.1334,904.46701,2578,1585.54,5.611,,,,,
2018-09-20,2019-01-01,6.6344,1030.523236,69,69.0,0.2568,,,,,
2018-09-20,2021-01-01,9.5751,1030.004294,573,517.12,1.8728,,,,,
2018-09-20,2023-01-01,11.0728,988.272329,1075,881.55,3.1495,,,,,
2018-09-20,2025-01-01,11.6228,954.866149,1577,1174.2,4.1744,,,,,
2018-09-20,2027-01-01,11.9228,927.557304,2078,1405.3,4.9825,,,,,
2018-09-20,2029-01-01,12.0255,910.381845,2577,1587.85,5.6246,,,,,
2018-09-21,2019-01-01,6.5946,1030.889795,68,68.0,0.2531,,,,,
2018-09-21,2021-01-01,9.4747,1032.31456,572,516.19,1.8711,,,,,
2018-09-21,2023-01-01,10.9049,993.926134,1074,881.18,3.1529,,,,,
2018-09-21,2025-01-01,11.3821,964.945577,1576,1175.61,4.1884,,,,,
2018-09-21,2027-01-01,11.6386,941.249407,2077,1409.77,5.0111,,,,,
2018-09-21,2029-01-01,11.7412,925.534018,2576,1595.57,5.6663,,,,,
2018-09-24,2019-01-01,6.62,1031.085762,67,67.0,0.2494,,,,,
2018-09-24,2021-01-01,9.517,1031.870196,571,515.16,1.8666,,,,,
2018-09-24,2023-01-01,10.96,992.611116,1073,879.97,3.147,,,,,
2018-09-24,2025-01-01,11.4524,962.523214,1575,1173.91,4.1797,,,,,
2018-09-24,2027-01-01,11.7207,937.79797,2076,1407.19,4.9983,,,,,
2018-09-24,2029-01-01,11.8259,921.51348,2575,1591.97,5.6493,,,,,
2018-09-25,2019-01-01,6.6288,1031.325778,66,66.0,0.2456,,,,,
2018-09-25,2021-01-01,9.515,1032.280975,570,514.16,1.8631,,,,,
2018-09-25,2023-01-01,10.95,993.33307,1072,879.01,3.1439,,,,,
2018-09-25,2025-01-01,11.4477,963.12655,1574,1172.96,4.1765,,,,,
2018-09-25,2027-01-01,11.7435,937.14216,2075,1405.75,4.9921,,,,,
2018-09-25,2029-01-01,11.8518,920.574764,2574,1590.18,5.6416,,,,,
2018-09-26,2019-01-01,6.5844,1031.699312,65,65.0,0.242,,,,,
2018-09-26,2021-01-01,9.4049,1034.770841,569,513.24,1.8616,,,,,
2018-09-26,2023-01-01,10.8159,997.940122,1071,878.52,3.1459,,,,,
2018-09-26,2025-01-01,11.2901,969.909821,1573,1173.53,4.1845,,,,,
2018-09-26,2027-01-01,11.5756,945.46205,2074,1407.98,5.0076,,,,,
2018-09-26,2029-01-01,11.6874,929.586366,2573,1594.22,5.6643,,,,,
2018-09-27,2019-01-01,6.565,1032.008119,64,64.0,0.2383,,,,,
2018-09-27,2021-01-01,9.3239,1036.699653,568,512.29,1.8595,,,,,
2018-09-27,2023-01-01,10.7303,1001.037444,1070,877.84,3.1459,,,,,
2018-09-27,2025-01-01,11.1937,974.245135,1572,1173.5,4.188,,,,,
2018-09-27,2027-01-01,11.4724,950.779843,2073,1408.96,5.0157,,,,,
2018-09-27,2029-01-01,11.5985,934.695328,2572,1595.95,5.6749,,,,,
2018-09-28,2019-01-01,6.6,1032.183808,63,63.0,0.2345,,,,,
2018-09-28,2021-01-01,9.4496,1034.651526,567,511.21,1.8535,,,,,
2018-09-28,2023-01-01,10.905,995.966264,1069,876.18,3.135,,,,,
2018-09-28,2025-01-01,11.38,967.096361,1571,1170.63,4.1707,,,,,
2018-09-28,2027-01-01,11.6622,942.196261,2072,1404.31,4.9907,,,,,
2018-09-28,2029-01-01,11.7907,924.984989,2571,1589.05,5.6407,,,,,
2018-10-01,2019-01-01,6.5741,1032.507354,62,62.0,0.2309,,,,,
2018-10-01,2021-01-01,9.39,1036.164415,566,510.25,1.851,,,,,
2018-10-01,2023-01-01,10.8075,999.424152,1068,875.55,3.1355,,,,,
2018-10-01,2025-01-01,11.25,972.773701,1570,1170.94,4.1767,,,,,
2018-10-01,2027-01-01,11.4815,951.165819,2071,1406.79,5.0076,,,,,
2018-10-01,2029-01-01,11.59,935.960919,2570,1594.21,5.6692,,,,,
2018-10-02,2019-01-01,6.529,1032.874081,61,61.0,0.2272,,,,,
2018-10-02,2021-01-01,9.2663,1038.906417,565,509.33,1.8497,,,,,
2018-10-02,2023-01-01,10.625,1005.569422,1067,875.23,3.1396,,,,,
2018-10-02,2025-01-01,11.0373,981.881723,1569,1172.06,4.1887,,,,,
2018-10-02,2027-01-01,11.3141,959.602149,2070,1409.0,5.023,,,,,
2018-10-02,2029-01-01,11.4158,945.685262,2569,1598.56,5.6935,,,,,
2018-10-03,2019-01-01,6.5465,1033.09294,60,60.0,0.2235,,,,,
2018-10-03,2021-01-01,9.225,1040.064683,564,508.36,1.8469,,,,,
2018-10-03,2023-01-01,10.531,1008.944095,1066,874.58,3.1399,,,,,
2018-10-03,2025-01-01,10.9396,986.319492,1568,1172.04,4.1923,,,,,
2018-10-03,2027-01-01,11.19,966.022195,2069,1410.38,5.0335,,,,,
2018-10-03,2029-01-01,11.305,952.088217,2568,1600.96,5.7077,,,,,
2018-10-04,2019-01-01,6.542,1033.363151,59,59.0,0.2198,,,,,
2018-10-04,2021-01-01,9.1945,1041.01412,563,507.38,1.8439,,,,,
2018-10-04,2023-01-01,10.45,1011.91386,1065,873.89,3.1397,,,,,
2018-10-04,2025-01-01,10.8466,990.581908,1567,1171.96,4.1956,,,,,
2018-10-04,2027-01-01,11.12,969.84303,2068,1410.73,5.0379,,,,,
2018-10-04,2029-01-01,11.2372,956.190037,2567,1602.03,5.7151,,,,,
2018-10-05,2019-01-01,6.5514,1033.602049,58,58.0,0.216,,,,,
2018-10-05,2021-01-01,9.2769,1039.800331,562,506.32,1.8386,,,,,
2018-10-05,2023-01-01,10.5283,1009.831584,1064,872.59,3.1328,,,,,
2018-10-05,2025-01-01,10.955,986.496305,1566,1169.88,4.184,,,,,
2018-10-05,2027-01-01,11.23,964.893203,2067,1407.62,5.0218,,,,,
2018-10-05,2029-01-01,11.3752,949.093134,2566,1596.8,5.6893,,,,,
2018-10-08,2019-01-01,6.4475,1034.090526,57,57.0,0.2125,,,,,
2018-10-08,2021-01-01,8.7858,1049.606922,561,505.65,1.8445,,,,,
2018-10-08,2023-01-01,9.9541,1028.619914,1063,873.74,3.1533,,,,,
2018-10-08,2025-01-01,10.3708,1011.439374,1565,1174.7,4.2235,,,,,
2018-10-08,2027-01-01,10.7197,990.506654,2066,1416.39,5.0764,,,,,
2018-10-08,2029-01-01,10.8457,978.762217,2565,1612.04,5.7711,,,,,
2018-10-09,2019-01-01,6.4328,1034.378698,56,56.0,0.2088,,,,,
2018-10-09,2021-01-01,8.5485,1054.560056,560,504.81,1.8454,,,,,
2018-10-09,2023-01-01,9.765,1035.162328,1062,873.45,3.1577,,,,,
2018-10-09,2025-01-01,10.2279,1017.965722,1564,1175.12,4.2305,,,,,
2018-10-09,2027-01-01,10.5351,1000.256968,2065,1418.92,5.094,,,,,
2018-10-09,2029-01-01,10.6777,988.725784,2564,1616.19,5.7947,,,,,
2018-10-10,2019-01-01,6.4612,1034.574385,55,55.0,0.205,,,,,
2018-10-10,2021-01-01,8.675,1052.450093,559,503.72,1.8393,,,,,
2018-10-10,2023-01-01,9.8688,1032.162697,1061,872.06,3.1497,,,,,
2018-10-10,2025-01-01,10.3127,1014.716731,1563,1173.27,4.2206,,,,,
2018-10-10,2027-01-01,10.6341,995.626057,2064,1416.03,5.079,,,,,
2018-10-10,2029-01-01,10.7973,982.302892,2563,1611.53,5.7718,,,,,
2018-10-11,2019-01-01,6.45,1034.854791,54,54.0,0.2013,,,,,
2018-10-11,2021-01-01,8.6626,1053.037277,558,502.73,1.8359,,,,,
2018-10-11,2023-01-01,9.9548,1029.759925,1060,870.74,3.1425,,,,,
2018-10-11,2025-01-01,10.4365,1009.82987,1562,1171.05,4.2079,,,,,
2018-10-11,2027-01-01,10.7627,989.549642,2063,1412.57,5.0608,,,,,
2018-10-11,2029-01-01,10.8976,977.037312,2562,1607.45,5.7519,,,,,
2018-10-15,2019-01-01,6.4377,1035.136662,53,53.0,0.1976,,,,,
2018-10-15,2021-01-01,8.5021,1056.489464,557,501.84,1.8354,,,,,
2018-10-15,2023-01-01,9.705,1038.270465,1059,870.67,3.1494,,,,,
2018-10-15,2025-01-01,10.1358,1023.119787,1561,1173.03,4.2265,,,,,
2018-10-15,2027-01-01,10.4486,1005.871366,2062,1417.57,5.0931,,,,,
2018-10-15,2029-01-01,10.5878,995.09197,2561,1615.95,5.7986,,,,,
2018-10-16,2019-01-01,6.4357,1035.396985,52,52.0,0.1939,,,,,
2018-10-16,2021-01-01,8.4063,1058.688692,556,500.9,1.8336,,,,,
2018-10-16,2023-01-01,9.505,1045.21631,1058,870.41,3.1542,,,,,
2018-10-16,2025-01-01,9.9199,1032.907789,1560,1174.17,4.2389,,,,,
2018-10-16,2027-01-01,10.245,1016.78243,2061,1420.46,5.1129,,,,,
2018-10-16,2029-01-01,10.3797,1007.612081,2560,1621.33,5.8288,,,,,
2018-10-17,2019-01-01,6.4355,1035.653675,51,51.0,0.1901,,,,,
2018-10-17,2021-01-01,8.37,1059.731678,555,499.92,1.8306,,,,,
2018-10-17,2023-01-01,9.335,1051.214639,1057,870.05,3.1578,,,,,
2018-10-17,2025-01-01,9.7499,1040.776371,1559,1174.85,4.2479,,,,,
2018-10-17,2027-01-01,10.06,1026.864493,2060,1422.98,5.1306,,,,,
2018-10-17,2029-01-01,10.1971,1018.822625,2559,1625.92,5.855,,,,,
2018-10-18,2019-01-01,6.4276,1035.925283,50,50.0,0.1864,,,,,
2018-10-18,2021-01-01,8.4668,1058.197658,554,498.86,1.8251,,,,,
2018-10-18,2023-01-01,9.5236,1045.357812,1056,868.35,3.1462,,,,,
2018-10-18,2025-01-01,9.93,1033.241587,1558,1172.07,4.2309,,,,,
2018-10-18,2027-01-01,10.215,1019.131451,2059,1419.03,5.1092,,,,,
2018-10-18,2029-01-01,10.3486,1010.231772,2558,1620.28,5.8267,,,,,
2018-10-19,2019-01-01,6.431,1036.17496,49,49.0,0.1827,,,,,
2018-10-19,2021-01-01,8.4781,1058.321165,553,497.85,1.8212,,,,,
2018-10-19,2023-01-01,9.5579,1044.608916,1055,867.22,3.1411,,,,,
2018-10-19,2025-01-01,9.953,1032.625133,1557,1170.84,4.2256,,,,,
2018-10-19,2027-01-01,10.2327,1018.603384,2058,1417.69,5.1035,,,,,
2018-10-19,2029-01-01,10.3675,1009.514382,2557,1618.7,5.82,,,,,
2018-10-22,2019-01-01,6.4167,1036.457794,48,48.0,0.179,,,,,
2018-10-22,2021-01-01,8.3,1062.098709,552,496.97,1.821,,,,,
2018-10-22,2023-01-01,9.3349,1052.335414,1054,867.05,3.1469,,,,,
2018-10-22,2025-01-01,9.765,1041.263119,1556,1171.7,4.236,,,,,
2018-10-22,2027-01-01,10.0492,1028.606096,2057,1420.19,5.121,,,,,
2018-10-22,2029-01-01,10.2,1019.828032,2556,1622.83,5.8437,,,,,
2018-10-23,2019-01-01,6.411,1036.723975,47,47.0,0.1753,,,,,
2018-10-23,2021-01-01,8.25,1063.400895,551,496.0,1.8183,,,,,
2018-10-23,2023-01-01,9.345,1052.374035,1053,866.01,3.1428,,,,,
2018-10-23,2025-01-01,9.785,1040.766615,1555,1170.5,4.2309,,,,,
2018-10-23,2027-01-01,10.1221,1025.165346,2056,1417.8,5.109,,,,,
2018-10-23,2029-01-01,10.28,1015.467216,2555,1619.38,5.8271,,,,,
2018-10-24,2019-01-01,6.4403,1036.927533,46,46.0,0.1715,,,,,
2018-10-24,2021-01-01,8.3179,1062.426105,550,494.96,1.8133,,,,,
2018-10-24,2023-01-01,9.4858,1048.108674,1052,864.49,3.1333,,,,,
2018-10-24,2025-01-01,9.9596,1033.504563,1554,1167.77,4.2143,,,,,
2018-10-24,2027-01-01,10.2885,1016.891022,2055,1413.63,5.0863,,,,,
2018-10-24,2029-01-01,10.4198,1007.634344,2554,1614.1,5.8007,,,,,
2018-10-25,2019-01-01,6.4536,1037.161244,45,45.0,0.1677,,,,,
2018-10-25,2021-01-01,8.3563,1062.024911,549,493.93,1.8089,,,,,
2018-10-25,2023-01-01,9.525,1047.200482,1051,863.34,3.128,,,,,
2018-10-25,2025-01-01,10.0,1032.136634,1553,1166.37,4.2077,,,,,
2018-10-25,2027-01-01,10.33,1015.141975,2054,1411.84,5.078,,,,,
2018-10-25,2029-01-01,10.51,1002.776012,2553,1610.33,5.7825,,,,,
2018-10-26,2019-01-01,6.4584,1037.410502,44,44.0,0.164,,,,,
2018-10-26,2021-01-01,8.2122,1065.132468,548,493.03,1.808,,,,,
2018-10-26,2023-01-01,9.2811,1055.605276,1050,863.25,3.1346,,,,,
2018-10-26,2025-01-01,9.752,1043.376941,1552,1167.83,4.2225,,,,,
2018-10-26,2027-01-01,10.0987,1027.56925,2053,1415.24,5.1009,,,,,
2018-10-26,2029-01-01,10.2539,1018.197136,2552,1617.18,5.8205,,,,,
2018-10-29,2019-01-01,6.4162,1037.738378,43,43.0,0.1603,,,,,
2018-10-29,2021-01-01,8.1867,1065.956511,547,492.05,1.8048,,,,,
2018-10-29,2023-01-01,9.26,1056.675077,1049,862.32,3.1319,,,,,
2018-10-29,2025-01-01,9.7335,1044.577719,1551,1167.01,4.2202,,,,,
2018-10-29,2027-01-01,10.095,1028.155687,2052,1414.32,5.0977,,,,,
2018-10-29,2029-01-01,10.2785,1017.134431,2551,1615.43,5.8129,,,,,
2018-10-30,2019-01-01,6.4127,1038.000189,42,42.0,0.1566,,,,,
2018-10-30,2021-01-01,8.0802,1068.337903,546,491.12,1.8032,,,,,
2018-10-30,2023-01-01,9.1916,1059.311759,1048,861.58,3.1312,,,,,
2018-10-30,2025-01-01,9.635,1049.317526,1550,1166.98,4.2239,,,,,
2018-10-30,2027-01-01,9.9727,1034.990458,2051,1415.64,5.1082,,,,,
2018-10-30,2029-01-01,10.135,1026.071516,2550,1618.82,5.8327,,,,,
2018-10-31,2019-01-01,6.4141,1038.254017,41,41.0,0.1529,,,,,
2018-10-31,2021-01-01,8.1049,1068.192542,545,490.1,1.799,,,,,
2018-10-31,2023-01-01,9.225,1058.575356,1047,860.45,3.1261,,,,,
2018-10-31,2025-01-01,9.7,1046.825488,1549,1165.34,4.2155,,,,,
2018-10-31,2027-01-01,10.0485,1031.382576,2050,1413.2,5.0959,,,,,
2018-10-31,2029-01-01,10.2257,1021.054538,2549,1615.04,5.8143,,,,,
2018-11-01,2019-01-01,6.4145,1038.509564,40,40.0,0.1492,,,,,
2018-11-01,2021-01-01,8.1076,1068.471141,544,489.1,1.7953,,,,,
2018-11-01,2023-01-01,9.1762,1060.561443,1046,859.64,3.1245,,,,,
2018-11-01,2025-01-01,9.6173,1050.868335,1548,1165.16,4.218,,,,,
2018-11-01,2027-01-01,9.9513,1036.904116,2049,1414.05,5.1035,,,,,
2018-11-01,2029-01-01,10.1045,1028.686351,2548,1617.75,5.8305,,,,,
2018-11-05,2019-01-01,6.4213,1038.755537,39,39.0,0.1454,,,,,
2018-11-05,2021-01-01,8.07,1069.522117,543,488.12,1.7924,,,,,
2018-11-05,2023-01-01,9.1949,1060.31208,1045,858.57,3.1201,,,,,
2018-11-05,2025-01-01,9.636,1050.422966,1547,1163.97,4.213,,,,,
2018-11-05,2027-01-01,9.9616,1036.749413,2048,1412.86,5.0987,,,,,
2018-11-05,2029-01-01,10.1316,1027.454938,2547,1615.92,5.8225,,,,,
2018-11-06,2019-01-01,6.418,1039.016965,38,38.0,0.1417,,,,,
2018-11-06,2021-01-01,8.0972,1069.331247,542,487.1,1.7882,,,,,
2018-11-06,2023-01-01,9.2436,1059.074185,1044,857.39,3.1144,,,,,
2018-11-06,2025-01-01,9.705,1047.759488,1546,1162.29,4.2042,,,,,
2018-11-06,2027-01-01,10.035,1033.268694,2047,1410.46,5.0866,,,,,
2018-11-06,2029-01-01,10.21,1023.171474,2546,1612.52,5.8061,,,,,
2018-11-07,2019-01-01,6.4145,1039.27849,37,37.0,0.138,,,,,
2018-11-07,2021-01-01,8.1108,1069.402143,541,486.1,1.7842,,,,,
2018-11-07,2023-01-01,9.27,1058.576248,1043,856.29,3.1097,,,,,
2018-11-07,2025-01-01,9.7401,1046.600237,1545,1160.94,4.198,,,,,
2018-11-07,2027-01-01,10.0751,1031.555306,2046,1408.69,5.0784,,,,,
2018-11-07,2029-01-01,10.2674,1020.162822,2545,1609.77,5.7932,,,,,
2018-11-08,2019-01-01,6.422,1039.524459,36,36.0,0.1342,,,,,
2018-11-08,2021-01-01,8.1726,1068.557053,540,485.05,1.7794,,,,,
2018-11-08,2023-01-01,9.38,1055.339481,1042,854.88,3.1015,,,,,
2018-11-08,2025-01-01,9.885,1040.64778,1544,1158.51,4.1837,,,,,
2018-11-08,2027-01-01,10.2299,1023.880663,2045,1404.74,5.0571,,,,,
2018-11-08,2029-01-01,10.4217,1011.494601,2544,1604.04,5.7645,,,,,
2018-11-09,2019-01-01,6.4228,1039.78016,35,35.0,0.1305,,,,,
2018-11-09,2021-01-01,8.11,1070.079455,539,484.1,1.7769,,,,,
2018-11-09,2023-01-01,9.403,1054.963208,1041,853.79,3.0969,,,,,
2018-11-09,2025-01-01,9.9391,1038.685686,1543,1156.98,4.1761,,,,,
2018-11-09,2027-01-01,10.2659,1022.413963,2044,1403.06,5.0493,,,,,
2018-11-09,2029-01-01,10.445,1010.534629,2543,1602.32,5.7571,,,,,
2018-11-12,2019-01-01,6.4278,1040.030448,34,34.0,0.1268,,,,,
2018-11-12,2021-01-01,8.1013,1070.575787,538,483.1,1.7734,,,,,
2018-11-12,2023-01-01,9.4156,1054.928294,1040,852.75,3.0927,,,,,
2018-11-12,2025-01-01,9.9562,1038.335012,1542,1155.81,4.1712,,,,,
2018-11-12,2027-01-01,10.2978,1021.164772,2043,1401.45,5.0421,,,,,
2018-11-12,2029-01-01,10.4735,1009.276129,2542,1600.45,5.7489,,,,,
2018-11-13,2019-01-01,6.428,1040.287329,33,33.0,0.123,,,,,
2018-11-13,2021-01-01,8.1182,1070.586561,537,482.09,1.7694,,,,,
2018-11-13,2023-01-01,9.46,1053.859067,1039,851.58,3.0872,,,,,
2018-11-13,2025-01-01,10.01,1036.399884,1541,1154.28,4.1637,,,,,
2018-11-13,2027-01-01,10.3534,1018.703653,2042,1399.39,5.0321,,,,,
2018-11-13,2029-01-01,10.5315,1006.316311,2541,1597.67,5.7359,,,,,
2018-11-14,2019-01-01,6.4259,1040.547144,32,32.0,0.1193,,,,,
2018-11-14,2021-01-01,8.027,1072.645006,536,481.15,1.7675,,,,,
2018-11-14,2023-01-01,9.3489,1057.857759,1038,850.99,3.0882,,,,,
2018-11-14,2025-01-01,9.8914,1041.927863,1540,1154.45,4.1688,,,,,
2018-11-14,2027-01-01,10.2216,1025.894494,2041,1400.9,5.0436,,,,,
2018-11-14,2029-01-01,10.4066,1013.968437,2540,1600.5,5.7525,,,,,
2018-11-16,2019-01-01,6.427,1040.803011,31,31.0,0.1156,,,,,
2018-11-16,2021-01-01,7.8781,1075.797572,535,480.25,1.7666,,,,,
2018-11-16,2023-01-01,9.102,1066.33675,1037,850.91,3.0949,,,,,
2018-11-16,2025-01-01,9.6129,1054.514546,1539,1156.2,4.1857,,,,,
2018-11-16,2027-01-01,9.932,1041.443076,2040,1405.42,5.0732,,,,,
2018-11-16,2029-01-01,10.1174,1031.456646,2539,1608.36,5.796,,,,,
2018-11-19,2019-01-01,6.428,1041.059143,30,30.0,0.1119,,,,,
2018-11-19,2021-01-01,7.9581,1074.605387,534,479.2,1.7614,,,,,
2018-11-19,2023-01-01,9.1435,1065.338232,1036,849.76,3.0896,,,,,
2018-11-19,2025-01-01,9.653,1053.130971,1538,1154.8,4.1791,,,,,
2018-11-19,2027-01-01,9.9741,1039.61245,2039,1403.62,5.0647,,,,,
2018-11-19,2029-01-01,10.149,1029.96354,2538,1606.39,5.7872,,,,,
2018-11-20,2019-01-01,6.428,1041.316541,29,29.0,0.1081,,,,,
2018-11-20,2021-01-01,7.9581,1074.931968,533,478.2,1.7577,,,,,
2018-11-20,2023-01-01,9.1435,1065.708178,1035,848.76,3.0859,,,,,
2018-11-20,2025-01-01,9.653,1053.516147,1537,1153.8,4.1755,,,,,
2018-11-20,2027-01-01,9.9741,1040.00475,2038,1402.62,5.0611,,,,,
2018-11-20,2029-01-01,10.149,1030.358696,2537,1605.39,5.7836,,,,,
2018-11-21,2019-01-01,6.4221,1041.58042,28,28.0,0.1044,,,,,
2018-11-21,2021-01-01,7.8835,1076.667126,532,477.25,1.7554,,,,,
2018-11-21,2023-01-01,9.0607,1068.804027,1034,848.06,3.0857,,,,,
2018-11-21,2025-01-01,9.55,1058.445956,1536,1153.82,4.1795,,,,,
2018-11-21,2027-01-01,9.89,1044.839852,2037,1403.22,5.0672,,,,,
2018-11-21,2029-01-01,10.0565,1036.291463,2536,1607.22,5.7951,,,,,
2018-11-22,2019-01-01,6.423,1041.836774,27,27.0,0.1007,,,,,
2018-11-22,2021-01-01,7.8849,1076.964967,531,476.25,1.7517,,,,,
2018-11-22,2023-01-01,9.025,1070.34931,1033,847.2,3.0836,,,,,
2018-11-22,2025-01-01,9.52,1060.157339,1535,1153.11,4.1781,,,,,
2018-11-22,2027-01-01,9.8302,1048.405586,2036,1403.35,5.0704,,,,,
2018-11-22,2029-01-01,9.9914,1040.608364,2535,1608.22,5.8021,,,,,
2018-11-23,2019-01-01,6.42,1042.097201,26,26.0,0.097,,,,,
2018-11-23,2021-01-01,7.8243,1078.431538,530,475.29,1.7492,,,,,
2018-11-23,2023-01-01,8.9387,1073.567798,1032,846.52,3.0836,,,,,
2018-11-23,2025-01-01,9.4,1065.873887,1534,1153.3,4.1833,,,,,
2018-11-23,2027-01-01,9.71,1055.217026,2035,1404.64,5.0806,,,,,
2018-11-23,2029-01-01,9.8703,1048.35596,2534,1610.92,5.8183,,,,,
2018-11-26,2019-01-01,6.4149,1042.359502,25,25.0,0.0932,,,,,
2018-11-26,2021-01-01,7.95,1076.391248,529,474.2,1.7432,,,,,
2018-11-26,2023-01-01,9.1709,1066.291687,1031,844.65,3.0702,,,,,
2018-11-26,2025-01-01,9.6545,1054.992385,1533,1149.79,4.1609,,,,,
2018-11-26,2027-01-01,9.9698,1041.801687,2034,1398.7,5.0472,,,,,
2018-11-26,2029-01-01,10.1433,1032.280545,2533,1601.57,5.7701,,,,,
2018-11-27,2019-01-01,6.4157,1042.615966,24,24.0,0.0895,,,,,
2018-11-27,2021-01-01,7.973,1076.287412,528,473.19,1.7391,,,,,
2018-11-27,2023-01-01,9.1799,1066.368691,1030,843.62,3.0662,,,,,
2018-11-27,2025-01-01,9.6649,1054.921942,1532,1148.69,4.1566,,,,,
2018-11-27,2027-01-01,9.9882,1041.227301,2033,1397.35,5.0415,,,,,
2018-11-27,2029-01-01,10.1551,1031.973474,2532,1600.2,5.7646,,,,,
2018-11-28,2019-01-01,6.419,1042.870319,23,23.0,0.0858,,,,,
2018-11-28,2021-01-01,7.882,1078.317463,527,472.25,1.7371,,,,,
2018-11-28,2023-01-01,9.0649,1070.507012,1029,843.05,3.0674,,,,,
2018-11-28,2025-01-01,9.575,1059.260404,1531,1148.57,4.1596,,,,,
2018-11-28,2027-01-01,9.8858,1047.019023,2032,1398.3,5.0496,,,,,
2018-11-28,2029-01-01,10.0448,1038.966311,2531,1602.58,5.779,,,,,
2018-11-29,2019-01-01,6.4119,1043.133892,22,22.0,0.082,,,,,
2018-11-29,2021-01-01,7.9262,1077.816248,526,471.22,1.7326,,,,,
2018-11-29,2023-01-01,9.07,1070.708385,1028,842.03,3.0635,,,,,
2018-11-29,2025-01-01,9.545,1060.967712,1530,1147.87,4.1581,,,,,
2018-11-29,2027-01-01,9.8217,1050.809486,2031,1398.52,5.0533,,,,,
2018-11-29,2029-01-01,9.9785,1043.355465,2530,1603.61,5.7862,,,,,
2018-11-30,2019-01-01,6.4072,1043.395018,21,21.0,0.0783,,,,,
2018-11-30,2021-01-01,7.9176,1078.302864,525,470.22,1.7291,,,,,
2018-11-30,2023-01-01,9.0104,1073.03322,1027,841.25,3.0624,,,,,
2018-11-30,2025-01-01,9.48,1064.224473,1529,1147.51,4.1593,,,,,
2018-11-30,2027-01-01,9.7576,1054.613769,2030,1398.73,5.0571,,,,,
2018-11-30,2029-01-01,9.8952,1048.799211,2529,1605.16,5.7961,,,,,
2018-12-03,2019-01-01,6.4039,1043.654753,20,20.0,0.0746,,,,,
2018-12-03,2021-01-01,7.9293,1078.411254,524,469.22,1.7252,,,,,
2018-12-03,2023-01-01,9.0183,1073.14131,1026,840.22,3.0584,,,,,
2018-12-03,2025-01-01,9.5,1063.72235,1528,1146.31,4.1542,,,,,
2018-12-03,2027-01-01,9.7915,1053.196813,2029,1397.09,5.0496,,,,,
2018-12-03,2029-01-01,9.8937,1049.283233,2528,1604.21,5.7928,,,,,
2018-12-04,2019-01-01,6.415,1043.903645,19,19.0,0.0709,,,,,
2018-12-04,2021-01-01,8.0067,1077.302048,523,468.16,1.7201,,,,,
2018-12-04,2023-01-01,9.1509,1069.17341,1025,838.73,3.0493,,,,,
2018-12-04,2025-01-01,9.66,1057.069222,1527,1143.73,4.1388,,,,,
2018-12-04,2027-01-01,9.9748,1043.899145,2028,1392.6,5.025,,,,,
2018-12-04,2029-01-01,10.1222,1035.914963,2527,1596.21,5.7519,,,,,
2018-12-05,2019-01-01,6.4099,1044.164815,18,18.0,0.0671,,,,,
2018-12-05,2021-01-01,7.96,1078.495719,522,467.2,1.7173,,,,,
2018-12-05,2023-01-01,9.1095,1070.89478,1024,837.88,3.0473,,,,,
2018-12-05,2025-01-01,9.655,1057.674872,1526,1142.78,4.1356,,,,,
2018-12-05,2027-01-01,9.9689,1044.602803,2027,1391.72,5.022,,,,,
2018-12-05,2029-01-01,10.1184,1036.537994,2526,1595.33,5.749,,,,,
2018-12-06,2019-01-01,6.4069,1044.424263,17,17.0,0.0634,,,,,
2018-12-06,2021-01-01,7.895,1080.026268,521,466.24,1.7148,,,,,
2018-12-06,2023-01-01,9.055,1073.044495,1023,837.08,3.046,,,,,
2018-12-06,2025-01-01,9.58,1061.349363,1525,1142.52,4.1375,,,,,
2018-12-06,2027-01-01,9.885,1049.414004,2026,1392.31,5.028,,,,,
2018-12-06,2029-01-01,10.0247,1042.543897,2525,1597.2,5.7606,,,,,
2018-12-07,2019-01-01,6.4132,1044.677745,16,16.0,0.0597,,,,,
2018-12-07,2021-01-01,7.815,1081.832503,520,465.29,1.7126,,,,,
2018-12-07,2023-01-01,9.0379,1073.972299,1022,836.15,3.043,,,,,
2018-12-07,2025-01-01,9.585,1061.515226,1524,1141.47,4.1335,,,,,
2018-12-07,2027-01-01,9.8884,1049.627155,2025,1391.25,5.024,,,,,
2018-12-07,2029-01-01,10.0409,1041.966399,2524,1595.7,5.7544,,,,,
2018-12-10,2019-01-01,6.4149,1044.934468,15,15.0,0.0559,,,,,
2018-12-10,2021-01-01,7.8129,1082.19442,519,464.29,1.7089,,,,,
2018-12-10,2023-01-01,9.1493,1070.712432,1021,834.74,3.0348,,,,,
2018-12-10,2025-01-01,9.7084,1056.506531,1523,1139.26,4.1208,,,,,
2018-12-10,2027-01-01,10.0194,1043.141284,2024,1387.76,5.0054,,,,,
2018-12-10,2029-01-01,10.1668,1034.849612,2523,1590.85,5.7303,,,,,
2018-12-11,2019-01-01,6.4125,1045.193624,14,14.0,0.0522,,,,,
2018-12-11,2021-01-01,7.8036,1082.68922,518,463.3,1.7054,,,,,
2018-12-11,2023-01-01,9.1397,1071.396209,1020,833.77,3.0315,,,,,
2018-12-11,2025-01-01,9.71,1056.825411,1522,1138.24,4.1171,,,,,
2018-12-11,2027-01-01,10.0329,1042.831717,2023,1386.5,5.0003,,,,,
2018-12-11,2029-01-01,10.1816,1034.369718,2522,1589.39,5.7243,,,,,
2018-12-12,2019-01-01,6.4183,1045.448501,13,13.0,0.0485,,,,,
2018-12-12,2021-01-01,7.7416,1084.155738,517,462.34,1.7029,,,,,
2018-12-12,2023-01-01,9.01,1075.989158,1019,833.25,3.0333,,,,,
2018-12-12,2025-01-01,9.57,1063.330253,1521,1138.62,4.1237,,,,,
2018-12-12,2027-01-01,9.8779,1051.359905,2022,1388.45,5.0144,,,,,
2018-12-12,2029-01-01,10.0228,1044.240134,2521,1593.25,5.7465,,,,,
2018-12-13,2019-01-01,6.4186,1045.706466,12,12.0,0.0447,,,,,
2018-12-13,2021-01-01,7.5734,1087.58326,516,461.45,1.7022,,,,,
2018-12-13,2023-01-01,8.83,1082.250561,1018,832.92,3.0371,,,,,
2018-12-13,2025-01-01,9.3865,1071.80524,1520,1139.43,4.1335,,,,,
2018-12-13,2027-01-01,9.6763,1062.465386,2021,1391.28,5.0339,,,,,
2018-12-13,2029-01-01,9.7913,1058.674934,2520,1599.34,5.7806,,,,,
2018-12-14,2019-01-01,6.4229,1045.962803,11,11.0,0.041,,,,,
2018-12-14,2021-01-01,7.4912,1089.419038,515,460.51,1.7,,,,,
2018-12-14,2023-01-01,8.725,1086.070209,1017,832.31,3.0378,,,,,
2018-12-14,2025-01-01,9.2877,1076.576507,1519,1139.4,4.1372,,,,,
2018-12-14,2027-01-01,9.5371,1070.341646,2020,1392.92,5.0462,,,,,
2018-12-14,2029-01-01,9.653,1067.586729,2519,1602.57,5.7996,,,,,
2018-12-17,2019-01-01,6.4233,1046.221059,10,10.0,0.0373,,,,,
2018-12-17,2021-01-01,7.4617,1090.27693,514,459.53,1.6969,,,,,
2018-12-17,2023-01-01,8.7023,1087.179435,1016,831.39,3.035,,,,,
2018-12-17,2025-01-01,9.2798,1077.307913,1518,1138.48,4.1341,,,,,
2018-12-17,2027-01-01,9.5424,1070.442269,2019,1391.82,5.042,,,,,
2018-12-17,2029-01-01,9.6472,1068.336605,2518,1601.74,5.7969,,,,,
2018-12-18,2019-01-01,6.424,1046.479304,9,9.0,0.0336,,,,,
2018-12-18,2021-01-01,7.4999,1089.883304,513,458.5,1.6925,,,,,
2018-12-18,2023-01-01,8.7869,1084.755601,1015,830.08,3.0279,,,,,
2018-12-18,2025-01-01,9.3564,1074.283817,1517,1136.73,4.1249,,,,,
2018-12-18,2027-01-01,9.6117,1067.096802,2018,1389.51,5.0304,,,,,
2018-12-18,2029-01-01,9.7163,1064.457917,2517,1598.63,5.782,,,,,
2018-12-19,2019-01-01,6.4227,1046.738293,8,8.0,0.0298,,,,,
2018-12-19,2021-01-01,7.46,1090.931147,512,457.53,1.6895,,,,,
2018-12-19,2023-01-01,8.675,1088.799421,1014,829.49,3.0289,,,,,
2018-12-19,2025-01-01,9.2237,1080.568068,1516,1137.03,4.131,,,,,
2018-12-19,2027-01-01,9.4991,1073.557901,2017,1390.64,5.0397,,,,,
2018-12-19,2029-01-01,9.5884,1072.769755,2516,1601.54,5.7993,,,,,
2018-12-20,2019-01-01,6.4239,1046.996561,7,7.0,0.0261,,,,,
2018-12-20,2021-01-01,7.3939,1092.459795,511,456.57,1.687,,,,,
2018-12-20,2023-01-01,8.5871,1092.060779,1013,828.82,3.0289,,,,,
2018-12-20,2025-01-01,9.13,1085.140267,1515,1136.95,4.1343,,,,,
2018-12-20,2027-01-01,9.3576,1081.644118,2016,1392.32,5.0523,,,,,
2018-12-20,2029-01-01,9.4441,1082.198473,2515,1604.95,5.8193,,,,,
2018-12-21,2019-01-01,6.4461,1047.250066,6,6.0,0.0224,,,,,
2018-12-21,2021-01-01,7.4038,1092.586993,510,455.56,1.6832,,,,,
2018-12-21,2023-01-01,8.5562,1093.43972,1012,827.93,3.0265,,,,,
2018-12-21,2025-01-01,9.0807,1087.731288,1514,1136.43,4.1342,,,,,
2018-12-21,2027-01-01,9.2869,1085.903824,2015,1392.66,5.0568,,,,,
2018-12-21,2029-01-01,9.3549,1088.228682,2514,1606.68,5.8303,,,,,
2018-12-24,2019-01-01,6.4461,1047.509703,5,5.0,0.0186,,,,,
2018-12-24,2021-01-01,7.4038,1092.896713,509,454.56,1.6795,,,,,
2018-12-24,2023-01-01,8.5562,1093.796004,1011,826.93,3.0228,,,,,
2018-12-24,2025-01-01,9.0807,1088.106525,1513,1135.43,4.1306,,,,,
2018-12-24,2027-01-01,9.2869,1086.286571,2014,1391.66,5.0532,,,,,
2018-12-24,2029-01-01,9.3549,1088.614935,2513,1605.68,5.8267,,,,,
2018-12-26,2019-01-01,6.4749,1047.764904,4,4.0,0.0149,,,,,
2018-12-26,2021-01-01,7.4326,1092.679121,508,453.54,1.6753,,,,,
2018-12-26,2023-01-01,8.5948,1092.878358,1010,825.79,3.0176,,,,,
2018-12-26,2025-01-01,9.0916,1087.992191,1512,1134.33,4.1262,,,,,
2018-12-26,2027-01-01,9.2753,1087.306806,2013,1390.88,5.0509,,,,,
2018-12-26,2029-01-01,9.3559,1088.93786,2512,1604.65,5.8229,,,,,
2018-12-27,2019-01-01,6.5497,1048.017031,3,3.0,0.0112,,,,,
2018-12-27,2021-01-01,7.4086,1093.428657,507,452.56,1.672,,,,,
2018-12-27,2023-01-01,8.5476,1094.792818,1009,824.96,3.0159,,,,,
2018-12-27,2025-01-01,9.0291,1091.178634,1511,1133.94,4.1271,,,,,
2018-12-27,2027-01-01,9.1781,1093.049571,2012,1391.72,5.0584,,,,,
2018-12-27,2029-01-01,9.2531,1095.875724,2511,1606.78,5.8361,,,,,
2018-12-28,2019-01-01,6.5489,1048.280967,2,2.0,0.0074,,,,,
2018-12-28,2021-01-01,7.38,1094.260877,506,451.58,1.6688,,,,,
2018-12-28,2023-01-01,8.518,1096.126284,1008,824.07,3.0134,,,,,
2018-12-28,2025-01-01,9.0312,1091.458453,1510,1132.92,4.1233,,,,,
2018-12-28,2027-01-01,9.1753,1093.585427,2011,1390.78,5.0551,,,,,
2018-12-28,2029-01-01,9.2285,1097.836607,2510,1606.54,5.8365,,,,,
2018-12-31,2019-01-01,6.5489,1048.544875,1,1.0,0.0037,,,,,
2018-12-31,2021-01-01,7.38,1094.570109,505,450.58,1.6651,,,,,
2018-12-31,2023-01-01,8.518,1096.481913,1007,823.07,3.0098,,,,,
2018-12-31,2025-01-01,9.0312,1091.833008,1509,1131.92,4.1197,,,,,
2018-12-31,2027-01-01,9.1753,1093.966446,2010,1389.78,5.0515,,,,,
2018-12-31,2029-01-01,9.2285,1098.22123,2509,1605.54,5.8329,,,,,
2019-01-02,2021-01-01,7.235,1048.713473,504,470.6,1.7415,,,,,
2019-01-02,2023-01-01,8.3568,1053.362739,1006,860.78,3.1524,,,,,
2019-01-02,2025-01-01,8.869,1050.728949,1508,1185.11,4.3197,,,,,
2019-01-02,2027-01-01,9.0803,1050.809713,2009,1455.13,5.2936,,,,,
2019-01-02,2029-01-01,9.1524,1054.691038,2508,1681.17,6.1119,,,,,
2019-01-03,2021-01-01,7.2369,1048.969574,503,469.6,1.7377,,,,,
2019-01-03,2023-01-01,8.34,1054.255871,1005,859.83,3.1494,,,,,
2019-01-03,2025-01-01,8.865,1051.264882,1507,1184.14,4.3163,,,,,
2019-01-03,2027-01-01,9.085,1050.910647,2008,1454.05,5.2895,,,,,
2019-01-03,2029-01-01,9.18,1053.279413,2507,1679.41,6.104,,,,,
2019-01-04,2021-01-01,7.29,1048.29502,502,468.59,1.7331,,,,,
2019-01-04,2023-01-01,8.35,1054.259375,1004,858.8,3.1453,,,,,
2019-01-04,2025-01-01,8.8239,1053.486394,1506,1183.47,4.3155,,,,,
2019-01-04,2027-01-01,9.0231,1054.724071,2007,1454.06,5.2925,,,,,
2019-01-04,2029-01-01,9.1013,1058.727047,2506,1680.57,6.1126,,,,,
2019-01-07,2021-01-01,7.42,1046.234464,501,467.54,1.7272,,,,,
2019-01-07,2023-01-01,8.42,1052.279267,1003,857.62,3.1389,,,,,
2019-01-07,2025-01-01,8.8939,1050.664285,1505,1181.91,4.3071,,,,,
2019-01-07,2027-01-01,9.09,1051.358214,2006,1451.97,5.2817,,,,,
2019-01-07,2029-01-01,9.1723,1054.509276,2505,1677.62,6.0979,,,,,
2019-01-08,2021-01-01,7.39,1047.072995,500,466.55,1.724,,,,,
2019-01-08,2023-01-01,8.385,1053.772865,1002,856.71,3.1366,,,,,
2019-01-08,2025-01-01,8.835,1053.689454,1504,1181.38,4.3074,,,,,
2019-01-08,2027-01-01,9.0306,1055.028824,2005,1451.94,5.2844,,,,,
2019-01-08,2029-01-01,9.1458,1056.583699,2504,1677.35,6.0984,,,,,
2019-01-09,2021-01-01,7.38,1047.549483,499,465.56,1.7205,,,,,
2019-01-09,2023-01-01,8.3499,1055.269686,1001,855.8,3.1343,,,,,
2019-01-09,2025-01-01,8.7981,1055.720028,1503,1180.67,4.3063,,,,,
2019-01-09,2027-01-01,8.985,1057.938912,2004,1451.68,5.2857,,,,,
2019-01-09,2029-01-01,9.12,1058.616085,2503,1677.05,6.0988,,,,,
2019-01-10,2021-01-01,7.48,1046.049038,498,464.52,1.7151,,,,,
2019-01-10,2023-01-01,8.4336,1052.844537,1000,854.58,3.1274,,,,,
2019-01-10,2025-01-01,8.8399,1054.175456,1502,1179.34,4.2998,,,,,
2019-01-10,2027-01-01,9.045,1054.950406,2003,1449.7,5.2756,,,,,
2019-01-10,2029-01-01,9.1883,1054.583209,2502,1674.18,6.0845,,,,,
2019-01-11,2021-01-01,7.46,1046.706745,497,463.53,1.7117,,,,,
2019-01-11,2023-01-01,8.4289,1053.337513,999,853.59,3.124,,,,,
2019-01-11,2025-01-01,8.8457,1054.267028,1501,1178.29,4.2958,,,,,
2019-01-11,2027-01-01,9.055,1054.756291,2002,1448.54,5.2709,,,,,
2019-01-11,2029-01-01,9.1747,1055.824901,2501,1673.56,6.083,,,,,
2019-01-14,2021-01-01,7.39,1048.258635,496,462.55,1.7092,,,,,
2019-01-14,2023-01-01,8.366,1055.746673,998,852.76,3.1227,,,,,
2019-01-14,2025-01-01,8.8164,1055.949729,1500,1177.53,4.2941,,,,,
2019-01-14,2027-01-01,9.0238,1056.856732,2001,1448.05,5.2706,,,,,
2019-01-14,2029-01-01,9.1307,1059.025964,2500,1673.76,6.0862,,,,,
2019-01-15,2021-01-01,7.45,1047.483125,495,461.53,1.7045,,,,,
2019-01-15,2023-01-01,8.444,1053.518375,997,851.55,3.1161,,,,,
2019-01-15,2025-01-01,8.895,1052.748245,1499,1175.9,4.2851,,,,,
2019-01-15,2027-01-01,9.1271,1051.483358,2000,1445.36,5.2558,,,,,
2019-01-15,2029-01-01,9.2337,1052.779422,2499,1669.94,6.0666,,,,,
2019-01-16,2021-01-01,7.4481,1047.815708,494,460.53,1.7008,,,,,
2019-01-16,2023-01-01,8.4499,1053.663831,996,850.54,3.1122,,,,,
2019-01-16,2025-01-01,8.8951,1053.099781,1498,1174.9,4.2815,,,,,
2019-01-16,2027-01-01,9.1198,1052.251639,1999,1444.48,5.253,,,,,
2019-01-16,2029-01-01,9.2235,1053.800634,2498,1669.22,6.0645,,,,,
2019-01-17,2021-01-01,7.3968,1049.027608,493,459.55,1.698,,,,,
2019-01-17,2023-01-01,8.435,1054.491395,995,849.58,3.1091,,,,,
2019-01-17,2025-01-01,8.8687,1054.647131,1497,1174.11,4.2796,,,,,
2019-01-17,2027-01-01,9.0818,1054.720725,1998,1444.1,5.2535,,,,,
2019-01-17,2029-01-01,9.1854,1056.610181,2497,1669.26,6.0668,,,,,
2019-01-18,2021-01-01,7.3542,1050.082526,492,458.56,1.695,,,,,
2019-01-18,2023-01-01,8.4079,1055.718548,994,848.65,3.1065,,,,,
2019-01-18,2025-01-01,8.815,1057.430239,1496,1173.54,4.2796,,,,,
2019-01-18,2027-01-01,8.995,1059.91226,1997,1444.52,5.2592,,,,,
2019-01-18,2029-01-01,9.0869,1063.323998,2496,1670.96,6.0785,,,,,
2019-01-21,2021-01-01,7.3541,1050.380049,491,457.56,1.6913,,,,,
2019-01-21,2023-01-01,8.3789,1057.007664,993,847.72,3.1039,,,,,
2019-01-21,2025-01-01,8.7801,1059.365685,1495,1172.82,4.2784,,,,,
2019-01-21,2027-01-01,8.9689,1061.731717,1996,1443.95,5.2583,,,,,
2019-01-21,2029-01-01,9.0605,1065.400486,2495,1670.68,6.0789,,,,,
2019-01-22,2021-01-01,7.2404,1052.695064,490,456.6,1.6896,,,,,
2019-01-22,2023-01-01,8.2878,1060.337419,992,846.97,3.1037,,,,,
2019-01-22,2025-01-01,8.716,1062.630085,1494,1172.33,4.2791,,,,,
2019-01-22,2027-01-01,8.9461,1063.368383,1995,1443.32,5.2572,,,,,
2019-01-22,2029-01-01,9.0179,1068.533174,2494,1670.85,6.0819,,,,,
2019-01-23,2021-01-01,7.19,1053.882426,489,455.62,1.6867,,,,,
2019-01-23,2023-01-01,8.23,1062.575446,991,846.12,3.1023,,,,,
2019-01-23,2025-01-01,8.635,1066.674258,1493,1171.97,4.281,,,,,
2019-01-23,2027-01-01,8.8448,1069.417343,1994,1443.97,5.2644,,,,,
2019-01-23,2029-01-01,8.9416,1073.877628,2493,1671.94,6.0901,,,,,
2019-01-24,2021-01-01,7.1976,1054.038014,488,454.62,1.6829,,,,,
2019-01-24,2023-01-01,8.2966,1060.718629,990,844.94,3.0961,,,,,
2019-01-24,2025-01-01,8.7334,1062.54477,1492,1170.19,4.2706,,,,,
2019-01-24,2027-01-01,8.98,1062.19854,1993,1440.77,5.2462,,,,,
2019-01-24,2029-01-01,9.0664,1066.119034,2492,1667.52,6.0671,,,,,
2019-01-25,2021-01-01,7.1976,1054.328766,487,453.62,1.6792,,,,,
2019-01-25,2023-01-01,8.2966,1061.054171,989,843.94,3.0924,,,,,
2019-01-25,2025-01-01,8.7334,1062.897866,1491,1169.19,4.267,,,,,
2019-01-25,2027-01-01,8.98,1062.561073,1992,1439.77,5.2426,,,,,
2019-01-25,2029-01-01,9.0664,1066.48626,2491,1666.52,6.0634,,,,,
2019-01-28,2021-01-01,7.195,1054.665543,486,452.62,1.6755,,,,,
2019-01-28,2023-01-01,8.2875,1061.688208,988,842.97,3.0891,,,,,
2019-01-28,2025-01-01,8.745,1062.725191,1490,1168.1,4.2625,,,,,
2019-01-28,2027-01-01,9.0002,1061.798647,1991,1438.44,5.2368,,,,,
2019-01-28,2029-01-01,9.0898,1065.340934,2490,1664.88,6.0562,,,,,
2019-01-29,2021-01-01,7.0972,1056.683545,485,451.65,1.6735,,,,,
2019-01-29,2023-01-01,8.1766,1065.66641,987,842.26,3.0897,,,,,
2019-01-29,2025-01-01,8.64,1067.849578,1489,1167.93,4.2661,,,,,
2019-01-29,2027-01-01,8.91,1067.196798,1990,1438.91,5.2428,,,,,
2019-01-29,2029-01-01,8.9862,1072.427478,2489,1666.72,6.0686,,,,,
2019-01-30,2021-01-01,7.1268,1056.44889,484,450.64,1.6693,,,,,
2019-01-30,2023-01-01,8.2615,1063.211007,986,841.04,3.0828,,,,,
2019-01-30,2025-01-01,8.7464,1063.369143,1488,1166.09,4.2551,,,,,
2019-01-30,2027-01-01,9.02,1061.424708,1989,1436.11,5.2273,,,,,
2019-01-30,2029-01-01,9.095,1065.741226,2488,1662.74,6.0481,,,,,
2019-01-31,2021-01-01,7.0001,1058.971338,483,449.68,1.6677,,,,,
2019-01-31,2023-01-01,8.058,1070.239499,985,840.58,3.0869,,,,,
2019-01-31,2025-01-01,8.5136,1074.328269,1487,1166.94,4.2674,,,,,
2019-01-31,2027-01-01,8.7671,1075.959129,1988,1439.24,5.2509,,,,,
2019-01-31,2029-01-01,8.8761,1080.362829,2487,1667.73,6.0784,,,,,
2019-02-01,2021-01-01,6.9481,1060.172888,482,448.7,1.6649,,,,,
2019-02-01,2023-01-01,7.995,1072.65101,984,839.74,3.0856,,,,,
2019-02-01,2025-01-01,8.435,1078.288211,1486,1166.56,4.2691,,,,,
2019-02-01,2027-01-01,8.6627,1082.242452,1987,1439.95,5.2585,,,,,
2019-02-01,2029-01-01,8.7317,1090.276101,2486,1670.67,6.0973,,,,,
2019-02-04,2021-01-01,6.9826,1059.84806,481,447.69,1.6606,,,,,
2019-02-04,2023-01-01,8.0166,1072.264504,983,838.69,3.0811,,,,,
2019-02-04,2025-01-01,8.445,1078.174611,1485,1165.48,4.2648,,,,,
2019-02-04,2027-01-01,8.6661,1082.405715,1986,1438.89,5.2545,,,,,
2019-02-04,2029-01-01,8.75,1089.421944,2485,1669.17,6.0908,,,,,
2019-02-05,2021-01-01,7.0,1059.826409,480,446.68,1.6566,,,,,
2019-02-05,2023-01-01,8.035,1071.985565,982,837.64,3.0767,,,,,
2019-02-05,2025-01-01,8.485,1076.684557,1484,1164.17,4.2584,,,,,
2019-02-05,2027-01-01,8.715,1079.984877,1985,1437.09,5.2456,,,,,
2019-02-05,2029-01-01,8.7965,1086.703249,2484,1666.9,6.0799,,,,,
2019-02-06,2021-01-01,6.99,1060.286242,479,445.68,1.653,,,,,
2019-02-06,2023-01-01,8.1159,1069.653135,981,836.42,3.07,,,,,
2019-02-06,2025-01-01,8.58,1072.689306,1483,1162.41,4.2482,,,,,
2019-02-06,2027-01-01,8.8288,1073.919004,1984,1434.24,5.2297,,,,,
2019-02-06,2029-01-01,8.9216,1078.840362,2483,1662.48,6.0568,,,,,
2019-02-07,2021-01-01,7.1283,1058.155813,478,444.64,1.647,,,,,
2019-02-07,2023-01-01,8.1784,1067.936605,980,835.26,3.0639,,,,,
2019-02-07,2025-01-01,8.65,1069.856582,1482,1160.85,4.2398,,,,,
2019-02-07,2027-01-01,8.9019,1070.182629,1983,1432.04,5.2182,,,,,
2019-02-07,2029-01-01,8.9861,1075.000478,2482,1659.72,6.0431,,,,,
2019-02-08,2021-01-01,7.2517,1056.302103,477,443.6,1.6413,,,,,
2019-02-08,2023-01-01,8.3088,1064.018713,979,833.91,3.0553,,,,,
2019-02-08,2025-01-01,8.7439,1065.961509,1481,1159.1,4.2298,,,,,
2019-02-08,2027-01-01,8.9823,1066.065445,1982,1429.73,5.2059,,,,,
2019-02-08,2029-01-01,9.0617,1070.468975,2481,1656.65,6.0278,,,,,
2019-02-11,2021-01-01,7.225,1057.057741,476,442.61,1.638,,,,,
2019-02-11,2023-01-01,8.285,1065.129203,978,832.97,3.0525,,,,,
2019-02-11,2025-01-01,8.7225,1067.281566,1480,1158.28,4.2276,,,,,
2019-02-11,2027-01-01,8.9775,1066.695984,1981,1428.81,5.2028,,,,,
2019-02-11,2029-01-01,9.0599,1070.95375,2480,1655.7,6.0244,,,,,
2019-02-12,2021-01-01,7.1482,1058.678894,475,441.63,1.6356,,,,,
2019-02-12,2023-01-01,8.185,1068.72115,977,832.24,3.0527,,,,,
2019-02-12,2025-01-01,8.6263,1071.988288,1479,1158.04,4.2305,,,,,
2019-02-12,2027-01-01,8.8804,1072.471069,1980,1429.39,5.2096,,,,,
2019-02-12,2029-01-01,8.96,1077.800014,2479,1657.43,6.0363,,,,,
2019-02-13,2021-01-01,7.0447,1060.760039,474,440.67,1.6336,,,,,
2019-02-13,2023-01-01,8.115,1071.33997,976,831.42,3.0517,,,,,
2019-02-13,2025-01-01,8.5815,1074.374532,1478,1157.4,4.2299,,,,,
2019-02-13,2027-01-01,8.8373,1075.246466,1979,1429.1,5.2105,,,,,
2019-02-13,2029-01-01,8.9153,1081.082816,2478,1657.65,6.0396,,,,,
2019-02-14,2021-01-01,6.98,1062.166503,473,439.69,1.6309,,,,,
2019-02-14,2023-01-01,8.0549,1073.637403,975,830.58,3.0503,,,,,
2019-02-14,2025-01-01,8.52,1077.525264,1477,1156.89,4.2304,,,,,
2019-02-14,2027-01-01,8.7632,1079.773085,1978,1429.31,5.2149,,,,,
2019-02-14,2029-01-01,8.8533,1085.511,2477,1658.35,6.0455,,,,,
2019-02-15,2021-01-01,6.91,1063.662252,472,438.71,1.6284,,,,,
2019-02-15,2023-01-01,7.96,1077.078921,974,829.84,3.0502,,,,,
2019-02-15,2025-01-01,8.41,1082.904901,1476,1156.76,4.2342,,,,,
2019-02-15,2027-01-01,8.67,1085.402026,1977,1429.83,5.2212,,,,,
2019-02-15,2029-01-01,8.7799,1090.711938,2476,1659.36,6.0533,,,,,
2019-02-18,2021-01-01,6.9826,1062.690576,471,437.69,1.6235,,,,,
2019-02-18,2023-01-01,8.0589,1074.166967,973,828.57,3.0428,,,,,
2019-02-18,2025-01-01,8.535,1077.541687,1475,1154.77,4.2221,,,,,
2019-02-18,2027-01-01,8.795,1078.704249,1976,1426.79,5.2042,,,,,
2019-02-18,2029-01-01,8.89,1083.83644,2475,1655.35,6.0325,,,,,
2019-02-19,2021-01-01,6.9772,1063.06823,470,436.69,1.6199,,,,,
2019-02-19,2023-01-01,8.0,1076.423207,972,827.73,3.0413,,,,,
2019-02-19,2025-01-01,8.4433,1082.074667,1474,1154.5,4.2246,,,,,
2019-02-19,2027-01-01,8.695,1084.702691,1975,1427.42,5.2112,,,,,
2019-02-19,2029-01-01,8.7912,1090.694658,2474,1657.05,6.0442,,,,,
2019-02-20,2021-01-01,7.0602,1061.927949,469,435.66,1.6148,,,,,
2019-02-20,2023-01-01,8.1287,1072.554049,971,826.39,3.0328,,,,,
2019-02-20,2025-01-01,8.615,1074.613486,1473,1152.13,4.2093,,,,,
2019-02-20,2027-01-01,8.8669,1075.399493,1974,1423.61,5.1891,,,,,
2019-02-20,2029-01-01,8.9512,1080.576701,2473,1651.67,6.0158,,,,,
2019-02-21,2021-01-01,7.0728,1061.999879,468,434.66,1.6109,,,,,
2019-02-21,2023-01-01,8.1376,1072.597542,970,825.36,3.0288,,,,,
2019-02-21,2025-01-01,8.595,1075.871085,1472,1151.29,4.207,,,,,
2019-02-21,2027-01-01,8.85,1076.706326,1973,1422.89,5.1873,,,,,
2019-02-21,2029-01-01,8.95,1081.022437,2472,1650.71,6.0123,,,,,
2019-02-22,2021-01-01,7.0445,1062.771261,467,433.67,1.6076,,,,,
2019-02-22,2023-01-01,8.0964,1074.269008,969,824.47,3.0267,,,,,
2019-02-22,2025-01-01,8.565,1077.58212,1471,1150.53,4.2054,,,,,
2019-02-22,2027-01-01,8.83,1078.187226,1972,1422.22,5.1858,,,,,
2019-02-22,2029-01-01,8.935,1082.366429,2471,1650.12,6.011,,,,,
2019-02-25,2021-01-01,7.075,1062.538551,466,432.66,1.6034,,,,,
2019-02-25,2023-01-01,8.1561,1072.66405,968,823.32,3.0208,,,,,
2019-02-25,2025-01-01,8.6123,1075.793213,1470,1149.15,4.1985,,,,,
2019-02-25,2027-01-01,8.868,1076.426307,1971,1420.6,5.1781,,,,,
2019-02-25,2029-01-01,8.9602,1081.095185,2470,1648.43,6.0035,,,,,
2019-02-26,2021-01-01,7.125,1061.977253,465,431.64,1.5989,,,,,
2019-02-26,2023-01-01,8.175,1072.386235,967,822.27,3.0164,,,,,
2019-02-26,2025-01-01,8.645,1074.670484,1469,1147.89,4.1927,,,,,
2019-02-26,2027-01-01,8.8897,1075.580015,1970,1419.24,5.1721,,,,,
2019-02-26,2029-01-01,8.9777,1080.32766,2469,1646.95,5.9971,,,,,
2019-02-27,2021-01-01,7.075,1063.115171,464,430.66,1.596,,,,,
2019-02-27,2023-01-01,8.13,1074.176384,966,821.38,3.0144,,,,,
2019-02-27,2025-01-01,8.615,1076.376942,1468,1147.13,4.191,,,,,
2019-02-27,2027-01-01,8.87,1077.040927,1969,1418.56,5.1706,,,,,
2019-02-27,2029-01-01,8.955,1082.16943,2468,1646.57,5.997,,,,,
2019-02-28,2021-01-01,7.1438,1062.23966,463,429.63,1.5912,,,,,
2019-02-28,2023-01-01,8.1884,1072.622695,965,820.23,3.0085,,,,,
2019-02-28,2025-01-01,8.665,1074.477844,1467,1145.73,4.184,,,,,
2019-02-28,2027-01-01,8.9128,1075.022985,1968,1416.86,5.1624,,,,,
2019-02-28,2029-01-01,9.0097,1078.993794,2467,1644.07,5.9849,,,,,
2019-03-01,2021-01-01,7.155,1062.341665,462,428.63,1.5873,,,,,
2019-03-01,2023-01-01,8.235,1071.456807,964,819.11,3.0031,,,,,
2019-03-01,2025-01-01,8.7195,1072.38615,1466,1144.3,4.1767,,,,,
2019-03-01,2027-01-01,8.9777,1071.791849,1967,1414.8,5.1518,,,,,
2019-03-01,2029-01-01,9.0468,1076.969609,2466,1642.06,5.9755,,,,,
2019-03-06,2021-01-01,7.1823,1062.173784,461,427.62,1.5832,,,,,
2019-03-06,2023-01-01,8.2779,1070.415435,963,817.99,2.9978,,,,,
2019-03-06,2025-01-01,8.7737,1070.318328,1465,1142.87,4.1694,,,,,
2019-03-06,2027-01-01,9.0245,1069.576275,1966,1413.04,5.1432,,,,,
2019-03-06,2029-01-01,9.1027,1073.748536,2465,1639.53,5.9632,,,,,
2019-03-07,2021-01-01,7.1836,1062.444364,460,426.62,1.5795,,,,,
2019-03-07,2023-01-01,8.285,1070.525717,962,816.97,2.9939,,,,,
2019-03-07,2025-01-01,8.755,1071.510473,1464,1142.02,4.167,,,,,
2019-03-07,2027-01-01,9.005,1071.017146,1965,1412.36,5.1416,,,,,
2019-03-07,2029-01-01,9.0767,1075.787586,2464,1639.24,5.9636,,,,,
2019-03-08,2021-01-01,7.13,1063.635109,459,425.64,1.5766,,,,,
2019-03-08,2023-01-01,8.205,1073.429976,961,816.19,2.9932,,,,,
2019-03-08,2025-01-01,8.69,1074.774879,1463,1141.53,4.1677,,,,,
2019-03-08,2027-01-01,8.9374,1075.117532,1964,1412.46,5.1452,,,,,
2019-03-08,2029-01-01,9.0089,1080.523943,2463,1640.09,5.9704,,,,,
2019-03-11,2021-01-01,7.05,1065.266008,458,424.66,1.5742,,,,,
2019-03-11,2023-01-01,8.08,1077.789212,960,815.52,2.9942,,,,,
2019-03-11,2025-01-01,8.5573,1081.096894,1462,1141.59,4.173,,,,,
2019-03-11,2027-01-01,8.7967,1083.310212,1963,1413.76,5.1566,,,,,
2019-03-11,2029-01-01,8.865,1090.241037,2462,1643.03,5.989,,,,,
2019-03-12,2021-01-01,7.01,1066.223753,457,423.68,1.5711,,,,,
2019-03-12,2023-01-01,8.0209,1080.029481,959,814.67,2.9928,,,,,
2019-03-12,2025-01-01,8.5,1084.03835,1461,1141.05,4.1732,,,,,
2019-03-12,2027-01-01,8.7475,1086.427633,1962,1413.56,5.1582,,,,,
2019-03-12,2029-01-01,8.826,1093.161099,2461,1643.1,5.9914,,,,,
2019-03-13,2021-01-01,6.9012,1068.331779,456,422.71,1.5691,,,,,
2019-03-13,2023-01-01,7.9124,1083.872087,958,813.96,2.9932,,,,,
2019-03-13,2025-01-01,8.385,1089.608839,1460,1140.96,4.1773,,,,,
2019-03-13,2027-01-01,8.65,1092.275697,1961,1414.15,5.165,,,,,
2019-03-13,2029-01-01,8.7363,1099.429801,2460,1644.55,6.0017,,,,,
2019-03-14,2021-01-01,6.9586,1067.655232,455,421.69,1.5645,,,,,
2019-03-14,2023-01-01,8.0124,1080.965314,957,812.7,2.9858,,,,,
2019-03-14,2025-01-01,8.495,1084.966536,1459,1139.09,4.1663,,,,,
2019-03-14,2027-01-01,8.76,1086.450604,1960,1411.36,5.1495,,,,,
2019-03-14,2029-01-01,8.8426,1092.80824,2459,1640.64,5.9816,,,,,
2019-03-15,2021-01-01,6.9585,1067.941949,454,420.69,1.5608,,,,,
2019-03-15,2023-01-01,7.993,1081.921798,956,811.75,2.9828,,,,,
2019-03-15,2025-01-01,8.478,1086.08639,1458,1138.22,4.1637,,,,,
2019-03-15,2027-01-01,8.7448,1087.664071,1959,1410.61,5.1475,,,,,
2019-03-15,2029-01-01,8.825,1094.327871,2458,1640.12,5.9806,,,,,
2019-03-18,2021-01-01,6.91,1069.034293,453,419.71,1.5579,,,,,
2019-03-18,2023-01-01,7.935,1084.124306,955,810.9,2.9813,,,,,
2019-03-18,2025-01-01,8.4305,1088.587991,1457,1137.6,4.1633,,,,,
2019-03-18,2027-01-01,8.723,1089.248187,1958,1409.96,5.1462,,,,,
2019-03-18,2029-01-01,8.8,1096.334271,2457,1639.81,5.9809,,,,,
2019-03-19,2021-01-01,6.89,1069.650245,452,418.72,1.5545,,,,,
2019-03-19,2023-01-01,7.9,1085.583876,954,809.99,2.9789,,,,,
2019-03-19,2025-01-01,8.385,1091.002345,1456,1136.96,4.1627,,,,,
2019-03-19,2027-01-01,8.69,1091.462864,1957,1409.5,5.1461,,,,,
2019-03-19,2029-01-01,8.77,1098.672263,2456,1639.63,5.9818,,,,,
2019-03-20,2021-01-01,6.8383,1070.791482,451,417.73,1.5516,,,,,
2019-03-20,2023-01-01,7.797,1089.246516,953,809.27,2.9791,,,,,
2019-03-20,2025-01-01,8.27,1096.590723,1455,1136.87,4.1668,,,,,
2019-03-20,2027-01-01,8.565,1098.880805,1956,1410.54,5.1558,,,,,
2019-03-20,2029-01-01,8.6638,1106.055153,2455,1641.53,5.9946,,,,,
2019-03-21,2021-01-01,6.8507,1070.867043,450,416.73,1.5477,,,,,
2019-03-21,2023-01-01,7.87,1087.208135,952,808.07,2.9727,,,,,
2019-03-21,2025-01-01,8.36,1092.835234,1454,1135.16,4.1571,,,,,
2019-03-21,2027-01-01,8.635,1095.280966,1955,1408.4,5.1446,,,,,
2019-03-21,2029-01-01,8.7153,1103.010407,2454,1639.12,5.983,,,,,
2019-03-22,2021-01-01,7.1,1067.038853,449,415.65,1.5401,,,,,
2019-03-22,2023-01-01,8.1787,1077.632034,951,806.26,2.9575,,,,,
2019-03-22,2025-01-01,8.67,1079.226656,1453,1131.69,4.1326,,,,,
2019-03-22,2027-01-01,8.965,1077.254818,1954,1402.01,5.1058,,,,,
2019-03-22,2029-01-01,9.08,1079.663916,2453,1628.15,5.9231,,,,,
2019-03-25,2021-01-01,6.9836,1069.240882,448,414.69,1.5382,,,,,
2019-03-25,2023-01-01,8.067,1081.533369,950,805.55,2.958,,,,,
2019-03-25,2025-01-01,8.595,1082.934739,1452,1131.29,4.1339,,,,,
2019-03-25,2027-01-01,8.889,1081.816039,1953,1402.25,5.1102,,,,,
2019-03-25,2029-01-01,8.9531,1088.201231,2452,1630.62,5.939,,,,,
2019-03-26,2021-01-01,7.0628,1068.228878,447,413.66,1.5332,,,,,
2019-03-26,2023-01-01,8.145,1079.377433,949,804.35,2.9515,,,,,
2019-03-26,2025-01-01,8.6725,1079.827636,1451,1129.67,4.1251,,,,,
2019-03-26,2027-01-01,8.9549,1078.544962,1952,1400.18,5.0996,,,,,
2019-03-26,2029-01-01,9.0437,1082.734827,2451,1627.14,5.9214,,,,,
2019-03-27,2021-01-01,7.2327,1065.747499,446,412.6,1.5269,,,,,
2019-03-27,2023-01-01,8.3512,1073.178363,948,802.8,2.9402,,,,,
2019-03-27,2025-01-01,8.8633,1071.732207,1450,1127.15,4.1087,,,,,
2019-03-27,2027-01-01,9.1453,1068.504936,1951,1396.06,5.0757,,,,,
2019-03-27,2029-01-01,9.2173,1072.051184,2450,1621.39,5.8911,,,,,
2019-03-28,2021-01-01,7.0783,1068.554896,445,411.65,1.5256,,,,,
2019-03-28,2023-01-01,8.1296,1080.538266,947,802.39,2.9447,,,,,
2019-03-28,2025-01-01,8.5799,1084.673759,1449,1128.41,4.124,,,,,
2019-03-28,2027-01-01,8.8632,1084.340752,1950,1399.67,5.1021,,,,,
2019-03-28,2029-01-01,8.9528,1089.332027,2449,1627.63,5.9281,,,,,
2019-03-29,2021-01-01,7.115,1068.248233,444,410.64,1.5213,,,,,
2019-03-29,2023-01-01,8.1536,1080.110915,946,801.32,2.9401,,,,,
2019-03-29,2025-01-01,8.6,1084.129611,1448,1127.25,4.119,,,,,
2019-03-29,2027-01-01,8.895,1082.947895,1949,1398.15,5.095,,,,,
2019-03-29,2029-01-01,8.9751,1088.263055,2448,1626.02,5.921,,,,,
2019-04-01,2021-01-01,7.025,1070.000746,443,409.67,1.519,,,,,
2019-04-01,2023-01-01,8.0379,1084.126642,945,800.63,2.9407,,,,,
2019-04-01,2025-01-01,8.485,1089.636526,1447,1127.17,4.123,,,,,
2019-04-01,2027-01-01,8.7806,1089.656168,1948,1399.02,5.1036,,,,,
2019-04-01,2029-01-01,8.8569,1096.294507,2447,1628.25,5.9356,,,,,
2019-04-02,2021-01-01,6.9929,1070.809858,442,408.68,1.5158,,,,,
2019-04-02,2023-01-01,8.025,1084.870287,944,799.66,2.9375,,,,,
2019-04-02,2025-01-01,8.5037,1089.149138,1446,1126.02,4.1181,,,,,
2019-04-02,2027-01-01,8.8039,1088.724722,1947,1397.64,5.0974,,,,,
2019-04-02,2029-01-01,8.8829,1094.9726,2446,1626.54,5.928,,,,,
2019-04-03,2021-01-01,7.03,1070.49654,441,407.67,1.5115,,,,,
2019-04-03,2023-01-01,8.1065,1082.61226,943,798.45,2.9309,,,,,
2019-04-03,2025-01-01,8.594,1085.462575,1445,1124.3,4.1084,,,,,
2019-04-03,2027-01-01,8.8931,1084.151877,1946,1395.19,5.0843,,,,,
2019-04-03,2029-01-01,8.9664,1089.938026,2445,1623.26,5.9115,,,,,
2019-04-04,2021-01-01,7.03,1070.785184,440,406.67,1.5078,,,,,
2019-04-04,2023-01-01,8.0797,1083.797209,942,797.52,2.9282,,,,,
2019-04-04,2025-01-01,8.5334,1088.524721,1444,1123.78,4.1088,,,,,
2019-04-04,2027-01-01,8.8328,1087.851495,1945,1395.17,5.0871,,,,,
2019-04-04,2029-01-01,8.8984,1094.706566,2444,1624.12,5.9183,,,,,
2019-04-05,2021-01-01,7.005,1071.476774,439,405.68,1.5044,,,,,
2019-04-05,2023-01-01,8.055,1084.914953,941,796.58,2.9254,,,,,
2019-04-05,2025-01-01,8.545,1088.359896,1443,1122.69,4.1044,,,,,
2019-04-05,2027-01-01,8.825,1088.648976,1944,1394.3,5.0842,,,,,
2019-04-05,2029-01-01,8.91,1094.325253,2443,1622.8,5.9128,,,,,
2019-04-08,2021-01-01,7.025,1071.443081,438,404.67,1.5004,,,,,
2019-04-08,2023-01-01,8.1065,1083.617322,940,795.45,2.9198,,,,,
2019-04-08,2025-01-01,8.5917,1086.630931,1442,1121.32,4.0976,,,,,
2019-04-08,2027-01-01,8.8927,1085.274074,1943,1392.19,5.0734,,,,,
2019-04-08,2029-01-01,8.9718,1090.704893,2442,1620.11,5.8997,,,,,
2019-04-09,2021-01-01,7.065,1071.090467,437,403.66,1.4961,,,,,
2019-04-09,2023-01-01,8.155,1082.421021,939,794.32,2.9144,,,,,
2019-04-09,2025-01-01,8.6214,1085.665222,1441,1120.08,4.092,,,,,
2019-04-09,2027-01-01,8.92,1084.138455,1942,1390.75,5.0669,,,,,
2019-04-09,2029-01-01,8.98,1090.548994,2441,1618.89,5.8948,,,,,
2019-04-10,2021-01-01,7.0384,1071.806122,436,402.67,1.4928,,,,,
2019-04-10,2023-01-01,8.07,1085.441424,938,793.54,2.9138,,,,,
2019-04-10,2025-01-01,8.515,1090.762428,1440,1119.93,4.0954,,,,,
2019-04-10,2027-01-01,8.81,1090.576128,1941,1391.54,5.0749,,,,,
2019-04-10,2029-01-01,8.88,1097.381675,2440,1620.62,5.9065,,,,,
2019-04-11,2021-01-01,7.1018,1071.084095,435,401.65,1.4882,,,,,
2019-04-11,2023-01-01,8.1359,1083.69632,937,792.37,2.9078,,,,,
2019-04-11,2025-01-01,8.555,1089.33154,1439,1118.61,4.0891,,,,,
2019-04-11,2027-01-01,8.8435,1089.088627,1940,1390.0,5.0677,,,,,
2019-04-11,2029-01-01,8.914,1095.550094,2439,1618.69,5.8977,,,,,
2019-04-12,2021-01-01,7.1137,1071.186519,434,400.64,1.4843,,,,,
2019-04-12,2023-01-01,8.1639,1083.151782,936,791.3,2.9031,,,,,
2019-04-12,2025-01-01,8.6386,1085.971779,1438,1116.94,4.0799,,,,,
2019-04-12,2027-01-01,8.917,1085.406571,1939,1387.8,5.0563,,,,,
2019-04-12,2029-01-01,8.9833,1091.453863,2438,1615.8,5.8834,,,,,
2019-04-15,2021-01-01,7.055,1072.410567,433,399.66,1.4814,,,,,
2019-04-15,2023-01-01,8.115,1085.026884,935,790.42,2.9012,,,,,
2019-04-15,2025-01-01,8.555,1090.041451,1437,1116.61,4.0818,,,,,
2019-04-15,2027-01-01,8.8307,1090.528267,1938,1388.21,5.0618,,,,,
2019-04-15,2029-01-01,8.895,1097.521911,2437,1617.21,5.8933,,,,,
2019-04-16,2021-01-01,7.0569,1072.670604,432,398.66,1.4777,,,,,
2019-04-16,2023-01-01,8.1299,1084.894449,934,789.39,2.897,,,,,
2019-04-16,2025-01-01,8.565,1089.951814,1436,1115.53,4.0775,,,,,
2019-04-16,2027-01-01,8.85,1089.829274,1937,1386.89,5.0561,,,,,
2019-04-16,2029-01-01,8.9402,1094.973147,2436,1614.97,5.8827,,,,,
2019-04-17,2021-01-01,7.0786,1072.617801,431,397.65,1.4737,,,,,
2019-04-17,2023-01-01,8.1949,1083.192829,933,788.21,2.8909,,,,,
2019-04-17,2025-01-01,8.655,1086.3181,1435,1113.81,4.0678,,,,,
2019-04-17,2027-01-01,8.928,1085.907482,1936,1384.62,5.0442,,,,,
2019-04-17,2029-01-01,9.03,1089.578924,2435,1611.52,5.8653,,,,,
2019-04-18,2021-01-01,6.9897,1074.312584,430,396.68,1.4713,,,,,
2019-04-18,2023-01-01,8.0937,1086.704068,932,787.48,2.8909,,,,,
2019-04-18,2025-01-01,8.585,1089.77517,1434,1113.37,4.0688,,,,,
2019-04-18,2027-01-01,8.87,1089.4615,1935,1384.56,5.0467,,,,,
2019-04-18,2029-01-01,8.9768,1093.362674,2434,1611.97,5.8698,,,,,
2019-04-22,2021-01-01,6.9671,1074.957171,429,395.69,1.4679,,,,,
2019-04-22,2023-01-01,8.0846,1087.325404,931,786.51,2.8876,,,,,
2019-04-22,2025-01-01,8.56,1091.240628,1433,1112.57,4.0668,,,,,
2019-04-22,2027-01-01,8.8622,1090.258203,1934,1383.69,5.0438,,,,,
2019-04-22,2029-01-01,8.97,1094.172557,2433,1611.16,5.8672,,,,,
2019-04-23,2021-01-01,6.915,1076.0653,428,394.71,1.465,,,,,
2019-04-23,2023-01-01,8.005,1090.161874,930,785.72,2.8868,,,,,
2019-04-23,2025-01-01,8.465,1095.823421,1432,1112.32,4.0695,,,,,
2019-04-23,2027-01-01,8.75,1096.824147,1933,1384.52,5.0521,,,,,
2019-04-23,2029-01-01,8.84,1102.94333,2432,1613.71,5.8835,,,,,
2019-04-24,2021-01-01,6.992,1075.140909,427,393.68,1.4601,,,,,
2019-04-24,2023-01-01,8.0984,1087.56418,929,784.47,2.8798,,,,,
2019-04-24,2025-01-01,8.5678,1091.606333,1431,1110.51,4.059,,,,,
2019-04-24,2027-01-01,8.84,1092.215215,1932,1382.05,5.0389,,,,,
2019-04-24,2029-01-01,8.9319,1097.369669,2431,1610.2,5.8658,,,,,
2019-04-25,2021-01-01,7.03,1074.834379,426,392.67,1.4559,,,,,
2019-04-25,2023-01-01,8.1085,1087.584354,928,783.44,2.8757,,,,,
2019-04-25,2025-01-01,8.58,1091.422157,1430,1109.41,4.0545,,,,,
2019-04-25,2027-01-01,8.8723,1090.805753,1931,1380.53,5.0318,,,,,
2019-04-25,2029-01-01,8.9662,1095.536104,2430,1608.26,5.8569,,,,,
2019-04-26,2021-01-01,7.0553,1074.729319,425,391.66,1.4518,,,,,
2019-04-26,2023-01-01,8.1199,1087.564772,927,782.41,2.8716,,,,,
2019-04-26,2025-01-01,8.585,1091.557524,1429,1108.37,4.0506,,,,,
2019-04-26,2027-01-01,8.8649,1091.580288,1930,1379.65,5.029,,,,,
2019-04-26,2029-01-01,8.96,1096.307663,2429,1607.43,5.8542,,,,,
2019-04-29,2021-01-01,7.09,1074.480163,424,390.65,1.4476,,,,,
2019-04-29,2023-01-01,8.14,1087.274884,926,781.36,2.8672,,,,,
2019-04-29,2025-01-01,8.6017,1091.176385,1428,1107.24,4.0458,,,,,
2019-04-29,2027-01-01,8.8829,1090.960197,1929,1378.35,5.0234,,,,,
2019-04-29,2029-01-01,9.0013,1094.033218,2428,1605.3,5.8442,,,,,
2019-04-30,2021-01-01,7.0774,1074.967831,423,389.66,1.444,,,,,
2019-04-30,2023-01-01,8.1229,1088.14534,925,780.4,2.8642,,,,,
2019-04-30,2025-01-01,8.589,1092.094563,1427,1106.34,4.043,,,,,
2019-04-30,2027-01-01,8.86,1092.585469,1928,1377.73,5.0222,,,,,
2019-04-30,2029-01-01,8.965,1096.73358,2427,1605.3,5.8461,,,,,
2019-05-02,2021-01-01,7.0922,1075.030398,422,388.65,1.4401,,,,,
2019-05-02,2023-01-01,8.1279,1088.326959,924,779.39,2.8603,,,,,
2019-05-02,2025-01-01,8.595,1092.186868,1426,1105.29,4.0389,,,,,
2019-05-02,2027-01-01,8.8564,1093.151278,1927,1376.79,5.0189,,,,,
2019-05-02,2029-01-01,8.955,1097.749182,2426,1604.57,5.844,,,,,
2019-05-03,2021-01-01,7.01,1076.5937,421,387.68,1.4376,,,,,
2019-05-03,2023-01-01,8.0397,1091.412467,923,778.62,2.8599,,,,,
2019-05-03,2025-01-01,8.5166,1096.010126,1425,1104.91,4.0405,,,,,
2019-05-03,2027-01-01,8.795,1096.897552,1926,1376.79,5.0218,,,,,
2019-05-03,2029-01-01,8.887,1102.500862,2425,1605.43,5.8508,,,,,
2019-05-06,2021-01-01,6.99,1077.192096,420,386.68,1.4342,,,,,
2019-05-06,2023-01-01,8.0384,1091.787967,922,777.63,2.8562,,,,,
2019-05-06,2025-01-01,8.5068,1096.799724,1424,1103.99,4.0375,,,,,
2019-05-06,2027-01-01,8.7707,1098.605033,1925,1376.18,5.0207,,,,,
2019-05-06,2029-01-01,8.8772,1103.506267,2424,1604.7,5.8486,,,,,
2019-05-07,2021-01-01,6.9872,1077.524106,419,385.68,1.4305,,,,,
2019-05-07,2023-01-01,8.055,1091.606022,921,776.58,2.852,,,,,
2019-05-07,2025-01-01,8.5271,1096.25678,1423,1102.83,4.0325,,,,,
2019-05-07,2027-01-01,8.7811,1098.397837,1924,1375.01,5.016,,,,,
2019-05-07,2029-01-01,8.878,1103.827099,2423,1603.67,5.8449,,,,,
2019-05-08,2021-01-01,6.9486,1078.406827,418,384.7,1.4274,,,,,
2019-05-08,2023-01-01,7.976,1094.402681,920,775.79,2.8511,,,,,
2019-05-08,2025-01-01,8.445,1100.250271,1422,1102.48,4.0342,,,,,
2019-05-08,2027-01-01,8.7078,1102.816242,1923,1375.21,5.02,,,,,
2019-05-08,2029-01-01,8.8184,1108.057396,2422,1604.3,5.8504,,,,,
2019-05-09,2021-01-01,6.8826,1079.708739,417,383.72,1.4246,,,,,
2019-05-09,2023-01-01,7.935,1096.015137,919,774.9,2.8489,,,,,
2019-05-09,2025-01-01,8.4059,1102.341584,1421,1101.79,4.0332,,,,,
2019-05-09,2027-01-01,8.6783,1104.817573,1922,1374.69,5.0195,,,,,
2019-05-09,2029-01-01,8.7877,1110.423187,2421,1604.14,5.8514,,,,,
2019-05-10,2021-01-01,6.835,1080.724852,416,382.73,1.4216,,,,,
2019-05-10,2023-01-01,7.87,1098.377616,918,774.07,2.8476,,,,,
2019-05-10,2025-01-01,8.3667,1104.439286,1420,1101.1,4.0321,,,,,
2019-05-10,2027-01-01,8.65,1106.754447,1921,1374.15,5.0189,,,,,
2019-05-10,2029-01-01,8.765,1112.2718,2420,1603.76,5.8513,,,,,
2019-05-13,2021-01-01,6.8711,1080.455346,415,381.72,1.4174,,,,,
2019-05-13,2023-01-01,7.9273,1096.919543,917,772.92,2.8419,,,,,
2019-05-13,2025-01-01,8.43,1101.977935,1419,1099.6,4.0243,,,,,
2019-05-13,2027-01-01,8.7112,1103.72478,1920,1372.16,5.0087,,,,,
2019-05-13,2029-01-01,8.8277,1108.570031,2419,1601.05,5.838,,,,,
2019-05-14,2021-01-01,6.8031,1081.780074,414,380.74,1.4147,,,,,
2019-05-14,2023-01-01,7.87,1099.038206,916,772.07,2.8403,,,,,
2019-05-14,2025-01-01,8.395,1103.88543,1418,1098.88,4.0229,,,,,
2019-05-14,2027-01-01,8.68,1105.818447,1919,1371.66,5.0084,,,,,
2019-05-14,2029-01-01,8.7922,1111.244813,2418,1601.02,5.8398,,,,,
2019-05-15,2021-01-01,6.79,1082.26268,413,379.75,1.4111,,,,,
2019-05-15,2023-01-01,7.88,1099.05687,915,771.05,2.8362,,,,,
2019-05-15,2025-01-01,8.4413,1102.185394,1417,1097.51,4.0162,,,,,
2019-05-15,2027-01-01,8.725,1103.693991,1918,1369.93,5.0,,,,,
2019-05-15,2029-01-01,8.8372,1108.699739,2417,1598.79,5.8293,,,,,
2019-05-16,2021-01-01,6.8682,1081.354542,412,378.72,1.4063,,,,,
2019-05-16,2023-01-01,7.9973,1095.743708,914,769.74,2.8283,,,,,
2019-05-16,2025-01-01,8.5481,1097.827017,1416,1095.66,4.0055,,,,,
2019-05-16,2027-01-01,8.8248,1098.569199,1917,1367.3,4.9858,,,,,
2019-05-16,2029-01-01,8.9433,1102.241143,2416,1594.89,5.8094,,,,,
2019-05-17,2021-01-01,6.9913,1079.774882,411,377.68,1.4008,,,,,
2019-05-17,2023-01-01,8.1678,1090.81793,913,768.28,2.8185,,,,,
2019-05-17,2025-01-01,8.7212,1090.610452,1415,1093.29,3.9904,,,,,
2019-05-17,2027-01-01,9.01,1088.854363,1916,1363.28,4.9627,,,,,
2019-05-17,2029-01-01,9.1133,1091.800423,2415,1589.24,5.7798,,,,,
2019-05-20,2021-01-01,6.9131,1081.245599,410,376.71,1.3982,,,,,
2019-05-20,2023-01-01,8.0581,1094.534801,912,767.58,2.8188,,,,,
2019-05-20,2025-01-01,8.6031,1096.128784,1414,1093.23,3.9945,,,,,
2019-05-20,2027-01-01,8.8955,1095.443268,1915,1364.15,4.9711,,,,,
2019-05-20,2029-01-01,8.995,1099.686063,2414,1591.47,5.7942,,,,,
2019-05-21,2021-01-01,6.82,1082.938168,409,375.74,1.3958,,,,,
2019-05-21,2023-01-01,7.92,1099.14001,911,766.94,2.8201,,,,,
2019-05-21,2025-01-01,8.45,1103.219783,1413,1093.44,4.001,,,,,
2019-05-21,2027-01-01,8.73,1104.884742,1914,1365.85,4.9849,,,,,
2019-05-21,2029-01-01,8.825,1110.979774,2413,1595.12,5.8165,,,,,
2019-05-22,2021-01-01,6.8099,1083.374048,408,374.74,1.3923,,,,,
2019-05-22,2023-01-01,7.89,1100.402039,910,766.02,2.8175,,,,,
2019-05-22,2025-01-01,8.435,1104.237277,1412,1092.56,3.9983,,,,,
2019-05-22,2027-01-01,8.735,1104.97627,1913,1364.77,4.9807,,,,,
2019-05-22,2029-01-01,8.835,1110.706294,2412,1593.85,5.8114,,,,,
2019-05-23,2021-01-01,6.75,1084.559284,407,373.76,1.3894,,,,,
2019-05-23,2023-01-01,7.8545,1101.834018,909,765.11,2.8151,,,,,
2019-05-23,2025-01-01,8.4124,1105.59053,1411,1091.74,3.9961,,,,,
2019-05-23,2027-01-01,8.72,1106.170001,1912,1364.01,4.9786,,,,,
2019-05-23,2029-01-01,8.83,1111.402544,2411,1592.99,5.8085,,,,,
2019-05-24,2021-01-01,6.7518,1084.813385,406,372.76,1.3857,,,,,
2019-05-24,2023-01-01,7.835,1102.769143,908,764.17,2.8121,,,,,
2019-05-24,2025-01-01,8.4134,1105.900781,1410,1090.73,3.9924,,,,,
2019-05-24,2027-01-01,8.721,1106.481951,1911,1363.0,4.9749,,,,,
2019-05-24,2029-01-01,8.83,1111.775795,2410,1591.99,5.8048,,,,,
2019-05-27,2021-01-01,6.715,1085.646755,405,371.77,1.3825,,,,,
2019-05-27,2023-01-01,7.7982,1104.240187,907,763.26,2.8097,,,,,
2019-05-27,2025-01-01,8.365,1108.395017,1409,1090.12,3.9919,,,,,
2019-05-27,2027-01-01,8.6689,1109.724087,1910,1362.84,4.9767,,,,,
2019-05-27,2029-01-01,8.79,1114.736828,2409,1592.08,5.8073,,,,,
2019-05-28,2021-01-01,6.575,1088.026413,404,370.82,1.3807,,,,,
2019-05-28,2023-01-01,7.625,1109.956563,906,762.72,2.8122,,,,,
2019-05-28,2025-01-01,8.2123,1115.533378,1408,1090.33,3.9983,,,,,
2019-05-28,2027-01-01,8.5362,1117.458052,1909,1364.01,4.987,,,,,
2019-05-28,2029-01-01,8.68,1122.268818,2408,1594.08,5.8205,,,,,
2019-05-29,2021-01-01,6.5671,1088.419784,403,369.82,1.3771,,,,,
2019-05-29,2023-01-01,7.5649,1112.156658,905,761.88,2.8107,,,,,
2019-05-29,2025-01-01,8.0737,1122.088405,1407,1090.43,4.0038,,,,,
2019-05-29,2027-01-01,8.3698,1127.155231,1908,1365.71,5.0009,,,,,
2019-05-29,2029-01-01,8.513,1133.633594,2407,1597.64,5.8425,,,,,
2019-05-30,2021-01-01,6.5283,1089.274943,402,368.83,1.3739,,,,,
2019-05-30,2023-01-01,7.53,1113.569157,904,760.97,2.8083,,,,,
2019-05-30,2025-01-01,8.04,1123.949489,1406,1089.69,4.0024,,,,,
2019-05-30,2027-01-01,8.3483,1128.728397,1907,1365.06,4.9995,,,,,
2019-05-30,2029-01-01,8.485,1135.859215,2406,1597.41,5.8431,,,,,
2019-05-31,2021-01-01,6.463,1090.523969,401,367.86,1.3711,,,,,
2019-05-31,2023-01-01,7.4734,1115.660237,903,760.12,2.8066,,,,,
2019-05-31,2025-01-01,8.01,1125.644993,1405,1088.93,4.0007,,,,,
2019-05-31,2027-01-01,8.3248,1130.415644,1906,1364.45,4.9984,,,,,
2019-05-31,2029-01-01,8.4739,1136.963939,2405,1596.71,5.8412,,,,,
2019-06-03,2021-01-01,6.42,1091.436721,400,366.87,1.368,,,,,
2019-06-03,2023-01-01,7.325,1120.635395,902,759.51,2.8082,,,,,
2019-06-03,2025-01-01,7.845,1133.453756,1404,1089.24,4.0079,,,,,
2019-06-03,2027-01-01,8.165,1139.860592,1905,1366.04,5.0116,,,,,
2019-06-03,2029-01-01,8.3135,1148.063959,2404,1600.08,5.8622,,,,,
2019-06-04,2021-01-01,6.3633,1092.551307,399,365.89,1.3651,,,,,
2019-06-04,2023-01-01,7.2175,1124.336756,901,758.79,2.8084,,,,,
2019-06-04,2025-01-01,7.6984,1140.480239,1403,1089.39,4.014,,,,,
2019-06-04,2027-01-01,8.0185,1148.633551,1904,1367.42,5.0235,,,,,
2019-06-04,2029-01-01,8.1594,1158.874756,2403,1603.28,5.8823,,,,,
2019-06-05,2021-01-01,6.4635,1091.329906,398,364.86,1.3599,,,,,
2019-06-05,2023-01-01,7.3587,1120.206682,900,757.42,2.7996,,,,,
2019-06-05,2025-01-01,7.87,1132.999286,1402,1087.04,3.9989,,,,,
2019-06-05,2027-01-01,8.1884,1139.234981,1903,1363.66,5.0018,,,,,
2019-06-05,2029-01-01,8.3118,1148.906308,2402,1598.13,5.8551,,,,,
2019-06-06,2021-01-01,6.3759,1092.899404,397,363.88,1.3574,,,,,
2019-06-06,2023-01-01,7.205,1125.352762,899,756.83,2.8014,,,,,
2019-06-06,2025-01-01,7.7219,1140.077447,1401,1087.21,4.0051,,,,,
2019-06-06,2027-01-01,8.06,1146.945415,1902,1364.74,5.0117,,,,,
2019-06-06,2029-01-01,8.1933,1157.287877,2401,1600.35,5.8697,,,,,
2019-06-07,2021-01-01,6.2577,1094.91912,396,362.92,1.3554,,,,,
2019-06-07,2023-01-01,7.1098,1128.66747,898,756.08,2.8012,,,,,
2019-06-07,2025-01-01,7.6373,1144.285716,1400,1086.87,4.007,,,,,
2019-06-07,2027-01-01,7.9849,1151.629377,1901,1364.96,5.016,,,,,
2019-06-07,2029-01-01,8.1381,1161.410809,2400,1600.86,5.8745,,,,,
2019-06-10,2021-01-01,6.21,1095.889368,395,361.94,1.3523,,,,,
2019-06-10,2023-01-01,7.0727,1130.147736,897,755.18,2.7988,,,,,
2019-06-10,2025-01-01,7.623,1145.275815,1399,1085.99,4.0042,,,,,
2019-06-10,2027-01-01,7.9772,1152.425691,1900,1364.09,5.0131,,,,,
2019-06-10,2029-01-01,8.13,1162.324684,2399,1600.08,5.8721,,,,,
2019-06-11,2021-01-01,6.1651,1096.815478,394,360.95,1.3492,,,,,
2019-06-11,2023-01-01,6.996,1132.88154,896,754.38,2.7978,,,,,
2019-06-11,2025-01-01,7.475,1152.424645,1398,1086.15,4.0104,,,,,
2019-06-11,2027-01-01,7.785,1163.964016,1899,1366.2,5.0298,,,,,
2019-06-11,2029-01-01,7.9639,1174.110891,2398,1603.59,5.8941,,,,,
2019-06-12,2021-01-01,6.1863,1096.763051,393,359.95,1.3451,,,,,
2019-06-12,2023-01-01,7.048,1131.540869,895,753.24,2.7923,,,,,
2019-06-12,2025-01-01,7.515,1150.908027,1397,1084.84,4.004,,,,,
2019-06-12,2027-01-01,7.815,1162.554774,1898,1364.71,5.023,,,,,
2019-06-12,2029-01-01,7.975,1173.699613,2397,1602.29,5.8887,,,,,
2019-06-13,2021-01-01,6.07,1098.73811,392,358.98,1.343,,,,,
2019-06-13,2023-01-01,6.955,1134.787566,894,752.48,2.7919,,,,,
2019-06-13,2025-01-01,7.43,1155.164976,1396,1084.51,4.006,,,,,
2019-06-13,2027-01-01,7.745,1167.002361,1897,1364.84,5.0267,,,,,
2019-06-13,2029-01-01,7.9,1179.261091,2396,1603.33,5.8966,,,,,
2019-06-14,2021-01-01,6.0226,1099.69313,391,358.0,1.3399,,,,,
2019-06-14,2023-01-01,6.91,1136.515863,893,751.6,2.7898,,,,,
2019-06-14,2025-01-01,7.415,1156.187893,1395,1083.62,4.0033,,,,,
2019-06-14,2027-01-01,7.725,1168.522671,1896,1364.17,5.0252,,,,,
2019-06-14,2029-01-01,7.9154,1178.54602,2395,1601.91,5.8905,,,,,
2019-06-17,2021-01-01,6.0322,1099.807288,390,357.0,1.3361,,,,,
2019-06-17,2023-01-01,6.96,1135.235233,892,750.47,2.7843,,,,,
2019-06-17,2025-01-01,7.4687,1154.034692,1394,1082.2,3.996,,,,,
2019-06-17,2027-01-01,7.7962,1164.694931,1895,1362.01,5.0139,,,,,
2019-06-17,2029-01-01,7.975,1174.772215,2394,1599.29,5.8777,,,,,
2019-06-18,2021-01-01,6.0313,1100.076138,389,356.0,1.3323,,,,,
2019-06-18,2023-01-01,6.9275,1136.565231,891,749.56,2.7817,,,,,
2019-06-18,2025-01-01,7.415,1156.844442,1393,1081.62,3.9959,,,,,
2019-06-18,2027-01-01,7.7418,1168.226883,1894,1361.89,5.016,,,,,
2019-06-18,2029-01-01,7.9183,1179.05738,2393,1599.83,5.8827,,,,,
2019-06-19,2021-01-01,6.0433,1100.156421,388,354.99,1.3284,,,,,
2019-06-19,2023-01-01,6.8784,1138.41961,890,748.69,2.7798,,,,,
2019-06-19,2025-01-01,7.3367,1160.799918,1392,1081.24,3.9974,,,,,
2019-06-19,2027-01-01,7.6579,1173.50682,1893,1362.25,5.0212,,,,,
2019-06-19,2029-01-01,7.846,1184.447921,2392,1600.8,5.8902,,,,,
2019-06-21,2021-01-01,5.8681,1102.971789,387,354.05,1.3271,,,,,
2019-06-21,2023-01-01,6.6329,1146.519664,889,748.33,2.7848,,,,,
2019-06-21,2025-01-01,7.108,1171.805704,1391,1082.04,4.0088,,,,,
2019-06-21,2027-01-01,7.4545,1185.930737,1892,1364.53,5.0392,,,,,
2019-06-21,2029-01-01,7.6591,1197.956523,2391,1604.87,5.9154,,,,,
2019-06-24,2021-01-01,5.8747,1103.125055,386,353.05,1.3232,,,,,
2019-06-24,2023-01-01,6.6472,1146.355935,888,747.29,2.7806,,,,,
2019-06-24,2025-01-01,7.1279,1171.190885,1390,1080.88,4.0038,,,,,
2019-06-24,2027-01-01,7.4528,1186.370802,1891,1363.56,5.0356,,,,,
2019-06-24,2029-01-01,7.6614,1198.14431,2390,1603.8,5.9114,,,,,
2019-06-25,2021-01-01,5.9763,1101.897548,385,352.01,1.3181,,,,,
2019-06-25,2023-01-01,6.7328,1143.927859,887,746.07,2.7738,,,,,
2019-06-25,2025-01-01,7.163,1169.866863,1389,1079.6,3.9978,,,,,
2019-06-25,2027-01-01,7.4867,1184.685219,1890,1362.01,5.0283,,,,,
2019-06-25,2029-01-01,7.675,1197.531943,2389,1602.44,5.9056,,,,,
2019-06-26,2021-01-01,5.9873,1101.992058,384,351.01,1.3142,,,,,
2019-06-26,2023-01-01,6.7135,1144.835655,886,745.12,2.7708,,,,,
2019-06-26,2025-01-01,7.1169,1172.346633,1388,1078.97,3.9971,,,,,
2019-06-26,2027-01-01,7.4185,1189.099805,1889,1362.11,5.0319,,,,,
2019-06-26,2029-01-01,7.585,1204.277596,2388,1603.87,5.9159,,,,,
2019-06-27,2021-01-01,5.947,1102.828766,383,350.02,1.311,,,,,
2019-06-27,2023-01-01,6.6935,1145.764877,885,744.17,2.7678,,,,,
2019-06-27,2025-01-01,7.135,1171.818892,1387,1077.82,3.9922,,,,,
2019-06-27,2027-01-01,7.42,1189.347728,1888,1361.09,5.0281,,,,,
2019-06-27,2029-01-01,7.5928,1204.07111,2387,1602.66,5.911,,,,,
2019-06-28,2021-01-01,5.8696,1104.198754,382,349.05,1.3083,,,,,
2019-06-28,2023-01-01,6.6,1149.027009,884,743.42,2.7674,,,,,
2019-06-28,2025-01-01,6.995,1178.713974,1386,1077.92,3.9978,,,,,
2019-06-28,2027-01-01,7.28,1198.105021,1887,1362.34,5.0392,,,,,
2019-06-28,2029-01-01,7.4564,1214.192787,2386,1605.36,5.9284,,,,,
2019-07-01,2021-01-01,5.835,1056.13859,381,364.15,1.3654,,,,,
2019-07-01,2023-01-01,6.5481,1102.159886,883,775.44,2.888,,,,,
2019-07-01,2025-01-01,6.9118,1134.150739,1385,1123.94,4.1717,,,,,
2019-07-01,2027-01-01,7.18,1155.693312,1886,1420.48,5.2592,,,,,
2019-07-01,2029-01-01,7.3,1177.072711,2385,1675.25,6.1955,,,,,
2019-07-02,2021-01-01,5.865,1055.944935,380,363.14,1.3612,,,,,
2019-07-02,2023-01-01,6.6,1100.788769,882,774.34,2.8825,,,,,
2019-07-02,2025-01-01,6.9572,1132.306491,1384,1122.65,4.1652,,,,,
2019-07-02,2027-01-01,7.21,1154.188672,1885,1419.07,5.2525,,,,,
2019-07-02,2029-01-01,7.3,1177.401863,2384,1674.25,6.1918,,,,,
2019-07-03,2021-01-01,5.8179,1056.859441,379,362.15,1.3581,,,,,
2019-07-03,2023-01-01,6.5074,1104.008714,881,773.51,2.8819,,,,,
2019-07-03,2025-01-01,6.91,1134.837593,1383,1121.95,4.1644,,,,,
2019-07-03,2027-01-01,7.1554,1157.826361,1884,1418.82,5.2543,,,,,
2019-07-03,2029-01-01,7.2877,1178.629003,2383,1673.54,6.1899,,,,,
2019-07-04,2021-01-01,5.75,1058.0695,378,361.16,1.3552,,,,,
2019-07-04,2023-01-01,6.4483,1106.165609,880,772.61,2.8802,,,,,
2019-07-04,2025-01-01,6.8826,1136.434319,1382,1121.12,4.1624,,,,,
2019-07-04,2027-01-01,7.1533,1158.271783,1883,1417.85,5.2508,,,,,
2019-07-04,2029-01-01,7.29,1178.790136,2382,1672.49,6.1859,,,,,
2019-07-05,2021-01-01,5.7,1059.019822,377,360.16,1.3521,,,,,
2019-07-05,2023-01-01,6.4491,1106.414482,879,771.61,2.8764,,,,,
2019-07-05,2025-01-01,6.9417,1133.943851,1381,1119.75,4.155,,,,,
2019-07-05,2027-01-01,7.2277,1154.073493,1882,1415.83,5.2396,,,,,
2019-07-05,2029-01-01,7.38,1172.576604,2381,1669.33,6.169,,,,,
2019-07-08,2021-01-01,5.66,1059.824391,376,359.17,1.3489,,,,,
2019-07-08,2023-01-01,6.37,1109.207692,878,770.75,2.8754,,,,,
2019-07-08,2025-01-01,6.85,1138.577192,1380,1119.32,4.157,,,,,
2019-07-08,2027-01-01,7.1359,1159.966233,1881,1416.08,5.2451,,,,,
2019-07-08,2029-01-01,7.2751,1180.536331,2380,1670.85,6.1807,,,,,
2019-07-09,2021-01-01,5.66,1060.055964,375,358.17,1.3452,,,,,
2019-07-09,2023-01-01,6.37,1109.47954,877,769.75,2.8717,,,,,
2019-07-09,2025-01-01,6.85,1138.876586,1379,1118.32,4.1533,,,,,
2019-07-09,2027-01-01,7.1359,1160.283554,1880,1415.08,5.2414,,,,,
2019-07-09,2029-01-01,7.2751,1180.865364,2379,1669.85,6.177,,,,,
2019-07-10,2021-01-01,5.6216,1060.833986,374,357.17,1.3419,,,,,
2019-07-10,2023-01-01,6.285,1112.461386,876,768.91,2.8708,,,,,
2019-07-10,2025-01-01,6.7798,1142.502839,1378,1117.76,4.1539,,,,,
2019-07-10,2027-01-01,7.0798,1164.021848,1879,1414.85,5.2433,,,,,
2019-07-10,2029-01-01,7.205,1186.327211,2378,1670.53,6.1836,,,,,
2019-07-11,2021-01-01,5.6252,1061.013136,373,356.17,1.3381,,,,,
2019-07-11,2023-01-01,6.2771,1112.982572,875,767.92,2.8673,,,,,
2019-07-11,2025-01-01,6.7525,1144.096777,1377,1116.93,4.1519,,,,,
2019-07-11,2027-01-01,7.0427,1166.606722,1878,1414.36,5.2433,,,,,
2019-07-11,2029-01-01,7.2018,1186.889745,2377,1669.61,6.1803,,,,,
2019-07-12,2021-01-01,5.6343,1061.114731,372,355.17,1.3342,,,,,
2019-07-12,2023-01-01,6.3083,1112.257491,874,766.86,2.8625,,,,,
2019-07-12,2025-01-01,6.804,1141.950935,1376,1115.61,4.145,,,,,
2019-07-12,2027-01-01,7.1034,1163.214446,1877,1412.53,5.2335,,,,,
2019-07-12,2029-01-01,7.2616,1182.838459,2376,1667.17,6.1679,,,,,
2019-07-15,2021-01-01,5.595,1061.900768,371,354.18,1.331,,,,,
2019-07-15,2023-01-01,6.2968,1112.893367,873,765.88,2.8592,,,,,
2019-07-15,2025-01-01,6.79,1142.912132,1375,1114.7,4.1421,,,,,
2019-07-15,2027-01-01,7.1017,1163.634822,1876,1411.55,5.23,,,,,
2019-07-15,2029-01-01,7.2342,1185.17049,2375,1666.83,6.1682,,,,,
2019-07-16,2021-01-01,5.595,1062.1302,370,353.18,1.3272,,,,,
2019-07-16,2023-01-01,6.3399,1111.794296,872,764.81,2.854,,,,,
2019-07-16,2025-01-01,6.8679,1139.530702,1374,1113.21,4.1336,,,,,
2019-07-16,2027-01-01,7.16,1160.408633,1875,1409.75,5.2205,,,,,
2019-07-16,2029-01-01,7.295,1181.062289,2374,1664.37,6.1556,,,,,
2019-07-17,2021-01-01,5.604,1062.233155,369,352.17,1.3234,,,,,
2019-07-17,2023-01-01,6.3484,1111.796151,871,763.79,2.85,,,,,
2019-07-17,2025-01-01,6.8563,1140.377632,1373,1112.28,4.1306,,,,,
2019-07-17,2027-01-01,7.15,1161.333527,1874,1408.89,5.2178,,,,,
2019-07-17,2029-01-01,7.2939,1181.472377,2373,1663.39,6.152,,,,,
2019-07-18,2021-01-01,5.555,1063.150399,368,351.18,1.3202,,,,,
2019-07-18,2023-01-01,6.3244,1112.827761,870,762.84,2.8471,,,,,
2019-07-18,2025-01-01,6.8318,1141.83251,1372,1111.44,4.1284,,,,,
2019-07-18,2027-01-01,7.1235,1163.260221,1873,1408.25,5.2167,,,,,
2019-07-18,2029-01-01,7.27,1183.542832,2372,1662.97,6.1518,,,,,
2019-07-19,2021-01-01,5.555,1063.378503,367,350.18,1.3165,,,,,
2019-07-19,2023-01-01,6.36,1111.9727,869,761.77,2.8421,,,,,
2019-07-19,2025-01-01,6.8465,1141.439392,1371,1110.34,4.1238,,,,,
2019-07-19,2027-01-01,7.145,1162.273324,1872,1406.96,5.2109,,,,,
2019-07-19,2029-01-01,7.29,1182.416356,2371,1661.49,6.1452,,,,,
2019-07-22,2021-01-01,5.515,1064.165398,366,349.19,1.3132,,,,,
2019-07-22,2023-01-01,6.3373,1112.961778,868,760.81,2.8392,,,,,
2019-07-22,2025-01-01,6.855,1141.339426,1370,1109.29,4.1196,,,,,
2019-07-22,2027-01-01,7.15,1162.288695,1871,1405.89,5.2067,,,,,
2019-07-22,2029-01-01,7.295,1182.383039,2370,1660.37,6.1408,,,,,
2019-07-23,2021-01-01,5.445,1065.368556,365,348.19,1.3104,,,,,
2019-07-23,2023-01-01,6.29,1114.727631,867,759.9,2.837,,,,,
2019-07-23,2025-01-01,6.785,1144.937172,1369,1108.73,4.1202,,,,,
2019-07-23,2027-01-01,7.065,1167.770256,1870,1406.06,5.2114,,,,,
2019-07-23,2029-01-01,7.21,1188.912536,2369,1661.41,6.1495,,,,,
2019-07-24,2021-01-01,5.4353,1065.727796,364,347.2,1.3067,,,,,
2019-07-24,2023-01-01,6.25,1116.262157,866,758.97,2.8346,,,,,
2019-07-24,2025-01-01,6.76,1146.415509,1368,1107.88,4.118,,,,,
2019-07-24,2027-01-01,7.0279,1170.348968,1869,1405.56,5.2114,,,,,
2019-07-24,2029-01-01,7.1851,1191.064945,2368,1661.01,6.1494,,,,,
2019-07-25,2021-01-01,5.485,1065.26176,363,346.19,1.3023,,,,,
2019-07-25,2023-01-01,6.33,1114.006171,865,757.83,2.8282,,,,,
2019-07-25,2025-01-01,6.82,1143.885638,1367,1106.51,4.1106,,,,,
2019-07-25,2027-01-01,7.09,1166.882679,1868,1403.71,5.2015,,,,,
2019-07-25,2029-01-01,7.237,1187.596921,2367,1658.76,6.1382,,,,,
2019-07-26,2021-01-01,5.4864,1065.468142,362,345.19,1.2986,,,,,
2019-07-26,2023-01-01,6.29,1115.537444,864,756.9,2.8258,,,,,
2019-07-26,2025-01-01,6.7925,1145.479073,1366,1105.68,4.1085,,,,,
2019-07-26,2027-01-01,7.05,1169.632837,1867,1403.26,5.2018,,,,,
2019-07-26,2029-01-01,7.235,1188.072171,2366,1657.81,6.1348,,,,,
2019-07-29,2021-01-01,5.4666,1065.967266,361,344.19,1.295,,,,,
2019-07-29,2023-01-01,6.282,1116.059464,863,755.91,2.8223,,,,,
2019-07-29,2025-01-01,6.775,1146.601748,1365,1104.79,4.1059,,,,,
2019-07-29,2027-01-01,7.04,1170.558126,1866,1402.4,5.1991,,,,,
2019-07-29,2029-01-01,7.22,1189.496405,2365,1657.17,6.1332,,,,,
2019-07-30,2021-01-01,5.445,1066.489882,360,343.19,1.2916,,,,,
2019-07-30,2023-01-01,6.28,1116.392257,862,754.91,2.8187,,,,,
2019-07-30,2025-01-01,6.7641,1147.413314,1364,1103.86,4.1029,,,,,
2019-07-30,2027-01-01,7.035,1171.178735,1865,1401.47,5.1959,,,,,
2019-07-30,2029-01-01,7.1917,1191.894294,2364,1656.85,6.1337,,,,,
2019-07-31,2021-01-01,5.525,1065.61632,359,342.18,1.2868,,,,,
2019-07-31,2023-01-01,6.33,1115.092012,861,753.83,2.8133,,,,,
2019-07-31,2025-01-01,6.825,1144.849577,1363,1102.48,4.0954,,,,,
2019-07-31,2027-01-01,7.0873,1168.315899,1864,1399.75,5.187,,,,,
2019-07-31,2029-01-01,7.2461,1188.251784,2363,1654.54,6.122,,,,,
2019-08-01,2021-01-01,5.425,1067.212801,358,341.2,1.2843,,,,,
2019-08-01,2023-01-01,6.3275,1115.441983,860,752.83,2.8096,,,,,
2019-08-01,2025-01-01,6.8297,1144.929244,1362,1101.45,4.0914,,,,,
2019-08-01,2027-01-01,7.105,1167.560726,1863,1398.51,5.1815,,,,,
2019-08-01,2029-01-01,7.2486,1188.399702,2362,1653.48,6.118,,,,,
2019-08-02,2021-01-01,5.4433,1067.18647,357,340.19,1.2803,,,,,
2019-08-02,2023-01-01,6.3434,1115.215984,859,751.8,2.8054,,,,,
2019-08-02,2025-01-01,6.8279,1145.313758,1361,1100.46,4.0878,,,,,
2019-08-02,2027-01-01,7.085,1169.090413,1862,1397.78,5.1798,,,,,
2019-08-02,2029-01-01,7.2377,1189.523266,2361,1652.74,6.1159,,,,,
2019-08-05,2021-01-01,5.5859,1065.471049,356,339.18,1.2747,,,,,
2019-08-05,2023-01-01,6.505,1110.454058,858,750.51,2.7963,,,,,
2019-08-05,2025-01-01,6.955,1139.685102,1360,1098.67,4.0763,,,,,
2019-08-05,2027-01-01,7.215,1161.566588,1861,1395.0,5.1632,,,,,
2019-08-05,2029-01-01,7.3616,1180.879545,2360,1648.77,6.0941,,,,,
2019-08-06,2021-01-01,5.5,1066.865515,355,338.19,1.2721,,,,,
2019-08-06,2023-01-01,6.3884,1114.356921,857,749.72,2.7964,,,,,
2019-08-06,2025-01-01,6.85,1144.881023,1359,1098.32,4.079,,,,,
2019-08-06,2027-01-01,7.1195,1167.638597,1860,1395.31,5.1689,,,,,
2019-08-06,2029-01-01,7.275,1187.472574,2359,1649.85,6.103,,,,,
2019-08-07,2021-01-01,5.4483,1067.792315,354,337.19,1.2689,,,,,
2019-08-07,2023-01-01,6.344,1116.014114,856,748.8,2.7942,,,,,
2019-08-07,2025-01-01,6.795,1147.754242,1358,1097.66,4.0787,,,,,
2019-08-07,2027-01-01,7.0527,1172.00131,1859,1395.23,5.1719,,,,,
2019-08-07,2029-01-01,7.1928,1193.786421,2358,1650.82,6.1113,,,,,
2019-08-08,2021-01-01,5.421,1068.386127,353,336.2,1.2655,,,,,
2019-08-08,2023-01-01,6.32,1117.034486,855,747.84,2.7912,,,,,
2019-08-08,2025-01-01,6.75,1150.162715,1357,1096.94,4.0777,,,,,
2019-08-08,2027-01-01,7.01,1174.912226,1858,1394.81,5.1724,,,,,
2019-08-08,2029-01-01,7.15,1197.246258,2357,1650.85,6.1138,,,,,
2019-08-09,2021-01-01,5.4122,1068.728631,352,335.2,1.2619,,,,,
2019-08-09,2023-01-01,6.3299,1116.997894,854,746.83,2.7872,,,,,
2019-08-09,2025-01-01,6.765,1149.757747,1356,1095.85,4.0731,,,,,
2019-08-09,2027-01-01,7.02,1174.620245,1857,1393.67,5.1677,,,,,
2019-08-09,2029-01-01,7.1606,1196.798226,2356,1649.59,6.1086,,,,,
2019-08-12,2021-01-01,5.4211,1068.83251,351,334.2,1.258,,,,,
2019-08-12,2023-01-01,6.365,1116.179182,853,745.76,2.7823,,,,,
2019-08-12,2025-01-01,6.7779,1149.452618,1355,1094.77,4.0686,,,,,
2019-08-12,2027-01-01,7.0479,1173.243502,1856,1392.29,5.1612,,,,,
2019-08-12,2029-01-01,7.1963,1194.518615,2355,1647.74,6.0997,,,,,
2019-08-13,2021-01-01,5.4104,1069.199934,350,333.2,1.2544,,,,,
2019-08-13,2023-01-01,6.33,1117.539025,852,744.83,2.7797,,,,,
2019-08-13,2025-01-01,6.765,1150.355228,1354,1093.85,4.0656,,,,,
2019-08-13,2027-01-01,7.0263,1174.87048,1855,1391.59,5.1596,,,,,
2019-08-13,2029-01-01,7.1754,1196.373468,2354,1647.24,6.099,,,,,
2019-08-14,2021-01-01,5.4813,1068.476048,349,332.19,1.2497,,,,,
2019-08-14,2023-01-01,6.43,1114.714367,851,743.65,2.7727,,,,,
2019-08-14,2025-01-01,6.8324,1147.508086,1353,1092.43,4.0578,,,,,
2019-08-14,2027-01-01,7.0973,1170.891023,1854,1389.61,5.1489,,,,,
2019-08-14,2029-01-01,7.25,1191.27194,2353,1644.45,6.0845,,,,,
2019-08-15,2021-01-01,5.49,1068.586499,348,331.19,1.2458,,,,,
2019-08-15,2023-01-01,6.4247,1115.153707,850,742.66,2.7691,,,,,
2019-08-15,2025-01-01,6.835,1147.688034,1352,1091.42,4.0539,,,,,
2019-08-15,2027-01-01,7.095,1171.348427,1853,1388.65,5.1454,,,,,
2019-08-15,2029-01-01,7.255,1191.240229,2352,1643.33,6.08,,,,,
2019-08-16,2021-01-01,5.42,1069.743169,347,330.2,1.2429,,,,,
2019-08-16,2023-01-01,6.3332,1118.256818,849,741.82,2.7684,,,,,
2019-08-16,2025-01-01,6.7767,1150.705786,1351,1090.78,4.0538,,,,,
2019-08-16,2027-01-01,7.0365,1175.202655,1852,1388.45,5.1475,,,,,
2019-08-16,2029-01-01,7.1969,1195.793236,2351,1643.72,6.0848,,,,,
2019-08-19,2021-01-01,5.48,1069.172258,346,329.19,1.2384,,,,,
2019-08-19,2023-01-01,6.3938,1116.657615,848,740.71,2.7627,,,,,
2019-08-19,2025-01-01,6.8249,1148.760104,1350,1089.48,4.0471,,,,,
2019-08-19,2027-01-01,7.0975,1171.835134,1851,1386.61,5.1378,,,,,
2019-08-19,2029-01-01,7.2464,1192.525989,2350,1641.53,6.0739,,,,,
2019-08-20,2021-01-01,5.4618,1069.638993,345,328.19,1.2349,,,,,
2019-08-20,2023-01-01,6.4018,1116.685794,847,739.7,2.7587,,,,,
2019-08-20,2025-01-01,6.8476,1148.006523,1349,1088.34,4.042,,,,,
2019-08-20,2027-01-01,7.1181,1170.913842,1850,1385.33,5.132,,,,,
2019-08-20,2029-01-01,7.2987,1189.074175,2349,1639.28,6.0626,,,,,
2019-08-21,2021-01-01,5.381,1070.929952,344,327.2,1.2321,,,,,
2019-08-21,2023-01-01,6.304,1119.976097,846,738.87,2.7582,,,,,
2019-08-21,2025-01-01,6.745,1153.082272,1348,1087.97,4.0446,,,,,
2019-08-21,2027-01-01,7.0377,1176.081817,1849,1385.43,5.1363,,,,,
2019-08-21,2029-01-01,7.1982,1196.688383,2348,1640.69,6.0735,,,,,
2019-08-22,2021-01-01,5.4,1070.902771,343,326.2,1.2281,,,,,
2019-08-22,2023-01-01,6.33,1119.44597,845,737.83,2.7536,,,,,
2019-08-22,2025-01-01,6.7724,1152.104237,1347,1086.8,4.0392,,,,,
2019-08-22,2027-01-01,7.0566,1175.257561,1848,1384.17,5.1307,,,,,
2019-08-22,2029-01-01,7.22,1195.434241,2347,1639.17,6.0666,,,,,
2019-08-23,2021-01-01,5.4615,1070.320302,342,325.19,1.2236,,,,,
2019-08-23,2023-01-01,6.3936,1117.762826,844,736.71,2.7478,,,,,
2019-08-23,2025-01-01,6.82,1150.191945,1346,1085.51,4.0326,,,,,
2019-08-23,2027-01-01,7.091,1173.502429,1847,1382.7,5.1236,,,,,
2019-08-23,2029-01-01,7.25,1193.590303,2346,1637.45,6.0586,,,,,
2019-08-26,2021-01-01,5.53,1069.652306,341,324.18,1.219,,,,,
2019-08-26,2023-01-01,6.539,1113.589661,843,735.45,2.7393,,,,,
2019-08-26,2025-01-01,6.9166,1146.025055,1345,1083.91,4.023,,,,,
2019-08-26,2027-01-01,7.1631,1169.494494,1846,1380.71,5.1128,,,,,
2019-08-26,2029-01-01,7.32,1188.870706,2345,1634.77,6.0447,,,,,
2019-08-27,2021-01-01,5.595,1069.036276,340,323.18,1.2145,,,,,
2019-08-27,2023-01-01,6.6065,1111.815514,842,734.33,2.7334,,,,,
2019-08-27,2025-01-01,6.995,1142.722884,1344,1082.42,4.0145,,,,,
2019-08-27,2027-01-01,7.2401,1165.220803,1845,1378.66,5.1015,,,,,
2019-08-27,2029-01-01,7.395,1183.826938,2344,1631.96,6.0301,,,,,
2019-08-28,2021-01-01,5.6525,1068.523325,339,322.17,1.21,,,,,
2019-08-28,2023-01-01,6.6941,1109.443077,841,733.18,2.7269,,,,,
2019-08-28,2025-01-01,7.11,1137.771213,1343,1080.7,4.0038,,,,,
2019-08-28,2027-01-01,7.37,1157.852209,1844,1375.87,5.085,,,,,
2019-08-28,2029-01-01,7.5347,1174.239975,2343,1627.6,6.0062,,,,,
2019-08-29,2021-01-01,5.6295,1069.053096,338,321.17,1.2066,,,,,
2019-08-29,2023-01-01,6.6623,1110.689964,840,732.23,2.7242,,,,,
2019-08-29,2025-01-01,7.07,1139.905369,1342,1079.95,4.0025,,,,,
2019-08-29,2027-01-01,7.35,1159.358163,1843,1375.15,5.0833,,,,,
2019-08-29,2029-01-01,7.5165,1175.864138,2342,1627.04,6.0051,,,,,
2019-08-30,2021-01-01,5.54,1070.43769,337,320.18,1.2039,,,,,
2019-08-30,2023-01-01,6.5229,1115.198944,839,731.48,2.725,,,,,
2019-08-30,2025-01-01,6.97,1144.789065,1341,1079.58,4.0049,,,,,
2019-08-30,2027-01-01,7.2359,1166.440485,1842,1375.71,5.0908,,,,,
2019-08-30,2029-01-01,7.4263,1182.601038,2341,1628.21,6.0145,,,,,
2019-09-02,2021-01-01,5.59,1070.024645,336,319.18,1.1995,,,,,
2019-09-02,2023-01-01,6.595,1113.293118,838,730.35,2.7189,,,,,
2019-09-02,2025-01-01,7.0184,1142.879371,1340,1078.27,3.9982,,,,,
2019-09-02,2027-01-01,7.2917,1163.454639,1841,1373.95,5.0816,,,,,
2019-09-02,2029-01-01,7.455,1180.896707,2340,1626.52,6.0067,,,,,
2019-09-03,2021-01-01,5.5099,1071.281625,335,318.19,1.1967,,,,,
2019-09-03,2023-01-01,6.49,1116.756558,837,729.54,2.7186,,,,,
2019-09-03,2025-01-01,6.93,1147.235919,1339,1077.82,3.9999,,,,,
2019-09-03,2027-01-01,7.204,1168.984234,1840,1374.15,5.0865,,,,,
2019-09-03,2029-01-01,7.3674,1187.475436,2339,1627.63,6.0156,,,,,
2019-09-04,2021-01-01,5.43,1072.53187,334,317.2,1.1939,,,,,
2019-09-04,2023-01-01,6.3922,1120.00677,836,728.71,2.718,,,,,
2019-09-04,2025-01-01,6.84,1151.680744,1338,1077.38,4.0016,,,,,
2019-09-04,2027-01-01,7.11,1174.918647,1839,1374.44,5.0921,,,,,
2019-09-04,2029-01-01,7.28,1194.081995,2338,1628.73,6.0246,,,,,
2019-09-05,2021-01-01,5.4,1073.140081,333,316.2,1.1905,,,,,
2019-09-05,2023-01-01,6.365,1121.10971,835,727.76,2.7151,,,,,
2019-09-05,2025-01-01,6.8365,1152.144454,1337,1076.41,3.9981,,,,,
2019-09-05,2027-01-01,7.1109,1175.185051,1838,1373.43,5.0883,,,,,
2019-09-05,2029-01-01,7.302,1192.832542,2337,1627.2,6.0177,,,,,
2019-09-06,2021-01-01,5.38,1073.618879,332,315.2,1.1869,,,,,
2019-09-06,2023-01-01,6.38,1120.928322,834,726.74,2.7109,,,,,
2019-09-06,2025-01-01,6.855,1151.595181,1336,1075.29,3.9933,,,,,
2019-09-06,2027-01-01,7.13,1174.36331,1837,1372.17,5.0827,,,,,
2019-09-06,2029-01-01,7.3391,1190.50509,2336,1625.31,6.0087,,,,,
2019-09-09,2021-01-01,5.3459,1074.275575,331,314.21,1.1836,,,,,
2019-09-09,2023-01-01,6.3537,1122.002155,833,725.78,2.708,,,,,
2019-09-09,2025-01-01,6.84,1152.588217,1335,1074.38,3.9905,,,,,
2019-09-09,2027-01-01,7.125,1174.983018,1836,1371.23,5.0795,,,,,
2019-09-09,2029-01-01,7.315,1192.566834,2335,1624.89,6.0084,,,,,
2019-09-10,2021-01-01,5.355,1074.382261,330,313.21,1.1797,,,,,
2019-09-10,2023-01-01,6.3818,1121.424095,832,724.73,2.7034,,,,,
2019-09-10,2025-01-01,6.87,1151.512347,1334,1073.2,3.985,,,,,
2019-09-10,2027-01-01,7.15,1173.812176,1835,1369.89,5.0733,,,,,
2019-09-10,2029-01-01,7.335,1191.467922,2334,1623.41,6.0019,,,,,
2019-09-11,2021-01-01,5.385,1074.22571,329,312.2,1.1756,,,,,
2019-09-11,2023-01-01,6.3829,1121.666122,831,723.73,2.6996,,,,,
2019-09-11,2025-01-01,6.86,1152.274945,1333,1072.26,3.9818,,,,,
2019-09-11,2027-01-01,7.1299,1175.33255,1834,1369.17,5.0716,,,,,
2019-09-11,2029-01-01,7.315,1193.235221,2333,1622.89,6.0011,,,,,
2019-09-12,2021-01-01,5.345,1074.953162,328,311.21,1.1723,,,,,
2019-09-12,2023-01-01,6.325,1123.694803,830,722.83,2.6978,,,,,
2019-09-12,2025-01-01,6.8181,1154.502815,1332,1071.52,3.9807,,,,,
2019-09-12,2027-01-01,7.075,1178.934872,1833,1368.92,5.0733,,,,,
2019-09-12,2029-01-01,7.2948,1195.018424,2332,1622.37,6.0003,,,,,
2019-09-13,2021-01-01,5.385,1074.672972,327,310.2,1.1681,,,,,
2019-09-13,2023-01-01,6.425,1120.946184,829,721.66,2.6908,,,,,
2019-09-13,2025-01-01,6.935,1149.450504,1331,1069.79,3.9699,,,,,
2019-09-13,2027-01-01,7.1932,1172.209452,1832,1366.3,5.058,,,,,
2019-09-13,2029-01-01,7.4,1187.836213,2331,1618.84,5.9814,,,,,
2019-09-16,2021-01-01,5.275,1076.274949,326,309.22,1.1656,,,,,
2019-09-16,2023-01-01,6.314,1124.574662,828,720.85,2.6906,,,,,
2019-09-16,2025-01-01,6.83,1154.561043,1330,1069.45,3.9725,,,,,
2019-09-16,2027-01-01,7.1,1178.080356,1831,1366.58,5.0634,,,,,
2019-09-16,2029-01-01,7.3,1195.313438,2330,1620.25,5.9921,,,,,
2019-09-17,2021-01-01,5.2112,1077.292992,325,308.22,1.1625,,,,,
2019-09-17,2023-01-01,6.205,1128.149274,827,720.05,2.6904,,,,,
2019-09-17,2025-01-01,6.7,1160.846894,1329,1069.25,3.9766,,,,,
2019-09-17,2027-01-01,6.99,1184.9926,1830,1367.08,5.0705,,,,,
2019-09-17,2029-01-01,7.1865,1203.822758,2329,1621.97,6.0049,,,,,
2019-09-18,2021-01-01,5.22,1077.400317,324,307.22,1.1587,,,,,
2019-09-18,2023-01-01,6.2028,1128.485513,826,719.05,2.6867,,,,,
2019-09-18,2025-01-01,6.6862,1161.782882,1328,1068.34,3.9738,,,,,
2019-09-18,2027-01-01,6.9779,1186.038199,1829,1366.25,5.068,,,,,
2019-09-18,2029-01-01,7.175,1204.986731,2328,1621.25,6.0028,,,,,
2019-09-19,2021-01-01,5.03,1079.987302,323,306.25,1.1571,,,,,
2019-09-19,2023-01-01,6.1202,1131.260537,825,718.2,2.6856,,,,,
2019-09-19,2025-01-01,6.67,1162.829442,1327,1067.44,3.971,,,,,
2019-09-19,2027-01-01,6.958,1187.55352,1828,1365.52,5.0662,,,,,
2019-09-19,2029-01-01,7.16,1206.404691,2327,1620.61,6.0013,,,,,
2019-09-20,2021-01-01,4.9814,1080.803405,322,305.25,1.1538,,,,,
2019-09-20,2023-01-01,6.0108,1134.854165,824,717.39,2.6854,,,,,
2019-09-20,2025-01-01,6.56,1168.221565,1326,1067.12,3.9739,,,,,
2019-09-20,2027-01-01,6.8466,1194.603744,1827,1366.05,5.0735,,,,,
2019-09-20,2029-01-01,7.0619,1213.873534,2326,1621.96,6.0118,,,,,
2019-09-23,2021-01-01,5.0105,1080.650256,321,304.25,1.1497,,,,,
2019-09-23,2023-01-01,6.0649,1133.471993,823,716.3,2.6799,,,,,
2019-09-23,2025-01-01,6.6074,1166.318772,1325,1065.83,3.9673,,,,,
2019-09-23,2027-01-01,6.894,1192.047701,1826,1364.4,5.0651,,,,,
2019-09-23,2029-01-01,7.1095,1210.732728,2325,1619.82,6.0012,,,,,
2019-09-24,2021-01-01,5.0321,1080.592455,320,303.24,1.1457,,,,,
2019-09-24,2023-01-01,6.0854,1133.115126,822,715.26,2.6755,,,,,
2019-09-24,2025-01-01,6.6562,1164.360165,1324,1064.53,3.9607,,,,,
2019-09-24,2027-01-01,6.9536,1188.769577,1825,1362.58,5.0555,,,,,
2019-09-24,2029-01-01,7.17,1206.674477,2324,1617.37,5.9887,,,,,
2019-09-25,2021-01-01,5.0123,1081.047423,319,302.25,1.1421,,,,,
2019-09-25,2023-01-01,6.06,1134.15031,821,714.31,2.6726,,,,,
2019-09-25,2025-01-01,6.5977,1167.359773,1323,1063.89,3.9605,,,,,
2019-09-25,2027-01-01,6.8812,1193.45195,1824,1362.57,5.0589,,,,,
2019-09-25,2029-01-01,7.0878,1212.971757,2323,1618.34,5.9969,,,,,
2019-09-26,2021-01-01,4.9828,1081.62047,318,301.25,1.1387,,,,,
2019-09-26,2023-01-01,6.0299,1135.326964,820,713.36,2.6698,,,,,
2019-09-26,2025-01-01,6.555,1169.632005,1322,1063.15,3.9593,,,,,
2019-09-26,2027-01-01,6.835,1196.562971,1823,1362.2,5.0597,,,,,
2019-09-26,2029-01-01,7.06,1215.327661,2322,1618.01,5.9973,,,,,
2019-09-27,2021-01-01,4.9622,1082.082181,317,300.25,1.1352,,,,,
2019-09-27,2023-01-01,6.0011,1136.463203,819,712.41,2.667,,,,,
2019-09-27,2025-01-01,6.53,1171.08512,1321,1062.31,3.9571,,,,,
2019-09-27,2027-01-01,6.82,1197.786197,1822,1361.41,5.0575,,,,,
2019-09-27,2029-01-01,7.0424,1216.94152,2321,1617.43,5.9961,,,,,
2019-09-30,2021-01-01,4.9516,1082.419968,316,299.25,1.1315,,,,,
2019-09-30,2023-01-01,5.99,1137.06217,818,711.43,2.6636,,,,,
2019-09-30,2025-01-01,6.5422,1170.814017,1320,1061.23,3.9527,,,,,
2019-09-30,2027-01-01,6.82,1198.099825,1821,1360.41,5.0538,,,,,
2019-09-30,2029-01-01,7.04,1217.445499,2320,1616.49,5.9927,,,,,
2019-10-01,2021-01-01,4.9535,1082.60438,315,298.25,1.1277,,,,,
2019-10-01,2023-01-01,5.9775,1137.702922,817,710.45,2.6602,,,,,
2019-10-01,2025-01-01,6.51,1172.599769,1319,1060.43,3.9509,,,,,
2019-10-01,2027-01-01,6.79,1200.233186,1820,1359.82,5.053,,,,,
2019-10-01,2029-01-01,7.0,1220.69989,2319,1616.44,5.9948,,,,,
2019-10-02,2021-01-01,4.9471,1082.889994,314,297.26,1.124,,,,,
2019-10-02,2023-01-01,5.99,1137.587276,816,709.43,2.6561,,,,,
2019-10-02,2025-01-01,6.5478,1171.144112,1318,1059.2,3.9449,,,,,
2019-10-02,2027-01-01,6.8156,1198.993845,1819,1358.47,5.0468,,,,,
2019-10-02,2029-01-01,7.0384,1218.219821,2318,1614.52,5.9856,,,,,
2019-10-03,2021-01-01,4.88,1083.9122,313,296.26,1.1209,,,,,
2019-10-03,2023-01-01,5.927,1139.753556,815,708.54,2.6544,,,,,
2019-10-03,2025-01-01,6.5078,1173.288699,1317,1058.45,3.9435,,,,,
2019-10-03,2027-01-01,6.7787,1201.544871,1818,1357.97,5.0467,,,,,
2019-10-03,2029-01-01,6.9986,1221.458055,2317,1614.48,5.9876,,,,,
2019-10-04,2021-01-01,4.86,1084.359437,312,295.27,1.1174,,,,,
2019-10-04,2023-01-01,5.9182,1140.279968,814,707.56,2.6509,,,,,
2019-10-04,2025-01-01,6.4763,1175.040833,1316,1057.64,3.9417,,,,,
2019-10-04,2027-01-01,6.7604,1202.9688,1817,1357.22,5.0448,,,,,
2019-10-04,2029-01-01,6.97,1223.881932,2316,1614.16,5.988,,,,,
2019-10-07,2021-01-01,4.88,1084.322157,311,294.26,1.1134,,,,,
2019-10-07,2023-01-01,5.9662,1139.092301,813,706.47,2.6456,,,,,
2019-10-07,2025-01-01,6.535,1172.619383,1315,1056.28,3.9345,,,,,
2019-10-07,2027-01-01,6.82,1199.669198,1816,1355.41,5.0352,,,,,
2019-10-07,2029-01-01,7.0248,1220.199021,2315,1611.85,5.9764,,,,,
2019-10-08,2021-01-01,4.8184,1085.26896,310,293.27,1.1103,,,,,
2019-10-08,2023-01-01,5.915,1140.896929,812,705.56,2.6435,,,,,
2019-10-08,2025-01-01,6.5009,1174.4885,1314,1055.49,3.9328,,,,,
2019-10-08,2027-01-01,6.785,1202.101582,1815,1354.89,5.0349,,,,,
2019-10-08,2029-01-01,6.9866,1223.320285,2314,1611.76,5.9782,,,,,
2019-10-09,2021-01-01,4.71,1086.775083,309,292.28,1.1077,,,,,
2019-10-09,2023-01-01,5.777,1145.325227,811,704.81,2.6441,,,,,
2019-10-09,2025-01-01,6.3776,1180.49581,1313,1055.25,3.9365,,,,,
2019-10-09,2027-01-01,6.67,1209.40804,1814,1355.46,5.0425,,,,,
2019-10-09,2029-01-01,6.89,1230.74747,2313,1613.08,5.9885,,,,,
2019-10-10,2021-01-01,4.65,1087.693984,308,291.29,1.1046,,,,,
2019-10-10,2023-01-01,5.6963,1148.025268,810,703.95,2.6429,,,,,
2019-10-10,2025-01-01,6.34,1182.534295,1312,1054.49,3.935,,,,,
2019-10-10,2027-01-01,6.66,1210.328443,1813,1354.59,5.0397,,,,,
2019-10-10,2029-01-01,6.88,1231.810887,2312,1612.32,5.9862,,,,,
2019-10-11,2021-01-01,4.59,1088.60914,307,290.3,1.1014,,,,,
2019-10-11,2023-01-01,5.5386,1153.071258,809,703.23,2.6442,,,,,
2019-10-11,2025-01-01,6.1546,1191.492654,1311,1054.63,3.9424,,,,,
2019-10-11,2027-01-01,6.46,1222.931909,1812,1356.32,5.0556,,,,,
2019-10-11,2029-01-01,6.68,1247.021306,2311,1616.1,6.0115,,,,,
2019-10-14,2021-01-01,4.5702,1089.039703,306,289.3,1.0978,,,,,
2019-10-14,2023-01-01,5.4967,1154.594917,808,702.31,2.6417,,,,,
2019-10-14,2025-01-01,6.14,1192.461076,1310,1053.72,3.9396,,,,,
2019-10-14,2027-01-01,6.4368,1224.672285,1811,1355.63,5.0542,,,,,
2019-10-14,2029-01-01,6.649,1249.670239,2310,1615.84,6.0123,,,,,
2019-10-15,2021-01-01,4.61,1088.758755,305,288.3,1.0936,,,,,
2019-10-15,2023-01-01,5.58,1152.306488,807,701.16,2.6353,,,,,
2019-10-15,2025-01-01,6.215,1189.227457,1309,1052.26,3.9313,,,,,
2019-10-15,2027-01-01,6.525,1219.529184,1810,1353.43,5.0418,,,,,
2019-10-15,2029-01-01,6.735,1243.54596,2309,1612.78,5.9961,,,,,
2019-10-16,2021-01-01,4.52,1090.022588,304,287.31,1.0908,,,,,
2019-10-16,2023-01-01,5.45,1156.507581,806,700.39,2.6357,,,,,
2019-10-16,2025-01-01,6.1077,1194.542581,1308,1051.92,3.934,,,,,
2019-10-16,2027-01-01,6.415,1226.629423,1809,1353.93,5.0489,,,,,
2019-10-16,2029-01-01,6.655,1249.85795,2308,1613.69,6.004,,,,,
2019-10-17,2021-01-01,4.47,1090.806671,303,286.31,1.0876,,,,,
2019-10-17,2023-01-01,5.38,1158.88514,805,699.51,2.6341,,,,,
2019-10-17,2025-01-01,5.9982,1199.984138,1307,1051.6,3.9369,,,,,
2019-10-17,2027-01-01,6.3135,1233.244881,1808,1354.31,5.0551,,,,,
2019-10-17,2029-01-01,6.525,1259.994838,2307,1615.8,6.0191,,,,,
2019-10-18,2021-01-01,4.45,1091.2325,302,285.32,1.084,,,,,
2019-10-18,2023-01-01,5.38,1159.126152,804,698.51,2.6304,,,,,
2019-10-18,2025-01-01,6.01,1199.704363,1306,1050.53,3.9324,,,,,
2019-10-18,2027-01-01,6.31,1233.762904,1807,1353.36,5.0517,,,,,
2019-10-18,2029-01-01,6.54,1259.173072,2306,1614.44,6.0132,,,,,
2019-10-21,2021-01-01,4.44,1091.538954,301,284.32,1.0803,,,,,
2019-10-21,2023-01-01,5.37,1159.671792,803,697.53,2.6269,,,,,
2019-10-21,2025-01-01,6.0,1200.454082,1305,1049.59,3.9293,,,,,
2019-10-21,2027-01-01,6.31,1234.062515,1806,1352.36,5.048,,,,,
2019-10-21,2029-01-01,6.54,1259.489655,2305,1613.44,6.0095,,,,,
2019-10-22,2021-01-01,4.54,1090.553139,300,283.31,1.0754,,,,,
2019-10-22,2023-01-01,5.478,1156.633273,802,696.34,2.6197,,,,,
2019-10-22,2025-01-01,6.091,1196.450555,1304,1048.03,3.9201,,,,,
2019-10-22,2027-01-01,6.3888,1229.463423,1805,1350.29,5.0365,,,,,
2019-10-22,2029-01-01,6.5975,1255.461062,2304,1611.07,5.9974,,,,,
2019-10-23,2021-01-01,4.5022,1091.187298,299,282.31,1.072,,,,,
2019-10-23,2023-01-01,5.42,1158.635326,801,695.44,2.6178,,,,,
2019-10-23,2025-01-01,6.0262,1199.775482,1303,1047.43,3.9202,,,,,
2019-10-23,2027-01-01,6.322,1233.914576,1804,1350.19,5.0393,,,,,
2019-10-23,2029-01-01,6.5476,1259.547734,2303,1611.26,6.001,,,,,
2019-10-24,2021-01-01,4.4642,1091.821192,298,281.31,1.0686,,,,,
2019-10-24,2023-01-01,5.4463,1158.08171,800,694.4,2.6132,,,,,
2019-10-24,2025-01-01,6.06,1198.466061,1302,1046.22,3.9144,,,,,
2019-10-24,2027-01-01,6.376,1230.860983,1803,1348.46,5.0303,,,,,
2019-10-24,2029-01-01,6.605,1255.533014,2302,1608.89,5.9889,,,,,
2019-10-25,2021-01-01,4.4024,1092.7295,297,280.32,1.0655,,,,,
2019-10-25,2023-01-01,5.375,1160.483491,799,693.52,2.6117,,,,,
2019-10-25,2025-01-01,5.98,1202.506616,1301,1045.71,3.9155,,,,,
2019-10-25,2027-01-01,6.3002,1235.871907,1802,1348.49,5.034,,,,,
2019-10-25,2029-01-01,6.536,1261.059514,2301,1609.53,5.9952,,,,,
2019-10-28,2021-01-01,4.3928,1093.027734,296,279.32,1.0618,,,,,
2019-10-28,2023-01-01,5.335,1161.936376,798,692.59,2.6092,,,,,
2019-10-28,2025-01-01,5.94,1204.668944,1300,1044.96,3.9142,,,,,
2019-10-28,2027-01-01,6.25,1239.302394,1801,1348.17,5.0352,,,,,
2019-10-28,2029-01-01,6.4807,1265.570526,2300,1609.85,5.9995,,,,,
2019-10-29,2021-01-01,4.379,1093.373851,295,278.32,1.0581,,,,,
2019-10-29,2023-01-01,5.3225,1162.554638,797,691.62,2.6058,,,,,
2019-10-29,2025-01-01,5.96,1204.002419,1299,1043.83,3.9092,,,,,
2019-10-29,2027-01-01,6.29,1237.106258,1800,1346.63,5.0275,,,,,
2019-10-29,2029-01-01,6.52,1262.904371,2299,1607.91,5.9901,,,,,
2019-10-30,2021-01-01,4.3564,1093.820452,294,277.33,1.0546,,,,,
2019-10-30,2023-01-01,5.3116,1163.123758,796,690.64,2.6024,,,,,
2019-10-30,2025-01-01,5.94,1205.220759,1298,1042.96,3.9067,,,,,
2019-10-30,2027-01-01,6.28,1238.028372,1799,1345.77,5.0248,,,,,
2019-10-30,2029-01-01,6.5079,1264.137543,2298,1607.2,5.9881,,,,,
2019-10-31,2021-01-01,4.497,1092.391633,293,276.31,1.0493,,,,,
2019-10-31,2023-01-01,5.3709,1161.571954,795,689.53,2.5968,,,,,
2019-10-31,2025-01-01,5.945,1205.261407,1297,1041.93,3.9026,,,,,
2019-10-31,2027-01-01,6.2453,1240.490394,1798,1345.24,5.0244,,,,,
2019-10-31,2029-01-01,6.4658,1267.649098,2297,1607.21,5.9905,,,,,
2019-11-01,2021-01-01,4.4768,1092.813122,292,275.31,1.0457,,,,,
2019-11-01,2023-01-01,5.3315,1163.000971,794,688.6,2.5942,,,,,
2019-11-01,2025-01-01,5.9,1207.656579,1296,1041.2,3.9016,,,,,
2019-11-01,2027-01-01,6.1914,1244.156807,1797,1344.97,5.026,,,,,
2019-11-01,2029-01-01,6.4014,1272.872175,2296,1607.74,5.9961,,,,,
2019-11-04,2021-01-01,4.4996,1092.743472,291,274.31,1.0417,,,,,
2019-11-04,2023-01-01,5.3844,1161.648262,793,687.51,2.5888,,,,,
2019-11-04,2025-01-01,5.915,1207.224958,1295,1040.11,3.8969,,,,,
2019-11-04,2027-01-01,6.21,1243.290285,1796,1343.72,5.0204,,,,,
2019-11-04,2029-01-01,6.41,1272.528932,2295,1606.54,5.9911,,,,,
2019-11-05,2021-01-01,4.4965,1092.969506,290,273.31,1.0379,,,,,
2019-11-05,2023-01-01,5.435,1160.37171,792,686.42,2.5835,,,,,
2019-11-05,2025-01-01,5.95,1205.855535,1294,1038.9,3.8911,,,,,
2019-11-05,2027-01-01,6.2127,1243.418933,1795,1342.68,5.0164,,,,,
2019-11-05,2029-01-01,6.42,1272.079993,2294,1605.3,5.9859,,,,,
2019-11-06,2021-01-01,4.4922,1093.208898,289,272.31,1.0341,,,,,
2019-11-06,2023-01-01,5.535,1157.627054,791,685.24,2.5766,,,,,
2019-11-06,2025-01-01,6.0676,1200.632625,1293,1037.17,3.8803,,,,,
2019-11-06,2027-01-01,6.3465,1235.403506,1794,1339.86,4.9996,,,,,
2019-11-06,2029-01-01,6.53,1264.049641,2293,1601.68,5.9663,,,,,
2019-11-07,2021-01-01,4.54,1092.861298,288,271.31,1.0299,,,,,
2019-11-07,2023-01-01,5.59,1156.237802,790,684.14,2.5711,,,,,
2019-11-07,2025-01-01,6.145,1197.31545,1292,1035.69,3.872,,,,,
2019-11-07,2027-01-01,6.4229,1230.995531,1793,1337.82,4.9884,,,,,
2019-11-07,2029-01-01,6.64,1256.102358,2292,1598.05,5.9466,,,,,
2019-11-08,2021-01-01,4.5471,1092.974242,287,270.3,1.026,,,,,
2019-11-08,2023-01-01,5.6341,1155.179105,789,683.06,2.566,,,,,
2019-11-08,2025-01-01,6.1802,1195.96876,1291,1034.47,3.8661,,,,,
2019-11-08,2027-01-01,6.46,1229.02278,1792,1336.32,4.9811,,,,,
2019-11-08,2029-01-01,6.6662,1254.466314,2291,1596.43,5.9391,,,,,
2019-11-11,2021-01-01,4.5151,1093.524814,286,269.31,1.0225,,,,,
2019-11-11,2023-01-01,5.553,1157.835022,788,682.21,2.5648,,,,,
2019-11-11,2025-01-01,6.13,1198.577342,1290,1033.78,3.8654,,,,,
2019-11-11,2027-01-01,6.42,1231.781992,1791,1335.86,4.9812,,,,,
2019-11-11,2029-01-01,6.655,1255.623154,2290,1595.69,5.937,,,,,
2019-11-12,2021-01-01,4.5641,1093.170782,285,268.3,1.0182,,,,,
2019-11-12,2023-01-01,5.6722,1154.555997,787,681.0,2.5573,,,,,
2019-11-12,2025-01-01,6.28,1191.940008,1289,1031.86,3.8527,,,,,
2019-11-12,2027-01-01,6.57,1222.923759,1790,1332.82,4.9629,,,,,
2019-11-12,2029-01-01,6.7638,1247.863567,2289,1592.1,5.9176,,,,,
2019-11-13,2021-01-01,4.6127,1092.825628,284,267.3,1.0139,,,,,
2019-11-13,2023-01-01,5.702,1153.930528,786,679.94,2.5526,,,,,
2019-11-13,2025-01-01,6.2607,1193.114761,1288,1030.98,3.8501,,,,,
2019-11-13,2027-01-01,6.5462,1224.679289,1789,1332.14,4.9615,,,,,
2019-11-13,2029-01-01,6.7332,1250.452115,2288,1591.83,5.9183,,,,,
2019-11-14,2021-01-01,4.6325,1092.802635,283,266.29,1.0099,,,,,
2019-11-14,2023-01-01,5.7276,1153.431724,785,678.9,2.5481,,,,,
2019-11-14,2025-01-01,6.2554,1193.645768,1287,1030.01,3.8467,,,,,
2019-11-14,2027-01-01,6.5426,1225.20641,1788,1331.19,4.9581,,,,,
2019-11-14,2029-01-01,6.717,1251.976212,2287,1591.21,5.9169,,,,,
2019-11-18,2021-01-01,4.67,1092.586791,282,265.29,1.0058,,,,,
2019-11-18,2023-01-01,5.7978,1151.62876,784,677.77,2.5422,,,,,
2019-11-18,2025-01-01,6.29,1192.346213,1286,1028.8,3.8409,,,,,
2019-11-18,2027-01-01,6.5778,1223.377366,1787,1329.71,4.951,,,,,
2019-11-18,2029-01-01,6.7492,1249.915109,2286,1589.44,5.9085,,,,,
2019-11-19,2021-01-01,4.6425,1093.085891,281,264.29,1.0023,,,,,
2019-11-19,2023-01-01,5.7738,1152.588421,783,676.82,2.5392,,,,,
2019-11-19,2025-01-01,6.325,1191.033713,1285,1027.58,3.8351,,,,,
2019-11-19,2027-01-01,6.613,1221.555729,1786,1328.23,4.9438,,,,,
2019-11-19,2029-01-01,6.7945,1246.89711,2285,1587.36,5.8983,,,,,
2019-11-20,2021-01-01,4.6425,1093.282749,280,263.29,0.9985,,,,,
2019-11-20,2023-01-01,5.7738,1152.845187,782,675.82,2.5354,,,,,
2019-11-20,2025-01-01,6.325,1191.323615,1284,1026.58,3.8314,,,,,
2019-11-20,2027-01-01,6.613,1221.866176,1785,1327.23,4.9401,,,,,
2019-11-20,2029-01-01,6.7945,1247.222416,2284,1586.36,5.8946,,,,,
2019-11-21,2021-01-01,4.694,1092.919792,279,262.29,0.9942,,,,,
2019-11-21,2023-01-01,5.9,1149.426573,781,674.59,2.5278,,,,,
2019-11-21,2025-01-01,6.4301,1186.830576,1283,1024.93,3.8215,,,,,
2019-11-21,2027-01-01,6.71,1216.337083,1784,1324.91,4.927,,,,,
2019-11-21,2029-01-01,6.89,1240.548768,2283,1583.08,5.8771,,,,,
2019-11-22,2021-01-01,4.611,1094.018043,278,261.3,0.9912,,,,,
2019-11-22,2023-01-01,5.8467,1151.236317,780,673.69,2.5257,,,,,
2019-11-22,2025-01-01,6.3809,1189.358168,1282,1024.23,3.8206,,,,,
2019-11-22,2027-01-01,6.67,1219.052751,1783,1324.46,4.9271,,,,,
2019-11-22,2029-01-01,6.85,1243.800495,2282,1583.03,5.8792,,,,,
2019-11-25,2021-01-01,4.6126,1094.196475,277,260.3,0.9874,,,,,
2019-11-25,2023-01-01,5.9,1149.949636,779,672.59,2.5203,,,,,
2019-11-25,2025-01-01,6.47,1185.611589,1281,1022.68,3.8116,,,,,
2019-11-25,2027-01-01,6.75,1214.56984,1782,1322.36,4.9157,,,,,
2019-11-25,2029-01-01,6.91,1239.747304,2281,1580.6,5.8668,,,,,
2019-11-26,2021-01-01,4.6906,1093.553329,276,259.29,0.9828,,,,,
2019-11-26,2023-01-01,5.9384,1149.100532,778,671.52,2.5154,,,,,
2019-11-26,2025-01-01,6.515,1183.87571,1280,1021.4,3.8053,,,,,
2019-11-26,2027-01-01,6.815,1211.009864,1781,1320.48,4.9057,,,,,
2019-11-26,2029-01-01,6.9721,1235.567144,2280,1578.11,5.8542,,,,,
2019-11-27,2021-01-01,4.7112,1093.531724,275,258.28,0.9788,,,,,
2019-11-27,2023-01-01,5.9468,1149.12116,777,670.51,2.5114,,,,,
2019-11-27,2025-01-01,6.5276,1183.604904,1279,1020.32,3.8008,,,,,
2019-11-27,2027-01-01,6.835,1210.138545,1780,1319.2,4.9,,,,,
2019-11-27,2029-01-01,6.9921,1234.450977,2279,1576.63,5.8476,,,,,
2019-11-28,2021-01-01,4.6507,1094.377084,274,257.29,0.9756,,,,,
2019-11-28,2023-01-01,5.8457,1152.304052,776,669.69,2.5107,,,,,
2019-11-28,2025-01-01,6.466,1186.677291,1278,1019.71,3.8007,,,,,
2019-11-28,2027-01-01,6.765,1214.619828,1779,1319.16,4.9031,,,,,
2019-11-28,2029-01-01,6.9499,1237.836261,2278,1576.64,5.85,,,,,
2019-11-29,2021-01-01,4.66,1094.475596,273,256.29,0.9717,,,,,
2019-11-29,2023-01-01,5.845,1152.584089,775,668.69,2.507,,,,,
2019-11-29,2025-01-01,6.445,1187.919916,1277,1018.84,3.7982,,,,,
2019-11-29,2027-01-01,6.745,1216.128118,1778,1318.43,4.9013,,,,,
2019-11-29,2029-01-01,6.9188,1240.423208,2277,1576.39,5.8507,,,,,
2019-12-02,2021-01-01,4.7112,1094.131195,272,255.28,0.9675,,,,,
2019-12-02,2023-01-01,5.915,1150.826461,774,667.56,2.5011,,,,,
2019-12-02,2025-01-01,6.49,1186.186723,1276,1017.56,3.7918,,,,,
2019-12-02,2027-01-01,6.79,1213.763142,1777,1316.82,4.8932,,,,,
2019-12-02,2029-01-01,6.9249,1240.309591,2276,1575.24,5.8461,,,,,
2019-12-03,2021-01-01,4.6709,1094.75625,271,254.29,0.9641,,,,,
2019-12-03,2023-01-01,5.855,1152.81567,773,666.67,2.4992,,,,,
2019-12-03,2025-01-01,6.41,1190.088193,1275,1017.05,3.7928,,,,,
2019-12-03,2027-01-01,6.6981,1219.558896,1776,1317.07,4.8984,,,,,
2019-12-03,2029-01-01,6.8435,1246.566531,2275,1576.19,5.8541,,,,,
2019-12-04,2021-01-01,4.6509,1095.164918,270,253.29,0.9605,,,,,
2019-12-04,2023-01-01,5.78,1155.237078,772,665.8,2.4977,,,,,
2019-12-04,2025-01-01,6.345,1193.320269,1274,1016.46,3.7929,,,,,
2019-12-04,2027-01-01,6.6249,1224.259707,1775,1317.07,4.9017,,,,,
2019-12-04,2029-01-01,6.8018,1249.944957,2274,1576.19,5.8564,,,,,
2019-12-05,2021-01-01,4.6836,1095.019949,269,252.29,0.9563,,,,,
2019-12-05,2023-01-01,5.82,1154.342854,771,664.73,2.4928,,,,,
2019-12-05,2025-01-01,6.3738,1192.309283,1273,1015.28,3.7875,,,,,
2019-12-05,2027-01-01,6.6729,1221.693612,1774,1315.42,4.8934,,,,,
2019-12-05,2029-01-01,6.8292,1248.266259,2273,1574.53,5.8487,,,,,
2019-12-06,2021-01-01,4.5897,1096.199383,268,251.3,0.9535,,,,,
2019-12-06,2023-01-01,5.69,1158.346967,770,663.96,2.4929,,,,,
2019-12-06,2025-01-01,6.2849,1196.625202,1272,1014.83,3.789,,,,,
2019-12-06,2027-01-01,6.6069,1225.96421,1773,1315.32,4.896,,,,,
2019-12-06,2029-01-01,6.77,1252.92992,2272,1574.95,5.8535,,,,,
2019-12-09,2021-01-01,4.6142,1096.139572,267,250.3,0.9494,,,,,
2019-12-09,2023-01-01,5.6906,1158.584068,769,662.96,2.4892,,,,,
2019-12-09,2025-01-01,6.2799,1197.141369,1271,1013.86,3.7855,,,,,
2019-12-09,2027-01-01,6.6161,1225.723064,1772,1314.19,4.8914,,,,,
2019-12-09,2029-01-01,6.7839,1252.235949,2271,1573.61,5.8478,,,,,
2019-12-10,2021-01-01,4.6176,1096.300556,266,249.3,0.9456,,,,,
2019-12-10,2023-01-01,5.6982,1158.619688,768,661.95,2.4852,,,,,
2019-12-10,2025-01-01,6.29,1196.97322,1270,1012.8,3.7812,,,,,
2019-12-10,2027-01-01,6.6245,1225.530874,1771,1313.08,4.8869,,,,,
2019-12-10,2029-01-01,6.795,1251.749004,2270,1572.35,5.8425,,,,,
2019-12-11,2021-01-01,4.6218,1096.453586,265,248.3,0.9418,,,,,
2019-12-11,2023-01-01,5.7093,1158.555378,767,660.93,2.4811,,,,,
2019-12-11,2025-01-01,6.2908,1197.226802,1269,1011.79,3.7774,,,,,
2019-12-11,2027-01-01,6.6162,1226.340441,1770,1312.19,4.884,,,,,
2019-12-11,2029-01-01,6.775,1253.540727,2269,1571.83,5.8416,,,,,
2019-12-12,2021-01-01,4.5438,1097.453133,264,247.3,0.9387,,,,,
2019-12-12,2023-01-01,5.72,1158.503558,766,659.91,2.477,,,,,
2019-12-12,2025-01-01,6.28,1198.005172,1268,1010.86,3.7743,,,,,
2019-12-12,2027-01-01,6.595,1227.923834,1769,1311.48,4.8823,,,,,
2019-12-12,2029-01-01,6.765,1254.600059,2268,1571.07,5.8394,,,,,
2019-12-13,2021-01-01,4.5149,1097.943325,263,246.31,0.9352,,,,,
2019-12-13,2023-01-01,5.69,1159.619551,765,658.96,2.4742,,,,,
2019-12-13,2025-01-01,6.3,1197.391045,1267,1009.73,3.7694,,,,,
2019-12-13,2027-01-01,6.6122,1227.203796,1768,1310.24,4.8769,,,,,
2019-12-13,2029-01-01,6.7934,1252.846077,2267,1569.39,5.8316,,,,,
2019-12-16,2021-01-01,4.5564,1097.711451,262,245.3,0.931,,,,,
2019-12-16,2023-01-01,5.79,1157.014153,764,657.79,2.4674,,,,,
2019-12-16,2025-01-01,6.3962,1193.351176,1266,1008.14,3.76,,,,,
2019-12-16,2027-01-01,6.72,1221.083061,1767,1307.77,4.8628,,,,,
2019-12-16,2029-01-01,6.8805,1246.82684,2266,1566.3,5.8154,,,,,
2019-12-17,2021-01-01,4.6569,1096.883471,261,244.29,0.9263,,,,,
2019-12-17,2023-01-01,5.96,1152.440833,763,656.48,2.4586,,,,,
2019-12-17,2025-01-01,6.535,1187.440595,1265,1006.28,3.7482,,,,,
2019-12-17,2027-01-01,6.8366,1214.497328,1766,1305.18,4.8479,,,,,
2019-12-17,2029-01-01,6.9744,1240.368289,2265,1563.06,5.7982,,,,,
2019-12-18,2021-01-01,4.605,1097.607122,260,243.3,0.923,,,,,
2019-12-18,2023-01-01,5.89,1154.688938,762,655.61,2.4569,,,,,
2019-12-18,2025-01-01,6.491,1189.699272,1264,1005.55,3.7471,,,,,
2019-12-18,2027-01-01,6.8,1216.975221,1765,1304.68,4.8477,,,,,
2019-12-18,2029-01-01,6.9694,1241.060154,2264,1562.18,5.7952,,,,,
2019-12-19,2021-01-01,4.66,1097.24854,259,242.29,0.9187,,,,,
2019-12-19,2023-01-01,6.03,1150.994775,761,654.36,2.449,,,,,
2019-12-19,2025-01-01,6.65,1182.93901,1263,1003.56,3.7341,,,,,
2019-12-19,2027-01-01,6.96,1207.898503,1764,1301.49,4.8286,,,,,
2019-12-19,2029-01-01,7.11,1231.329736,2263,1557.81,5.7714,,,,,
2019-12-20,2021-01-01,4.6289,1097.75922,258,241.29,0.9152,,,,,
2019-12-20,2023-01-01,5.94,1153.800027,760,653.52,2.4479,,,,,
2019-12-20,2025-01-01,6.5753,1186.54697,1262,1003.03,3.7347,,,,,
2019-12-20,2027-01-01,6.895,1212.023274,1763,1301.38,4.8311,,,,,
2019-12-20,2029-01-01,7.045,1236.300983,2262,1558.37,5.777,,,,,
2019-12-23,2021-01-01,4.617,1098.075443,257,240.3,0.9115,,,,,
2019-12-23,2023-01-01,5.8911,1155.444831,759,652.61,2.4456,,,,,
2019-12-23,2025-01-01,6.505,1189.967477,1261,1002.46,3.7351,,,,,
2019-12-23,2027-01-01,6.8376,1215.714013,1762,1301.17,4.8329,,,,,
2019-12-23,2029-01-01,6.9676,1242.185435,2261,1559.22,5.7843,,,,,
2019-12-24,2021-01-01,4.617,1098.272137,256,239.3,0.9077,,,,,
2019-12-24,2023-01-01,5.8911,1155.707316,758,651.61,2.4419,,,,,
2019-12-24,2025-01-01,6.505,1190.265109,1260,1001.46,3.7313,,,,,
2019-12-24,2027-01-01,6.8376,1216.033131,1761,1300.17,4.8292,,,,,
2019-12-24,2029-01-01,6.9676,1242.517497,2260,1558.22,5.7806,,,,,
2019-12-26,2021-01-01,4.5836,1098.800598,255,238.3,0.9042,,,,,
2019-12-26,2023-01-01,5.83,1157.693838,757,650.72,2.44,,,,,
2019-12-26,2025-01-01,6.44,1193.454192,1259,1000.87,3.7314,,,,,
2019-12-26,2027-01-01,6.7532,1221.326541,1760,1300.32,4.8336,,,,,
2019-12-26,2029-01-01,6.8811,1249.090121,2259,1559.29,5.7893,,,,,
2019-12-27,2021-01-01,4.5715,1099.115777,254,237.3,0.9005,,,,,
2019-12-27,2023-01-01,5.82,1158.236335,756,649.73,2.4365,,,,,
2019-12-27,2025-01-01,6.415,1194.863685,1258,1000.02,3.7291,,,,,
2019-12-27,2027-01-01,6.74,1222.423456,1759,1299.5,4.8311,,,,,
2019-12-27,2029-01-01,6.8766,1249.745767,2258,1558.4,5.7862,,,,,
2019-12-30,2021-01-01,4.5508,1099.514853,253,236.3,0.8969,,,,,
2019-12-30,2023-01-01,5.765,1160.048009,755,648.83,2.4344,,,,,
2019-12-30,2025-01-01,6.3536,1197.89842,1257,999.4,3.729,,,,,
2019-12-30,2027-01-01,6.6645,1227.213403,1758,1299.53,4.8347,,,,,
2019-12-30,2029-01-01,6.7805,1257.058565,2257,1559.7,5.7963,,,,,
2019-12-31,2021-01-01,4.5508,1099.709043,252,235.3,0.8931,,,,,
2019-12-31,2023-01-01,5.765,1160.306053,754,647.83,2.4306,,,,,
2019-12-31,2025-01-01,6.3536,1198.191272,1256,998.4,3.7252,,,,,
2019-12-31,2027-01-01,6.6645,1227.52764,1757,1298.53,4.8309,,,,,
2019-12-31,2029-01-01,6.7805,1257.385868,2256,1558.7,5.7925,,,,,
2020-01-02,2021-01-01,4.5125,1051.469186,251,245.18,0.9309,,,,,
2020-01-02,2023-01-01,5.7464,1112.279362,753,675.25,2.5339,,,,,
2020-01-02,2025-01-01,6.3072,1151.74865,1255,1039.96,3.882,,,,,
2020-01-02,2027-01-01,6.6004,1182.845372,1756,1351.96,5.0327,,,,,
2020-01-02,2029-01-01,6.73,1212.593406,2255,1621.61,6.0292,,,,,
2020-01-03,2021-01-01,4.5,1051.775256,250,244.19,0.9273,,,,,
2020-01-03,2023-01-01,5.745,1112.565414,752,674.25,2.5302,,,,,
2020-01-03,2025-01-01,6.3309,1150.969356,1254,1038.85,3.877,,,,,
2020-01-03,2027-01-01,6.64,1180.78944,1755,1350.5,5.0254,,,,,
2020-01-03,2029-01-01,6.77,1209.984648,2254,1619.77,6.0201,,,,,
2020-01-06,2021-01-01,4.51,1051.86185,249,243.18,0.9234,,,,,
2020-01-06,2023-01-01,5.7777,1111.893247,751,673.21,2.5256,,,,,
2020-01-06,2025-01-01,6.3709,1149.466924,1253,1037.66,3.8711,,,,,
2020-01-06,2027-01-01,6.68,1178.718534,1754,1349.04,5.0181,,,,,
2020-01-06,2029-01-01,6.8187,1206.755722,2253,1617.74,6.0098,,,,,
2020-01-07,2021-01-01,4.47,1052.433116,248,242.19,0.9199,,,,,
2020-01-07,2023-01-01,5.74,1113.199174,750,672.26,2.5229,,,,,
2020-01-07,2025-01-01,6.355,1150.456395,1252,1036.73,3.8682,,,,,
2020-01-07,2027-01-01,6.68,1179.021033,1753,1348.04,5.0144,,,,,
2020-01-07,2029-01-01,6.825,1206.614445,2252,1616.61,6.0053,,,,,
2020-01-08,2021-01-01,4.44,1052.905145,247,241.19,0.9164,,,,,
2020-01-08,2023-01-01,5.678,1115.186753,749,671.33,2.5209,,,,,
2020-01-08,2025-01-01,6.316,1152.474883,1251,1035.92,3.8666,,,,,
2020-01-08,2027-01-01,6.655,1180.804028,1752,1347.33,5.0129,,,,,
2020-01-08,2029-01-01,6.795,1209.109088,2251,1616.24,6.0056,,,,,
2020-01-09,2021-01-01,4.44,1053.086672,246,240.19,0.9126,,,,,
2020-01-09,2023-01-01,5.625,1116.92067,748,670.39,2.5186,,,,,
2020-01-09,2025-01-01,6.2902,1153.905354,1250,1035.04,3.8642,,,,,
2020-01-09,2027-01-01,6.6144,1183.514372,1751,1346.8,5.0129,,,,,
2020-01-09,2029-01-01,6.75,1212.70124,2250,1616.19,6.0079,,,,,
2020-01-10,2021-01-01,4.455,1053.124669,245,239.19,0.9087,,,,,
2020-01-10,2023-01-01,5.635,1116.882352,747,669.38,2.5146,,,,,
2020-01-10,2025-01-01,6.2911,1154.144594,1249,1034.04,3.8605,,,,,
2020-01-10,2027-01-01,6.624,1183.245413,1750,1345.69,5.0083,,,,,
2020-01-10,2029-01-01,6.775,1211.194389,2249,1614.66,6.0008,,,,,
2020-01-13,2021-01-01,4.4697,1053.166747,244,238.19,0.9047,,,,,
2020-01-13,2023-01-01,5.6943,1115.463836,746,668.31,2.5091,,,,,
2020-01-13,2025-01-01,6.35,1151.804096,1248,1032.76,3.8535,,,,,
2020-01-13,2027-01-01,6.6921,1179.517231,1749,1343.9,4.9984,,,,,
2020-01-13,2029-01-01,6.8623,1205.18142,2248,1611.82,5.9854,,,,,
2020-01-13,2031-01-01,7.0227,1222.520428,2749,1843.5,6.8354,,,,,
2020-01-14,2021-01-01,4.4231,1053.791939,243,237.19,0.9014,,,,,
2020-01-14,2023-01-01,5.6145,1117.942864,745,667.4,2.5076,,,,,
2020-01-14,2025-01-01,6.2905,1154.730297,1247,1032.04,3.853,,,,,
2020-01-14,2027-01-01,6.63,1183.492292,1748,1343.62,5.0003,,,,,
2020-01-14,2029-01-01,6.81,1209.283104,2247,1611.93,5.9887,,,,,
2020-01-14,2031-01-01,6.9873,1225.816346,2748,1843.68,6.8384,,,,,
2020-01-15,2021-01-01,4.3671,1054.502976,242,236.19,0.898,,,,,
2020-01-15,2023-01-01,5.5116,1121.071575,744,666.52,2.5067,,,,,
2020-01-15,2025-01-01,6.23,1157.705641,1246,1031.33,3.8526,,,,,
2020-01-15,2027-01-01,6.5896,1186.189739,1747,1343.08,5.0002,,,,,
2020-01-15,2029-01-01,6.7746,1212.169053,2246,1611.67,5.9897,,,,,
2020-01-15,2031-01-01,6.9602,1228.422178,2747,1843.58,6.8397,,,,,
2020-01-16,2021-01-01,4.425,1054.136076,241,235.19,0.8937,,,,,
2020-01-16,2023-01-01,5.64,1117.714939,743,665.37,2.4994,,,,,
2020-01-16,2025-01-01,6.34,1153.091864,1245,1029.8,3.8429,,,,,
2020-01-16,2027-01-01,6.6933,1180.35644,1746,1340.89,4.9872,,,,,
2020-01-16,2029-01-01,6.8756,1205.174993,2245,1608.54,5.9725,,,,,
2020-01-16,2031-01-01,7.0589,1220.486995,2746,1839.29,6.8175,,,,,
2020-01-17,2021-01-01,4.395,1054.598775,240,234.19,0.8902,,,,,
2020-01-17,2023-01-01,5.62,1118.516526,742,664.39,2.4962,,,,,
2020-01-17,2025-01-01,6.29,1155.591446,1244,1029.05,3.8419,,,,,
2020-01-17,2027-01-01,6.62,1184.988947,1745,1340.73,4.99,,,,,
2020-01-17,2029-01-01,6.7931,1211.456909,2244,1609.28,5.9798,,,,,
2020-01-17,2031-01-01,6.9824,1227.213446,2745,1840.84,6.8282,,,,,
2020-01-20,2021-01-01,4.395,1054.77879,239,233.19,0.8864,,,,,
2020-01-20,2023-01-01,5.61,1119.038135,741,663.4,2.4927,,,,,
2020-01-20,2025-01-01,6.3,1155.427415,1243,1028.0,3.8376,,,,,
2020-01-20,2027-01-01,6.64,1184.107677,1744,1339.5,4.9845,,,,,
2020-01-20,2029-01-01,6.8235,1209.571389,2243,1607.64,5.972,,,,,
2020-01-20,2031-01-01,7.0175,1224.602502,2744,1838.67,6.8179,,,,,
2020-01-21,2021-01-01,4.365,1055.238243,238,232.19,0.8828,,,,,
2020-01-21,2023-01-01,5.555,1120.814278,740,662.47,2.4905,,,,,
2020-01-21,2025-01-01,6.25,1157.927261,1242,1027.24,3.8366,,,,,
2020-01-21,2027-01-01,6.595,1187.071898,1743,1339.02,4.9848,,,,,
2020-01-21,2029-01-01,6.7975,1211.770118,2242,1607.19,5.9718,,,,,
2020-01-21,2031-01-01,6.9993,1226.454755,2743,1838.28,6.8176,,,,,
2020-01-22,2021-01-01,4.315,1055.881258,237,231.19,0.8795,,,,,
2020-01-22,2023-01-01,5.4963,1122.692902,739,661.53,2.4884,,,,,
2020-01-22,2025-01-01,6.2063,1160.149221,1241,1026.45,3.8352,,,,,
2020-01-22,2027-01-01,6.5613,1189.370752,1742,1338.41,4.9841,,,,,
2020-01-22,2029-01-01,6.755,1215.170082,2241,1607.09,5.9738,,,,,
2020-01-22,2031-01-01,6.9568,1230.349012,2742,1838.69,6.8218,,,,,
2020-01-23,2021-01-01,4.3436,1055.793869,236,230.19,0.8754,,,,,
2020-01-23,2023-01-01,5.528,1122.047365,738,660.5,2.4837,,,,,
2020-01-23,2025-01-01,6.2256,1159.568263,1240,1025.35,3.8304,,,,,
2020-01-23,2027-01-01,6.5694,1189.190326,1741,1337.31,4.9797,,,,,
2020-01-23,2029-01-01,6.7402,1216.56132,2240,1606.4,5.9721,,,,,
2020-01-23,2031-01-01,6.9421,1231.913514,2741,1838.18,6.8209,,,,,
2020-01-24,2021-01-01,4.33,1056.097216,235,229.19,0.8717,,,,,
2020-01-24,2023-01-01,5.5198,1122.515225,737,659.51,2.4802,,,,,
2020-01-24,2025-01-01,6.2064,1160.699323,1239,1024.45,3.8277,,,,,
2020-01-24,2027-01-01,6.54,1191.2347,1740,1336.65,4.9786,,,,,
2020-01-24,2029-01-01,6.73,1217.618312,2239,1605.61,5.9697,,,,,
2020-01-24,2031-01-01,6.9376,1232.620305,2740,1837.33,6.818,,,,,
2020-01-27,2021-01-01,4.305,1056.504123,234,228.19,0.8681,,,,,
2020-01-27,2023-01-01,5.47,1124.140469,736,658.56,2.4778,,,,,
2020-01-27,2025-01-01,6.175,1162.372731,1238,1023.6,3.8257,,,,,
2020-01-27,2027-01-01,6.5172,1192.888482,1739,1335.91,4.9769,,,,,
2020-01-27,2029-01-01,6.71,1219.389354,2238,1605.03,5.9687,,,,,
2020-01-27,2031-01-01,6.9165,1234.725527,2739,1837.03,6.8182,,,,,
2020-01-28,2021-01-01,4.322,1056.525605,233,227.19,0.8642,,,,,
2020-01-28,2023-01-01,5.46,1124.656291,735,657.57,2.4743,,,,,
2020-01-28,2025-01-01,6.1183,1165.173958,1237,1022.87,3.825,,,,,
2020-01-28,2027-01-01,6.4585,1196.681979,1738,1335.59,4.9784,,,,,
2020-01-28,2029-01-01,6.67,1222.622376,2237,1604.88,5.9703,,,,,
2020-01-28,2031-01-01,6.87,1238.981204,2738,1837.58,6.8232,,,,,
2020-01-29,2021-01-01,4.3287,1056.642105,232,226.19,0.8603,,,,,
2020-01-29,2023-01-01,5.455,1125.03254,734,656.58,2.4707,,,,,
2020-01-29,2025-01-01,6.1034,1166.112806,1236,1021.94,3.822,,,,,
2020-01-29,2027-01-01,6.4539,1197.253519,1737,1334.64,4.9751,,,,,
2020-01-29,2029-01-01,6.693,1221.256862,2236,1603.39,5.9635,,,,,
2020-01-29,2031-01-01,6.8769,1238.724119,2737,1836.35,6.8182,,,,,
2020-01-30,2021-01-01,4.3547,1056.584508,231,225.19,0.8563,,,,,
2020-01-30,2023-01-01,5.475,1124.714694,733,655.56,2.4664,,,,,
2020-01-30,2025-01-01,6.13,1165.202405,1235,1020.81,3.8169,,,,,
2020-01-30,2027-01-01,6.47,1196.591485,1736,1333.46,4.9699,,,,,
2020-01-30,2029-01-01,6.6865,1222.044824,2235,1602.53,5.9607,,,,,
2020-01-30,2031-01-01,6.8709,1239.558574,2736,1835.55,6.8156,,,,,
2020-01-31,2021-01-01,4.375,1056.580393,230,224.19,0.8523,,,,,
2020-01-31,2023-01-01,5.495,1124.398754,732,654.53,2.4621,,,,,
2020-01-31,2025-01-01,6.14,1165.032955,1234,1019.77,3.8126,,,,,
2020-01-31,2027-01-01,6.48,1196.294255,1735,1332.34,4.9653,,,,,
2020-01-31,2029-01-01,6.695,1221.739228,2234,1601.35,5.9558,,,,,
2020-01-31,2031-01-01,6.86,1240.807909,2735,1834.92,6.814,,,,,
2020-02-03,2021-01-01,4.3261,1057.198628,229,223.19,0.8489,,,,,
2020-02-03,2023-01-01,5.437,1126.242656,731,653.6,2.4599,,,,,
2020-02-03,2025-01-01,6.08,1167.977423,1233,1019.05,3.8121,,,,,
2020-02-03,2027-01-01,6.4,1201.360927,1734,1332.26,4.9687,,,,,
2020-02-03,2029-01-01,6.62,1227.532671,2233,1601.93,5.9622,,,,,
2020-02-03,2031-01-01,6.7728,1248.546759,2734,1836.82,6.8266,,,,,
2020-02-04,2021-01-01,4.3012,1057.598883,228,222.19,0.8453,,,,,
2020-02-04,2023-01-01,5.4351,1126.531868,730,652.6,2.4562,,,,,
2020-02-04,2025-01-01,6.05,1169.587635,1232,1018.2,3.81,,,,,
2020-02-04,2027-01-01,6.3667,1203.648252,1733,1331.64,4.968,,,,,
2020-02-04,2029-01-01,6.5881,1230.184852,2232,1601.6,5.9627,,,,,
2020-02-04,2031-01-01,6.753,1250.562684,2733,1836.48,6.8266,,,,,
2020-02-05,2021-01-01,4.2933,1057.845965,227,221.19,0.8416,,,,,
2020-02-05,2023-01-01,5.407,1127.545372,729,651.63,2.4532,,,,,
2020-02-05,2025-01-01,5.9869,1172.676384,1231,1017.5,3.8096,,,,,
2020-02-05,2027-01-01,6.2851,1208.839857,1732,1331.58,4.9716,,,,,
2020-02-05,2029-01-01,6.4778,1238.631435,2231,1602.92,5.9738,,,,,
2020-02-05,2031-01-01,6.6333,1261.176846,2732,1839.46,6.8454,,,,,
2020-02-06,2021-01-01,4.3373,1057.632575,226,220.19,0.8374,,,,,
2020-02-06,2023-01-01,5.5281,1124.442929,728,650.5,2.4461,,,,,
2020-02-06,2025-01-01,6.0758,1168.985121,1230,1016.07,3.8011,,,,,
2020-02-06,2027-01-01,6.368,1204.160262,1731,1329.63,4.9604,,,,,
2020-02-06,2029-01-01,6.5584,1232.990358,2230,1600.22,5.9593,,,,,
2020-02-06,2031-01-01,6.6773,1257.703264,2731,1836.99,6.8334,,,,,
2020-02-07,2021-01-01,4.285,1058.272205,225,219.19,0.8341,,,,,
2020-02-07,2023-01-01,5.5486,1124.120143,727,649.47,2.4418,,,,,
2020-02-07,2025-01-01,6.135,1166.632639,1229,1014.79,3.7942,,,,,
2020-02-07,2027-01-01,6.45,1199.567096,1730,1327.69,4.9494,,,,,
2020-02-07,2029-01-01,6.65,1226.589789,2229,1597.3,5.9433,,,,,
2020-02-07,2031-01-01,6.7783,1249.377374,2730,1832.64,6.8107,,,,,
2020-02-10,2021-01-01,4.275,1058.536306,224,218.19,0.8303,,,,,
2020-02-10,2023-01-01,5.5088,1125.45284,726,648.52,2.4391,,,,,
2020-02-10,2025-01-01,6.085,1169.12414,1228,1014.03,3.7931,,,,,
2020-02-10,2027-01-01,6.38,1204.033716,1729,1327.49,4.9519,,,,,
2020-02-10,2029-01-01,6.56,1233.494507,2228,1598.19,5.9516,,,,,
2020-02-10,2031-01-01,6.69,1257.256848,2729,1834.57,6.8236,,,,,
2020-02-11,2021-01-01,4.2449,1058.975627,223,217.19,0.8268,,,,,
2020-02-11,2023-01-01,5.41,1128.405693,725,647.63,2.4381,,,,,
2020-02-11,2025-01-01,6.0026,1173.059762,1227,1013.42,3.7938,,,,,
2020-02-11,2027-01-01,6.32,1207.916646,1728,1327.18,4.9535,,,,,
2020-02-11,2029-01-01,6.495,1238.594556,2227,1598.56,5.9566,,,,,
2020-02-11,2031-01-01,6.6273,1262.981516,2728,1835.66,6.8316,,,,,
2020-02-12,2021-01-01,4.2349,1059.237515,222,216.19,0.8231,,,,,
2020-02-12,2023-01-01,5.355,1130.154219,724,646.69,2.4358,,,,,
2020-02-12,2025-01-01,5.9644,1175.032667,1226,1012.61,3.7921,,,,,
2020-02-12,2027-01-01,6.29,1210.008679,1727,1326.52,4.9525,,,,,
2020-02-12,2029-01-01,6.48,1240.012266,2226,1597.87,5.9549,,,,,
2020-02-12,2031-01-01,6.615,1264.366306,2727,1835.07,6.8302,,,,,
2020-02-13,2021-01-01,4.2645,1059.155034,221,215.19,0.819,,,,,
2020-02-13,2023-01-01,5.395,1129.289314,723,645.65,2.4309,,,,,
2020-02-13,2025-01-01,6.0144,1173.078081,1225,1011.37,3.7857,,,,,
2020-02-13,2027-01-01,6.34,1207.308093,1726,1324.95,4.9443,,,,,
2020-02-13,2029-01-01,6.518,1237.517076,2225,1596.07,5.9461,,,,,
2020-02-13,2031-01-01,6.6201,1264.246887,2726,1833.9,6.8255,,,,,
2020-02-14,2021-01-01,4.235,1059.585389,220,214.19,0.8154,,,,,
2020-02-14,2023-01-01,5.255,1133.372557,722,644.81,2.431,,,,,
2020-02-14,2025-01-01,5.89,1178.891703,1224,1010.96,3.7886,,,,,
2020-02-14,2027-01-01,6.2249,1214.505396,1725,1325.27,4.9508,,,,,
2020-02-14,2029-01-01,6.425,1244.703023,2224,1597.03,5.9548,,,,,
2020-02-14,2031-01-01,6.5507,1270.584193,2725,1835.2,6.8348,,,,,
2020-02-17,2021-01-01,4.225,1059.845826,219,213.19,0.8117,,,,,
2020-02-17,2023-01-01,5.245,1133.878125,721,643.82,2.4275,,,,,
2020-02-17,2025-01-01,5.9038,1178.543409,1223,1009.9,3.7841,,,,,
2020-02-17,2027-01-01,6.265,1212.386736,1724,1323.81,4.9435,,,,,
2020-02-17,2029-01-01,6.475,1241.308822,2223,1594.98,5.9444,,,,,
2020-02-17,2031-01-01,6.6036,1266.316428,2724,1832.44,6.8212,,,,,
2020-02-18,2021-01-01,4.22,1060.062703,218,212.19,0.8079,,,,,
2020-02-18,2023-01-01,5.256,1133.80586,720,642.81,2.4234,,,,,
2020-02-18,2025-01-01,5.9296,1177.662004,1222,1008.77,3.779,,,,,
2020-02-18,2027-01-01,6.28,1211.779861,1723,1322.63,4.9384,,,,,
2020-02-18,2029-01-01,6.49,1240.510744,2222,1593.66,5.9386,,,,,
2020-02-18,2031-01-01,6.6449,1263.073267,2723,1830.07,6.8097,,,,,
2020-02-19,2021-01-01,4.1963,1060.438694,217,211.19,0.8043,,,,,
2020-02-19,2023-01-01,5.1863,1135.951287,719,641.88,2.4216,,,,,
2020-02-19,2025-01-01,5.9,1179.249394,1221,1007.92,3.7768,,,,,
2020-02-19,2027-01-01,6.26,1213.271373,1722,1321.86,4.9365,,,,,
2020-02-19,2029-01-01,6.49,1240.820324,2221,1592.66,5.9349,,,,,
2020-02-19,2031-01-01,6.6626,1261.87286,2722,1828.48,6.8027,,,,,
2020-02-20,2021-01-01,4.2,1060.580275,216,210.19,0.8005,,,,,
2020-02-20,2023-01-01,5.206,1135.638254,718,640.86,2.4173,,,,,
2020-02-20,2025-01-01,5.9291,1178.222762,1220,1006.78,3.7715,,,,,
2020-02-20,2027-01-01,6.2966,1211.372667,1721,1320.44,4.9295,,,,,
2020-02-20,2029-01-01,6.5381,1237.591523,2220,1590.65,5.9247,,,,,
2020-02-20,2031-01-01,6.71,1258.131459,2721,1825.91,6.7901,,,,,
2020-02-21,2021-01-01,4.19,1060.837956,215,209.19,0.7967,,,,,
2020-02-21,2023-01-01,5.255,1134.52486,717,639.81,2.4122,,,,,
2020-02-21,2025-01-01,5.99,1175.790505,1219,1005.49,3.7645,,,,,
2020-02-21,2027-01-01,6.3567,1208.081877,1720,1318.76,4.9204,,,,,
2020-02-21,2029-01-01,6.6082,1232.772559,2219,1588.18,5.9116,,,,,
2020-02-21,2031-01-01,6.79,1251.639575,2720,1822.25,6.7714,,,,,
2020-02-26,2021-01-01,4.2008,1060.919906,214,208.19,0.7929,,,,,
2020-02-26,2023-01-01,5.3638,1131.787744,716,638.68,2.4054,,,,,
2020-02-26,2025-01-01,6.115,1170.547686,1218,1003.89,3.7541,,,,,
2020-02-26,2027-01-01,6.5187,1198.792559,1719,1315.9,4.9022,,,,,
2020-02-26,2029-01-01,6.7655,1221.684967,2218,1583.86,5.8869,,,,,
2020-02-26,2031-01-01,6.9431,1239.069417,2719,1816.15,6.739,,,,,
2020-02-27,2021-01-01,4.1524,1061.498564,213,207.19,0.7894,,,,,
2020-02-27,2023-01-01,5.261,1134.822374,715,637.8,2.4045,,,,,
2020-02-27,2025-01-01,6.04,1174.125183,1217,1003.25,3.7544,,,,,
2020-02-27,2027-01-01,6.4531,1202.959705,1718,1315.65,4.9044,,,,,
2020-02-27,2029-01-01,6.7214,1225.182668,2217,1583.79,5.8891,,,,,
2020-02-27,2031-01-01,6.91,1242.171006,2718,1816.25,6.7415,,,,,
2020-02-28,2021-01-01,4.0951,1062.148113,212,206.2,0.786,,,,,
2020-02-28,2023-01-01,5.2318,1135.849374,714,636.83,2.4015,,,,,
2020-02-28,2025-01-01,6.0549,1173.741991,1216,1002.17,3.7498,,,,,
2020-02-28,2027-01-01,6.51,1199.905104,1717,1314.0,4.8956,,,,,
2020-02-28,2029-01-01,6.7671,1222.204745,2216,1581.83,5.8793,,,,,
2020-02-28,2031-01-01,6.9571,1238.560438,2717,1813.68,6.729,,,,,
2020-03-02,2021-01-01,3.9651,1063.398803,211,205.2,0.7832,,,,,
2020-03-02,2023-01-01,4.9643,1143.400404,713,636.14,2.405,,,,,
2020-03-02,2025-01-01,5.815,1184.639116,1215,1002.32,3.7589,,,,,
2020-03-02,2027-01-01,6.2834,1213.628786,1716,1315.6,4.912,,,,,
2020-03-02,2029-01-01,6.5819,1235.943683,2215,1584.73,5.9003,,,,,
2020-03-02,2031-01-01,6.7823,1253.59846,2716,1818.5,6.7579,,,,,
2020-03-03,2021-01-01,3.85,1064.517994,210,204.2,0.7803,,,,,
2020-03-03,2023-01-01,4.875,1146.07634,712,635.24,2.4036,,,,,
2020-03-03,2025-01-01,5.7725,1186.799183,1214,1001.53,3.7574,,,,,
2020-03-03,2027-01-01,6.26,1215.319442,1715,1314.86,4.9103,,,,,
2020-03-03,2029-01-01,6.5831,1236.168769,2214,1583.71,5.8964,,,,,
2020-03-03,2031-01-01,6.7922,1253.085653,2715,1817.17,6.7524,,,,,
2020-03-04,2021-01-01,3.7683,1065.353475,209,203.21,0.7771,,,,,
2020-03-04,2023-01-01,4.8215,1147.765959,711,634.3,2.4013,,,,,
2020-03-04,2025-01-01,5.7237,1189.242111,1213,1000.76,3.7563,,,,,
2020-03-04,2027-01-01,6.235,1217.106633,1714,1314.15,4.9088,,,,,
2020-03-04,2029-01-01,6.55,1238.899693,2213,1583.4,5.8971,,,,,
2020-03-04,2031-01-01,6.7844,1254.073469,2714,1816.43,6.7501,,,,,
2020-03-05,2021-01-01,3.885,1064.549335,208,202.2,0.7724,,,,,
2020-03-05,2023-01-01,5.0761,1141.004538,710,633.01,2.3906,,,,,
2020-03-05,2025-01-01,5.9371,1180.02572,1212,998.74,3.7411,,,,,
2020-03-05,2027-01-01,6.3883,1208.279709,1713,1311.39,4.8915,,,,,
2020-03-05,2029-01-01,6.722,1226.721773,2212,1578.78,5.8704,,,,,
2020-03-05,2031-01-01,6.945,1240.892752,2713,1810.09,6.7164,,,,,
2020-03-06,2021-01-01,3.845,1065.037789,207,201.2,0.7689,,,,,
2020-03-06,2023-01-01,5.0862,1140.953687,709,632.0,2.3865,,,,,
2020-03-06,2025-01-01,5.955,1179.506073,1211,997.65,3.7364,,,,,
2020-03-06,2027-01-01,6.4018,1207.778515,1712,1310.24,4.8865,,,,,
2020-03-06,2029-01-01,6.7277,1226.627747,2211,1577.66,5.8659,,,,,
2020-03-06,2031-01-01,6.9291,1242.551144,2712,1809.62,6.7157,,,,,
2020-03-09,2021-01-01,4.0123,1063.835882,206,200.2,0.7638,,,,,
2020-03-09,2023-01-01,5.375,1133.365059,708,630.67,2.375,,,,,
2020-03-09,2025-01-01,6.2522,1166.780331,1210,995.23,3.7169,,,,,
2020-03-09,2027-01-01,6.7576,1187.309188,1711,1305.15,4.8513,,,,,
2020-03-09,2029-01-01,7.1656,1195.962242,2210,1567.41,5.804,,,,,
2020-03-09,2031-01-01,7.3904,1205.173797,2711,1793.22,6.6263,,,,,
2020-03-10,2021-01-01,3.9032,1064.885004,205,199.2,0.7608,,,,,
2020-03-10,2023-01-01,5.2287,1137.543241,707,629.84,2.3752,,,,,
2020-03-10,2025-01-01,6.095,1173.905448,1209,994.98,3.7215,,,,,
2020-03-10,2027-01-01,6.6467,1194.033931,1710,1305.43,4.8574,,,,,
2020-03-10,2029-01-01,7.055,1204.009455,2209,1568.75,5.815,,,,,
2020-03-10,2031-01-01,7.3678,1207.323625,2710,1792.98,6.6268,,,,,
2020-03-11,2021-01-01,4.2178,1062.517389,204,198.19,0.7547,,,,,
2020-03-11,2023-01-01,5.9279,1119.136743,706,628.04,2.3528,,,,,
2020-03-11,2025-01-01,6.7916,1144.290233,1208,990.63,3.6811,,,,,
2020-03-11,2027-01-01,7.4093,1151.179856,1709,1295.62,4.7867,,,,,
2020-03-11,2029-01-01,7.7635,1156.079987,2208,1552.72,5.7177,,,,,
2020-03-11,2031-01-01,8.0282,1156.376437,2709,1769.87,6.5013,,,,,
2020-03-12,2021-01-01,4.922,1057.106578,203,197.17,0.7457,,,,,
2020-03-12,2023-01-01,7.2057,1086.524987,705,625.59,2.3156,,,,,
2020-03-12,2025-01-01,8.0607,1092.824865,1207,983.46,3.6115,,,,,
2020-03-12,2027-01-01,8.619,1087.384832,1708,1280.5,4.6781,,,,,
2020-03-12,2029-01-01,8.9561,1081.158768,2207,1526.21,5.5586,,,,,
2020-03-12,2031-01-01,9.2139,1072.22473,2708,1728.98,6.2822,,,,,
2020-03-13,2021-01-01,4.2598,1062.532465,202,196.19,0.7467,,,,,
2020-03-13,2023-01-01,6.1248,1114.495619,704,625.82,2.3401,,,,,
2020-03-13,2025-01-01,7.035,1134.706748,1206,987.45,3.6609,,,,,
2020-03-13,2027-01-01,7.6268,1139.930366,1707,1291.09,4.7603,,,,,
2020-03-13,2029-01-01,8.0007,1141.226397,2206,1545.67,5.6792,,,,,
2020-03-13,2031-01-01,8.249,1140.64124,2707,1760.46,6.4536,,,,,
2020-03-16,2021-01-01,3.852,1065.9393,201,195.2,0.7459,,,,,
2020-03-16,2023-01-01,5.9043,1120.523374,703,625.07,2.3421,,,,,
2020-03-16,2025-01-01,6.9311,1139.33995,1205,986.95,3.6626,,,,,
2020-03-16,2027-01-01,7.56,1143.898591,1706,1290.87,4.7624,,,,,
2020-03-16,2029-01-01,7.943,1145.326737,2205,1545.9,5.6831,,,,,
2020-03-16,2031-01-01,8.1622,1147.422567,2706,1762.37,6.4658,,,,,
2020-03-17,2021-01-01,3.6051,1068.056597,200,194.21,0.7439,,,,,
2020-03-17,2023-01-01,5.3661,1135.016359,702,624.68,2.3526,,,,,
2020-03-17,2025-01-01,6.5142,1157.22427,1204,987.97,3.6807,,,,,
2020-03-17,2027-01-01,7.2035,1163.896663,1705,1294.0,4.7899,,,,,
2020-03-17,2029-01-01,7.6402,1165.642454,2204,1551.35,5.7192,,,,,
2020-03-17,2031-01-01,7.8741,1169.467668,2705,1771.03,6.5149,,,,,
2020-03-18,2021-01-01,4.02,1064.938582,199,193.2,0.737,,,,,
2020-03-18,2023-01-01,7.0381,1091.932154,701,621.78,2.3051,,,,,
2020-03-18,2025-01-01,7.9975,1096.663223,1203,979.77,3.6001,,,,,
2020-03-18,2027-01-01,8.441,1097.914928,1704,1278.58,4.6788,,,,,
2020-03-18,2029-01-01,8.8652,1088.11385,2203,1524.16,5.5557,,,,,
2020-03-18,2031-01-01,9.0603,1084.149173,2704,1730.16,6.2953,,,,,
2020-03-19,2021-01-01,4.0465,1064.898247,198,192.2,0.733,,,,,
2020-03-19,2023-01-01,7.0738,1091.330068,700,620.74,2.3005,,,,,
2020-03-19,2025-01-01,8.0782,1093.818731,1202,978.38,3.5923,,,,,
2020-03-19,2027-01-01,8.5172,1094.360357,1703,1276.69,4.6686,,,,,
2020-03-19,2029-01-01,8.9161,1085.407089,2202,1522.07,5.5455,,,,,
2020-03-19,2031-01-01,9.0895,1082.529999,2703,1728.18,6.2864,,,,,
2020-03-20,2021-01-01,4.0866,1064.754554,197,191.2,0.7289,,,,,
2020-03-20,2023-01-01,7.0683,1091.764014,699,619.74,2.2969,,,,,
2020-03-20,2025-01-01,8.332,1084.247464,1201,976.14,3.5756,,,,,
2020-03-20,2027-01-01,8.9301,1073.884275,1702,1270.84,4.6296,,,,,
2020-03-20,2029-01-01,9.2714,1064.6667,2201,1513.42,5.4961,,,,,
2020-03-20,2031-01-01,9.4503,1058.725686,2702,1715.01,6.218,,,,,
2020-03-23,2021-01-01,3.8986,1066.377845,196,190.2,0.7264,,,,,
2020-03-23,2023-01-01,7.4128,1083.482884,698,618.35,2.2844,,,,,
2020-03-23,2025-01-01,8.7893,1067.065159,1200,972.89,3.5488,,,,,
2020-03-23,2027-01-01,9.5132,1045.776727,1701,1262.95,4.5763,,,,,
2020-03-23,2029-01-01,9.7932,1035.097067,2200,1501.16,5.4256,,,,,
2020-03-23,2031-01-01,9.8804,1031.308663,2701,1699.49,6.1376,,,,,
2020-03-24,2021-01-01,3.7983,1067.313381,195,189.2,0.7233,,,,,
2020-03-24,2023-01-01,6.8639,1097.485828,697,617.98,2.2948,,,,,
2020-03-24,2025-01-01,8.342,1084.54907,1199,974.09,3.5678,,,,,
2020-03-24,2027-01-01,9.0374,1069.295696,1700,1267.57,4.6131,,,,,
2020-03-24,2029-01-01,9.4353,1055.881481,2199,1507.89,5.4678,,,,,
2020-03-24,2031-01-01,9.5953,1049.994166,2700,1708.12,6.1848,,,,,
2020-03-25,2021-01-01,3.465,1070.038489,194,188.21,0.7219,,,,,
2020-03-25,2023-01-01,5.9693,1120.622763,696,618.0,2.3142,,,,,
2020-03-25,2025-01-01,7.4318,1120.92616,1198,977.53,3.6107,,,,,
2020-03-25,2027-01-01,8.1545,1114.521469,1699,1276.94,4.6852,,,,,
2020-03-25,2029-01-01,8.5696,1108.022,2198,1525.5,5.5758,,,,,
2020-03-25,2031-01-01,8.7652,1106.435024,2699,1735.1,6.3304,,,,,
2020-03-26,2021-01-01,3.5152,1069.797553,193,187.21,0.7177,,,,,
2020-03-26,2023-01-01,5.7244,1127.249767,695,617.27,2.3169,,,,,
2020-03-26,2025-01-01,6.9685,1140.215547,1197,978.77,3.631,,,,,
2020-03-26,2027-01-01,7.5768,1145.63587,1698,1282.67,4.7315,,,,,
2020-03-26,2029-01-01,7.8624,1153.364435,2197,1539.62,5.6642,,,,,
2020-03-26,2031-01-01,7.9807,1163.854594,2698,1760.46,6.4696,,,,,
2020-03-27,2021-01-01,3.531,1069.823568,192,186.21,0.7137,,,,,
2020-03-27,2023-01-01,5.714,1127.770083,694,616.29,2.3134,,,,,
2020-03-27,2025-01-01,6.9001,1143.356818,1196,978.1,3.6308,,,,,
2020-03-27,2027-01-01,7.483,1151.072143,1697,1282.76,4.7359,,,,,
2020-03-27,2029-01-01,7.787,1158.656081,2196,1540.22,5.6704,,,,,
2020-03-27,2031-01-01,7.9698,1165.031342,2697,1759.83,6.468,,,,,
2020-03-30,2021-01-01,3.4372,1070.683939,191,185.21,0.7106,,,,,
2020-03-30,2023-01-01,5.4464,1135.022832,693,615.59,2.3166,,,,,
2020-03-30,2025-01-01,6.7148,1151.38735,1195,978.0,3.6367,,,,,
2020-03-30,2027-01-01,7.3907,1156.452736,1696,1282.83,4.7403,,,,,
2020-03-30,2029-01-01,7.769,1160.185455,2195,1539.61,5.6691,,,,,
2020-03-30,2031-01-01,7.9236,1168.87867,2696,1760.38,6.4727,,,,,
2020-03-31,2021-01-01,3.2847,1071.983097,190,184.22,0.7078,,,,,
2020-03-31,2023-01-01,5.3839,1136.904565,692,614.66,2.3145,,,,,
2020-03-31,2025-01-01,6.7089,1151.931385,1194,977.03,3.6333,,,,,
2020-03-31,2027-01-01,7.3442,1159.334997,1695,1282.37,4.7406,,,,,
2020-03-31,2029-01-01,7.6873,1165.92606,2194,1540.34,5.6761,,,,,
2020-03-31,2031-01-01,7.9129,1170.043281,2695,1759.73,6.471,,,,,
2020-04-01,2021-01-01,3.2954,1072.039842,189,183.22,0.7039,,,,,
2020-04-01,2023-01-01,5.5623,1132.467807,691,613.46,2.3061,,,,,
2020-04-01,2025-01-01,6.9059,1144.025043,1193,975.08,3.6194,,,,,
2020-04-01,2027-01-01,7.567,1147.495777,1694,1278.78,4.7176,,,,,
2020-04-01,2029-01-01,7.8176,1157.682466,2193,1536.57,5.6554,,,,,
2020-04-01,2031-01-01,7.9752,1165.688304,2694,1756.64,6.4559,,,,,
2020-04-02,2021-01-01,3.2564,1072.47059,188,182.22,0.7003,,,,,
2020-04-02,2023-01-01,5.4566,1135.472626,690,612.58,2.3051,,,,,
2020-04-02,2025-01-01,6.885,1145.194004,1192,974.18,3.6168,,,,,
2020-04-02,2027-01-01,7.5889,1146.642363,1693,1277.53,4.712,,,,,
2020-04-02,2029-01-01,7.9091,1152.054034,2192,1533.62,5.6397,,,,,
2020-04-02,2031-01-01,8.1302,1154.44922,2693,1750.44,6.4239,,,,,
2020-04-03,2021-01-01,3.225,1072.8416,187,181.22,0.6967,,,,,
2020-04-03,2023-01-01,5.5863,1132.329689,689,611.43,2.2979,,,,,
2020-04-03,2025-01-01,7.129,1135.453492,1191,972.0,3.6005,,,,,
2020-04-03,2027-01-01,7.8379,1133.620493,1692,1273.63,4.6868,,,,,
2020-04-03,2029-01-01,8.1698,1135.622826,2191,1527.06,5.6021,,,,,
2020-04-03,2031-01-01,8.3885,1135.857895,2692,1740.77,6.3732,,,,,
2020-04-06,2021-01-01,3.325,1072.233988,186,180.22,0.6921,,,,,
2020-04-06,2023-01-01,5.5374,1133.845619,688,610.49,2.2955,,,,,
2020-04-06,2025-01-01,7.0034,1140.914228,1190,971.6,3.6032,,,,,
2020-04-06,2027-01-01,7.6777,1142.522912,1691,1274.5,4.6969,,,,,
2020-04-06,2029-01-01,7.99,1147.507863,2190,1529.9,5.6218,,,,,
2020-04-06,2031-01-01,8.1954,1150.340785,2691,1746.26,6.4047,,,,,
2020-04-07,2021-01-01,3.255,1072.890148,185,179.22,0.6888,,,,,
2020-04-07,2023-01-01,5.4124,1137.34384,687,609.63,2.2949,,,,,
2020-04-07,2025-01-01,6.8976,1145.581255,1189,971.12,3.605,,,,,
2020-04-07,2027-01-01,7.5828,1147.970877,1690,1274.6,4.7014,,,,,
2020-04-07,2029-01-01,7.8987,1153.774614,2189,1530.84,5.6301,,,,,
2020-04-07,2031-01-01,8.0944,1158.184948,2690,1748.65,6.4195,,,,,
2020-04-08,2021-01-01,3.2463,1073.090475,184,178.22,0.685,,,,,
2020-04-08,2023-01-01,5.31,1140.255411,686,608.74,2.2938,,,,,
2020-04-08,2025-01-01,6.748,1152.08532,1188,970.84,3.609,,,,,
2020-04-08,2027-01-01,7.44,1156.053259,1689,1275.26,4.7101,,,,,
2020-04-08,2029-01-01,7.7596,1163.216953,2188,1532.81,5.6446,,,,,
2020-04-08,2031-01-01,8.0032,1165.359787,2689,1750.71,6.4324,,,,,
2020-04-09,2021-01-01,3.1907,1073.633158,183,177.22,0.6815,,,,,
2020-04-09,2023-01-01,5.0741,1146.675792,685,608.01,2.2962,,,,,
2020-04-09,2025-01-01,6.5754,1159.590866,1187,970.67,3.6142,,,,,
2020-04-09,2027-01-01,7.29,1164.597058,1688,1276.0,4.7194,,,,,
2020-04-09,2029-01-01,7.62,1172.787551,2187,1534.78,5.6592,,,,,
2020-04-09,2031-01-01,7.8675,1175.964056,2688,1754.26,6.4536,,,,,
2020-04-13,2021-01-01,3.1362,1074.163733,182,176.22,0.678,,,,,
2020-04-13,2023-01-01,4.9371,1150.511545,684,607.17,2.296,,,,,
2020-04-13,2025-01-01,6.4857,1163.651342,1186,970.1,3.6152,,,,,
2020-04-13,2027-01-01,7.24,1167.67711,1687,1275.58,4.7201,,,,,
2020-04-13,2029-01-01,7.6107,1173.747404,2186,1533.97,5.6567,,,,,
2020-04-13,2031-01-01,7.8569,1177.123285,2687,1753.61,6.4519,,,,,
2020-04-14,2021-01-01,3.0812,1074.693901,181,175.22,0.6745,,,,,
2020-04-14,2023-01-01,4.8171,1153.903431,683,606.3,2.2954,,,,,
2020-04-14,2025-01-01,6.3251,1170.724259,1185,969.88,3.6198,,,,,
2020-04-14,2027-01-01,7.09,1176.315799,1686,1276.31,4.7294,,,,,
2020-04-14,2029-01-01,7.4483,1184.951875,2185,1536.42,5.6743,,,,,
2020-04-14,2031-01-01,7.7194,1187.998321,2686,1757.22,6.4734,,,,,
2020-04-15,2021-01-01,3.08,1074.831978,180,174.22,0.6707,,,,,
2020-04-15,2023-01-01,4.7659,1155.474197,682,605.36,2.2929,,,,,
2020-04-15,2025-01-01,6.2048,1176.122096,1184,969.45,3.6223,,,,,
2020-04-15,2027-01-01,6.9401,1185.022869,1685,1277.04,4.7388,,,,,
2020-04-15,2029-01-01,7.3007,1195.282016,2184,1538.55,5.69,,,,,
2020-04-15,2031-01-01,7.5642,1200.384935,2685,1761.41,6.4982,,,,,
2020-04-16,2021-01-01,3.095,1074.853858,179,173.22,0.6668,,,,,
2020-04-16,2023-01-01,4.6562,1158.595333,681,604.48,2.292,,,,,
2020-04-16,2025-01-01,6.0349,1183.67149,1183,969.27,3.6274,,,,,
2020-04-16,2027-01-01,6.7599,1195.526038,1684,1278.12,4.7508,,,,,
2020-04-16,2029-01-01,7.0769,1210.988757,2183,1542.29,5.7157,,,,,
2020-04-16,2031-01-01,7.3374,1218.63304,2684,1767.99,6.5363,,,,,
2020-04-17,2021-01-01,3.0816,1075.079376,178,172.22,0.663,,,,,
2020-04-17,2023-01-01,4.6433,1159.146725,680,603.5,2.2886,,,,,
2020-04-17,2025-01-01,6.0021,1185.356055,1182,968.43,3.6254,,,,,
2020-04-17,2027-01-01,6.7,1199.247962,1683,1277.81,4.7523,,,,,
2020-04-17,2029-01-01,7.0023,1216.501266,2182,1542.87,5.7218,,,,,
2020-04-17,2031-01-01,7.2544,1225.620217,2683,1769.77,6.5479,,,,,
2020-04-20,2021-01-01,2.875,1076.675575,177,171.23,0.6605,,,,,
2020-04-20,2023-01-01,4.4071,1165.637563,679,602.77,2.291,,,,,
2020-04-20,2025-01-01,5.8623,1191.658438,1181,968.1,3.6289,,,,,
2020-04-20,2027-01-01,6.6209,1204.080039,1682,1277.72,4.7555,,,,,
2020-04-20,2029-01-01,6.9608,1219.724204,2181,1542.74,5.7236,,,,,
2020-04-20,2031-01-01,7.2423,1226.933614,2682,1769.17,6.5464,,,,,
2020-04-22,2021-01-01,2.6835,1078.152844,176,170.23,0.6579,,,,,
2020-04-22,2023-01-01,4.25,1170.037391,678,601.94,2.2913,,,,,
2020-04-22,2025-01-01,5.7726,1195.815149,1180,967.53,3.6299,,,,,
2020-04-22,2027-01-01,6.5998,1205.596381,1681,1276.96,4.7536,,,,,
2020-04-22,2029-01-01,6.9474,1220.986813,2180,1542.03,5.7216,,,,,
2020-04-22,2031-01-01,7.2314,1228.15105,2681,1768.53,6.5447,,,,,
2020-04-23,2021-01-01,2.7579,1077.741797,175,169.23,0.6535,,,,,
2020-04-23,2023-01-01,4.5802,1161.441498,677,600.57,2.2788,,,,,
2020-04-23,2025-01-01,6.178,1178.666465,1179,964.58,3.605,,,,,
2020-04-23,2027-01-01,6.99,1183.807571,1680,1271.47,4.7159,,,,,
2020-04-23,2029-01-01,7.2723,1198.886959,2179,1534.15,5.6752,,,,,
2020-04-23,2031-01-01,7.525,1205.186328,2680,1757.72,6.487,,,,,
2020-04-24,2021-01-01,3.161,1075.044723,174,168.22,0.6471,,,,,
2020-04-24,2023-01-01,5.6355,1134.253977,676,598.38,2.2478,,,,,
2020-04-24,2025-01-01,7.486,1125.162155,1178,957.26,3.5341,,,,,
2020-04-24,2027-01-01,8.3592,1110.946328,1679,1254.54,4.5943,,,,,
2020-04-24,2029-01-01,8.5468,1116.678259,2178,1505.99,5.5056,,,,,
2020-04-24,2031-01-01,8.778,1112.944972,2679,1714.67,6.2552,,,,,
2020-04-27,2021-01-01,3.24,1074.631479,173,167.22,0.6427,,,,,
2020-04-27,2023-01-01,5.76,1131.33778,675,597.23,2.2409,,,,,
2020-04-27,2025-01-01,7.3608,1130.478026,1177,956.87,3.5368,,,,,
2020-04-27,2027-01-01,8.2138,1118.762418,1678,1255.24,4.603,,,,,
2020-04-27,2029-01-01,8.4739,1121.540539,2177,1506.55,5.5114,,,,,
2020-04-27,2031-01-01,8.7093,1118.119573,2678,1715.98,6.2639,,,,,
2020-04-28,2021-01-01,2.86,1077.384884,172,166.23,0.6413,,,,,
2020-04-28,2023-01-01,4.905,1153.549862,674,597.2,2.259,,,,,
2020-04-28,2025-01-01,6.4684,1167.279587,1176,960.19,3.5788,,,,,
2020-04-28,2027-01-01,7.3385,1165.529524,1677,1264.44,4.6746,,,,,
2020-04-28,2029-01-01,7.7156,1170.249165,2176,1521.74,5.6061,,,,,
2020-04-28,2031-01-01,7.9882,1170.763258,2677,1739.21,6.3911,,,,,
2020-04-29,2021-01-01,2.8635,1077.48141,171,165.23,0.6374,,,,,
2020-04-29,2023-01-01,4.8416,1155.420561,673,596.27,2.2569,,,,,
2020-04-29,2025-01-01,6.2748,1175.695839,1175,960.12,3.585,,,,,
2020-04-29,2027-01-01,7.09,1179.517646,1676,1266.31,4.6924,,,,,
2020-04-29,2029-01-01,7.5012,1184.793803,2175,1525.3,5.6304,,,,,
2020-04-29,2031-01-01,7.8097,1184.602885,2676,1744.19,6.42,,,,,
2020-04-30,2021-01-01,2.8034,1078.012652,170,164.23,0.6339,,,,,
2020-04-30,2023-01-01,4.845,1155.548839,672,595.27,2.253,,,,,
2020-04-30,2025-01-01,6.3165,1174.224265,1174,958.92,3.5792,,,,,
2020-04-30,2027-01-01,7.1287,1177.697376,1675,1264.87,4.6853,,,,,
2020-04-30,2029-01-01,7.5265,1183.446326,2174,1523.76,5.6234,,,,,
2020-04-30,2031-01-01,7.769,1188.06113,2675,1744.56,6.4238,,,,,
2020-05-04,2021-01-01,2.795,1078.187999,169,163.23,0.6301,,,,,
2020-05-04,2023-01-01,4.96,1152.782101,671,594.14,2.2463,,,,,
2020-05-04,2025-01-01,6.4265,1169.900069,1173,957.39,3.5698,,,,,
2020-05-04,2027-01-01,7.21,1173.541534,1674,1262.92,4.6746,,,,,
2020-05-04,2029-01-01,7.5617,1181.445709,2173,1522.01,5.6151,,,,,
2020-05-04,2031-01-01,7.7918,1186.673712,2674,1742.79,6.4159,,,,,
2020-05-05,2021-01-01,2.7338,1078.719445,168,162.23,0.6267,,,,,
2020-05-05,2023-01-01,4.7563,1158.288687,670,593.37,2.2477,,,,,
2020-05-05,2025-01-01,6.3035,1175.341231,1172,956.98,3.5724,,,,,
2020-05-05,2027-01-01,7.17,1176.064733,1673,1262.39,4.6743,,,,,
2020-05-05,2029-01-01,7.6296,1177.291009,2172,1519.57,5.6026,,,,,
2020-05-05,2031-01-01,7.8689,1181.171242,2673,1739.21,6.3982,,,,,
2020-05-06,2021-01-01,2.77,1078.591752,167,161.23,0.6226,,,,,
2020-05-06,2023-01-01,4.695,1160.097509,669,592.44,2.2455,,,,,
2020-05-06,2025-01-01,6.215,1179.350004,1171,956.41,3.5732,,,,,
2020-05-06,2027-01-01,7.0679,1182.023955,1672,1262.57,4.6795,,,,,
2020-05-06,2029-01-01,7.5216,1184.795362,2171,1520.87,5.613,,,,,
2020-05-06,2031-01-01,7.7737,1188.760992,2672,1741.4,6.4119,,,,,
2020-05-07,2021-01-01,2.5697,1080.047668,166,160.24,0.6199,,,,,
2020-05-07,2023-01-01,4.605,1162.653313,668,591.54,2.244,,,,,
2020-05-07,2025-01-01,6.3411,1174.335822,1170,954.8,3.563,,,,,
2020-05-07,2027-01-01,7.2812,1170.618647,1671,1259.1,4.6573,,,,,
2020-05-07,2029-01-01,7.7758,1168.385376,2170,1514.46,5.5762,,,,,
2020-05-07,2031-01-01,8.041,1168.967244,2671,1731.44,6.3594,,,,,
2020-05-08,2021-01-01,2.4958,1080.648473,165,159.24,0.6165,,,,,
2020-05-08,2023-01-01,4.4534,1166.82055,667,590.71,2.2442,,,,,
2020-05-08,2025-01-01,6.1967,1180.685289,1169,954.49,3.5667,,,,,
2020-05-08,2027-01-01,7.1349,1178.965942,1670,1259.79,4.6662,,,,,
2020-05-08,2029-01-01,7.6578,1176.463633,2169,1515.97,5.5879,,,,,
2020-05-08,2031-01-01,7.96,1175.377007,2670,1733.15,6.3705,,,,,
2020-05-11,2021-01-01,2.49,1080.792597,164,158.24,0.6127,,,,,
2020-05-11,2023-01-01,4.4914,1166.029422,666,589.67,2.2394,,,,,
2020-05-11,2025-01-01,6.22,1179.986539,1168,953.38,3.5617,,,,,
2020-05-11,2027-01-01,7.1615,1177.825158,1669,1258.49,4.6602,,,,,
2020-05-11,2029-01-01,7.7449,1171.096728,2168,1513.12,5.5728,,,,,
2020-05-11,2031-01-01,8.0673,1167.730551,2669,1728.56,6.3473,,,,,
2020-05-12,2021-01-01,2.625,1080.010666,163,157.24,0.608,,,,,
2020-05-12,2023-01-01,4.76,1159.261468,665,588.37,2.2287,,,,,
2020-05-12,2025-01-01,6.479,1169.455653,1167,951.14,3.5447,,,,,
2020-05-12,2027-01-01,7.4594,1161.941491,1668,1254.03,4.6309,,,,,
2020-05-12,2029-01-01,8.0256,1153.309123,2167,1506.14,5.5327,,,,,
2020-05-12,2031-01-01,8.379,1145.289945,2668,1717.09,6.2871,,,,,
2020-05-13,2021-01-01,2.67,1079.828188,162,156.23,0.6039,,,,,
2020-05-13,2023-01-01,4.9698,1154.082213,664,587.13,2.2196,,,,,
2020-05-13,2025-01-01,6.6343,1163.335019,1166,949.39,3.533,,,,,
2020-05-13,2027-01-01,7.6044,1154.50145,1667,1251.35,4.6148,,,,,
2020-05-13,2029-01-01,8.1352,1146.692721,2166,1502.8,5.5148,,,,,
2020-05-13,2031-01-01,8.4568,1140.067437,2667,1713.47,6.2693,,,,,
2020-05-14,2021-01-01,2.655,1080.038309,161,155.24,0.6001,,,,,
2020-05-14,2023-01-01,4.8665,1156.951055,663,586.25,2.2184,,,,,
2020-05-14,2025-01-01,6.5685,1166.340106,1165,948.7,3.5327,,,,,
2020-05-14,2027-01-01,7.4907,1160.922148,1666,1251.67,4.6208,,,,,
2020-05-14,2029-01-01,7.9921,1156.157583,2165,1504.85,5.5297,,,,,
2020-05-14,2031-01-01,8.3032,1151.503248,2666,1717.64,6.2935,,,,,
2020-05-15,2021-01-01,2.575,1080.666149,160,154.24,0.5967,,,,,
2020-05-15,2023-01-01,4.745,1160.289287,662,585.38,2.2177,,,,,
2020-05-15,2025-01-01,6.4709,1170.665232,1164,948.18,3.5339,,,,,
2020-05-15,2027-01-01,7.42,1165.059356,1665,1251.49,4.6232,,,,,
2020-05-15,2029-01-01,7.9665,1158.150211,2164,1504.4,5.5293,,,,,
2020-05-15,2031-01-01,8.2722,1154.120059,2665,1717.68,6.2954,,,,,
2020-05-18,2021-01-01,2.5481,1080.947569,159,153.24,0.593,,,,,
2020-05-18,2023-01-01,4.6045,1164.121129,661,584.54,2.2175,,,,,
2020-05-18,2025-01-01,6.3535,1175.827002,1163,947.74,3.5362,,,,,
2020-05-18,2027-01-01,7.28,1172.971568,1664,1252.11,4.6315,,,,,
2020-05-18,2029-01-01,7.8074,1168.764628,2163,1506.79,5.5463,,,,,
2020-05-18,2031-01-01,8.0998,1167.124111,2664,1722.46,6.323,,,,,
2020-05-19,2021-01-01,2.5377,1081.121744,158,152.24,0.5892,,,,,
2020-05-19,2023-01-01,4.5618,1165.430482,660,583.59,2.2148,,,,,
2020-05-19,2025-01-01,6.275,1179.384389,1162,947.12,3.5365,,,,,
2020-05-19,2027-01-01,7.2098,1177.124204,1663,1251.93,4.6339,,,,,
2020-05-19,2029-01-01,7.7486,1172.937341,2162,1507.04,5.5503,,,,,
2020-05-19,2031-01-01,8.0388,1172.004324,2663,1723.51,6.3304,,,,,
2020-05-20,2021-01-01,2.5543,1081.124224,157,151.24,0.5852,,,,,
2020-05-20,2023-01-01,4.5868,1164.992764,659,582.56,2.2104,,,,,
2020-05-20,2025-01-01,6.3009,1178.589847,1161,945.99,3.5314,,,,,
2020-05-20,2027-01-01,7.195,1178.257765,1662,1251.1,4.6314,,,,,
2020-05-20,2029-01-01,7.664,1178.815873,2161,1507.84,5.5576,,,,,
2020-05-20,2031-01-01,7.9233,1180.98887,2662,1726.39,6.3478,,,,,
2020-05-21,2021-01-01,2.4931,1081.617299,156,150.24,0.5817,,,,,
2020-05-21,2023-01-01,4.5251,1166.788125,658,581.63,2.2081,,,,,
2020-05-21,2025-01-01,6.1587,1184.814348,1160,945.68,3.535,,,,,
2020-05-21,2027-01-01,7.0191,1188.244433,1661,1252.13,4.6429,,,,,
2020-05-21,2029-01-01,7.4725,1191.814446,2160,1510.91,5.5788,,,,,
2020-05-21,2031-01-01,7.7065,1197.781702,2661,1732.65,6.3836,,,,,
2020-05-22,2021-01-01,2.5033,1081.659251,155,149.24,0.5778,,,,,
2020-05-22,2023-01-01,4.625,1164.427474,657,580.52,2.2018,,,,,
2020-05-22,2025-01-01,6.2017,1183.296602,1159,944.47,3.529,,,,,
2020-05-22,2027-01-01,7.025,1188.23865,1660,1251.06,4.6387,,,,,
2020-05-22,2029-01-01,7.4376,1194.48116,2159,1510.65,5.5796,,,,,
2020-05-22,2031-01-01,7.6625,1201.509714,2660,1733.12,6.388,,,,,
2020-05-25,2021-01-01,2.39,1082.469385,154,148.24,0.5745,,,,,
2020-05-25,2023-01-01,4.325,1172.354836,656,579.86,2.2056,,,,,
2020-05-25,2025-01-01,5.8702,1197.535252,1158,945.06,3.5423,,,,,
2020-05-25,2027-01-01,6.6719,1208.262479,1659,1254.14,4.6655,,,,,
2020-05-25,2029-01-01,7.0944,1218.030828,2158,1516.92,5.6208,,,,,
2020-05-25,2031-01-01,7.3249,1228.213996,2659,1743.41,6.4461,,,,,
2020-05-26,2021-01-01,2.39,1082.570845,153,147.24,0.5707,,,,,
2020-05-26,2023-01-01,4.3249,1172.554413,655,578.86,2.2018,,,,,
2020-05-26,2025-01-01,5.8034,1200.64433,1157,944.38,3.542,,,,,
2020-05-26,2027-01-01,6.6261,1211.159931,1658,1253.66,4.6657,,,,,
2020-05-26,2029-01-01,7.0566,1220.956386,2157,1516.72,5.622,,,,,
2020-05-26,2031-01-01,7.31,1229.740455,2658,1742.91,6.4452,,,,,
2020-05-27,2021-01-01,2.3939,1082.648383,152,146.24,0.5668,,,,,
2020-05-27,2023-01-01,4.3063,1173.231045,654,577.88,2.1985,,,,,
2020-05-27,2025-01-01,5.78,1201.908684,1156,943.49,3.5394,,,,,
2020-05-27,2027-01-01,6.59,1213.512355,1657,1253.08,4.6651,,,,,
2020-05-27,2029-01-01,7.01,1224.494494,2156,1516.7,5.6244,,,,,
2020-05-27,2031-01-01,7.275,1232.866648,2657,1743.08,6.4479,,,,,
2020-05-28,2021-01-01,2.3592,1082.961564,151,145.24,0.5631,,,,,
2020-05-28,2023-01-01,4.2768,1174.187445,653,576.91,2.1954,,,,,
2020-05-28,2025-01-01,5.82,1200.47705,1155,942.3,3.5336,,,,,
2020-05-28,2027-01-01,6.655,1210.144799,1656,1251.33,4.6558,,,,,
2020-05-28,2029-01-01,7.0461,1222.338755,2155,1514.94,5.616,,,,,
2020-05-28,2031-01-01,7.29,1232.017278,2656,1741.58,6.4414,,,,,
2020-05-29,2021-01-01,2.2876,1083.495664,150,144.25,0.5596,,,,,
2020-05-29,2023-01-01,4.2364,1175.423119,652,575.96,2.1927,,,,,
2020-05-29,2025-01-01,5.755,1203.507934,1154,941.61,3.5332,,,,,
2020-05-29,2027-01-01,6.5786,1214.77294,1655,1251.21,4.6586,,,,,
2020-05-29,2029-01-01,6.9503,1229.276733,2154,1515.97,5.6248,,,,,
2020-05-29,2031-01-01,7.2352,1236.726507,2655,1742.41,6.4478,,,,,
2020-06-01,2021-01-01,2.2754,1083.66639,149,143.25,0.5558,,,,,
2020-06-01,2023-01-01,4.2465,1175.356811,651,574.95,2.1886,,,,,
2020-06-01,2025-01-01,5.7235,1205.115495,1153,940.76,3.5311,,,,,
2020-06-01,2027-01-01,6.5671,1215.731684,1654,1250.34,4.6559,,,,,
2020-06-01,2029-01-01,6.9502,1229.611476,2153,1514.97,5.6211,,,,,
2020-06-01,2031-01-01,7.212,1238.923575,2654,1742.18,6.4484,,,,,
2020-06-02,2021-01-01,2.2436,1083.9534,148,142.25,0.5521,,,,,
2020-06-02,2023-01-01,4.1062,1179.162625,650,574.1,2.1883,,,,,
2020-06-02,2025-01-01,5.5016,1214.875277,1152,940.82,3.5387,,,,,
2020-06-02,2027-01-01,6.38,1226.702581,1653,1251.49,4.6684,,,,,
2020-06-02,2029-01-01,6.7926,1240.911363,2152,1517.29,5.638,,,,,
2020-06-02,2031-01-01,7.0654,1251.072256,2653,1746.07,6.4716,,,,,
2020-06-03,2021-01-01,2.178,1084.438888,147,141.25,0.5486,,,,,
2020-06-03,2023-01-01,4.045,1180.92926,649,573.17,2.1861,,,,,
2020-06-03,2025-01-01,5.41,1219.079857,1151,940.26,3.5397,,,,,
2020-06-03,2027-01-01,6.28,1232.753796,1652,1251.63,4.6733,,,,,
2020-06-03,2029-01-01,6.6929,1248.2448,2151,1518.39,5.6474,,,,,
2020-06-03,2031-01-01,6.9565,1260.283824,2652,1748.7,6.488,,,,,
2020-06-04,2021-01-01,2.1749,1084.549925,146,140.25,0.5447,,,,,
2020-06-04,2023-01-01,4.085,1180.084788,648,572.13,2.1812,,,,,
2020-06-04,2025-01-01,5.4852,1216.096394,1150,938.9,3.532,,,,,
2020-06-04,2027-01-01,6.365,1228.164506,1651,1249.66,4.6622,,,,,
2020-06-04,2029-01-01,6.7868,1241.964864,2150,1515.42,5.6314,,,,,
2020-06-04,2031-01-01,7.0637,1251.888073,2651,1744.13,6.4645,,,,,
2020-06-05,2021-01-01,2.175,1084.641942,145,139.25,0.5408,,,,,
2020-06-05,2023-01-01,4.195,1177.450511,647,571.0,2.1747,,,,,
2020-06-05,2025-01-01,5.5796,1212.309543,1149,937.45,3.5234,,,,,
2020-06-05,2027-01-01,6.4269,1224.925186,1650,1247.95,4.6531,,,,,
2020-06-05,2029-01-01,6.8283,1239.388072,2149,1513.54,5.6222,,,,,
2020-06-05,2031-01-01,7.13,1246.871786,2650,1740.92,6.4486,,,,,
2020-06-08,2021-01-01,2.1928,1084.6309,144,138.25,0.5368,,,,,
2020-06-08,2023-01-01,4.235,1176.620619,646,569.96,2.1698,,,,,
2020-06-08,2025-01-01,5.5521,1213.746046,1148,936.58,3.5211,,,,,
2020-06-08,2027-01-01,6.3761,1228.130612,1649,1247.53,4.6538,,,,,
2020-06-08,2029-01-01,6.7508,1245.135105,2148,1514.17,5.6286,,,,,
2020-06-08,2031-01-01,7.0549,1253.279499,2649,1742.42,6.4587,,,,,
2020-06-09,2021-01-01,2.18,1084.798269,143,137.25,0.533,,,,,
2020-06-09,2023-01-01,4.235,1176.8143,645,568.96,2.166,,,,,
2020-06-09,2025-01-01,5.5579,1213.758529,1147,935.55,3.517,,,,,
2020-06-09,2027-01-01,6.4076,1226.631901,1648,1246.17,4.6473,,,,,
2020-06-09,2029-01-01,6.7621,1244.665578,2147,1512.94,5.6235,,,,,
2020-06-09,2031-01-01,7.0633,1252.938093,2648,1741.14,6.4535,,,,,
2020-06-10,2021-01-01,2.18,1084.891108,142,136.25,0.5291,,,,,
2020-06-10,2023-01-01,4.1364,1179.521466,644,568.07,2.1647,,,,,
2020-06-10,2025-01-01,5.44,1219.065992,1146,935.11,3.5193,,,,,
2020-06-10,2027-01-01,6.28,1234.244444,1647,1246.63,4.6547,,,,,
2020-06-10,2029-01-01,6.621,1254.93003,2146,1514.91,5.6382,,,,,
2020-06-10,2031-01-01,6.9007,1266.541017,2647,1745.56,6.4797,,,,,
2020-06-12,2021-01-01,2.166,1085.063748,141,135.25,0.5253,,,,,
2020-06-12,2023-01-01,4.1569,1179.188779,643,567.05,2.1604,,,,,
2020-06-12,2025-01-01,5.463,1218.336239,1145,934.0,3.5144,,,,,
2020-06-12,2027-01-01,6.2772,1234.703794,1646,1245.67,4.6512,,,,,
2020-06-12,2029-01-01,6.6594,1252.533868,2145,1513.1,5.6295,,,,,
2020-06-12,2031-01-01,6.95,1262.834927,2646,1742.92,6.4669,,,,,
2020-06-15,2021-01-01,2.1269,1085.37733,140,134.25,0.5216,,,,,
2020-06-15,2023-01-01,4.165,1179.173385,642,566.04,2.1564,,,,,
2020-06-15,2025-01-01,5.4913,1217.382759,1144,932.87,3.5092,,,,,
2020-06-15,2027-01-01,6.3119,1233.010004,1645,1244.27,4.6444,,,,,
2020-06-15,2029-01-01,6.6853,1251.028252,2144,1511.55,5.6224,,,,,
2020-06-15,2031-01-01,6.985,1260.314592,2645,1740.75,6.4567,,,,,
2020-06-16,2021-01-01,2.1063,1085.583772,139,133.25,0.5179,,,,,
2020-06-16,2023-01-01,4.2063,1178.316595,641,564.99,2.1515,,,,,
2020-06-16,2025-01-01,5.5618,1214.63505,1143,931.53,3.5018,,,,,
2020-06-16,2027-01-01,6.42,1227.135759,1644,1242.03,4.6314,,,,,
2020-06-16,2029-01-01,6.8199,1241.923674,2143,1507.72,5.601,,,,,
2020-06-16,2031-01-01,7.1208,1249.65794,2644,1735.23,6.4281,,,,,
2020-06-17,2021-01-01,2.1015,1085.700355,138,132.25,0.514,,,,,
2020-06-17,2023-01-01,4.1381,1180.237434,640,564.07,2.1494,,,,,
2020-06-17,2025-01-01,5.4513,1219.608109,1142,931.06,3.5037,,,,,
2020-06-17,2027-01-01,6.3,1234.291012,1643,1242.41,4.638,,,,,
2020-06-17,2029-01-01,6.6615,1253.34748,2142,1510.06,5.618,,,,,
2020-06-17,2031-01-01,6.9744,1261.853904,2643,1739.11,6.4513,,,,,
2020-06-18,2021-01-01,2.0351,1086.15792,137,131.25,0.5105,,,,,
2020-06-18,2023-01-01,4.2568,1177.426882,639,562.93,2.1427,,,,,
2020-06-18,2025-01-01,5.6559,1211.167899,1141,929.08,3.4895,,,,,
2020-06-18,2027-01-01,6.4902,1223.760305,1642,1239.22,4.6178,,,,,
2020-06-18,2029-01-01,6.856,1240.0652,2141,1504.96,5.5889,,,,,
2020-06-18,2031-01-01,7.1839,1245.281909,2642,1731.12,6.4091,,,,,
2020-06-19,2021-01-01,1.9973,1086.452813,136,130.25,0.5068,,,,,
2020-06-19,2023-01-01,4.1526,1180.250738,638,562.05,2.1414,,,,,
2020-06-19,2025-01-01,5.6202,1212.942244,1140,928.25,3.4875,,,,,
2020-06-19,2027-01-01,6.47,1225.208922,1641,1238.46,4.6159,,,,,
2020-06-19,2029-01-01,6.8567,1240.342998,2140,1503.94,5.5851,,,,,
2020-06-19,2031-01-01,7.1712,1246.640196,2641,1730.54,6.4077,,,,,
2020-06-22,2021-01-01,2.01,1086.468694,135,129.25,0.5028,,,,,
2020-06-22,2023-01-01,4.1825,1179.687203,637,561.02,2.1369,,,,,
2020-06-22,2025-01-01,5.715,1209.205296,1139,926.8,3.479,,,,,
2020-06-22,2027-01-01,6.58,1219.309928,1640,1236.19,4.6027,,,,,
2020-06-22,2029-01-01,7.0077,1230.261522,2139,1499.75,5.5617,,,,,
2020-06-22,2031-01-01,7.3027,1236.529813,2640,1725.15,6.3799,,,,,
2020-06-23,2021-01-01,2.0089,1086.56046,134,128.25,0.4989,,,,,
2020-06-23,2023-01-01,4.1137,1181.612536,636,560.1,2.1348,,,,,
2020-06-23,2025-01-01,5.6166,1213.620875,1138,926.27,3.4802,,,,,
2020-06-23,2027-01-01,6.485,1224.97058,1639,1236.28,4.6071,,,,,
2020-06-23,2029-01-01,6.9058,1237.59939,2138,1500.9,5.5712,,,,,
2020-06-23,2031-01-01,7.1914,1245.712086,2639,1727.87,6.3966,,,,,
2020-06-24,2021-01-01,2.0,1086.694101,133,127.25,0.4951,,,,,
2020-06-24,2023-01-01,4.22,1179.129211,635,558.98,2.1283,,,,,
2020-06-24,2025-01-01,5.7414,1208.630045,1137,924.68,3.4701,,,,,
2020-06-24,2027-01-01,6.61,1218.244338,1638,1233.85,4.5926,,,,,
2020-06-24,2029-01-01,7.0383,1228.830653,2137,1497.11,5.5503,,,,,
2020-06-24,2031-01-01,7.3349,1234.68299,2638,1722.08,6.3667,,,,,
2020-06-25,2021-01-01,1.9966,1086.797649,132,126.25,0.4912,,,,,
2020-06-25,2023-01-01,4.08,1182.838435,634,558.13,2.128,,,,,
2020-06-25,2025-01-01,5.5521,1216.873121,1136,924.58,3.476,,,,,
2020-06-25,2027-01-01,6.4406,1228.091602,1637,1234.79,4.6035,,,,,
2020-06-25,2029-01-01,6.8374,1242.987037,2136,1500.35,5.5727,,,,,
2020-06-25,2031-01-01,7.1496,1249.739068,2637,1727.26,6.3969,,,,,
2020-06-26,2021-01-01,2.0145,1086.788117,131,125.25,0.4872,,,,,
2020-06-26,2023-01-01,4.13,1181.770703,633,557.08,2.1229,,,,,
2020-06-26,2025-01-01,5.62,1214.267321,1135,923.26,3.4688,,,,,
2020-06-26,2027-01-01,6.5,1225.041361,1636,1233.11,4.5946,,,,,
2020-06-26,2029-01-01,6.9082,1238.418153,2135,1497.85,5.5598,,,,,
2020-06-26,2031-01-01,7.1963,1246.351798,2636,1724.71,6.3846,,,,,
2020-06-29,2021-01-01,2.0176,1086.857851,130,124.25,0.4833,,,,,
2020-06-29,2023-01-01,4.06,1183.715836,632,556.16,2.1209,,,,,
2020-06-29,2025-01-01,5.56,1217.061339,1134,922.54,3.4681,,,,,
2020-06-29,2027-01-01,6.42,1229.865808,1635,1233.03,4.5978,,,,,
2020-06-29,2029-01-01,6.832,1244.013993,2134,1498.46,5.566,,,,,
2020-06-29,2031-01-01,7.095,1254.804126,2635,1727.09,6.3995,,,,,
2020-06-30,2021-01-01,2.0225,1086.918473,129,123.25,0.4794,,,,,
2020-06-30,2023-01-01,4.02,1184.906002,631,555.2,2.118,,,,,
2020-06-30,2025-01-01,5.48,1220.705461,1133,921.92,3.4684,,,,,
2020-06-30,2027-01-01,6.3,1236.987136,1634,1233.41,4.6044,,,,,
2020-06-30,2029-01-01,6.71,1252.836888,2133,1500.03,5.5782,,,,,
2020-06-30,2031-01-01,6.9683,1265.391989,2634,1730.31,6.419,,,,,
2020-07-01,2021-01-01,2.0198,1038.209946,128,128.0,0.4979,,,,,
2020-07-01,2023-01-01,3.96,1137.787293,630,578.05,2.2065,,,,,
2020-07-01,2025-01-01,5.41,1175.123381,1132,959.52,3.6122,,,,,
2020-07-01,2027-01-01,6.235,1192.191184,1633,1283.61,4.7947,,,,,
2020-07-01,2029-01-01,6.6077,1211.536277,2132,1561.63,5.8128,,,,,
2020-07-01,2031-01-01,6.84,1227.417788,2633,1802.46,6.6947,,,,,
2020-07-02,2021-01-01,2.0455,1038.160541,127,127.0,0.4939,,,,,
2020-07-02,2023-01-01,4.0063,1136.803012,629,577.02,2.2015,,,,,
2020-07-02,2025-01-01,5.43,1174.52067,1131,958.44,3.6075,,,,,
2020-07-02,2027-01-01,6.2335,1192.563183,1632,1282.63,4.7911,,,,,
2020-07-02,2029-01-01,6.625,1210.625194,2131,1560.31,5.807,,,,,
2020-07-02,2031-01-01,6.8524,1226.720448,2632,1801.09,6.6888,,,,,
2020-07-03,2021-01-01,2.0303,1038.321296,126,126.0,0.4901,,,,,
2020-07-03,2023-01-01,3.9767,1137.720225,628,576.04,2.1984,,,,,
2020-07-03,2025-01-01,5.3376,1178.690615,1130,957.78,3.6081,,,,,
2020-07-03,2027-01-01,6.1279,1198.90904,1631,1282.63,4.7959,,,,,
2020-07-03,2029-01-01,6.4838,1220.925846,2130,1561.9,5.8206,,,,,
2020-07-03,2031-01-01,6.7142,1238.470674,2631,1804.23,6.7092,,,,,
2020-07-06,2021-01-01,2.0791,1038.157846,125,125.0,0.4859,,,,,
2020-07-06,2023-01-01,3.9875,1137.626644,627,575.03,2.1944,,,,,
2020-07-06,2025-01-01,5.3099,1180.112555,1129,956.87,3.6057,,,,,
2020-07-06,2027-01-01,6.065,1202.819228,1630,1282.23,4.7972,,,,,
2020-07-06,2029-01-01,6.4264,1225.322892,2129,1561.96,5.824,,,,,
2020-07-06,2031-01-01,6.6388,1245.085276,2630,1805.49,6.7186,,,,,
2020-07-07,2021-01-01,2.095,1038.163057,124,124.0,0.482,,,,,
2020-07-07,2023-01-01,4.057,1136.072915,626,573.98,2.1889,,,,,
2020-07-07,2025-01-01,5.4163,1175.839879,1128,955.49,3.5968,,,,,
2020-07-07,2027-01-01,6.195,1195.624051,1629,1279.99,4.783,,,,,
2020-07-07,2029-01-01,6.556,1216.415286,2128,1558.58,5.8043,,,,,
2020-07-07,2031-01-01,6.78,1233.653545,2629,1800.26,6.6903,,,,,
2020-07-08,2021-01-01,2.13,1038.074793,123,123.0,0.4779,,,,,
2020-07-08,2023-01-01,4.167,1133.526004,625,572.91,2.1825,,,,,
2020-07-08,2025-01-01,5.4587,1174.294901,1127,954.34,3.591,,,,,
2020-07-08,2027-01-01,6.165,1197.628036,1628,1279.28,4.7817,,,,,
2020-07-08,2029-01-01,6.52,1219.269822,2127,1558.24,5.805,,,,,
2020-07-08,2031-01-01,6.7328,1237.883933,2628,1800.67,6.6948,,,,,
2020-07-09,2021-01-01,2.125,1038.186224,122,122.0,0.4741,,,,,
2020-07-09,2023-01-01,4.175,1133.51208,624,571.91,2.1785,,,,,
2020-07-09,2025-01-01,5.4179,1176.264621,1126,953.49,3.5892,,,,,
2020-07-09,2027-01-01,6.1246,1200.231018,1627,1278.66,4.7812,,,,,
2020-07-09,2029-01-01,6.4666,1223.366913,2126,1558.22,5.8078,,,,,
2020-07-09,2031-01-01,6.6914,1241.646037,2627,1800.91,6.6983,,,,,
2020-07-10,2021-01-01,2.07,1038.541452,121,121.0,0.4704,,,,,
2020-07-10,2023-01-01,4.075,1136.165543,623,570.97,2.177,,,,,
2020-07-10,2025-01-01,5.3536,1179.229539,1125,952.72,3.5885,,,,,
2020-07-10,2027-01-01,6.06,1204.232284,1626,1278.27,4.7827,,,,,
2020-07-10,2029-01-01,6.418,1227.134425,2125,1558.11,5.8101,,,,,
2020-07-10,2031-01-01,6.6435,1245.96302,2626,1801.35,6.7029,,,,,
2020-07-13,2021-01-01,2.07,1038.625894,120,120.0,0.4665,,,,,
2020-07-13,2023-01-01,4.105,1135.605135,622,569.95,2.1725,,,,,
2020-07-13,2025-01-01,5.364,1179.033684,1124,951.68,3.5843,,,,,
2020-07-13,2027-01-01,6.08,1203.361321,1625,1277.08,4.7773,,,,,
2020-07-13,2029-01-01,6.4723,1223.570304,2124,1556.11,5.7997,,,,,
2020-07-13,2031-01-01,6.707,1240.986702,2625,1798.44,6.6881,,,,,
2020-07-14,2021-01-01,2.06,1038.758401,119,119.0,0.4627,,,,,
2020-07-14,2023-01-01,4.085,1136.279241,621,568.96,2.1692,,,,,
2020-07-14,2025-01-01,5.369,1179.066931,1123,950.66,3.5802,,,,,
2020-07-14,2027-01-01,6.11,1201.918718,1624,1275.8,4.7712,,,,,
2020-07-14,2029-01-01,6.49,1222.618402,2123,1554.79,5.7938,,,,,
2020-07-14,2031-01-01,6.7271,1239.637577,2624,1796.84,6.6809,,,,,
2020-07-15,2021-01-01,2.065,1038.818625,118,118.0,0.4588,,,,,
2020-07-15,2023-01-01,4.155,1134.739136,620,567.92,2.1637,,,,,
2020-07-15,2025-01-01,5.3962,1178.164358,1122,949.57,3.5752,,,,,
2020-07-15,2027-01-01,6.1134,1202.006489,1623,1274.77,4.7672,,,,,
2020-07-15,2029-01-01,6.4841,1223.341972,2122,1553.9,5.7908,,,,,
2020-07-15,2031-01-01,6.715,1240.961841,2623,1796.2,6.6793,,,,,
2020-07-16,2021-01-01,2.0582,1038.935025,117,117.0,0.4549,,,,,
2020-07-16,2023-01-01,4.1162,1135.87419,619,566.94,2.1608,,,,,
2020-07-16,2025-01-01,5.3981,1178.330081,1121,948.56,3.5713,,,,,
2020-07-16,2027-01-01,6.1374,1200.914185,1622,1273.54,4.7615,,,,,
2020-07-16,2029-01-01,6.5063,1222.074106,2121,1552.49,5.7843,,,,,
2020-07-16,2031-01-01,6.7573,1237.778188,2622,1793.94,6.6682,,,,,
2020-07-17,2021-01-01,2.0368,1039.119324,116,116.0,0.4511,,,,,
2020-07-17,2023-01-01,4.0255,1138.281889,618,566.0,2.1591,,,,,
2020-07-17,2025-01-01,5.3012,1182.662865,1120,947.91,3.5722,,,,,
2020-07-17,2027-01-01,6.013,1208.346339,1621,1273.72,4.7678,,,,,
2020-07-17,2029-01-01,6.3584,1232.906905,2120,1554.2,5.7988,,,,,
2020-07-17,2031-01-01,6.6209,1249.443753,2621,1797.02,6.6882,,,,,
2020-07-20,2021-01-01,2.0322,1039.223851,115,115.0,0.4473,,,,,
2020-07-20,2023-01-01,4.007,1138.914248,617,565.02,2.1557,,,,,
2020-07-20,2025-01-01,5.3119,1182.45345,1119,946.87,3.5679,,,,,
2020-07-20,2027-01-01,6.05,1206.49544,1620,1272.37,4.761,,,,,
2020-07-20,2029-01-01,6.3786,1231.76405,2119,1552.83,5.7925,,,,,
2020-07-20,2031-01-01,6.623,1249.585958,2620,1795.96,6.6841,,,,,
2020-07-21,2021-01-01,2.0665,1039.148805,114,114.0,0.4432,,,,,
2020-07-21,2023-01-01,4.0743,1137.443927,616,563.97,2.1504,,,,,
2020-07-21,2025-01-01,5.3353,1181.709812,1118,945.78,3.563,,,,,
2020-07-21,2027-01-01,6.093,1204.307978,1619,1270.96,4.7538,,,,,
2020-07-21,2029-01-01,6.4335,1228.15369,2118,1550.83,5.7821,,,,,
2020-07-21,2031-01-01,6.6795,1245.191194,2619,1793.27,6.6706,,,,,
2020-07-22,2021-01-01,2.042,1039.345033,113,113.0,0.4394,,,,,
2020-07-22,2023-01-01,4.0929,1137.170122,615,562.96,2.1461,,,,,
2020-07-22,2025-01-01,5.4027,1179.120786,1117,944.54,3.5561,,,,,
2020-07-22,2027-01-01,6.1844,1199.368759,1618,1269.09,4.7428,,,,,
2020-07-22,2029-01-01,6.5434,1220.679164,2117,1547.81,5.7649,,,,,
2020-07-22,2031-01-01,6.8003,1235.520127,2618,1788.65,6.6459,,,,,
2020-07-23,2021-01-01,2.0395,1039.439727,112,112.0,0.4356,,,,,
2020-07-23,2023-01-01,4.0998,1137.183048,614,561.96,2.1422,,,,,
2020-07-23,2025-01-01,5.4382,1177.879974,1116,943.42,3.5506,,,,,
2020-07-23,2027-01-01,6.2673,1194.947204,1617,1267.31,4.7324,,,,,
2020-07-23,2029-01-01,6.6359,1214.494022,2116,1545.11,5.7498,,,,,
2020-07-23,2031-01-01,6.92,1226.055815,2617,1784.06,6.6214,,,,,
2020-07-24,2021-01-01,1.9601,1039.879502,111,111.0,0.432,,,,,
2020-07-24,2023-01-01,3.88,1142.729032,613,561.1,2.1434,,,,,
2020-07-24,2025-01-01,5.2901,1184.342996,1115,942.95,3.5538,,,,,
2020-07-24,2027-01-01,6.1636,1201.124441,1616,1267.29,4.737,,,,,
2020-07-24,2029-01-01,6.5511,1220.751331,2115,1545.67,5.7565,,,,,
2020-07-24,2031-01-01,6.8555,1231.640009,2616,1784.99,6.6289,,,,,
2020-07-27,2021-01-01,1.9432,1040.034858,110,110.0,0.4282,,,,,
2020-07-27,2023-01-01,3.8186,1144.404589,612,560.14,2.141,,,,,
2020-07-27,2025-01-01,5.2012,1188.334697,1114,942.26,3.5543,,,,,
2020-07-27,2027-01-01,6.095,1205.324737,1615,1266.94,4.7387,,,,,
2020-07-27,2029-01-01,6.48,1226.074302,2114,1545.97,5.7615,,,,,
2020-07-27,2031-01-01,6.7727,1238.758916,2615,1786.48,6.6395,,,,,
2020-07-28,2021-01-01,1.942,1040.119586,109,109.0,0.4243,,,,,
2020-07-28,2023-01-01,3.8462,1143.899941,611,559.12,2.1366,,,,,
2020-07-28,2025-01-01,5.2214,1187.721181,1113,941.19,3.5496,,,,,
2020-07-28,2027-01-01,6.105,1205.03627,1614,1265.85,4.7342,,,,,
2020-07-28,2029-01-01,6.4944,1225.362144,2113,1544.71,5.756,,,,,
2020-07-28,2031-01-01,6.7833,1238.208578,2614,1785.16,6.634,,,,,
2020-07-29,2021-01-01,1.9322,1040.241835,108,108.0,0.4204,,,,,
2020-07-29,2023-01-01,3.8522,1143.924885,610,558.12,2.1326,,,,,
2020-07-29,2025-01-01,5.2477,1186.853177,1112,940.1,3.5445,,,,,
2020-07-29,2027-01-01,6.125,1204.178435,1613,1264.66,4.7288,,,,,
2020-07-29,2029-01-01,6.5037,1225.01177,2112,1543.54,5.7511,,,,,
2020-07-29,2031-01-01,6.7866,1238.259725,2613,1784.06,6.6297,,,,,
2020-07-30,2021-01-01,1.9306,1040.327771,107,107.0,0.4166,,,,,
2020-07-30,2023-01-01,3.702,1147.763467,609,557.21,2.1322,,,,,
2020-07-30,2025-01-01,5.0538,1195.288742,1111,939.79,3.5499,,,,,
2020-07-30,2027-01-01,5.9274,1215.796363,1612,1265.53,4.7409,,,,,
2020-07-30,2029-01-01,6.3279,1237.802672,2111,1545.76,5.7689,,,,,
2020-07-30,2031-01-01,6.6052,1253.619232,2612,1788.49,6.6575,,,,,
2020-07-31,2021-01-01,1.93,1040.409291,106,106.0,0.4127,,,,,
2020-07-31,2023-01-01,3.7,1147.977912,608,556.21,2.1284,,,,,
2020-07-31,2025-01-01,5.027,1196.660371,1110,938.89,3.5474,,,,,
2020-07-31,2027-01-01,5.8764,1219.021273,1611,1265.01,4.7413,,,,,
2020-07-31,2029-01-01,6.2724,1242.080019,2110,1545.78,5.772,,,,,
2020-07-31,2031-01-01,6.5646,1257.336698,2611,1788.71,6.6608,,,,,
2020-08-03,2021-01-01,1.9181,1040.538835,105,105.0,0.4088,,,,,
2020-08-03,2023-01-01,3.6988,1148.172705,607,555.22,2.1247,,,,,
2020-08-03,2025-01-01,5.0268,1196.901791,1109,937.89,3.5436,,,,,
2020-08-03,2027-01-01,5.865,1219.957238,1610,1264.12,4.7384,,,,,
2020-08-03,2029-01-01,6.2825,1241.655353,2109,1544.59,5.767,,,,,
2020-08-03,2031-01-01,6.5828,1256.129059,2610,1787.16,6.6539,,,,,
2020-08-04,2021-01-01,1.9374,1040.535974,104,104.0,0.4049,,,,,
2020-08-04,2023-01-01,3.8073,1145.700351,606,554.15,2.1183,,,,,
2020-08-04,2025-01-01,5.1233,1193.052018,1108,936.54,3.5353,,,,,
2020-08-04,2027-01-01,5.9767,1213.793648,1609,1262.06,4.7257,,,,,
2020-08-04,2029-01-01,6.3673,1235.897433,2108,1542.04,5.7529,,,,,
2020-08-04,2031-01-01,6.66,1250.009088,2609,1783.85,6.6368,,,,,
2020-08-05,2021-01-01,1.9767,1040.451275,103,103.0,0.4008,,,,,
2020-08-05,2023-01-01,3.857,1144.666991,605,553.11,2.1134,,,,,
2020-08-05,2025-01-01,5.2114,1189.581175,1107,935.23,3.5274,,,,,
2020-08-05,2027-01-01,6.0608,1209.258018,1608,1260.27,4.7153,,,,,
2020-08-05,2029-01-01,6.4618,1229.499354,2107,1539.31,5.7376,,,,,
2020-08-05,2031-01-01,6.7744,1240.876189,2608,1779.42,6.6132,,,,,
2020-08-06,2021-01-01,1.8849,1040.911473,102,102.0,0.3973,,,,,
2020-08-06,2023-01-01,3.6848,1149.009168,604,552.22,2.1135,,,,,
2020-08-06,2025-01-01,5.0894,1194.954772,1106,934.66,3.5294,,,,,
2020-08-06,2027-01-01,5.9877,1213.722034,1607,1259.96,4.7174,,,,,
2020-08-06,2029-01-01,6.3991,1234.243496,2106,1539.46,5.7415,,,,,
2020-08-06,2031-01-01,6.7161,1246.002307,2607,1780.17,6.6196,,,,,
2020-08-07,2021-01-01,1.8894,1040.970182,101,101.0,0.3934,,,,,
2020-08-07,2023-01-01,3.8046,1146.275317,603,551.15,2.1069,,,,,
2020-08-07,2025-01-01,5.22,1189.700467,1105,933.2,3.5194,,,,,
2020-08-07,2027-01-01,6.1241,1206.219685,1606,1257.67,4.7027,,,,,
2020-08-07,2029-01-01,6.4595,1230.272876,2105,1537.35,5.7304,,,,,
2020-08-07,2031-01-01,6.7695,1241.92448,2606,1777.57,6.6066,,,,,
2020-08-10,2021-01-01,1.8944,1041.027233,100,100.0,0.3894,,,,,
2020-08-10,2023-01-01,3.8542,1145.250218,602,550.11,2.102,,,,,
2020-08-10,2025-01-01,5.2971,1186.718952,1104,931.92,3.5121,,,,,
2020-08-10,2027-01-01,6.2076,1201.77614,1605,1255.87,4.6923,,,,,
2020-08-10,2029-01-01,6.5366,1225.153836,2104,1534.93,5.7173,,,,,
2020-08-10,2031-01-01,6.846,1235.984626,2605,1774.28,6.5897,,,,,
2020-08-11,2021-01-01,1.895,1041.102354,99,99.0,0.3856,,,,,
2020-08-11,2023-01-01,3.8535,1145.438923,601,549.12,2.0982,,,,,
2020-08-11,2025-01-01,5.3793,1183.543377,1103,930.63,3.5044,,,,,
2020-08-11,2027-01-01,6.2799,1197.992108,1604,1254.19,4.6828,,,,,
2020-08-11,2029-01-01,6.639,1218.310475,2103,1532.05,5.7011,,,,,
2020-08-11,2031-01-01,6.925,1229.890264,2604,1770.91,6.5723,,,,,
2020-08-12,2021-01-01,1.905,1041.140179,98,98.0,0.3816,,,,,
2020-08-12,2023-01-01,3.995,1142.223383,600,548.02,2.0912,,,,,
2020-08-12,2025-01-01,5.5371,1177.27027,1102,929.06,3.4933,,,,,
2020-08-12,2027-01-01,6.4648,1187.960633,1603,1251.43,4.6644,,,,,
2020-08-12,2029-01-01,6.837,1204.961013,2102,1527.41,5.6733,,,,,
2020-08-12,2031-01-01,7.1352,1213.367996,2603,1763.59,6.5323,,,,,
2020-08-13,2021-01-01,1.9178,1041.16781,97,97.0,0.3777,,,,,
2020-08-13,2023-01-01,4.046,1141.185799,599,546.99,2.0862,,,,,
2020-08-13,2025-01-01,5.6531,1172.765429,1101,927.64,3.4842,,,,,
2020-08-13,2027-01-01,6.6098,1180.251205,1602,1249.04,4.6492,,,,,
2020-08-13,2029-01-01,7.0049,1193.862859,2101,1523.31,5.6492,,,,,
2020-08-13,2031-01-01,7.3163,1199.446247,2602,1757.14,6.4974,,,,,
2020-08-14,2021-01-01,1.9323,1041.18987,96,96.0,0.3737,,,,,
2020-08-14,2023-01-01,4.0566,1141.113534,598,545.98,2.0821,,,,,
2020-08-14,2025-01-01,5.6466,1173.286979,1100,926.67,3.4807,,,,,
2020-08-14,2027-01-01,6.59,1181.639135,1601,1248.23,4.6471,,,,,
2020-08-14,2029-01-01,6.9968,1194.730678,2100,1522.46,5.6464,,,,,
2020-08-14,2031-01-01,7.3064,1200.555244,2601,1756.44,6.4954,,,,,
2020-08-17,2021-01-01,1.9463,1041.215039,95,95.0,0.3698,,,,,
2020-08-17,2023-01-01,4.105,1140.146452,597,544.95,2.0772,,,,,
2020-08-17,2025-01-01,5.7834,1167.975091,1099,925.18,3.4706,,,,,
2020-08-17,2027-01-01,6.7444,1173.494052,1600,1245.76,4.6311,,,,,
2020-08-17,2029-01-01,7.1648,1183.780478,2099,1518.36,5.6224,,,,,
2020-08-17,2031-01-01,7.4725,1188.020196,2600,1750.43,6.4632,,,,,
2020-08-18,2021-01-01,1.92,1041.394909,94,94.0,0.366,,,,,
2020-08-18,2023-01-01,3.925,1144.596486,596,544.07,2.0775,,,,,
2020-08-18,2025-01-01,5.5206,1178.954775,1098,925.12,3.479,,,,,
2020-08-18,2027-01-01,6.455,1189.685258,1599,1247.52,4.6503,,,,,
2020-08-18,2029-01-01,6.8561,1204.922068,2098,1523.06,5.6561,,,,,
2020-08-18,2031-01-01,7.1611,1212.644912,2599,1758.81,6.513,,,,,
2020-08-19,2021-01-01,1.9304,1041.434287,93,93.0,0.3621,,,,,
2020-08-19,2023-01-01,4.0456,1141.913941,595,542.99,2.0709,,,,,
2020-08-19,2025-01-01,5.6721,1173.015647,1097,923.58,3.4683,,,,,
2020-08-19,2027-01-01,6.6088,1181.50573,1598,1245.05,4.6344,,,,,
2020-08-19,2029-01-01,6.9847,1196.509798,2097,1519.69,5.6368,,,,,
2020-08-19,2031-01-01,7.2901,1202.836453,2598,1753.93,6.4871,,,,,
2020-08-20,2021-01-01,1.9539,1041.425658,92,92.0,0.3581,,,,,
2020-08-20,2023-01-01,4.0313,1142.431345,594,542.0,2.0674,,,,,
2020-08-20,2025-01-01,5.6368,1174.709634,1096,922.7,3.4661,,,,,
2020-08-20,2027-01-01,6.558,1184.594371,1597,1244.54,4.6347,,,,,
2020-08-20,2029-01-01,6.9376,1200.016157,2096,1519.55,5.6388,,,,,
2020-08-20,2031-01-01,7.2485,1206.428719,2597,1754.18,6.4906,,,,,
2020-08-21,2021-01-01,1.941,1041.553221,91,91.0,0.3542,,,,,
2020-08-21,2023-01-01,4.0,1143.348924,593,541.02,2.0643,,,,,
2020-08-21,2025-01-01,5.5922,1176.782972,1095,921.86,3.4644,,,,,
2020-08-21,2027-01-01,6.512,1187.424444,1596,1243.98,4.6346,,,,,
2020-08-21,2029-01-01,6.9155,1201.83386,2095,1518.96,5.6377,,,,,
2020-08-21,2031-01-01,7.2127,1209.575246,2596,1754.26,6.493,,,,,
2020-08-24,2021-01-01,1.9394,1041.638519,90,90.0,0.3503,,,,,
2020-08-24,2023-01-01,3.92,1145.414263,592,540.07,2.0623,,,,,
2020-08-24,2025-01-01,5.5434,1179.028697,1094,921.04,3.4629,,,,,
2020-08-24,2027-01-01,6.453,1190.977642,1595,1243.54,4.6355,,,,,
2020-08-24,2029-01-01,6.8343,1207.677756,2094,1519.46,5.6439,,,,,
2020-08-24,2031-01-01,7.1294,1216.485203,2595,1755.77,6.5037,,,,,
2020-08-25,2021-01-01,1.9549,1041.661984,89,89.0,0.3464,,,,,
2020-08-25,2023-01-01,3.9722,1144.359089,591,539.04,2.0573,,,,,
2020-08-25,2025-01-01,5.5852,1177.576432,1093,919.89,3.4573,,,,,
2020-08-25,2027-01-01,6.4817,1189.688775,1594,1242.27,4.6296,,,,,
2020-08-25,2029-01-01,6.8644,1205.943302,2093,1517.9,5.6365,,,,,
2020-08-25,2031-01-01,7.1454,1215.551144,2594,1754.28,6.4972,,,,,
2020-08-26,2021-01-01,1.9886,1041.621797,88,88.0,0.3424,,,,,
2020-08-26,2023-01-01,4.1133,1141.227032,590,537.95,2.0504,,,,,
2020-08-26,2025-01-01,5.7926,1169.429737,1092,918.14,3.4439,,,,,
2020-08-26,2027-01-01,6.6905,1178.550764,1593,1239.27,4.6094,,,,,
2020-08-26,2029-01-01,7.0614,1192.95888,2092,1513.27,5.609,,,,,
2020-08-26,2031-01-01,7.3571,1199.304409,2593,1746.91,6.4571,,,,,
2020-08-27,2021-01-01,2.0098,1041.628445,87,87.0,0.3384,,,,,
2020-08-27,2023-01-01,4.1552,1140.431469,589,536.92,2.0456,,,,,
2020-08-27,2025-01-01,5.8094,1169.01483,1091,917.08,3.4394,,,,,
2020-08-27,2027-01-01,6.6771,1179.582576,1592,1238.4,4.6067,,,,,
2020-08-27,2029-01-01,7.027,1195.589176,2091,1512.9,5.6094,,,,,
2020-08-27,2031-01-01,7.3025,1203.886518,2592,1747.56,6.4628,,,,,
2020-08-28,2021-01-01,1.9918,1041.773436,86,86.0,0.3346,,,,,
2020-08-28,2023-01-01,4.06,1142.836172,588,535.98,2.0439,,,,,
2020-08-28,2025-01-01,5.655,1175.506959,1090,916.64,3.4428,,,,,
2020-08-28,2027-01-01,6.5,1189.571479,1591,1239.09,4.6169,,,,,
2020-08-28,2029-01-01,6.8481,1208.005743,2090,1515.2,5.6273,,,,,
2020-08-28,2031-01-01,7.1242,1218.22737,2591,1751.92,6.4897,,,,,
2020-08-31,2021-01-01,2.0024,1041.818451,85,85.0,0.3307,,,,,
2020-08-31,2023-01-01,4.0898,1142.322093,587,534.96,2.0395,,,,,
2020-08-31,2025-01-01,5.7127,1173.432004,1089,915.43,3.4364,,,,,
2020-08-31,2027-01-01,6.565,1186.303043,1590,1237.47,4.6081,,,,,
2020-08-31,2029-01-01,6.9049,1204.466674,2089,1513.16,5.6168,,,,,
2020-08-31,2031-01-01,7.1723,1214.760819,2590,1749.47,6.4778,,,,,
2020-09-01,2021-01-01,1.98,1041.976699,84,84.0,0.3269,,,,,
2020-09-01,2023-01-01,4.01,1144.362052,586,534.01,2.0374,,,,,
2020-09-01,2025-01-01,5.5984,1178.311658,1088,914.84,3.4379,,,,,
2020-09-01,2027-01-01,6.46,1192.366558,1589,1237.47,4.6126,,,,,
2020-09-01,2029-01-01,6.8209,1210.49311,2088,1513.7,5.6232,,,,,
2020-09-01,2031-01-01,7.076,1222.715784,2589,1751.37,6.4906,,,,,
2020-09-02,2021-01-01,1.9684,1042.096815,83,83.0,0.323,,,,,
2020-09-02,2023-01-01,4.06,1143.377753,585,532.98,2.0325,,,,,
2020-09-02,2025-01-01,5.65,1176.479005,1087,913.66,3.4317,,,,,
2020-09-02,2027-01-01,6.5233,1189.18519,1588,1235.87,4.6039,,,,,
2020-09-02,2029-01-01,6.8825,1206.622798,2087,1511.57,5.612,,,,,
2020-09-02,2031-01-01,7.1516,1217.060826,2588,1748.1,6.4739,,,,,
2020-09-03,2021-01-01,1.9414,1042.267238,82,82.0,0.3192,,,,,
2020-09-03,2023-01-01,4.01,1144.719192,584,532.01,2.0298,,,,,
2020-09-03,2025-01-01,5.5959,1178.922358,1086,912.85,3.4305,,,,,
2020-09-03,2027-01-01,6.4519,1193.404852,1587,1235.55,4.6058,,,,,
2020-09-03,2029-01-01,6.8122,1211.719957,2086,1511.87,5.6168,,,,,
2020-09-03,2031-01-01,7.0861,1222.577446,2587,1749.07,6.4815,,,,,
2020-09-04,2021-01-01,1.9233,1042.406261,81,81.0,0.3154,,,,,
2020-09-04,2023-01-01,3.9512,1146.262926,583,531.05,2.0272,,,,,
2020-09-04,2025-01-01,5.5237,1182.101689,1085,912.11,3.43,,,,,
2020-09-04,2027-01-01,6.3661,1198.434102,1586,1235.37,4.6088,,,,,
2020-09-04,2029-01-01,6.7264,1217.902056,2085,1512.44,5.6235,,,,,
2020-09-04,2031-01-01,7.0143,1228.625218,2586,1750.22,6.4901,,,,,
2020-09-08,2021-01-01,1.9273,1042.472079,80,80.0,0.3115,,,,,
2020-09-08,2023-01-01,4.09,1143.226339,582,529.96,2.0204,,,,,
2020-09-08,2025-01-01,5.6713,1176.391137,1084,910.58,3.4195,,,,,
2020-09-08,2027-01-01,6.5034,1191.170101,1585,1233.06,4.5943,,,,,
2020-09-08,2029-01-01,6.866,1208.697579,2084,1508.87,5.6029,,,,,
2020-09-08,2031-01-01,7.1625,1217.203056,2585,1744.77,6.4609,,,,,
2020-09-09,2021-01-01,1.9193,1042.576705,79,79.0,0.3076,,,,,
2020-09-09,2023-01-01,4.0565,1144.181041,581,528.98,2.0173,,,,,
2020-09-09,2025-01-01,5.6206,1178.690346,1083,909.76,3.418,,,,,
2020-09-09,2027-01-01,6.4545,1194.150594,1584,1232.52,4.5944,,,,,
2020-09-09,2029-01-01,6.8154,1212.453165,2083,1508.81,5.6053,,,,,
2020-09-09,2031-01-01,7.1149,1221.293594,2584,1745.2,6.4654,,,,,
2020-09-10,2021-01-01,1.9201,1042.652828,78,78.0,0.3037,,,,,
2020-09-10,2023-01-01,4.1732,1141.677489,580,527.91,2.011,,,,,
2020-09-10,2025-01-01,5.8151,1171.147298,1082,908.06,3.4054,,,,,
2020-09-10,2027-01-01,6.685,1181.881053,1583,1229.33,4.5726,,,,,
2020-09-10,2029-01-01,7.0451,1197.281993,2082,1503.57,5.5739,,,,,
2020-09-10,2031-01-01,7.3483,1203.36854,2583,1737.18,6.4217,,,,,
2020-09-11,2021-01-01,1.9242,1042.718706,77,77.0,0.2998,,,,,
2020-09-11,2023-01-01,4.2092,1141.038113,579,526.88,2.0064,,,,,
2020-09-11,2025-01-01,5.8252,1171.007354,1081,907.03,3.4012,,,,,
2020-09-11,2027-01-01,6.6865,1182.103451,1582,1228.31,4.5688,,,,,
2020-09-11,2029-01-01,7.0627,1196.430548,2081,1502.25,5.568,,,,,
2020-09-11,2031-01-01,7.354,1203.266271,2582,1736.01,6.417,,,,,
2020-09-14,2021-01-01,1.9,1042.872254,76,76.0,0.296,,,,,
2020-09-14,2023-01-01,4.1326,1142.977473,578,525.93,2.0042,,,,,
2020-09-14,2025-01-01,5.7801,1173.068412,1080,906.19,3.3995,,,,,
2020-09-14,2027-01-01,6.64,1184.924385,1581,1227.76,4.5687,,,,,
2020-09-14,2029-01-01,6.9975,1201.11355,2080,1502.45,5.5722,,,,,
2020-09-14,2031-01-01,7.2985,1207.90684,2581,1736.68,6.4228,,,,,
2020-09-15,2021-01-01,1.91,1042.919689,75,75.0,0.292,,,,,
2020-09-15,2023-01-01,4.2239,1141.076261,577,524.87,1.9984,,,,,
2020-09-15,2025-01-01,5.8742,1169.586326,1079,904.85,3.3915,,,,,
2020-09-15,2027-01-01,6.7438,1179.620728,1580,1225.77,4.5568,,,,,
2020-09-15,2029-01-01,7.0865,1195.493686,2079,1499.81,5.5578,,,,,
2020-09-15,2031-01-01,7.3974,1200.596368,2580,1732.7,6.4022,,,,,
2020-09-16,2021-01-01,1.9246,1042.954119,74,74.0,0.2881,,,,,
2020-09-16,2023-01-01,4.3211,1139.05427,576,523.81,1.9925,,,,,
2020-09-16,2025-01-01,5.959,1166.494795,1078,903.55,3.3839,,,,,
2020-09-16,2027-01-01,6.84,1174.766133,1579,1223.85,4.5456,,,,,
2020-09-16,2029-01-01,7.1803,1189.602341,2078,1497.07,5.5428,,,,,
2020-09-16,2031-01-01,7.4724,1195.183843,2579,1729.44,6.3857,,,,,
2020-09-17,2021-01-01,1.9069,1043.085495,73,73.0,0.2843,,,,,
2020-09-17,2023-01-01,4.2104,1141.757827,575,522.88,1.9911,,,,,
2020-09-17,2025-01-01,5.8585,1170.738657,1077,902.91,3.3847,,,,,
2020-09-17,2027-01-01,6.725,1181.243373,1578,1223.95,4.5509,,,,,
2020-09-17,2029-01-01,7.06,1197.907137,2077,1498.3,5.5535,,,,,
2020-09-17,2031-01-01,7.3661,1203.688223,2578,1731.64,6.4001,,,,,
2020-09-18,2021-01-01,1.9386,1043.070991,72,72.0,0.2803,,,,,
2020-09-18,2023-01-01,4.4508,1136.509189,574,521.73,1.9821,,,,,
2020-09-18,2025-01-01,6.122,1160.627926,1076,900.96,3.369,,,,,
2020-09-18,2027-01-01,6.99,1167.407892,1577,1220.41,4.5265,,,,,
2020-09-18,2029-01-01,7.2925,1182.886288,2076,1493.0,5.5219,,,,,
2020-09-18,2031-01-01,7.6019,1186.032226,2577,1723.53,6.3562,,,,,
2020-09-21,2021-01-01,1.9028,1043.253708,71,71.0,0.2765,,,,,
2020-09-21,2023-01-01,4.5074,1135.433892,573,520.69,1.9771,,,,,
2020-09-21,2025-01-01,6.1588,1159.464125,1075,899.83,3.3636,,,,,
2020-09-21,2027-01-01,7.0202,1166.125159,1576,1219.12,4.5204,,,,,
2020-09-21,2029-01-01,7.3167,1181.63589,2075,1491.55,5.5153,,,,,
2020-09-21,2031-01-01,7.6238,1184.725682,2576,1721.87,6.3488,,,,,
2020-09-22,2021-01-01,1.8714,1043.421065,70,70.0,0.2727,,,,,
2020-09-22,2023-01-01,4.4049,1137.933145,572,519.76,1.9755,,,,,
2020-09-22,2025-01-01,6.0572,1163.710477,1074,899.19,3.3644,,,,,
2020-09-22,2027-01-01,6.9157,1171.970768,1575,1219.12,4.5249,,,,,
2020-09-22,2029-01-01,7.2104,1188.930314,2074,1492.52,5.5244,,,,,
2020-09-22,2031-01-01,7.5038,1194.157751,2575,1724.49,6.3656,,,,,
2020-09-23,2021-01-01,1.8503,1043.557025,69,69.0,0.2688,,,,,
2020-09-23,2023-01-01,4.5,1135.996812,571,518.7,1.9697,,,,,
2020-09-23,2025-01-01,6.1978,1158.496164,1073,897.68,3.3543,,,,,
2020-09-23,2027-01-01,7.0601,1164.651853,1574,1216.74,4.5099,,,,,
2020-09-23,2029-01-01,7.3305,1181.398843,2073,1489.29,5.5063,,,,,
2020-09-23,2031-01-01,7.6372,1184.408439,2574,1719.47,6.3391,,,,,
2020-09-24,2021-01-01,1.8002,1043.77152,68,68.0,0.2651,,,,,
2020-09-24,2023-01-01,4.3011,1140.651439,570,517.82,1.9701,,,,,
2020-09-24,2025-01-01,5.9906,1166.862737,1072,897.43,3.36,,,,,
2020-09-24,2027-01-01,6.8611,1175.494303,1573,1217.64,4.5217,,,,,
2020-09-24,2029-01-01,7.1382,1194.34586,2072,1491.85,5.5256,,,,,
2020-09-24,2031-01-01,7.438,1199.865337,2573,1724.47,6.3694,,,,,
2020-09-25,2021-01-01,1.8282,1043.769102,67,67.0,0.2611,,,,,
2020-09-25,2023-01-01,4.28,1141.315549,569,516.84,1.9668,,,,,
2020-09-25,2025-01-01,6.0022,1166.67756,1071,896.39,3.3557,,,,,
2020-09-25,2027-01-01,6.8898,1174.278418,1572,1216.37,4.5157,,,,,
2020-09-25,2029-01-01,7.1371,1194.74536,2071,1490.87,5.522,,,,,
2020-09-25,2031-01-01,7.4421,1199.893303,2572,1723.35,6.365,,,,,
2020-09-28,2021-01-01,1.8652,1043.744829,66,66.0,0.2571,,,,,
2020-09-28,2023-01-01,4.59,1134.591785,568,515.64,1.9564,,,,,
2020-09-28,2025-01-01,6.3565,1153.193156,1070,894.11,3.336,,,,,
2020-09-28,2027-01-01,7.2983,1153.18152,1571,1211.45,4.4804,,,,,
2020-09-28,2029-01-01,7.5508,1168.180468,2070,1482.21,5.4688,,,,,
2020-09-28,2031-01-01,7.8607,1168.822538,2571,1709.71,6.2901,,,,,
2020-09-29,2021-01-01,1.9108,1043.700882,65,65.0,0.2531,,,,,
2020-09-29,2023-01-01,4.71,1132.139755,567,514.56,1.9501,,,,,
2020-09-29,2025-01-01,6.3573,1153.444431,1069,893.11,3.3322,,,,,
2020-09-29,2027-01-01,7.245,1156.264805,1570,1210.96,4.4808,,,,,
2020-09-29,2029-01-01,7.5081,1171.253168,2069,1482.0,5.4702,,,,,
2020-09-29,2031-01-01,7.801,1173.580096,2570,1710.52,6.2966,,,,,
2020-09-30,2021-01-01,1.9416,1043.699177,64,64.0,0.2491,,,,,
2020-09-30,2023-01-01,4.56,1135.659831,566,513.66,1.9494,,,,,
2020-09-30,2025-01-01,6.2353,1158.428534,1068,892.55,3.334,,,,,
2020-09-30,2027-01-01,7.1136,1163.427624,1569,1211.23,4.4872,,,,,
2020-09-30,2029-01-01,7.37,1180.493999,2068,1483.56,5.483,,,,,
2020-09-30,2031-01-01,7.6729,1183.46284,2569,1713.39,6.3146,,,,,
2020-10-01,2021-01-01,1.989,1043.657527,63,63.0,0.2451,,,,,
2020-10-01,2023-01-01,4.6587,1133.682823,565,512.59,1.9436,,,,,
2020-10-01,2025-01-01,6.2605,1157.734049,1067,891.46,3.3291,,,,,
2020-10-01,2027-01-01,7.12,1163.410579,1568,1210.16,4.483,,,,,
2020-10-01,2029-01-01,7.3786,1180.27012,2067,1482.4,5.4783,,,,,
2020-10-01,2031-01-01,7.6655,1184.363976,2568,1712.61,6.3122,,,,,
2020-10-02,2021-01-01,2.0392,1043.612739,62,62.0,0.2411,,,,,
2020-10-02,2023-01-01,4.8985,1128.632416,564,511.44,1.9347,,,,,
2020-10-02,2025-01-01,6.4584,1150.421664,1066,889.74,3.3165,,,,,
2020-10-02,2027-01-01,7.244,1157.279814,1567,1207.97,4.4698,,,,,
2020-10-02,2029-01-01,7.4831,1173.866761,2066,1479.46,5.4622,,,,,
2020-10-02,2031-01-01,7.7602,1177.652594,2567,1708.75,6.2925,,,,,
2020-10-05,2021-01-01,2.0366,1043.70278,61,61.0,0.2372,,,,,
2020-10-05,2023-01-01,4.7226,1132.690977,563,510.55,1.9346,,,,,
2020-10-05,2025-01-01,6.2902,1157.149376,1065,889.35,3.3203,,,,,
2020-10-05,2027-01-01,7.1197,1164.061475,1566,1208.17,4.4757,,,,,
2020-10-05,2029-01-01,7.3542,1182.517338,2065,1480.85,5.4738,,,,,
2020-10-05,2031-01-01,7.6261,1188.012092,2566,1711.8,6.3115,,,,,
2020-10-06,2021-01-01,2.0659,1043.714935,60,60.0,0.2333,,,,,
2020-10-06,2023-01-01,4.8817,1129.426509,562,509.45,1.9275,,,,,
2020-10-06,2025-01-01,6.48,1150.170329,1064,887.67,3.3081,,,,,
2020-10-06,2027-01-01,7.2895,1155.571222,1565,1205.54,4.4588,,,,,
2020-10-06,2029-01-01,7.5345,1171.247927,2064,1476.51,5.4486,,,,,
2020-10-06,2031-01-01,7.7926,1175.951545,2565,1705.77,6.2796,,,,,
2020-10-07,2021-01-01,2.0718,1043.785504,59,59.0,0.2294,,,,,
2020-10-07,2023-01-01,4.8397,1130.553437,561,508.47,1.9246,,,,,
2020-10-07,2025-01-01,6.5053,1149.494982,1063,886.57,3.3033,,,,,
2020-10-07,2027-01-01,7.3571,1152.414947,1564,1203.89,4.4499,,,,,
2020-10-07,2029-01-01,7.6099,1166.78267,2063,1474.11,5.436,,,,,
2020-10-07,2031-01-01,7.8742,1170.290458,2564,1702.31,6.2621,,,,,
2020-10-08,2021-01-01,2.061,1043.895868,58,58.0,0.2255,,,,,
2020-10-08,2023-01-01,4.7178,1133.418015,560,507.55,1.9234,,,,,
2020-10-08,2025-01-01,6.4242,1152.867373,1062,885.87,3.3031,,,,,
2020-10-08,2027-01-01,7.3524,1152.980915,1563,1202.93,4.4466,,,,,
2020-10-08,2029-01-01,7.704,1161.169152,2062,1471.36,5.4211,,,,,
2020-10-08,2031-01-01,8.0086,1160.839842,2563,1697.24,6.2357,,,,,
2020-10-09,2021-01-01,2.0519,1044.001435,57,57.0,0.2216,,,,,
2020-10-09,2023-01-01,4.7542,1132.833714,559,506.53,1.9188,,,,,
2020-10-09,2025-01-01,6.4219,1153.239832,1061,884.88,3.2995,,,,,
2020-10-09,2027-01-01,7.3391,1153.988335,1562,1202.06,4.4439,,,,,
2020-10-09,2029-01-01,7.6832,1162.82289,2061,1470.75,5.4199,,,,,
2020-10-09,2031-01-01,7.999,1161.890867,2562,1696.53,6.2336,,,,,
2020-10-13,2021-01-01,2.0521,1044.08513,56,56.0,0.2178,,,,,
2020-10-13,2023-01-01,4.6878,1134.484714,558,505.57,1.9164,,,,,
2020-10-13,2025-01-01,6.3012,1158.129833,1060,884.31,3.3012,,,,,
2020-10-13,2027-01-01,7.18,1162.519456,1561,1202.59,4.4525,,,,,
2020-10-13,2029-01-01,7.5547,1171.311264,2060,1472.14,5.4315,,,,,
2020-10-13,2031-01-01,7.87,1171.654987,2561,1699.43,6.2518,,,,,
2020-10-14,2021-01-01,2.0538,1044.165499,55,55.0,0.2139,,,,,
2020-10-14,2023-01-01,4.6464,1135.590008,557,504.6,1.9135,,,,,
2020-10-14,2025-01-01,6.285,1159.030203,1059,883.37,3.2981,,,,,
2020-10-14,2027-01-01,7.1472,1164.540403,1560,1201.9,4.4513,,,,,
2020-10-14,2029-01-01,7.5111,1174.431135,2059,1471.95,5.433,,,,,
2020-10-14,2031-01-01,7.8273,1175.144966,2560,1699.72,6.2553,,,,,
2020-10-15,2021-01-01,2.05,1044.258072,54,54.0,0.21,,,,,
2020-10-15,2023-01-01,4.7864,1132.764435,556,503.51,1.9068,,,,,
2020-10-15,2025-01-01,6.4359,1153.563124,1058,881.83,3.2877,,,,,
2020-10-15,2027-01-01,7.299,1157.020278,1559,1199.45,4.4359,,,,,
2020-10-15,2029-01-01,7.6591,1165.368717,2058,1468.2,5.4117,,,,,
2020-10-15,2031-01-01,7.9747,1164.718887,2559,1694.27,6.2267,,,,,
2020-10-16,2021-01-01,2.0545,1044.332481,53,53.0,0.2061,,,,,
2020-10-16,2023-01-01,4.9182,1130.13853,555,502.42,1.9003,,,,,
2020-10-16,2025-01-01,6.4825,1152.083469,1057,880.66,3.2819,,,,,
2020-10-16,2027-01-01,7.3318,1155.660511,1558,1198.13,4.4297,,,,,
2020-10-16,2029-01-01,7.6645,1165.369212,2057,1467.1,5.4074,,,,,
2020-10-16,2031-01-01,7.9599,1166.148981,2558,1693.71,6.2255,,,,,
2020-10-19,2021-01-01,2.0291,1044.470411,52,52.0,0.2022,,,,,
2020-10-19,2023-01-01,4.7646,1133.654161,554,501.52,1.8997,,,,,
2020-10-19,2025-01-01,6.3286,1158.209743,1056,880.21,3.285,,,,,
2020-10-19,2027-01-01,7.1653,1164.560311,1557,1198.73,4.4388,,,,,
2020-10-19,2029-01-01,7.511,1175.450536,2056,1468.95,5.4219,,,,,
2020-10-19,2031-01-01,7.8261,1176.287998,2557,1696.76,6.2445,,,,,
2020-10-20,2021-01-01,1.9789,1044.657715,51,51.0,0.1985,,,,,
2020-10-20,2023-01-01,4.6491,1136.350709,553,500.6,1.8982,,,,,
2020-10-20,2025-01-01,6.1846,1163.988242,1055,879.73,3.2877,,,,,
2020-10-20,2027-01-01,7.0168,1172.598866,1556,1199.15,4.4465,,,,,
2020-10-20,2029-01-01,7.3657,1185.109828,2055,1470.64,5.4355,,,,,
2020-10-20,2031-01-01,7.6767,1187.70157,2556,1700.27,6.2661,,,,,
2020-10-21,2021-01-01,1.9672,1044.762735,50,50.0,0.1946,,,,,
2020-10-21,2023-01-01,4.685,1135.783074,552,499.57,1.8937,,,,,
2020-10-21,2025-01-01,6.2175,1163.007566,1054,878.61,3.2825,,,,,
2020-10-21,2027-01-01,7.0841,1169.409547,1555,1197.51,4.4377,,,,,
2020-10-21,2029-01-01,7.4377,1180.814008,2054,1468.31,5.4232,,,,,
2020-10-21,2031-01-01,7.7483,1182.731886,2555,1697.11,6.2503,,,,,
2020-10-22,2021-01-01,1.9744,1044.829159,49,49.0,0.1907,,,,,
2020-10-22,2023-01-01,4.7527,1134.537438,551,498.53,1.8885,,,,,
2020-10-22,2025-01-01,6.2935,1160.390137,1053,877.34,3.2754,,,,,
2020-10-22,2027-01-01,7.1461,1166.512992,1554,1195.91,4.4292,,,,,
2020-10-22,2029-01-01,7.5694,1172.749812,2053,1464.86,5.4039,,,,,
2020-10-22,2031-01-01,7.9077,1171.367603,2554,1691.29,6.2196,,,,,
2020-10-23,2021-01-01,1.9778,1044.90359,48,48.0,0.1868,,,,,
2020-10-23,2023-01-01,5.0136,1129.188139,550,497.36,1.8794,,,,,
2020-10-23,2025-01-01,6.4478,1154.828381,1052,875.78,3.2648,,,,,
2020-10-23,2027-01-01,7.2263,1162.695329,1553,1194.14,4.4193,,,,,
2020-10-23,2029-01-01,7.609,1170.580982,2052,1463.13,5.3955,,,,,
2020-10-23,2031-01-01,7.9239,1170.540529,2553,1689.8,6.2132,,,,,
2020-10-26,2021-01-01,1.9667,1045.006017,47,47.0,0.1829,,,,,
2020-10-26,2023-01-01,4.97,1130.331571,549,496.39,1.8765,,,,,
2020-10-26,2025-01-01,6.4193,1156.189865,1051,874.89,3.2623,,,,,
2020-10-26,2027-01-01,7.1834,1165.226555,1552,1193.56,4.4189,,,,,
2020-10-26,2029-01-01,7.5618,1173.911238,2051,1463.0,5.3974,,,,,
2020-10-26,2031-01-01,7.8728,1174.624443,2552,1690.35,6.2182,,,,,
2020-10-27,2021-01-01,1.9588,1045.101565,46,46.0,0.179,,,,,
2020-10-27,2023-01-01,5.02,1129.491317,548,495.36,1.8717,,,,,
2020-10-27,2025-01-01,6.4933,1153.68928,1050,873.62,3.2554,,,,,
2020-10-27,2027-01-01,7.2536,1161.937267,1551,1191.88,4.4098,,,,,
2020-10-27,2029-01-01,7.5516,1174.898066,2050,1462.19,5.395,,,,,
2020-10-27,2031-01-01,7.8804,1174.422112,2551,1689.12,6.2132,,,,,
2020-10-28,2021-01-01,1.9687,1045.163898,45,45.0,0.1751,,,,,
2020-10-28,2023-01-01,5.1231,1127.538507,547,494.29,1.8659,,,,,
2020-10-28,2025-01-01,6.5192,1153.005323,1049,872.52,3.2505,,,,,
2020-10-28,2027-01-01,7.2182,1164.077698,1550,1191.22,4.4088,,,,,
2020-10-28,2029-01-01,7.5013,1178.435235,2049,1462.13,5.3972,,,,,
2020-10-28,2031-01-01,7.8043,1180.354674,2550,1690.42,6.2224,,,,,
2020-10-29,2021-01-01,1.9431,1045.290584,44,44.0,0.1713,,,,,
2020-10-29,2023-01-01,5.0627,1129.03161,546,493.33,1.8633,,,,,
2020-10-29,2025-01-01,6.4901,1154.385529,1048,871.63,3.248,,,,,
2020-10-29,2027-01-01,7.235,1163.537138,1549,1190.06,4.4038,,,,,
2020-10-29,2029-01-01,7.525,1177.265937,2048,1460.69,5.3907,,,,,
2020-10-29,2031-01-01,7.8173,1179.75125,2549,1689.03,6.2165,,,,,
2020-10-30,2021-01-01,1.9581,1045.344169,43,43.0,0.1674,,,,,
2020-10-30,2023-01-01,5.1428,1127.572866,545,492.28,1.8579,,,,,
2020-10-30,2025-01-01,6.544,1152.655409,1047,870.43,3.242,,,,,
2020-10-30,2027-01-01,7.3,1160.532694,1548,1188.44,4.3952,,,,,
2020-10-30,2029-01-01,7.59,1173.48571,2047,1458.48,5.3793,,,,,
2020-10-30,2031-01-01,7.8792,1175.570737,2548,1686.15,6.2024,,,,,
2020-11-03,2021-01-01,1.9685,1045.406842,42,42.0,0.1634,,,,,
2020-11-03,2023-01-01,5.285,1124.829921,544,491.18,1.8513,,,,,
2020-11-03,2025-01-01,6.6833,1147.757243,1046,868.93,3.2321,,,,,
2020-11-03,2027-01-01,7.4177,1154.869828,1547,1186.3,4.3825,,,,,
2020-11-03,2029-01-01,7.6552,1169.71653,2046,1456.27,5.3679,,,,,
2020-11-03,2031-01-01,7.8942,1174.83023,2547,1684.7,6.1962,,,,,
2020-11-04,2021-01-01,1.9622,1045.498223,41,41.0,0.1596,,,,,
2020-11-04,2023-01-01,5.165,1127.558517,543,490.26,1.8499,,,,,
2020-11-04,2025-01-01,6.525,1153.945013,1045,868.5,3.2353,,,,,
2020-11-04,2027-01-01,7.2769,1162.36136,1546,1186.66,4.3895,,,,,
2020-11-04,2029-01-01,7.5294,1178.003954,2045,1457.61,5.3791,,,,,
2020-11-04,2031-01-01,7.8149,1180.98499,2546,1686.1,6.2059,,,,,
2020-11-05,2021-01-01,1.953,1045.593821,40,40.0,0.1557,,,,,
2020-11-05,2023-01-01,5.1343,1128.423358,542,489.28,1.8468,,,,,
2020-11-05,2025-01-01,6.4336,1157.653543,1044,867.83,3.2356,,,,,
2020-11-05,2027-01-01,7.155,1168.934069,1545,1186.83,4.3952,,,,,
2020-11-05,2029-01-01,7.4269,1184.870556,2044,1458.51,5.3876,,,,,
2020-11-05,2031-01-01,7.735,1187.222067,2545,1687.51,6.2157,,,,,
2020-11-06,2021-01-01,1.9477,1045.68249,39,39.0,0.1518,,,,,
2020-11-06,2023-01-01,5.0019,1131.406979,541,488.37,1.8457,,,,,
2020-11-06,2025-01-01,6.3036,1162.823366,1043,867.3,3.2376,,,,,
2020-11-06,2027-01-01,7.0076,1176.868949,1544,1187.24,4.4027,,,,,
2020-11-06,2029-01-01,7.2569,1196.141436,2043,1460.66,5.4041,,,,,
2020-11-06,2031-01-01,7.5618,1200.470406,2544,1691.74,6.2413,,,,,
2020-11-09,2021-01-01,1.9508,1045.757741,38,38.0,0.1479,,,,,
2020-11-09,2023-01-01,4.9048,1133.652882,540,487.43,1.8438,,,,,
2020-11-09,2025-01-01,6.1949,1167.20743,1042,866.7,3.2386,,,,,
2020-11-09,2027-01-01,6.8887,1183.374308,1543,1187.38,4.4082,,,,,
2020-11-09,2029-01-01,7.1461,1203.674025,2042,1461.7,5.4136,,,,,
2020-11-09,2031-01-01,7.4365,1210.270981,2543,1694.52,6.2588,,,,,
2020-11-10,2021-01-01,1.9603,1045.823612,37,37.0,0.144,,,,,
2020-11-10,2023-01-01,4.9136,1133.684735,539,486.43,1.8399,,,,,
2020-11-10,2025-01-01,6.2777,1164.362274,1041,865.4,3.2313,,,,,
2020-11-10,2027-01-01,6.9653,1179.697091,1542,1185.65,4.3986,,,,,
2020-11-10,2029-01-01,7.2268,1198.755841,2041,1459.21,5.4003,,,,,
2020-11-10,2031-01-01,7.506,1205.360558,2542,1691.42,6.2434,,,,,
2020-11-11,2021-01-01,1.9653,1045.896855,36,36.0,0.1401,,,,,
2020-11-11,2023-01-01,5.0431,1131.209546,538,485.34,1.8335,,,,,
2020-11-11,2025-01-01,6.4803,1157.057441,1040,863.66,3.2187,,,,,
2020-11-11,2027-01-01,7.23,1166.375653,1541,1182.11,4.3746,,,,,
2020-11-11,2029-01-01,7.4833,1182.626615,2040,1453.46,5.3661,,,,,
2020-11-11,2031-01-01,7.745,1187.889018,2541,1683.21,6.1993,,,,,
2020-11-12,2021-01-01,1.9597,1045.985614,35,35.0,0.1362,,,,,
2020-11-12,2023-01-01,5.0752,1130.766203,537,484.32,1.8291,,,,,
2020-11-12,2025-01-01,6.5476,1154.843597,1039,862.42,3.212,,,,,
2020-11-12,2027-01-01,7.3246,1161.881413,1540,1180.2,4.3637,,,,,
2020-11-12,2029-01-01,7.5771,1177.027559,2039,1450.72,5.3514,,,,,
2020-11-12,2031-01-01,7.8606,1179.760805,2540,1678.72,6.1761,,,,,
2020-11-13,2021-01-01,1.9624,1046.062435,34,34.0,0.1323,,,,,
2020-11-13,2023-01-01,5.0399,1131.717473,536,483.34,1.826,,,,,
2020-11-13,2025-01-01,6.5147,1156.35541,1038,861.54,3.2097,,,,,
2020-11-13,2027-01-01,7.2394,1166.542362,1539,1180.02,4.3665,,,,,
2020-11-13,2029-01-01,7.448,1185.548779,2038,1452.12,5.3629,,,,,
2020-11-13,2031-01-01,7.7577,1187.656881,2539,1680.83,6.1898,,,,,
2020-11-16,2021-01-01,1.9631,1046.142168,33,33.0,0.1284,,,,,
2020-11-16,2023-01-01,4.99,1132.968322,535,482.38,1.8232,,,,,
2020-11-16,2025-01-01,6.5018,1157.123921,1037,860.59,3.2065,,,,,
2020-11-16,2027-01-01,7.2484,1166.407225,1538,1178.93,4.3621,,,,,
2020-11-16,2029-01-01,7.4786,1183.941453,2037,1450.55,5.3556,,,,,
2020-11-16,2031-01-01,7.7785,1186.479444,2538,1679.2,6.1826,,,,,
2020-11-17,2021-01-01,1.969,1046.21519,32,32.0,0.1245,,,,,
2020-11-17,2023-01-01,4.96,1133.806068,534,481.4,1.82,,,,,
2020-11-17,2025-01-01,6.455,1159.151274,1036,859.76,3.2049,,,,,
2020-11-17,2027-01-01,7.2032,1169.036245,1537,1178.37,4.3619,,,,,
2020-11-17,2029-01-01,7.4488,1186.173998,2036,1450.1,5.3555,,,,,
2020-11-17,2031-01-01,7.7599,1188.199469,2537,1678.76,6.182,,,,,
2020-11-18,2021-01-01,1.967,1046.298669,31,31.0,0.1206,,,,,
2020-11-18,2023-01-01,5.0665,1131.833736,533,480.33,1.8141,,,,,
2020-11-18,2025-01-01,6.6196,1153.348025,1035,858.16,3.194,,,,,
2020-11-18,2027-01-01,7.3917,1159.793385,1536,1175.55,4.3438,,,,,
2020-11-18,2029-01-01,7.64,1174.441052,2035,1445.55,5.3292,,,,,
2020-11-18,2031-01-01,7.9828,1172.319607,2536,1671.02,6.1408,,,,,
2020-11-19,2021-01-01,1.9701,1046.375762,30,30.0,0.1167,,,,,
2020-11-19,2023-01-01,5.0965,1131.441174,532,479.31,1.8098,,,,,
2020-11-19,2025-01-01,6.6223,1153.541979,1034,857.15,3.1901,,,,,
2020-11-19,2027-01-01,7.3824,1160.590729,1535,1174.64,4.3408,,,,,
2020-11-19,2029-01-01,7.6497,1174.1767,2034,1444.37,5.3243,,,,,
2020-11-19,2031-01-01,8.013,1170.502998,2535,1669.11,6.1321,,,,,
2020-11-20,2021-01-01,1.979,1046.446263,29,29.0,0.1128,,,,,
2020-11-20,2023-01-01,5.2391,1128.755945,531,478.21,1.8032,,,,,
2020-11-20,2025-01-01,6.7679,1148.495946,1033,855.62,3.1801,,,,,
2020-11-20,2027-01-01,7.51,1154.509453,1534,1172.42,4.3275,,,,,
2020-11-20,2029-01-01,7.77,1167.02559,2033,1441.14,5.3065,,,,,
2020-11-20,2031-01-01,8.1277,1162.659725,2534,1664.63,6.1092,,,,,
2020-11-23,2021-01-01,1.9853,1046.52046,28,28.0,0.1089,,,,,
2020-11-23,2023-01-01,5.3637,1126.457953,530,477.13,1.797,,,,,
2020-11-23,2025-01-01,6.868,1145.147224,1032,854.26,3.1721,,,,,
2020-11-23,2027-01-01,7.578,1151.447815,1533,1170.76,4.3186,,,,,
2020-11-23,2029-01-01,7.8356,1163.315491,2032,1438.92,5.2951,,,,,
2020-11-23,2031-01-01,8.165,1160.371963,2533,1662.51,6.0992,,,,,
2020-11-24,2021-01-01,1.9987,1046.587369,27,27.0,0.105,,,,,
2020-11-24,2023-01-01,5.3563,1126.841057,529,476.14,1.7934,,,,,
2020-11-24,2025-01-01,6.8064,1147.689558,1031,853.48,3.171,,,,,
2020-11-24,2027-01-01,7.5072,1155.313106,1532,1170.44,4.3203,,,,,
2020-11-24,2029-01-01,7.7566,1168.549663,2031,1439.39,5.3007,,,,,
2020-11-24,2031-01-01,8.085,1166.422651,2532,1663.93,6.109,,,,,
2020-11-25,2021-01-01,1.9858,1046.683221,26,26.0,0.1012,,,,,
2020-11-25,2023-01-01,5.2671,1128.875893,528,475.2,1.7913,,,,,
2020-11-25,2025-01-01,6.7521,1149.967823,1030,852.68,3.1696,,,,,
2020-11-25,2027-01-01,7.44,1159.009121,1531,1170.09,4.3217,,,,,
2020-11-25,2029-01-01,7.7141,1171.535605,2030,1439.18,5.302,,,,,
2020-11-25,2031-01-01,8.044,1169.713128,2531,1664.17,6.1122,,,,,
2020-11-26,2021-01-01,2.0056,1046.744737,25,25.0,0.0973,,,,,
2020-11-26,2023-01-01,5.1413,1131.649559,527,474.28,1.79,,,,,
2020-11-26,2025-01-01,6.6417,1154.299638,1029,852.08,3.1707,,,,,
2020-11-26,2027-01-01,7.3583,1163.445436,1530,1169.88,4.3242,,,,,
2020-11-26,2029-01-01,7.6493,1175.920236,2029,1439.38,5.306,,,,,
2020-11-26,2031-01-01,7.9925,1173.767422,2530,1664.73,6.1171,,,,,
2020-11-27,2021-01-01,1.993,1046.83954,24,24.0,0.0934,,,,,
2020-11-27,2023-01-01,5.0721,1133.275207,526,473.32,1.7876,,,,,
2020-11-27,2025-01-01,6.5213,1159.012224,1028,851.52,3.1722,,,,,
2020-11-27,2027-01-01,7.2564,1168.920497,1529,1169.86,4.3282,,,,,
2020-11-27,2029-01-01,7.561,1181.797784,2028,1440.02,5.3127,,,,,
2020-11-27,2031-01-01,7.9412,1177.822132,2529,1665.28,6.1221,,,,,
2020-11-30,2021-01-01,1.9885,1046.925736,23,23.0,0.0895,,,,,
2020-11-30,2023-01-01,5.14,1132.126162,525,472.28,1.7825,,,,,
2020-11-30,2025-01-01,6.5845,1156.982868,1027,850.29,3.1657,,,,,
2020-11-30,2027-01-01,7.317,1166.182348,1528,1168.27,4.3199,,,,,
2020-11-30,2029-01-01,7.61,1179.065635,2027,1438.11,5.3032,,,,,
2020-11-30,2031-01-01,7.9813,1175.289294,2528,1663.07,6.1117,,,,,
2020-12-01,2021-01-01,1.9803,1047.01489,22,22.0,0.0856,,,,,
2020-12-01,2023-01-01,4.9451,1136.287927,524,471.41,1.7825,,,,,
2020-12-01,2025-01-01,6.3818,1164.733098,1026,850.02,3.1707,,,,,
2020-12-01,2027-01-01,7.1251,1176.242401,1527,1169.12,4.3308,,,,,
2020-12-01,2029-01-01,7.41,1192.022518,2026,1440.82,5.3231,,,,,
2020-12-01,2031-01-01,7.7702,1190.973366,2527,1668.45,6.1435,,,,,
2020-12-02,2021-01-01,1.984,1047.093201,21,21.0,0.0817,,,,,
2020-12-02,2023-01-01,4.7736,1139.981071,523,470.52,1.7821,,,,,
2020-12-02,2025-01-01,6.2012,1171.715209,1025,849.67,3.1748,,,,,
2020-12-02,2027-01-01,7.005,1182.709771,1526,1169.27,4.3362,,,,,
2020-12-02,2029-01-01,7.319,1198.16088,2025,1441.51,5.3301,,,,,
2020-12-02,2031-01-01,7.7169,1195.241187,2526,1669.06,6.1488,,,,,
2020-12-03,2021-01-01,1.9909,1047.169212,20,20.0,0.0778,,,,,
2020-12-03,2023-01-01,4.6164,1143.386596,522,469.62,1.7813,,,,,
2020-12-03,2025-01-01,5.9267,1182.268853,1024,849.66,3.183,,,,,
2020-12-03,2027-01-01,6.6873,1199.494938,1525,1171.31,4.3567,,,,,
2020-12-03,2029-01-01,6.994,1219.532016,2024,1446.51,5.3649,,,,,
2020-12-03,2031-01-01,7.3885,1220.117229,2525,1677.97,6.2005,,,,,
2020-12-04,2021-01-01,1.9849,1047.255778,19,19.0,0.0739,,,,,
2020-12-04,2023-01-01,4.625,1143.416583,521,468.61,1.7774,,,,,
2020-12-04,2025-01-01,5.9464,1181.798109,1023,848.59,3.1784,,,,,
2020-12-04,2027-01-01,6.7138,1198.41809,1524,1170.05,4.3509,,,,,
2020-12-04,2029-01-01,7.0012,1219.387772,2023,1445.38,5.3603,,,,,
2020-12-04,2031-01-01,7.4037,1219.31176,2524,1676.51,6.1942,,,,,
2020-12-07,2021-01-01,1.9949,1047.330127,18,18.0,0.07,,,,,
2020-12-07,2023-01-01,4.5706,1144.726007,520,467.65,1.7746,,,,,
2020-12-07,2025-01-01,5.912,1183.361991,1022,847.71,3.1762,,,,,
2020-12-07,2027-01-01,6.7066,1199.103009,1523,1169.12,4.3478,,,,,
2020-12-07,2029-01-01,7.0048,1219.479733,2022,1444.31,5.3562,,,,,
2020-12-07,2031-01-01,7.4022,1219.770845,2523,1675.55,6.1908,,,,,
2020-12-08,2021-01-01,2.0093,1047.402248,17,17.0,0.0661,,,,,
2020-12-08,2023-01-01,4.5777,1144.785106,519,466.64,1.7707,,,,,
2020-12-08,2025-01-01,5.8929,1184.349829,1021,846.78,3.1733,,,,,
2020-12-08,2027-01-01,6.6996,1199.777283,1522,1168.19,4.3446,,,,,
2020-12-08,2029-01-01,7.003,1219.925113,2021,1443.35,5.3527,,,,,
2020-12-08,2031-01-01,7.385,1221.418075,2522,1675.07,6.19,,,,,
2020-12-09,2021-01-01,2.0636,1047.449545,16,16.0,0.0622,,,,,
2020-12-09,2023-01-01,4.5874,1144.792247,518,465.64,1.7667,,,,,
2020-12-09,2025-01-01,5.9321,1183.147273,1020,845.64,3.1678,,,,,
2020-12-09,2027-01-01,6.7754,1196.14042,1521,1166.46,4.3351,,,,,
2020-12-09,2029-01-01,7.0832,1215.026146,2020,1440.87,5.3395,,,,,
2020-12-09,2031-01-01,7.475,1214.977351,2521,1671.36,6.1711,,,,,
2020-12-10,2021-01-01,2.0999,1047.512278,15,15.0,0.0583,,,,,
2020-12-10,2023-01-01,4.5879,1144.985932,517,464.64,1.7629,,,,,
2020-12-10,2025-01-01,5.86,1186.124164,1019,844.9,3.1672,,,,,
2020-12-10,2027-01-01,6.65,1202.985113,1520,1166.66,4.3409,,,,,
2020-12-10,2029-01-01,6.9597,1223.414538,2019,1442.15,5.3504,,,,,
2020-12-10,2031-01-01,7.3423,1225.346706,2520,1674.36,6.1898,,,,,
2020-12-11,2021-01-01,2.0856,1047.606818,14,14.0,0.0544,,,,,
2020-12-11,2023-01-01,4.4584,1147.803417,516,463.72,1.7616,,,,,
2020-12-11,2025-01-01,5.72,1191.667491,1018,844.4,3.1695,,,,,
2020-12-11,2027-01-01,6.5417,1208.972024,1519,1166.69,4.3455,,,,,
2020-12-11,2029-01-01,6.8548,1230.642478,2018,1443.08,5.3591,,,,,
2020-12-11,2031-01-01,7.246,1233.036478,2519,1676.26,6.2024,,,,,
2020-12-14,2021-01-01,2.0881,1047.691308,13,13.0,0.0505,,,,,
2020-12-14,2023-01-01,4.4957,1147.249798,515,462.7,1.7571,,,,,
2020-12-14,2025-01-01,5.7665,1190.176386,1017,843.24,3.1637,,,,,
2020-12-14,2027-01-01,6.6163,1205.362189,1518,1164.98,4.3361,,,,,
2020-12-14,2029-01-01,6.9412,1225.280592,2017,1440.49,5.3452,,,,,
2020-12-14,2031-01-01,7.333,1226.742311,2518,1672.64,6.184,,,,,
2020-12-15,2021-01-01,2.0862,1047.778159,12,12.0,0.0466,,,,,
2020-12-15,2023-01-01,4.4055,1149.267031,514,461.76,1.755,,,,,
2020-12-15,2025-01-01,5.6673,1194.184299,1016,842.59,3.1643,,,,,
2020-12-15,2027-01-01,6.5007,1211.737531,1517,1165.08,4.3411,,,,,
2020-12-15,2029-01-01,6.836,1232.531782,2016,1441.43,5.354,,,,,
2020-12-15,2031-01-01,7.2384,1234.30326,2517,1674.49,6.1963,,,,,
2020-12-16,2021-01-01,2.0872,1047.863563,11,11.0,0.0428,,,,,
2020-12-16,2023-01-01,4.479,1147.985661,513,460.71,1.7498,,,,,
2020-12-16,2025-01-01,5.7663,1190.713595,1015,841.24,3.1562,,,,,
2020-12-16,2027-01-01,6.5878,1207.466566,1516,1163.25,4.3308,,,,,
2020-12-16,2029-01-01,6.9098,1227.993629,2015,1439.07,5.3415,,,,,
2020-12-16,2031-01-01,7.27,1232.229027,2516,1672.53,6.1872,,,,,
2020-12-17,2021-01-01,2.1189,1047.936552,10,10.0,0.0389,,,,,
2020-12-17,2023-01-01,4.5276,1147.211635,512,459.68,1.7451,,,,,
2020-12-17,2025-01-01,5.7679,1190.9184,1014,840.23,3.1524,,,,,
2020-12-17,2027-01-01,6.577,1208.337773,1515,1162.36,4.3279,,,,,
2020-12-17,2029-01-01,6.912,1228.174815,2014,1438.03,5.3375,,,,,
2020-12-17,2031-01-01,7.27,1232.572235,2515,1671.53,6.1835,,,,,
2020-12-18,2021-01-01,2.1315,1048.019131,9,9.0,0.035,,,,,
2020-12-18,2023-01-01,4.545,1147.065673,511,458.67,1.741,,,,,
2020-12-18,2025-01-01,5.757,1191.592692,1013,839.27,3.1491,,,,,
2020-12-18,2027-01-01,6.54,1210.582162,1514,1161.71,4.327,,,,,
2020-12-18,2029-01-01,6.8394,1233.278032,2013,1438.36,5.3424,,,,,
2020-12-18,2031-01-01,7.1902,1239.027422,2514,1672.94,6.1933,,,,,
2020-12-21,2021-01-01,2.1404,1048.103949,8,8.0,0.0311,,,,,
2020-12-21,2023-01-01,4.5478,1147.212206,510,457.66,1.7371,,,,,
2020-12-21,2025-01-01,5.7457,1192.281467,1012,838.31,3.1459,,,,,
2020-12-21,2027-01-01,6.5223,1211.815049,1513,1160.88,4.3246,,,,,
2020-12-21,2029-01-01,6.8642,1231.967633,2012,1436.91,5.3358,,,,,
2020-12-21,2031-01-01,7.1639,1241.392102,2513,1672.73,6.1941,,,,,
2020-12-22,2021-01-01,2.1841,1048.179581,7,7.0,0.0272,,,,,
2020-12-22,2023-01-01,4.4214,1149.933102,509,456.75,1.7357,,,,,
2020-12-22,2025-01-01,5.6781,1195.084803,1011,837.55,3.1451,,,,,
2020-12-22,2027-01-01,6.4723,1214.745678,1512,1160.36,4.3247,,,,,
2020-12-22,2029-01-01,6.836,1234.149924,2011,1436.43,5.3354,,,,,
2020-12-22,2031-01-01,7.1476,1242.988918,2512,1672.22,6.1931,,,,,
2020-12-23,2021-01-01,2.1983,1048.265985,6,6.0,0.0233,,,,,
2020-12-23,2023-01-01,4.3339,1151.87567,508,455.8,1.7336,,,,,
2020-12-23,2025-01-01,5.5681,1199.490812,1010,836.95,3.1461,,,,,
2020-12-23,2027-01-01,6.3669,1220.608102,1511,1160.36,4.329,,,,,
2020-12-23,2029-01-01,6.7577,1239.650449,2010,1436.87,5.3409,,,,,
2020-12-23,2031-01-01,7.0962,1247.300637,2511,1672.76,6.1981,,,,,
2020-12-24,2021-01-01,2.1983,1048.356443,5,5.0,0.0194,,,,,
2020-12-24,2023-01-01,4.3339,1152.069613,507,454.8,1.7298,,,,,
2020-12-24,2025-01-01,5.5681,1199.748759,1009,835.95,3.1423,,,,,
2020-12-24,2027-01-01,6.3669,1220.907111,1510,1159.36,4.3252,,,,,
2020-12-24,2029-01-01,6.7577,1239.972168,2009,1435.87,5.3372,,,,,
2020-12-24,2031-01-01,7.0962,1247.640015,2510,1671.76,6.1944,,,,,
2020-12-28,2021-01-01,2.2151,1048.444173,4,4.0,0.0155,,,,,
2020-12-28,2023-01-01,4.437,1150.216111,506,453.74,1.724,,,,,
2020-12-28,2025-01-01,5.6285,1197.733196,1008,834.73,3.1359,,,,,
2020-12-28,2027-01-01,6.3997,1219.474228,1509,1158.05,4.319,,,,,
2020-12-28,2029-01-01,6.7896,1238.183104,2008,1434.28,5.3297,,,,,
2020-12-28,2031-01-01,7.1091,1246.981768,2509,1670.38,6.1885,,,,,
2020-12-29,2021-01-01,2.2729,1048.528274,3,3.0,0.0116,,,,,
2020-12-29,2023-01-01,4.3488,1152.161931,505,452.79,1.7219,,,,,
2020-12-29,2025-01-01,5.4813,1203.539792,1007,834.26,3.1385,,,,,
2020-12-29,2027-01-01,6.2144,1229.59855,1508,1158.81,4.3294,,,,,
2020-12-29,2029-01-01,6.6176,1249.942958,2007,1436.45,5.3464,,,,,
2020-12-29,2031-01-01,6.93,1261.272657,2508,1674.76,6.2151,,,,,
2020-12-30,2021-01-01,2.2567,1048.623109,2,2.0,0.0078,,,,,
2020-12-30,2023-01-01,4.31,1153.125189,504,451.82,1.7188,,,,,
2020-12-30,2025-01-01,5.45,1204.977619,1006,833.37,3.1361,,,,,
2020-12-30,2027-01-01,6.21,1230.127241,1507,1157.85,4.326,,,,,
2020-12-30,2029-01-01,6.587,1252.310312,2006,1436.01,5.3463,,,,,
2020-12-30,2031-01-01,6.9,1263.966088,2507,1674.66,6.2165,,,,,
2020-12-31,2021-01-01,2.2567,1048.715975,1,1.0,0.0039,,,,,
2020-12-31,2023-01-01,4.31,1153.318295,503,450.82,1.715,,,,,
2020-12-31,2025-01-01,5.45,1205.231393,1005,832.37,3.1324,,,,,
2020-12-31,2027-01-01,6.21,1230.421375,1506,1156.85,4.3223,,,,,
2020-12-31,2029-01-01,6.587,1252.627362,2005,1435.01,5.3426,,,,,
2020-12-31,2031-01-01,6.9,1264.300801,2506,1673.66,6.2128,,,,,
2021-01-04,2023-01-01,4.3029,1104.842746,502,469.7,1.787,,,,,
2021-01-04,2025-01-01,5.4433,1156.929303,1004,866.47,3.2609,,,,,
2021-01-04,2027-01-01,6.1875,1183.105268,1505,1203.73,4.4984,,,,,
2021-01-04,2029-01-01,6.5976,1203.425783,2004,1491.93,5.5539,,,,,
2021-01-04,2031-01-01,6.8778,1217.574616,2505,1740.34,6.4617,,,,,
2021-01-05,2023-01-01,4.418,1102.763136,501,468.66,1.7811,,,,,
2021-01-05,2025-01-01,5.5575,1152.87596,1003,865.17,3.2525,,,,,
2021-01-05,2027-01-01,6.2895,1177.970112,1504,1201.94,4.4874,,,,,
2021-01-05,2029-01-01,6.7043,1196.620029,2003,1489.23,5.5383,,,,,
2021-01-05,2031-01-01,6.9541,1211.905114,2504,1737.29,6.4458,,,,,
2021-01-06,2023-01-01,4.539,1100.584465,500,467.62,1.7751,,,,,
2021-01-06,2025-01-01,5.7135,1147.295075,1002,863.77,3.2424,,,,,
2021-01-06,2027-01-01,6.4948,1167.459792,1503,1199.35,4.4691,,,,,
2021-01-06,2029-01-01,6.9123,1183.235564,2002,1484.92,5.5116,,,,,
2021-01-06,2031-01-01,7.1549,1196.660743,2503,1730.88,6.4099,,,,,
2021-01-07,2023-01-01,4.7364,1096.940107,499,466.55,1.7677,,,,,
2021-01-07,2025-01-01,5.9619,1138.359977,1001,862.12,3.2286,,,,,
2021-01-07,2027-01-01,6.76,1154.011515,1502,1196.29,4.4466,,,,,
2021-01-07,2029-01-01,7.2203,1163.671683,2001,1479.0,5.4738,,,,,
2021-01-07,2031-01-01,7.4813,1172.27803,2502,1721.07,6.3543,,,,,
2021-01-08,2023-01-01,4.8001,1095.909908,498,465.53,1.7627,,,,,
2021-01-08,2025-01-01,6.0386,1135.807751,1000,860.92,3.2218,,,,,
2021-01-08,2027-01-01,6.8301,1150.718015,1501,1194.74,4.4379,,,,,
2021-01-08,2029-01-01,7.27,1160.830227,2000,1477.2,5.4646,,,,,
2021-01-08,2031-01-01,7.5181,1169.873154,2501,1719.08,6.3447,,,,,
2021-01-11,2023-01-01,5.0097,1092.08445,497,464.47,1.7552,,,,,
2021-01-11,2025-01-01,6.2793,1127.31208,999,859.29,3.2084,,,,,
2021-01-11,2027-01-01,7.0317,1140.776544,1500,1192.17,4.42,,,,,
2021-01-11,2029-01-01,7.4479,1149.930579,1999,1473.35,5.4414,,,,,
2021-01-11,2031-01-01,7.6846,1157.924883,2500,1713.58,6.3146,,,,,
2021-01-12,2023-01-01,4.9294,1093.834211,496,463.49,1.7529,,,,,
2021-01-12,2025-01-01,6.1393,1132.663525,998,858.66,3.2103,,,,,
2021-01-12,2027-01-01,6.9005,1147.732481,1499,1192.19,4.4255,,,,,
2021-01-12,2029-01-01,7.3141,1158.682043,1998,1474.5,5.4524,,,,,
2021-01-12,2031-01-01,7.5608,1167.379503,2499,1715.92,6.3306,,,,,
2021-01-13,2023-01-01,5.1532,1089.773799,495,462.42,1.7451,,,,,
2021-01-13,2025-01-01,6.3602,1124.939255,997,857.08,3.1977,,,,,
2021-01-13,2027-01-01,7.0747,1139.225656,1498,1189.83,4.4096,,,,,
2021-01-13,2029-01-01,7.4424,1150.93084,1997,1471.44,5.4346,,,,,
2021-01-13,2031-01-01,7.6815,1158.832415,2498,1711.66,6.3078,,,,,
2021-01-14,2023-01-01,5.076,1091.457939,494,461.44,1.7427,,,,,
2021-01-14,2025-01-01,6.2358,1129.701493,996,856.41,3.199,,,,,
2021-01-14,2027-01-01,6.8766,1149.55582,1497,1190.38,4.4198,,,,,
2021-01-14,2029-01-01,7.2547,1163.095102,1996,1473.45,5.4515,,,,,
2021-01-14,2031-01-01,7.4709,1174.732535,2497,1716.35,6.3375,,,,,
2021-01-15,2023-01-01,5.1468,1090.329726,493,460.42,1.7376,,,,,
2021-01-15,2025-01-01,6.2459,1129.607821,995,855.38,3.1948,,,,,
2021-01-15,2027-01-01,6.8687,1150.261117,1496,1189.44,4.4166,,,,,
2021-01-15,2029-01-01,7.2511,1163.646948,1995,1472.5,5.4482,,,,,
2021-01-15,2031-01-01,7.47,1175.135552,2496,1715.38,6.3339,,,,,
2021-01-18,2023-01-01,5.0872,1091.674772,492,459.44,1.7349,,,,,
2021-01-18,2025-01-01,6.2039,1131.396431,994,854.49,3.1928,,,,,
2021-01-18,2027-01-01,6.83,1152.534713,1495,1188.74,4.4156,,,,,
2021-01-18,2029-01-01,7.23,1165.31051,1994,1471.84,5.4468,,,,,
2021-01-18,2031-01-01,7.4585,1176.329141,2495,1714.69,6.332,,,,,
2021-01-19,2023-01-01,5.099,1091.666741,491,458.44,1.7309,,,,,
2021-01-19,2025-01-01,6.2458,1130.154719,993,853.38,3.1874,,,,,
2021-01-19,2027-01-01,6.88,1150.293607,1494,1187.35,4.4084,,,,,
2021-01-19,2029-01-01,7.2857,1162.101283,1993,1469.95,5.437,,,,,
2021-01-19,2031-01-01,7.496,1173.872519,2494,1712.68,6.3224,,,,,
2021-01-20,2023-01-01,5.06,1092.618082,490,457.45,1.7278,,,,,
2021-01-20,2025-01-01,6.2524,1130.188774,992,852.36,3.1834,,,,,
2021-01-20,2027-01-01,6.9228,1148.427601,1493,1186.02,4.4017,,,,,
2021-01-20,2029-01-01,7.3571,1157.921229,1992,1467.81,5.4255,,,,,
2021-01-20,2031-01-01,7.592,1167.104748,2493,1709.08,6.3035,,,,,
2021-01-21,2023-01-01,5.2151,1089.916065,489,456.4,1.7213,,,,,
2021-01-21,2025-01-01,6.4062,1124.946759,991,850.96,3.1735,,,,,
2021-01-21,2027-01-01,7.0617,1141.7334,1492,1183.93,4.3883,,,,,
2021-01-21,2029-01-01,7.4964,1149.531682,1991,1464.57,5.4065,,,,,
2021-01-21,2031-01-01,7.8183,1150.93738,2492,1701.95,6.264,,,,,
2021-01-22,2023-01-01,5.275,1089.01532,488,455.38,1.7165,,,,,
2021-01-22,2025-01-01,6.5702,1119.390831,990,849.54,3.1633,,,,,
2021-01-22,2027-01-01,7.3035,1130.002998,1491,1181.04,4.3677,,,,,
2021-01-22,2029-01-01,7.7316,1135.354579,1990,1459.79,5.3771,,,,,
2021-01-22,2031-01-01,8.0465,1134.970566,2491,1694.77,6.2244,,,,,
2021-01-25,2023-01-01,5.275,1089.237493,487,454.38,1.7127,,,,,
2021-01-25,2025-01-01,6.5702,1119.67353,989,848.54,3.1596,,,,,
2021-01-25,2027-01-01,7.3035,1130.319134,1490,1180.04,4.364,,,,,
2021-01-25,2029-01-01,7.7316,1135.690156,1989,1458.79,5.3734,,,,,
2021-01-25,2031-01-01,8.0465,1135.319179,2490,1693.77,6.2207,,,,,
2021-01-26,2023-01-01,5.1736,1091.350258,486,453.41,1.7108,,,,,
2021-01-26,2025-01-01,6.397,1126.106507,988,847.99,3.1627,,,,,
2021-01-26,2027-01-01,7.108,1140.34504,1489,1180.57,4.3739,,,,,
2021-01-26,2029-01-01,7.5424,1147.666388,1988,1460.84,5.3904,,,,,
2021-01-26,2031-01-01,7.8525,1149.505343,2489,1698.03,6.2476,,,,,
2021-01-27,2023-01-01,5.161,1091.803546,485,452.42,1.7072,,,,,
2021-01-27,2025-01-01,6.3691,1127.377814,987,847.06,3.1601,,,,,
2021-01-27,2027-01-01,7.05,1143.556658,1488,1180.03,4.3743,,,,,
2021-01-27,2029-01-01,7.4919,1151.131132,1987,1460.65,5.3922,,,,,
2021-01-27,2031-01-01,7.773,1155.587523,2488,1699.18,6.2565,,,,,
2021-01-28,2023-01-01,5.0178,1094.690574,484,451.46,1.7059,,,,,
2021-01-28,2025-01-01,6.2772,1130.934416,986,846.3,3.16,,,,,
2021-01-28,2027-01-01,6.9707,1147.846023,1487,1179.65,4.3761,,,,,
2021-01-28,2029-01-01,7.4113,1156.484877,1986,1460.94,5.3974,,,,,
2021-01-28,2031-01-01,7.7539,1157.314822,2487,1698.7,6.2558,,,,,
2021-01-29,2023-01-01,4.9285,1096.569573,483,450.49,1.7037,,,,,
2021-01-29,2025-01-01,6.142,1136.053268,985,845.65,3.1616,,,,,
2021-01-29,2027-01-01,6.8426,1154.618777,1486,1179.64,4.3813,,,,,
2021-01-29,2029-01-01,7.2831,1164.862642,1985,1461.99,5.4077,,,,,
2021-01-29,2031-01-01,7.5989,1168.972227,2486,1701.89,6.2766,,,,,
2021-02-01,2023-01-01,4.9932,1095.57371,482,449.47,1.6988,,,,,
2021-02-01,2025-01-01,6.1615,1135.622013,984,844.6,3.1571,,,,,
2021-02-01,2027-01-01,6.8273,1155.697197,1485,1178.76,4.3787,,,,,
2021-02-01,2029-01-01,7.2729,1165.831149,1984,1461.16,5.4051,,,,,
2021-02-01,2031-01-01,7.5726,1171.246618,2485,1701.61,6.2771,,,,,
2021-02-02,2023-01-01,4.9219,1097.111156,481,448.49,1.6963,,,,,
2021-02-02,2025-01-01,6.067,1139.286235,983,843.85,3.1571,,,,,
2021-02-02,2027-01-01,6.7513,1159.858692,1484,1178.36,4.3803,,,,,
2021-02-02,2029-01-01,7.1974,1170.932423,1983,1461.36,5.4097,,,,,
2021-02-02,2031-01-01,7.4796,1178.460943,2484,1703.12,6.2881,,,,,
2021-02-03,2023-01-01,4.9021,1097.688171,480,447.5,1.6928,,,,,
2021-02-03,2025-01-01,6.0615,1139.75038,982,842.86,3.1535,,,,,
2021-02-03,2027-01-01,6.7484,1160.306923,1483,1177.38,4.3768,,,,,
2021-02-03,2029-01-01,7.2328,1169.013435,1982,1459.8,5.4021,,,,,
2021-02-03,2031-01-01,7.5279,1175.221775,2483,1700.81,6.2768,,,,,
2021-02-04,2023-01-01,4.9977,1096.126161,479,446.47,1.6874,,,,,
2021-02-04,2025-01-01,6.209,1134.732839,981,841.48,3.144,,,,,
2021-02-04,2027-01-01,6.873,1154.297116,1482,1175.41,4.3644,,,,,
2021-02-04,2029-01-01,7.332,1163.08873,1981,1457.21,5.3876,,,,,
2021-02-04,2031-01-01,7.6375,1167.503249,2482,1696.85,6.2557,,,,,
2021-02-05,2023-01-01,5.1132,1094.209749,478,445.43,1.6816,,,,,
2021-02-05,2025-01-01,6.2152,1134.782985,980,840.46,3.14,,,,,
2021-02-05,2027-01-01,6.8692,1154.793279,1481,1174.44,4.3609,,,,,
2021-02-05,2029-01-01,7.3165,1164.388278,1980,1456.46,5.3856,,,,,
2021-02-05,2031-01-01,7.639,1167.73458,2481,1695.81,6.2518,,,,,
2021-02-08,2023-01-01,5.0839,1094.964539,477,444.44,1.6783,,,,,
2021-02-08,2025-01-01,6.3027,1131.943042,979,839.23,3.1328,,,,,
2021-02-08,2027-01-01,6.9349,1151.792286,1480,1172.92,4.3526,,,,,
2021-02-08,2029-01-01,7.3874,1160.275164,1979,1454.32,5.3741,,,,,
2021-02-08,2031-01-01,7.6982,1163.75909,2480,1693.21,6.2388,,,,,
2021-02-09,2023-01-01,5.1284,1094.364414,476,443.43,1.6738,,,,,
2021-02-09,2025-01-01,6.3866,1129.248147,978,838.01,3.1258,,,,,
2021-02-09,2027-01-01,7.0182,1147.928836,1479,1171.27,4.3431,,,,,
2021-02-09,2029-01-01,7.4476,1156.853726,1978,1452.36,5.3638,,,,,
2021-02-09,2031-01-01,7.7518,1160.213772,2479,1690.76,6.2267,,,,,
2021-02-10,2023-01-01,5.0275,1096.42856,475,442.46,1.6717,,,,,
2021-02-10,2025-01-01,6.3436,1131.0447,977,837.13,3.1238,,,,,
2021-02-10,2027-01-01,7.0231,1147.993351,1478,1170.24,4.3391,,,,,
2021-02-10,2029-01-01,7.4553,1156.70533,1977,1451.23,5.3593,,,,,
2021-02-10,2031-01-01,7.7675,1159.422559,2478,1689.33,6.2205,,,,,
2021-02-11,2023-01-01,5.0439,1096.342085,474,441.46,1.6677,,,,,
2021-02-11,2025-01-01,6.3825,1129.947717,976,836.03,3.1185,,,,,
2021-02-11,2027-01-01,7.0459,1147.166502,1477,1169.06,4.3338,,,,,
2021-02-11,2029-01-01,7.4923,1154.742272,1976,1449.64,5.3516,,,,,
2021-02-11,2031-01-01,7.8062,1156.976523,2477,1687.28,6.2107,,,,,
2021-02-12,2023-01-01,5.1256,1095.067149,473,440.43,1.6625,,,,,
2021-02-12,2025-01-01,6.4917,1126.3868,975,834.74,3.1105,,,,,
2021-02-12,2027-01-01,7.1338,1143.113476,1476,1167.37,4.324,,,,,
2021-02-12,2029-01-01,7.5631,1150.704622,1975,1447.5,5.3402,,,,,
2021-02-12,2031-01-01,7.8727,1152.550471,2476,1684.48,6.1966,,,,,
2021-02-17,2023-01-01,5.2265,1093.453714,472,439.4,1.657,,,,,
2021-02-17,2025-01-01,6.6022,1122.806139,974,833.45,3.1025,,,,,
2021-02-17,2027-01-01,7.245,1137.942258,1475,1165.5,4.3126,,,,,
2021-02-17,2029-01-01,7.6727,1144.322243,1974,1444.74,5.3246,,,,,
2021-02-17,2031-01-01,7.9806,1145.216628,2475,1680.56,6.176,,,,,
2021-02-18,2023-01-01,5.2266,1093.672984,471,438.4,1.6533,,,,,
2021-02-18,2025-01-01,6.6135,1122.697537,973,832.42,3.0984,,,,,
2021-02-18,2027-01-01,7.2236,1139.310078,1474,1164.67,4.3103,,,,,
2021-02-18,2029-01-01,7.6149,1148.19129,1973,1444.67,5.3272,,,,,
2021-02-18,2031-01-01,7.9167,1150.104049,2474,1681.29,6.1823,,,,,
2021-02-19,2023-01-01,5.3121,1092.353141,470,437.37,1.648,,,,,
2021-02-19,2025-01-01,6.7158,1119.43263,972,831.15,3.0907,,,,,
2021-02-19,2027-01-01,7.3451,1133.674176,1473,1162.72,4.2982,,,,,
2021-02-19,2029-01-01,7.7537,1140.069545,1972,1441.44,5.3084,,,,,
2021-02-19,2031-01-01,8.0514,1140.917132,2473,1676.63,6.1575,,,,,
2021-02-22,2023-01-01,5.4955,1089.290788,469,436.31,1.6412,,,,,
2021-02-22,2025-01-01,6.916,1112.825585,971,829.63,3.0792,,,,,
2021-02-22,2027-01-01,7.5449,1124.304585,1472,1160.15,4.2808,,,,,
2021-02-22,2029-01-01,7.9188,1130.46481,1971,1437.78,5.2868,,,,,
2021-02-22,2031-01-01,8.2217,1129.375715,2472,1671.01,6.1272,,,,,
2021-02-23,2023-01-01,5.36,1091.943769,468,435.35,1.6397,,,,,
2021-02-23,2025-01-01,6.8213,1116.372319,970,828.88,3.0792,,,,,
2021-02-23,2027-01-01,7.4843,1127.553969,1471,1159.63,4.2813,,,,,
2021-02-23,2029-01-01,7.8822,1132.999591,1970,1437.37,5.2871,,,,,
2021-02-23,2031-01-01,8.1918,1131.804466,2471,1670.82,6.1282,,,,,
2021-02-24,2023-01-01,5.4747,1090.12379,467,434.32,1.634,,,,,
2021-02-24,2025-01-01,7.0368,1109.292054,969,827.31,3.0672,,,,,
2021-02-24,2027-01-01,7.7,1117.519675,1470,1156.93,4.2628,,,,,
2021-02-24,2029-01-01,8.11,1119.79287,1969,1432.7,5.2588,,,,,
2021-02-24,2031-01-01,8.4182,1116.587144,2470,1663.67,6.0892,,,,,
2021-02-25,2023-01-01,5.6371,1087.473844,466,433.26,1.6276,,,,,
2021-02-25,2025-01-01,7.206,1103.856116,968,825.87,3.057,,,,,
2021-02-25,2027-01-01,7.8441,1111.006161,1469,1154.8,4.2492,,,,,
2021-02-25,2029-01-01,8.2431,1112.330645,1968,1429.55,5.2408,,,,,
2021-02-25,2031-01-01,8.5413,1108.608645,2469,1659.32,6.0664,,,,,
2021-02-26,2023-01-01,5.7637,1085.478229,465,432.22,1.6217,,,,,
2021-02-26,2025-01-01,7.3041,1100.857882,967,824.61,3.0495,,,,,
2021-02-26,2027-01-01,7.89,1109.172955,1468,1153.43,4.2424,,,,,
2021-02-26,2029-01-01,8.2249,1113.74321,1967,1428.84,5.2391,,,,,
2021-02-26,2031-01-01,8.5068,1111.296114,2468,1659.25,6.0681,,,,,
2021-03-01,2023-01-01,5.8979,1083.366396,464,431.18,1.6157,,,,,
2021-03-01,2025-01-01,7.4875,1095.033699,966,823.13,3.0389,,,,,
2021-03-01,2027-01-01,8.0647,1101.32021,1467,1151.06,4.2268,,,,,
2021-03-01,2029-01-01,8.3576,1106.378184,1966,1425.69,5.2212,,,,,
2021-03-01,2031-01-01,8.6134,1104.490915,2467,1655.35,6.0479,,,,,
2021-03-02,2023-01-01,5.9685,1082.380711,463,430.16,1.6108,,,,,
2021-03-02,2025-01-01,7.631,1090.587371,965,821.75,3.0297,,,,,
2021-03-02,2027-01-01,8.228,1094.0859,1466,1148.77,4.212,,,,,
2021-03-02,2029-01-01,8.517,1097.565659,1965,1422.11,5.2004,,,,,
2021-03-02,2031-01-01,8.7747,1094.138549,2466,1649.95,6.0193,,,,,
2021-03-03,2023-01-01,6.0875,1080.562519,462,429.12,1.6051,,,,,
2021-03-03,2025-01-01,7.7952,1085.499643,964,820.32,3.0198,,,,,
2021-03-03,2027-01-01,8.5046,1081.771808,1465,1145.58,4.1896,,,,,
2021-03-03,2029-01-01,8.6936,1087.894859,1964,1418.25,5.1778,,,,,
2021-03-03,2031-01-01,8.9489,1083.101281,2465,1644.2,5.9887,,,,,
2021-03-04,2023-01-01,5.7542,1086.610019,461,428.23,1.6068,,,,,
2021-03-04,2025-01-01,7.2816,1102.843955,963,820.67,3.0356,,,,,
2021-03-04,2027-01-01,7.9339,1108.4491,1464,1149.09,4.2247,,,,,
2021-03-04,2029-01-01,8.2406,1114.225867,1963,1424.59,5.2227,,,,,
2021-03-04,2031-01-01,8.5263,1111.42263,2464,1654.72,6.0505,,,,,
2021-03-05,2023-01-01,5.5925,1089.674614,460,427.28,1.6057,,,,,
2021-03-05,2025-01-01,7.0621,1110.534044,962,820.25,3.0402,,,,,
2021-03-05,2027-01-01,7.6899,1120.304861,1463,1150.01,4.2377,,,,,
2021-03-05,2029-01-01,7.96,1131.092161,1962,1428.12,5.2493,,,,,
2021-03-05,2031-01-01,8.2152,1133.016652,2463,1662.19,6.0952,,,,,
2021-03-08,2023-01-01,5.8901,1084.734011,459,426.18,1.5971,,,,,
2021-03-08,2025-01-01,7.3883,1099.89906,961,818.39,3.0242,,,,,
2021-03-08,2027-01-01,7.9598,1107.908464,1462,1146.88,4.2156,,,,,
2021-03-08,2029-01-01,8.2132,1116.523616,1961,1423.03,5.2184,,,,,
2021-03-08,2031-01-01,8.4487,1117.386107,2462,1654.84,6.0552,,,,,
2021-03-09,2023-01-01,5.9838,1083.362506,458,425.15,1.5919,,,,,
2021-03-09,2025-01-01,7.5273,1095.600832,960,817.03,3.0152,,,,,
2021-03-09,2027-01-01,8.1428,1099.734996,1461,1144.44,4.1995,,,,,
2021-03-09,2029-01-01,8.4172,1105.061928,1960,1418.73,5.1928,,,,,
2021-03-09,2031-01-01,8.6449,1104.564617,2461,1648.49,6.0211,,,,,
2021-03-10,2023-01-01,6.034,1082.749056,457,424.13,1.5873,,,,,
2021-03-10,2025-01-01,7.5859,1093.983159,959,815.87,3.0093,,,,,
2021-03-10,2027-01-01,8.149,1099.790098,1460,1143.39,4.1954,,,,,
2021-03-10,2029-01-01,8.4,1106.405115,1959,1418.01,5.191,,,,,
2021-03-10,2031-01-01,8.6298,1105.934382,2460,1647.9,6.0198,,,,,
2021-03-11,2023-01-01,6.0712,1082.363155,456,423.12,1.583,,,,,
2021-03-11,2025-01-01,7.524,1096.340978,958,815.03,3.0079,,,,,
2021-03-11,2027-01-01,8.051,1104.671383,1459,1143.17,4.1984,,,,,
2021-03-11,2029-01-01,8.2648,1114.57142,1958,1419.2,5.2018,,,,,
2021-03-11,2031-01-01,8.5279,1113.120832,2459,1649.68,6.032,,,,,
2021-03-12,2023-01-01,6.1617,1081.070896,455,422.09,1.5778,,,,,
2021-03-12,2025-01-01,7.6164,1093.615771,957,813.79,3.0008,,,,,
2021-03-12,2027-01-01,8.1938,1098.408741,1458,1141.04,4.185,,,,,
2021-03-12,2029-01-01,8.459,1103.729745,1957,1415.05,5.1773,,,,,
2021-03-12,2031-01-01,8.7011,1101.923773,2458,1643.96,6.0015,,,,,
2021-03-15,2023-01-01,6.2549,1079.743061,454,421.06,1.5725,,,,,
2021-03-15,2025-01-01,7.6191,1093.845774,956,812.78,2.997,,,,,
2021-03-15,2027-01-01,8.1636,1100.142962,1457,1140.28,4.1834,,,,,
2021-03-15,2029-01-01,8.3856,1108.295783,1956,1415.24,5.1815,,,,,
2021-03-15,2031-01-01,8.6203,1107.657963,2457,1645.16,6.0103,,,,,
2021-03-16,2023-01-01,6.2,1080.933878,453,420.08,1.5697,,,,,
2021-03-16,2025-01-01,7.5872,1095.210928,955,811.87,2.9945,,,,,
2021-03-16,2027-01-01,8.0856,1104.087269,1456,1139.89,4.185,,,,,
2021-03-16,2029-01-01,8.3449,1110.993378,1955,1414.9,5.1822,,,,,
2021-03-16,2031-01-01,8.5467,1112.943544,2456,1646.17,6.0181,,,,,
2021-03-17,2023-01-01,6.1934,1081.303687,452,419.08,1.566,,,,,
2021-03-17,2025-01-01,7.6224,1094.375347,954,810.78,2.9895,,,,,
2021-03-17,2027-01-01,8.1003,1103.748345,1455,1138.78,4.1803,,,,,
2021-03-17,2029-01-01,8.3467,1111.243044,1954,1413.87,5.1784,,,,,
2021-03-17,2031-01-01,8.5264,1114.66849,2455,1645.72,6.0176,,,,,
2021-03-18,2023-01-01,6.3391,1079.10426,451,418.04,1.56,,,,,
2021-03-18,2025-01-01,7.5844,1095.938523,953,809.88,2.9872,,,,,
2021-03-18,2027-01-01,8.0595,1105.976248,1454,1138.1,4.1794,,,,,
2021-03-18,2029-01-01,8.2531,1117.007259,1953,1414.38,5.1847,,,,,
2021-03-18,2031-01-01,8.3846,1124.613236,2454,1648.58,6.0359,,,,,
2021-03-19,2023-01-01,6.39,1078.513045,450,417.02,1.5554,,,,,
2021-03-19,2025-01-01,7.8054,1089.055764,952,808.29,2.9753,,,,,
2021-03-19,2027-01-01,8.2966,1095.420706,1453,1135.22,4.1597,,,,,
2021-03-19,2029-01-01,8.5066,1102.795186,1952,1409.28,5.154,,,,,
2021-03-19,2031-01-01,8.6639,1106.214032,2453,1639.98,5.989,,,,,
2021-03-22,2023-01-01,6.4638,1077.543966,449,416.0,1.5506,,,,,
2021-03-22,2025-01-01,7.9642,1084.25275,951,806.87,2.9657,,,,,
2021-03-22,2027-01-01,8.452,1088.710616,1452,1132.99,4.1456,,,,,
2021-03-22,2029-01-01,8.6914,1092.706894,1951,1405.28,5.1306,,,,,
2021-03-22,2031-01-01,8.8397,1095.003599,2452,1634.18,5.9582,,,,,
2021-03-23,2023-01-01,6.5946,1075.634798,448,414.95,1.5448,,,,,
2021-03-23,2025-01-01,8.1476,1078.708372,950,805.39,2.9552,,,,,
2021-03-23,2027-01-01,8.6666,1079.425265,1451,1130.29,4.1276,,,,,
2021-03-23,2029-01-01,8.8906,1081.967903,1950,1401.05,5.1058,,,,,
2021-03-23,2031-01-01,9.0412,1082.320432,2451,1627.68,5.9235,,,,,
2021-03-24,2023-01-01,6.7269,1073.717568,447,413.91,1.539,,,,,
2021-03-24,2025-01-01,8.345,1072.77747,949,803.87,2.9443,,,,,
2021-03-24,2027-01-01,8.894,1069.705333,1450,1127.48,4.1087,,,,,
2021-03-24,2029-01-01,9.1145,1070.049864,1949,1396.4,5.0784,,,,,
2021-03-24,2031-01-01,9.2554,1069.065943,2450,1620.83,5.887,,,,,
2021-03-25,2023-01-01,6.6431,1075.378214,446,412.94,1.5366,,,,,
2021-03-25,2025-01-01,8.1842,1078.214479,948,803.29,2.9465,,,,,
2021-03-25,2027-01-01,8.8217,1073.254641,1449,1127.06,4.1099,,,,,
2021-03-25,2029-01-01,9.1157,1070.355036,1948,1395.38,5.0746,,,,,
2021-03-25,2031-01-01,9.2452,1070.084612,2449,1620.11,5.8849,,,,,
2021-03-26,2023-01-01,6.6862,1074.942471,445,411.92,1.5322,,,,,
2021-03-26,2025-01-01,8.1914,1078.322419,947,802.27,2.9426,,,,,
2021-03-26,2027-01-01,8.8007,1074.542575,1448,1126.23,4.1077,,,,,
2021-03-26,2029-01-01,9.1002,1071.568971,1947,1394.64,5.0726,,,,,
2021-03-26,2031-01-01,9.2203,1072.031962,2448,1619.79,5.8851,,,,,
2021-03-29,2023-01-01,6.7964,1073.410073,444,410.89,1.5267,,,,,
2021-03-29,2025-01-01,8.3393,1073.981283,946,800.88,2.9335,,,,,
2021-03-29,2027-01-01,8.94,1068.771971,1447,1124.12,4.0947,,,,,
2021-03-29,2029-01-01,9.24,1064.369659,1946,1391.36,5.0542,,,,,
2021-03-29,2031-01-01,9.3582,1063.7463,2447,1615.02,5.8604,,,,,
2021-03-30,2023-01-01,6.57,1077.403085,443,409.96,1.5265,,,,,
2021-03-30,2025-01-01,8.15,1080.309886,945,800.38,2.9368,,,,,
2021-03-30,2027-01-01,8.7925,1075.624337,1446,1124.29,4.1009,,,,,
2021-03-30,2029-01-01,9.1267,1070.869755,1945,1392.2,5.0626,,,,,
2021-03-30,2031-01-01,9.2552,1070.581682,2446,1616.83,5.8725,,,,,
2021-03-31,2023-01-01,6.54,1078.167688,442,408.97,1.5233,,,,,
2021-03-31,2025-01-01,8.14,1080.963122,944,799.41,2.9335,,,,,
2021-03-31,2027-01-01,8.795,1075.873718,1445,1123.27,4.0971,,,,,
2021-03-31,2029-01-01,9.1376,1070.6496,1944,1391.03,5.0578,,,,,
2021-03-31,2031-01-01,9.3139,1067.271599,2445,1614.23,5.8599,,,,,
2021-04-01,2023-01-01,6.6559,1076.542248,441,407.93,1.5178,,,,,
2021-04-01,2025-01-01,8.2745,1077.046199,943,798.05,2.9249,,,,,
2021-04-01,2027-01-01,8.8733,1072.786396,1444,1121.65,4.0882,,,,,
2021-04-01,2029-01-01,9.2,1067.64584,1943,1389.01,5.0476,,,,,
2021-04-01,2031-01-01,9.336,1066.266125,2444,1612.62,5.8529,,,,,
2021-04-05,2023-01-01,6.62,1077.40312,440,406.94,1.5146,,,,,
2021-04-05,2025-01-01,8.235,1078.631304,942,797.16,2.9226,,,,,
2021-04-05,2027-01-01,8.8623,1073.631462,1443,1120.74,4.0853,,,,,
2021-04-05,2029-01-01,9.19,1068.558484,1942,1388.17,5.045,,,,,
2021-04-05,2031-01-01,9.3163,1067.875941,2443,1612.16,5.8523,,,,,
2021-04-06,2023-01-01,6.6998,1076.379194,439,405.92,1.5096,,,,,
2021-04-06,2025-01-01,8.3035,1076.813888,941,795.98,2.9165,,,,,
2021-04-06,2027-01-01,8.9284,1071.096534,1442,1119.21,4.0773,,,,,
2021-04-06,2029-01-01,9.2717,1064.534871,1941,1385.84,5.0327,,,,,
2021-04-06,2031-01-01,9.4161,1062.034499,2442,1608.43,5.8334,,,,,
2021-04-07,2023-01-01,6.815,1074.791121,438,404.88,1.5042,,,,,
2021-04-07,2025-01-01,8.4573,1072.340517,940,794.57,2.9072,,,,,
2021-04-07,2027-01-01,9.0776,1064.965227,1441,1117.02,4.0637,,,,,
2021-04-07,2029-01-01,9.4406,1055.904715,1940,1382.08,5.0114,,,,,
2021-04-07,2031-01-01,9.6108,1050.434473,2441,1602.1,5.8001,,,,,
2021-04-08,2023-01-01,6.5672,1079.082083,437,403.96,1.5042,,,,,
2021-04-08,2025-01-01,8.2015,1080.702683,939,794.25,2.9129,,,,,
2021-04-08,2027-01-01,8.8451,1075.472048,1440,1117.87,4.0755,,,,,
2021-04-08,2029-01-01,9.2135,1068.411201,1939,1384.79,5.0316,,,,,
2021-04-08,2031-01-01,9.4056,1063.444748,2440,1606.72,5.8277,,,,,
2021-04-09,2023-01-01,6.69,1077.368703,436,402.92,1.4986,,,,,
2021-04-09,2025-01-01,8.3835,1075.333614,938,792.77,2.9026,,,,,
2021-04-09,2027-01-01,9.0271,1067.889605,1439,1115.42,4.0598,,,,,
2021-04-09,2029-01-01,9.3911,1059.286896,1938,1380.89,5.0093,,,,,
2021-04-09,2031-01-01,9.5493,1054.960473,2439,1601.78,5.8022,,,,,
2021-04-12,2023-01-01,6.7073,1077.366952,435,401.92,1.4947,,,,,
2021-04-12,2025-01-01,8.3899,1075.477485,937,791.75,2.8987,,,,,
2021-04-12,2027-01-01,8.9975,1069.541618,1438,1114.66,4.0581,,,,,
2021-04-12,2029-01-01,9.35,1061.850813,1937,1380.56,5.01,,,,,
2021-04-12,2031-01-01,9.5109,1057.699797,2438,1601.84,5.8044,,,,,
2021-04-13,2023-01-01,6.8359,1075.581649,434,400.87,1.489,,,,,
2021-04-13,2025-01-01,8.505,1072.242013,936,790.44,2.8908,,,,,
2021-04-13,2027-01-01,9.1235,1064.452414,1437,1112.66,4.0462,,,,,
2021-04-13,2029-01-01,9.462,1056.286225,1936,1377.73,4.9946,,,,,
2021-04-13,2031-01-01,9.6354,1050.467607,2437,1597.43,5.7819,,,,,
2021-04-14,2023-01-01,6.708,1077.910969,433,399.92,1.4872,,,,,
2021-04-14,2025-01-01,8.415,1075.384091,935,789.68,2.8904,,,,,
2021-04-14,2027-01-01,9.0613,1067.507732,1436,1112.15,4.0466,,,,,
2021-04-14,2029-01-01,9.4346,1058.113839,1935,1377.18,4.9938,,,,,
2021-04-14,2031-01-01,9.5856,1053.886196,2436,1597.79,5.7858,,,,,
2021-04-15,2023-01-01,6.59,1080.078897,432,398.95,1.4853,,,,,
2021-04-15,2025-01-01,8.2873,1079.70851,934,789.02,2.8914,,,,,
2021-04-15,2027-01-01,8.9452,1072.912376,1435,1112.08,4.0507,,,,,
2021-04-15,2029-01-01,9.3286,1064.121083,1934,1377.91,5.0013,,,,,
2021-04-15,2031-01-01,9.5351,1057.359021,2435,1598.17,5.7899,,,,,
2021-04-16,2023-01-01,6.44,1082.757868,431,398.0,1.4838,,,,,
2021-04-16,2025-01-01,8.0787,1086.589726,933,788.57,2.8953,,,,,
2021-04-16,2027-01-01,8.7052,1083.790201,1434,1112.99,4.0629,,,,,
2021-04-16,2029-01-01,9.0899,1077.324527,1933,1380.8,5.0228,,,,,
2021-04-16,2031-01-01,9.2946,1072.63483,2434,1603.76,5.8229,,,,,
2021-04-19,2023-01-01,6.38,1083.98857,430,397.02,1.481,,,,,
2021-04-19,2025-01-01,7.99,1089.720233,932,787.81,2.8949,,,,,
2021-04-19,2027-01-01,8.595,1089.022109,1433,1112.86,4.0666,,,,,
2021-04-19,2029-01-01,8.9717,1084.126926,1932,1381.73,5.0316,,,,,
2021-04-19,2031-01-01,9.1562,1081.719932,2433,1606.54,5.8404,,,,,
2021-04-20,2023-01-01,6.505,1082.255597,429,395.98,1.4754,,,,,
2021-04-20,2025-01-01,8.1029,1086.499736,931,786.51,2.8871,,,,,
2021-04-20,2027-01-01,8.7421,1082.884497,1432,1110.69,4.0532,,,,,
2021-04-20,2029-01-01,9.1323,1075.776041,1931,1378.11,5.0111,,,,,
2021-04-20,2031-01-01,9.3273,1071.34995,2432,1600.86,5.8106,,,,,
2021-04-22,2023-01-01,6.347,1085.048363,428,395.03,1.474,,,,,
2021-04-22,2025-01-01,7.8973,1093.312153,930,786.05,2.8909,,,,,
2021-04-22,2027-01-01,8.544,1091.997952,1431,1111.26,4.0627,,,,,
2021-04-22,2029-01-01,8.9355,1086.845168,1930,1380.32,5.0282,,,,,
2021-04-22,2031-01-01,9.1469,1083.060737,2431,1604.79,5.8345,,,,,
2021-04-23,2023-01-01,6.313,1085.85614,427,394.04,1.4708,,,,,
2021-04-23,2025-01-01,7.7901,1097.037502,929,785.33,2.8912,,,,,
2021-04-23,2027-01-01,8.4492,1096.574816,1430,1111.02,4.0653,,,,,
2021-04-23,2029-01-01,8.8388,1092.523187,1929,1380.89,5.0347,,,,,
2021-04-23,2031-01-01,9.058,1089.08354,2430,1606.22,5.8445,,,,,
2021-04-26,2023-01-01,6.3136,1086.110395,426,393.04,1.4671,,,,,
2021-04-26,2025-01-01,7.783,1097.589323,928,784.35,2.8878,,,,,
2021-04-26,2027-01-01,8.4278,1097.883404,1429,1110.19,4.0631,,,,,
2021-04-26,2029-01-01,8.8129,1094.318041,1928,1380.31,5.0338,,,,,
2021-04-26,2031-01-01,9.036,1090.861884,2429,1605.82,5.8442,,,,,
2021-04-27,2023-01-01,6.37,1085.478313,425,392.03,1.4625,,,,,
2021-04-27,2025-01-01,7.8535,1095.684743,927,783.17,2.8815,,,,,
2021-04-27,2027-01-01,8.4983,1095.094158,1428,1108.63,4.0547,,,,,
2021-04-27,2029-01-01,8.8749,1091.273188,1927,1378.3,5.0236,,,,,
2021-04-27,2031-01-01,9.096,1087.415803,2428,1603.18,5.8314,,,,,
2021-04-28,2023-01-01,6.3191,1086.551033,424,391.04,1.4595,,,,,
2021-04-28,2025-01-01,7.8073,1097.473414,926,782.29,2.8795,,,,,
2021-04-28,2027-01-01,8.487,1095.951105,1427,1107.72,4.0518,,,,,
2021-04-28,2029-01-01,8.87,1091.910445,1926,1377.38,5.0205,,,,,
2021-04-28,2031-01-01,9.07,1089.444295,2427,1602.89,5.8318,,,,,
2021-04-29,2023-01-01,6.3146,1086.886466,423,390.04,1.4559,,,,,
2021-04-29,2025-01-01,7.7744,1098.841166,925,781.37,2.877,,,,,
2021-04-29,2027-01-01,8.46,1097.506576,1426,1106.93,4.05,,,,,
2021-04-29,2029-01-01,8.84,1093.926969,1925,1376.87,5.02,,,,,
2021-04-29,2031-01-01,9.05,1091.093175,2426,1602.44,5.8312,,,,,
2021-04-30,2023-01-01,6.4191,1085.503006,422,389.01,1.4506,,,,,
2021-04-30,2025-01-01,7.8481,1096.841511,924,780.18,2.8707,,,,,
2021-04-30,2027-01-01,8.5259,1094.933585,1425,1105.41,4.0419,,,,,
2021-04-30,2029-01-01,8.9283,1089.455412,1924,1374.43,5.0071,,,,,
2021-04-30,2031-01-01,9.1232,1086.819198,2425,1599.44,5.8164,,,,,
2021-05-03,2023-01-01,6.5571,1083.606819,421,387.96,1.4448,,,,,
2021-05-03,2025-01-01,7.9497,1093.978378,923,778.91,2.8633,,,,,
2021-05-03,2027-01-01,8.615,1091.351735,1424,1103.7,4.0324,,,,,
2021-05-03,2029-01-01,9.0084,1085.463195,1923,1372.13,4.995,,,,,
2021-05-03,2031-01-01,9.2132,1081.520508,2424,1595.98,5.799,,,,,
2021-05-04,2023-01-01,6.6884,1081.83241,420,386.92,1.4392,,,,,
2021-05-04,2025-01-01,8.141,1088.342381,922,777.41,2.8527,,,,,
2021-05-04,2027-01-01,8.775,1084.693005,1423,1101.43,4.0182,,,,,
2021-05-04,2029-01-01,9.1471,1078.342986,1922,1368.87,4.9768,,,,,
2021-05-04,2031-01-01,9.3418,1073.866127,2423,1591.46,5.7758,,,,,
2021-05-05,2023-01-01,6.6493,1082.718014,419,385.94,1.436,,,,,
2021-05-05,2025-01-01,8.0432,1091.72273,921,776.67,2.8526,,,,,
2021-05-05,2027-01-01,8.6843,1089.022589,1422,1101.15,4.0205,,,,,
2021-05-05,2029-01-01,9.0587,1083.482105,1921,1369.31,4.9824,,,,,
2021-05-05,2031-01-01,9.255,1079.657474,2422,1592.84,5.7854,,,,,
2021-05-06,2023-01-01,6.6976,1082.245875,418,384.92,1.4316,,,,,
2021-05-06,2025-01-01,8.1161,1089.791272,920,775.47,2.8463,,,,,
2021-05-06,2027-01-01,8.7667,1085.779345,1421,1099.5,4.0114,,,,,
2021-05-06,2029-01-01,9.125,1080.280194,1920,1367.23,4.9718,,,,,
2021-05-06,2031-01-01,9.3241,1075.727374,2421,1589.95,5.7712,,,,,
2021-05-07,2023-01-01,6.7691,1081.420123,417,383.9,1.4268,,,,,
2021-05-07,2025-01-01,8.1368,1089.487044,919,774.42,2.8419,,,,,
2021-05-07,2027-01-01,8.733,1087.612237,1420,1098.76,4.01,,,,,
2021-05-07,2029-01-01,9.0473,1084.844171,1919,1367.5,4.9764,,,,,
2021-05-07,2031-01-01,9.2184,1082.708295,2420,1591.84,5.7837,,,,,
2021-05-10,2023-01-01,6.7822,1081.499611,416,382.89,1.4229,,,,,
2021-05-10,2025-01-01,8.2261,1087.065734,918,773.18,2.835,,,,,
2021-05-10,2027-01-01,8.8037,1084.893121,1419,1097.2,4.0017,,,,,
2021-05-10,2029-01-01,9.1169,1081.464643,1918,1365.36,4.9654,,,,,
2021-05-10,2031-01-01,9.2881,1078.729496,2419,1588.93,5.7694,,,,,
2021-05-11,2023-01-01,6.6407,1083.957415,415,381.94,1.4212,,,,,
2021-05-11,2025-01-01,8.101,1091.271714,917,772.51,2.8358,,,,,
2021-05-11,2027-01-01,8.7446,1087.829193,1418,1096.67,4.0019,,,,,
2021-05-11,2029-01-01,9.0865,1083.475234,1917,1364.86,4.965,,,,,
2021-05-11,2031-01-01,9.2549,1081.181698,2418,1588.84,5.7708,,,,,
2021-05-12,2023-01-01,6.8754,1080.637142,414,380.86,1.4141,,,,,
2021-05-12,2025-01-01,8.3193,1084.884266,916,770.94,2.8243,,,,,
2021-05-12,2027-01-01,8.9368,1079.860369,1417,1094.14,3.9857,,,,,
2021-05-12,2029-01-01,9.2735,1073.84453,1916,1360.81,4.9418,,,,,
2021-05-12,2031-01-01,9.4424,1069.938874,2417,1582.71,5.7387,,,,,
2021-05-13,2023-01-01,6.8258,1081.678953,413,379.88,1.4111,,,,,
2021-05-13,2025-01-01,8.2879,1086.191001,915,770.02,2.8218,,,,,
2021-05-13,2027-01-01,8.9079,1081.473399,1416,1093.37,3.9839,,,,,
2021-05-13,2029-01-01,9.2661,1074.615751,1915,1359.93,4.9389,,,,,
2021-05-13,2031-01-01,9.425,1071.392626,2416,1582.19,5.7377,,,,,
2021-05-14,2023-01-01,6.9071,1080.725621,412,378.85,1.4062,,,,,
2021-05-14,2025-01-01,8.32,1085.551127,914,768.93,2.817,,,,,
2021-05-14,2027-01-01,8.9297,1080.900006,1415,1092.2,3.9788,,,,,
2021-05-14,2029-01-01,9.2771,1074.409448,1914,1358.75,4.9341,,,,,
2021-05-14,2031-01-01,9.4366,1071.061922,2415,1580.87,5.7324,,,,,
2021-05-17,2023-01-01,6.8676,1081.611264,411,377.86,1.4031,,,,,
2021-05-17,2025-01-01,8.24,1088.345604,913,768.15,2.8161,,,,,
2021-05-17,2027-01-01,8.8501,1084.701625,1414,1091.83,3.9804,,,,,
2021-05-17,2029-01-01,9.1979,1079.002962,1913,1359.04,4.9388,,,,,
2021-05-17,2031-01-01,9.378,1075.056844,2414,1581.47,5.7376,,,,,
2021-05-18,2023-01-01,6.9389,1080.817839,410,376.84,1.3984,,,,,
2021-05-18,2025-01-01,8.34,1085.629206,912,766.88,2.8089,,,,,
2021-05-18,2027-01-01,8.9447,1080.988857,1413,1090.08,3.9706,,,,,
2021-05-18,2029-01-01,9.2791,1075.060108,1912,1356.72,4.9267,,,,,
2021-05-18,2031-01-01,9.47,1069.778743,2413,1577.96,5.72,,,,,
2021-05-19,2023-01-01,6.9746,1080.567569,409,375.83,1.3942,,,,,
2021-05-19,2025-01-01,8.39,1084.45132,911,765.75,2.8035,,,,,
2021-05-19,2027-01-01,9.005,1078.769908,1412,1088.6,3.963,,,,,
2021-05-19,2029-01-01,9.35,1071.688615,1911,1354.56,4.9156,,,,,
2021-05-19,2031-01-01,9.5495,1065.307812,2412,1574.78,5.7044,,,,,
2021-05-20,2023-01-01,6.89,1082.129432,408,374.86,1.3916,,,,,
2021-05-20,2025-01-01,8.28,1088.149547,910,765.04,2.8037,,,,,
2021-05-20,2027-01-01,8.901,1083.602966,1411,1088.43,3.9661,,,,,
2021-05-20,2029-01-01,9.27,1076.299981,1910,1354.87,4.9203,,,,,
2021-05-20,2031-01-01,9.4731,1070.357352,2411,1575.87,5.7123,,,,,
2021-05-21,2023-01-01,6.89,1082.415591,407,373.86,1.3879,,,,,
2021-05-21,2025-01-01,8.23,1090.019957,909,764.17,2.8018,,,,,
2021-05-21,2027-01-01,8.84,1086.598576,1410,1087.91,3.9665,,,,,
2021-05-21,2029-01-01,9.2262,1079.004482,1909,1354.58,4.9213,,,,,
2021-05-21,2031-01-01,9.45,1072.15751,2410,1575.5,5.7122,,,,,
2021-05-24,2023-01-01,6.94,1081.952927,406,372.84,1.3835,,,,,
2021-05-24,2025-01-01,8.32,1087.618733,908,762.93,2.795,,,,,
2021-05-24,2027-01-01,8.94,1082.661455,1409,1086.12,3.9563,,,,,
2021-05-24,2029-01-01,9.3,1075.469253,1908,1352.38,4.91,,,,,
2021-05-24,2031-01-01,9.49,1070.092811,2409,1573.41,5.7025,,,,,
2021-05-25,2023-01-01,6.85,1083.586451,405,371.87,1.3811,,,,,
2021-05-25,2025-01-01,8.2,1091.620143,907,762.25,2.7956,,,,,
2021-05-25,2027-01-01,8.84,1087.329332,1408,1085.91,3.9592,,,,,
2021-05-25,2029-01-01,9.2237,1079.89335,1907,1352.62,4.9143,,,,,
2021-05-25,2031-01-01,9.4032,1075.801056,2408,1574.78,5.712,,,,,
2021-05-26,2023-01-01,6.785,1084.842513,404,370.89,1.3783,,,,,
2021-05-26,2025-01-01,8.1075,1094.789469,906,761.5,2.7952,,,,,
2021-05-26,2027-01-01,8.745,1091.799877,1407,1085.67,3.9618,,,,,
2021-05-26,2029-01-01,9.1262,1085.469517,1906,1353.21,4.9208,,,,,
2021-05-26,2031-01-01,9.34,1080.083999,2407,1575.51,5.718,,,,,
2021-05-27,2023-01-01,6.7169,1086.141745,403,369.91,1.3755,,,,,
2021-05-27,2025-01-01,7.9304,1100.566762,905,760.96,2.7978,,,,,
2021-05-27,2027-01-01,8.5761,1099.51143,1406,1086.01,3.9692,,,,,
2021-05-27,2029-01-01,8.9474,1095.467767,1905,1355.12,4.9358,,,,,
2021-05-27,2031-01-01,9.1956,1089.451177,2406,1578.46,5.7363,,,,,
2021-05-28,2023-01-01,6.7217,1086.350444,402,368.91,1.3717,,,,,
2021-05-28,2025-01-01,7.83,1103.99763,904,760.23,2.7977,,,,,
2021-05-28,2027-01-01,8.4744,1104.326283,1405,1085.82,3.9722,,,,,
2021-05-28,2029-01-01,8.8663,1100.243165,1904,1355.44,4.9407,,,,,
2021-05-28,2031-01-01,9.1031,1095.642669,2405,1579.99,5.7467,,,,,
2021-05-31,2023-01-01,6.8157,1085.23516,401,367.88,1.3667,,,,,
2021-05-31,2025-01-01,7.92,1101.553508,903,758.99,2.7908,,,,,
2021-05-31,2027-01-01,8.5148,1102.910764,1404,1084.5,3.9659,,,,,
2021-05-31,2029-01-01,8.8967,1098.961451,1903,1353.95,4.9339,,,,,
2021-05-31,2031-01-01,9.1355,1093.981509,2404,1578.1,5.7381,,,,,
2021-06-01,2023-01-01,6.8827,1084.528644,400,366.86,1.362,,,,,
2021-06-01,2025-01-01,7.9634,1100.553821,902,757.88,2.7856,,,,,
2021-06-01,2027-01-01,8.4901,1104.350744,1403,1083.69,3.9638,,,,,
2021-06-01,2029-01-01,8.8431,1102.248344,1902,1353.82,4.9358,,,,,
2021-06-01,2031-01-01,9.091,1097.163583,2403,1578.32,5.7412,,,,,
2021-06-02,2023-01-01,6.8372,1085.485967,399,365.87,1.359,,,,,
2021-06-02,2025-01-01,7.8442,1104.551329,901,757.19,2.7862,,,,,
2021-06-02,2027-01-01,8.3955,1108.86445,1402,1083.44,3.9664,,,,,
2021-06-02,2029-01-01,8.7514,1107.630007,1901,1354.31,4.9418,,,,,
2021-06-02,2031-01-01,9.0119,1102.54852,2402,1579.48,5.7496,,,,,
2021-06-04,2023-01-01,6.7649,1086.83569,398,364.9,1.3563,,,,,
2021-06-04,2025-01-01,7.7353,1108.24082,900,756.48,2.7864,,,,,
2021-06-04,2027-01-01,8.2967,1113.581379,1401,1083.22,3.9692,,,,,
2021-06-04,2029-01-01,8.6567,1113.205823,1900,1354.85,4.948,,,,,
2021-06-04,2031-01-01,8.925,1108.462715,2401,1580.85,5.7592,,,,,
2021-06-07,2023-01-01,6.845,1085.941395,397,363.87,1.3514,,,,,
2021-06-07,2025-01-01,7.8244,1105.822431,899,755.24,2.7795,,,,,
2021-06-07,2027-01-01,8.38,1110.256471,1400,1081.56,3.9601,,,,,
2021-06-07,2029-01-01,8.73,1109.540883,1899,1352.66,4.9367,,,,,
2021-06-07,2031-01-01,9.0014,1103.97046,2400,1577.77,5.7439,,,,,
2021-06-08,2023-01-01,6.85,1086.153554,396,362.87,1.3476,,,,,
2021-06-08,2025-01-01,7.7971,1106.992541,898,754.32,2.7768,,,,,
2021-06-08,2027-01-01,8.3656,1111.245131,1399,1080.68,3.9573,,,,,
2021-06-08,2029-01-01,8.7205,1110.430602,1898,1351.81,4.9341,,,,,
2021-06-08,2031-01-01,8.9972,1104.614854,2399,1576.88,5.7409,,,,,
2021-06-09,2023-01-01,6.9465,1085.031775,395,361.84,1.3426,,,,,
2021-06-09,2025-01-01,7.88,1104.778694,897,753.1,2.7702,,,,,
2021-06-09,2027-01-01,8.4056,1109.840531,1398,1079.36,3.9511,,,,,
2021-06-09,2029-01-01,8.7532,1109.007458,1897,1350.28,4.927,,,,,
2021-06-09,2031-01-01,9.035,1102.595958,2398,1574.85,5.7316,,,,,
2021-06-10,2023-01-01,7.05,1083.818825,394,360.81,1.3375,,,,,
2021-06-10,2025-01-01,7.9832,1101.959813,896,751.82,2.7629,,,,,
2021-06-10,2027-01-01,8.5,1106.063085,1397,1077.61,3.9412,,,,,
2021-06-10,2029-01-01,8.874,1102.796581,1896,1347.32,4.9107,,,,,
2021-06-10,2031-01-01,9.19,1093.22913,2397,1569.62,5.7044,,,,,
2021-06-11,2023-01-01,7.0929,1083.491865,393,359.79,1.3332,,,,,
2021-06-11,2025-01-01,8.0936,1098.942356,895,750.53,2.7553,,,,,
2021-06-11,2027-01-01,8.6136,1101.479542,1396,1075.71,3.9302,,,,,
2021-06-11,2029-01-01,8.9735,1097.79284,1895,1344.7,4.8967,,,,,
2021-06-11,2031-01-01,9.28,1088.011446,2396,1566.15,5.6871,,,,,
2021-06-14,2023-01-01,7.0935,1083.777894,392,358.79,1.3295,,,,,
2021-06-14,2025-01-01,8.0458,1100.730396,894,749.66,2.7533,,,,,
2021-06-14,2027-01-01,8.5679,1103.823762,1395,1075.08,3.9295,,,,,
2021-06-14,2029-01-01,8.9008,1102.089871,1894,1344.88,4.9006,,,,,
2021-06-14,2031-01-01,9.23,1091.499212,2395,1566.52,5.6911,,,,,
2021-06-15,2023-01-01,7.1163,1083.745072,391,357.78,1.3255,,,,,
2021-06-15,2025-01-01,8.0164,1101.959912,893,748.74,2.7507,,,,,
2021-06-15,2027-01-01,8.4932,1107.434249,1394,1074.67,3.9307,,,,,
2021-06-15,2029-01-01,8.8405,1105.730336,1893,1344.86,4.9033,,,,,
2021-06-15,2031-01-01,9.15,1096.874618,2394,1567.71,5.6996,,,,,
2021-06-16,2023-01-01,7.1211,1083.971983,390,356.78,1.3217,,,,,
2021-06-16,2025-01-01,8.0501,1101.276477,892,747.65,2.7458,,,,,
2021-06-16,2027-01-01,8.5336,1106.034033,1393,1073.35,3.9244,,,,,
2021-06-16,2029-01-01,8.84,1106.129246,1892,1343.87,4.8997,,,,,
2021-06-16,2031-01-01,9.15,1097.255774,2393,1566.71,5.6959,,,,,
2021-06-17,2023-01-01,7.2564,1082.337486,389,355.74,1.3162,,,,,
2021-06-17,2025-01-01,8.2049,1096.948922,891,746.24,2.7367,,,,,
2021-06-17,2027-01-01,8.6916,1099.558322,1392,1071.09,3.9105,,,,,
2021-06-17,2029-01-01,8.9526,1100.415563,1891,1341.04,4.8843,,,,,
2021-06-17,2031-01-01,9.23,1092.647001,2392,1563.52,5.6802,,,,,
2021-06-18,2023-01-01,7.3365,1081.501313,388,354.71,1.3114,,,,,
2021-06-18,2025-01-01,8.4168,1090.958524,890,744.68,2.7257,,,,,
2021-06-18,2027-01-01,8.9527,1088.764585,1391,1068.02,3.8899,,,,,
2021-06-18,2029-01-01,9.225,1086.271279,1890,1335.6,4.8524,,,,,
2021-06-18,2031-01-01,9.5018,1076.327873,2391,1555.08,5.6355,,,,,
2021-06-21,2023-01-01,7.215,1083.526446,387,353.75,1.3093,,,,,
2021-06-21,2025-01-01,8.2563,1096.09594,889,744.1,2.7276,,,,,
2021-06-21,2027-01-01,8.7716,1096.852082,1390,1068.46,3.898,,,,,
2021-06-21,2029-01-01,9.0361,1096.686433,1889,1337.68,4.8683,,,,,
2021-06-21,2031-01-01,9.32,1087.842002,2390,1559.06,5.6593,,,,,
2021-06-22,2023-01-01,7.375,1081.56616,386,352.7,1.3035,,,,,
2021-06-22,2025-01-01,8.2964,1095.243267,888,743.0,2.7225,,,,,
2021-06-22,2027-01-01,8.8,1096.003517,1389,1067.23,3.8925,,,,,
2021-06-22,2029-01-01,9.0521,1096.208213,1888,1336.42,4.863,,,,,
2021-06-22,2031-01-01,9.32,1088.22674,2389,1558.06,5.6557,,,,,
2021-06-23,2023-01-01,7.4135,1081.330463,385,351.69,1.2993,,,,,
2021-06-23,2025-01-01,8.3094,1095.202224,887,741.96,2.7184,,,,,
2021-06-23,2027-01-01,8.75,1098.508761,1388,1066.63,3.8921,,,,,
2021-06-23,2029-01-01,9.0072,1098.985379,1887,1336.15,4.8641,,,,,
2021-06-23,2031-01-01,9.2715,1091.606762,2388,1558.39,5.6594,,,,,
2021-06-24,2023-01-01,7.3319,1082.781953,384,350.71,1.2967,,,,,
2021-06-24,2025-01-01,8.17,1099.710588,886,741.33,2.7196,,,,,
2021-06-24,2027-01-01,8.6175,1104.566569,1387,1066.68,3.897,,,,,
2021-06-24,2029-01-01,8.8682,1106.836918,1886,1337.41,4.8749,,,,,
2021-06-24,2031-01-01,9.1635,1098.702302,2387,1560.34,5.6721,,,,,
2021-06-25,2023-01-01,7.29,1083.673061,383,349.73,1.2935,,,,,
2021-06-25,2025-01-01,8.18,1099.754372,885,740.3,2.7156,,,,,
2021-06-25,2027-01-01,8.6364,1104.11495,1386,1065.53,3.8922,,,,,
2021-06-25,2029-01-01,8.9,1105.494252,1885,1335.89,4.8679,,,,,
2021-06-25,2031-01-01,9.19,1097.432728,2386,1558.62,5.6644,,,,,
2021-06-28,2023-01-01,7.1286,1086.236489,382,348.78,1.2919,,,,,
2021-06-28,2025-01-01,8.0055,1105.326626,884,739.77,2.718,,,,,
2021-06-28,2027-01-01,8.519,1109.545054,1385,1065.46,3.8961,,,,,
2021-06-28,2029-01-01,8.7925,1111.68209,1884,1336.64,4.8755,,,,,
2021-06-28,2031-01-01,9.105,1103.125654,2385,1559.94,5.6736,,,,,
2021-06-29,2023-01-01,7.0843,1087.153742,381,347.79,1.2888,,,,,
2021-06-29,2025-01-01,7.9767,1106.5301,883,738.84,2.7153,,,,,
2021-06-29,2027-01-01,8.4783,1111.668397,1384,1064.79,3.8951,,,,,
2021-06-29,2029-01-01,8.7465,1114.554061,1883,1336.39,4.8766,,,,,
2021-06-29,2031-01-01,9.0393,1107.636187,2384,1560.73,5.68,,,,,
2021-06-30,2023-01-01,7.1938,1085.92073,380,346.76,1.2837,,,,,
2021-06-30,2025-01-01,8.0963,1103.282639,882,737.53,2.7075,,,,,
2021-06-30,2027-01-01,8.557,1108.623484,1383,1063.16,3.8863,,,,,
2021-06-30,2029-01-01,8.8002,1112.00832,1882,1334.52,4.8674,,,,,
2021-06-30,2031-01-01,9.1163,1103.181157,2383,1557.63,5.6647,,,,,
2021-07-01,2023-01-01,7.2437,1036.717894,379,362.02,1.3396,,,,,
2021-07-01,2025-01-01,8.1969,1051.815997,881,770.42,2.8256,,,,,
2021-07-01,2027-01-01,8.6788,1054.94024,1382,1110.26,4.054,,,,,
2021-07-01,2029-01-01,8.9065,1057.83282,1881,1393.18,5.0764,,,,,
2021-07-01,2031-01-01,9.2029,1049.354589,2382,1626.47,5.9103,,,,,
2021-07-02,2023-01-01,7.1943,1037.69036,378,361.03,1.3365,,,,,
2021-07-02,2025-01-01,8.1796,1052.659193,880,769.45,2.8225,,,,,
2021-07-02,2027-01-01,8.6648,1055.888364,1381,1109.35,4.0511,,,,,
2021-07-02,2029-01-01,8.921,1057.411811,1880,1391.98,5.0713,,,,,
2021-07-02,2031-01-01,9.2017,1049.795787,2381,1625.5,5.9069,,,,,
2021-07-05,2023-01-01,7.2962,1036.568437,377,360.01,1.3315,,,,,
2021-07-05,2025-01-01,8.2629,1050.51691,879,768.3,2.8161,,,,,
2021-07-05,2027-01-01,8.7369,1053.155094,1380,1107.89,4.0432,,,,,
2021-07-05,2029-01-01,8.973,1054.983543,1879,1390.26,5.0626,,,,,
2021-07-05,2031-01-01,9.2714,1045.846683,2380,1622.8,5.8933,,,,,
2021-07-06,2023-01-01,7.4,1035.430818,376,359.0,1.3264,,,,,
2021-07-06,2025-01-01,8.385,1047.244631,878,767.08,2.8085,,,,,
2021-07-06,2027-01-01,8.8384,1049.190424,1379,1106.25,4.0334,,,,,
2021-07-06,2029-01-01,9.08,1049.642691,1878,1387.77,5.0486,,,,,
2021-07-06,2031-01-01,9.375,1039.847504,2379,1619.28,5.8749,,,,,
2021-07-07,2023-01-01,7.345,1036.47817,375,358.01,1.3235,,,,,
2021-07-07,2025-01-01,8.2765,1050.777229,877,766.27,2.8083,,,,,
2021-07-07,2027-01-01,8.74,1053.723367,1378,1105.87,4.0357,,,,,
2021-07-07,2029-01-01,8.99,1054.795052,1877,1388.02,5.0537,,,,,
2021-07-07,2031-01-01,9.3076,1044.3524,2378,1619.92,5.8809,,,,,
2021-07-08,2023-01-01,7.415,1035.812696,374,357.0,1.3189,,,,,
2021-07-08,2025-01-01,8.3372,1049.319852,876,765.16,2.8027,,,,,
2021-07-08,2027-01-01,8.7657,1052.980416,1377,1104.71,4.0305,,,,,
2021-07-08,2029-01-01,9.01,1054.088734,1876,1386.74,5.0481,,,,,
2021-07-08,2031-01-01,9.315,1044.266276,2377,1618.74,5.8762,,,,,
2021-07-09,2023-01-01,7.415,1036.106751,373,356.0,1.3152,,,,,
2021-07-09,2025-01-01,8.3372,1049.653349,875,764.16,2.799,,,,,
2021-07-09,2027-01-01,8.7657,1053.331576,1376,1103.71,4.0268,,,,,
2021-07-09,2029-01-01,9.01,1054.449651,1875,1385.74,5.0445,,,,,
2021-07-09,2031-01-01,9.315,1044.635412,2376,1617.74,5.8726,,,,,
2021-07-12,2023-01-01,7.4466,1035.97153,372,355.0,1.3111,,,,,
2021-07-12,2025-01-01,8.4086,1047.892243,874,763.04,2.7931,,,,,
2021-07-12,2027-01-01,8.8378,1050.627228,1375,1102.25,4.0188,,,,,
2021-07-12,2029-01-01,9.0712,1051.558251,1874,1383.89,5.0349,,,,,
2021-07-12,2031-01-01,9.36,1042.245191,2375,1615.64,5.8625,,,,,
2021-07-13,2023-01-01,7.5277,1035.169107,371,353.99,1.3064,,,,,
2021-07-13,2025-01-01,8.4731,1046.34269,873,761.92,2.7873,,,,,
2021-07-13,2027-01-01,8.915,1047.723912,1374,1100.77,4.0106,,,,,
2021-07-13,2029-01-01,9.1525,1047.623015,1873,1381.76,5.0234,,,,,
2021-07-13,2031-01-01,9.4684,1036.011908,2374,1612.0,5.8435,,,,,
2021-07-14,2023-01-01,7.4073,1037.093555,370,353.0,1.3042,,,,,
2021-07-14,2025-01-01,8.305,1051.599208,872,761.22,2.7891,,,,,
2021-07-14,2027-01-01,8.725,1056.11404,1373,1100.97,4.0183,,,,,
2021-07-14,2029-01-01,8.96,1058.198666,1872,1383.44,5.0384,,,,,
2021-07-14,2031-01-01,9.2406,1050.326216,2373,1616.55,5.8722,,,,,
2021-07-15,2023-01-01,7.43,1037.081508,369,352.0,1.3002,,,,,
2021-07-15,2025-01-01,8.325,1051.345841,871,760.19,2.7848,,,,,
2021-07-15,2027-01-01,8.7383,1055.899803,1372,1099.88,4.0139,,,,,
2021-07-15,2029-01-01,8.96,1058.559064,1871,1382.44,5.0348,,,,,
2021-07-15,2031-01-01,9.26,1049.497315,2372,1615.08,5.8659,,,,,
2021-07-16,2023-01-01,7.385,1037.982044,368,351.0,1.2971,,,,,
2021-07-16,2025-01-01,8.225,1054.612951,870,759.37,2.7843,,,,,
2021-07-16,2027-01-01,8.6713,1059.099057,1371,1099.31,4.0142,,,,,
2021-07-16,2029-01-01,8.91,1061.592371,1870,1382.14,5.036,,,,,
2021-07-16,2031-01-01,9.2113,1052.874756,2371,1615.26,5.8691,,,,,
2021-07-19,2023-01-01,7.32,1039.149083,367,350.01,1.2942,,,,,
2021-07-19,2025-01-01,8.212,1055.325608,869,758.39,2.7811,,,,,
2021-07-19,2027-01-01,8.6741,1059.329437,1370,1098.29,4.0104,,,,,
2021-07-19,2029-01-01,8.92,1061.416893,1869,1381.0,5.0313,,,,,
2021-07-19,2031-01-01,9.2274,1052.247275,2370,1613.87,5.8632,,,,,
2021-07-20,2023-01-01,7.24,1040.514522,366,349.02,1.2915,,,,,
2021-07-20,2025-01-01,8.1313,1058.028361,868,757.54,2.78,,,,,
2021-07-20,2027-01-01,8.6345,1061.365313,1369,1097.54,4.0091,,,,,
2021-07-20,2029-01-01,8.8789,1063.977628,1868,1380.57,5.0317,,,,,
2021-07-20,2031-01-01,9.2,1054.310758,2369,1613.54,5.8635,,,,,
2021-07-21,2023-01-01,7.24,1040.803178,365,348.02,1.2878,,,,,
2021-07-21,2025-01-01,8.1625,1057.439536,867,756.48,2.7754,,,,,
2021-07-21,2027-01-01,8.646,1061.224427,1368,1096.47,4.0048,,,,,
2021-07-21,2029-01-01,8.915,1062.404204,1867,1379.07,5.0245,,,,,
2021-07-21,2031-01-01,9.245,1051.898268,2368,1611.44,5.8535,,,,,
2021-07-22,2023-01-01,7.3048,1040.226258,364,347.01,1.2833,,,,,
2021-07-22,2025-01-01,8.1564,1057.947875,866,755.49,2.7719,,,,,
2021-07-22,2027-01-01,8.63,1062.254787,1367,1095.57,4.0021,,,,,
2021-07-22,2029-01-01,8.8807,1064.599749,1866,1378.54,5.0242,,,,,
2021-07-22,2031-01-01,9.2,1055.04745,2367,1611.54,5.8562,,,,,
2021-07-23,2023-01-01,7.5875,1036.765265,363,345.98,1.2761,,,,,
2021-07-23,2025-01-01,8.3869,1051.548492,865,754.07,2.7608,,,,,
2021-07-23,2027-01-01,8.81,1054.980427,1366,1093.43,3.9877,,,,,
2021-07-23,2029-01-01,9.02,1057.535058,1865,1375.61,5.0071,,,,,
2021-07-23,2031-01-01,9.3,1049.25388,2366,1608.1,5.8384,,,,,
2021-07-26,2023-01-01,7.69,1035.715173,362,344.97,1.2712,,,,,
2021-07-26,2025-01-01,8.3971,1051.588563,864,753.06,2.7568,,,,,
2021-07-26,2027-01-01,8.7802,1056.590114,1365,1092.62,3.9858,,,,,
2021-07-26,2029-01-01,8.9805,1059.994645,1864,1375.16,5.0073,,,,,
2021-07-26,2031-01-01,9.26,1052.082262,2365,1608.08,5.8404,,,,,
2021-07-27,2023-01-01,7.7528,1035.195645,361,343.96,1.2667,,,,,
2021-07-27,2025-01-01,8.4619,1050.048963,863,751.94,2.7511,,,,,
2021-07-27,2027-01-01,8.839,1054.467857,1364,1091.25,3.9787,,,,,
2021-07-27,2029-01-01,9.0435,1057.015707,1863,1373.28,4.9976,,,,,
2021-07-27,2031-01-01,9.3306,1048.120248,2364,1605.36,5.8268,,,,,
2021-07-28,2023-01-01,7.7962,1034.935087,360,342.95,1.2625,,,,,
2021-07-28,2025-01-01,8.4959,1049.405991,862,750.88,2.7463,,,,,
2021-07-28,2027-01-01,8.8417,1054.708934,1363,1090.23,3.9749,,,,,
2021-07-28,2029-01-01,9.0361,1057.770413,1862,1372.38,4.9946,,,,,
2021-07-28,2031-01-01,9.3227,1048.974674,2363,1604.55,5.8243,,,,,
2021-07-29,2023-01-01,7.6764,1036.806737,359,341.97,1.2603,,,,,
2021-07-29,2025-01-01,8.405,1052.369944,861,750.04,2.7456,,,,,
2021-07-29,2027-01-01,8.8072,1056.513003,1362,1089.45,3.9733,,,,,
2021-07-29,2029-01-01,9.0318,1058.361093,1861,1371.44,4.9914,,,,,
2021-07-29,2031-01-01,9.3289,1048.966518,2362,1603.4,5.8198,,,,,
2021-07-30,2023-01-01,7.9266,1033.859461,358,340.94,1.2536,,,,,
2021-07-30,2025-01-01,8.745,1042.94845,860,748.43,2.7311,,,,,
2021-07-30,2027-01-01,9.1261,1043.580784,1361,1086.43,3.9507,,,,,
2021-07-30,2029-01-01,9.3211,1043.574431,1860,1366.41,4.9599,,,,,
2021-07-30,2031-01-01,9.596,1033.18684,2361,1595.89,5.7784,,,,,
2021-08-02,2023-01-01,7.9625,1033.708604,357,339.93,1.2495,,,,,
2021-08-02,2025-01-01,8.813,1041.361177,859,747.31,2.7253,,,,,
2021-08-02,2027-01-01,9.1651,1042.334434,1360,1085.18,3.9447,,,,,
2021-08-02,2029-01-01,9.3501,1042.442114,1859,1365.01,4.9535,,,,,
2021-08-02,2031-01-01,9.5966,1033.526717,2360,1594.87,5.7747,,,,,
2021-08-03,2023-01-01,8.0024,1033.509172,356,338.93,1.2453,,,,,
2021-08-03,2025-01-01,8.8334,1041.131546,858,746.27,2.721,,,,,
2021-08-03,2027-01-01,9.195,1041.467368,1359,1083.99,3.9393,,,,,
2021-08-03,2029-01-01,9.38,1041.267622,1858,1363.59,4.947,,,,,
2021-08-03,2031-01-01,9.645,1031.015492,2359,1592.69,5.7642,,,,,
2021-08-04,2023-01-01,7.9938,1033.935348,355,337.93,1.2417,,,,,
2021-08-04,2025-01-01,8.8224,1041.793007,857,745.29,2.7177,,,,,
2021-08-04,2027-01-01,9.1851,1042.237724,1358,1083.05,3.9363,,,,,
2021-08-04,2029-01-01,9.36,1042.670398,1857,1362.87,4.9453,,,,,
2021-08-04,2031-01-01,9.6041,1033.830624,2358,1592.69,5.7664,,,,,
2021-08-05,2023-01-01,8.2888,1030.485799,354,336.89,1.2345,,,,,
2021-08-05,2025-01-01,9.121,1033.737299,856,743.75,2.7047,,,,,
2021-08-05,2027-01-01,9.4766,1030.722735,1357,1080.2,3.9155,,,,,
2021-08-05,2029-01-01,9.66,1027.711061,1856,1357.68,4.913,,,,,
2021-08-05,2031-01-01,9.8953,1017.028005,2357,1584.58,5.7218,,,,,
2021-08-06,2023-01-01,8.2673,1031.08434,353,335.9,1.2311,,,,,
2021-08-06,2025-01-01,9.0901,1034.959864,855,742.8,2.702,,,,,
2021-08-06,2027-01-01,9.4834,1030.818426,1356,1079.16,3.9114,,,,,
2021-08-06,2029-01-01,9.6723,1027.465639,1855,1356.5,4.9082,,,,,
2021-08-06,2031-01-01,9.9416,1014.715778,2356,1582.45,5.7117,,,,,
2021-08-09,2023-01-01,8.3302,1030.613616,352,334.89,1.2267,,,,,
2021-08-09,2025-01-01,9.1612,1033.331728,854,741.68,2.6962,,,,,
2021-08-09,2027-01-01,9.6019,1026.420933,1355,1077.4,3.9008,,,,,
2021-08-09,2029-01-01,9.7938,1021.732682,1854,1353.8,4.893,,,,,
2021-08-09,2031-01-01,10.0835,1006.908977,2355,1577.98,5.6882,,,,,
2021-08-10,2023-01-01,8.205,1032.521725,351,333.9,1.2245,,,,,
2021-08-10,2025-01-01,9.0613,1036.479765,853,740.86,2.6956,,,,,
2021-08-10,2027-01-01,9.5324,1029.585677,1354,1076.84,3.9013,,,,,
2021-08-10,2029-01-01,9.756,1024.006155,1853,1353.33,4.893,,,,,
2021-08-10,2031-01-01,10.0383,1009.890279,2354,1578.08,5.691,,,,,
2021-08-11,2023-01-01,8.23,1032.529721,350,332.9,1.2206,,,,,
2021-08-11,2025-01-01,9.1328,1034.841697,852,739.73,2.6898,,,,,
2021-08-11,2027-01-01,9.5919,1027.568829,1353,1075.47,3.8942,,,,,
2021-08-11,2029-01-01,9.7886,1022.75086,1852,1351.88,4.8863,,,,,
2021-08-11,2031-01-01,10.09,1007.304355,2353,1575.82,5.6801,,,,,
2021-08-12,2023-01-01,8.3486,1031.365072,349,331.89,1.2155,,,,,
2021-08-12,2025-01-01,9.2916,1030.794062,851,738.44,2.6812,,,,,
2021-08-12,2027-01-01,9.7428,1021.921511,1352,1073.5,3.8817,,,,,
2021-08-12,2029-01-01,9.93,1016.088782,1851,1348.89,4.8692,,,,,
2021-08-12,2031-01-01,10.221,1000.222479,2352,1571.61,5.6582,,,,,
2021-08-13,2023-01-01,8.4365,1030.59535,348,330.88,1.2108,,,,,
2021-08-13,2025-01-01,9.4525,1026.724484,850,737.15,2.6726,,,,,
2021-08-13,2027-01-01,9.9367,1014.637935,1351,1071.27,3.8668,,,,,
2021-08-13,2029-01-01,10.13,1006.630324,1850,1345.09,4.8467,,,,,
2021-08-13,2031-01-01,10.4184,989.51023,2351,1565.78,5.6271,,,,,
2021-08-16,2023-01-01,8.445,1030.82087,347,329.87,1.2071,,,,,
2021-08-16,2025-01-01,9.6332,1022.151365,849,735.82,2.6634,,,,,
2021-08-16,2027-01-01,10.1388,1007.12382,1350,1068.97,3.8515,,,,,
2021-08-16,2029-01-01,10.4108,993.429147,1849,1340.14,4.8166,,,,,
2021-08-16,2031-01-01,10.6449,977.384859,2350,1559.22,5.5921,,,,,
2021-08-17,2023-01-01,8.455,1031.028478,346,328.87,1.2033,,,,,
2021-08-17,2025-01-01,9.6561,1021.901342,848,734.78,2.659,,,,,
2021-08-17,2027-01-01,10.1685,1006.357367,1349,1067.78,3.8461,,,,,
2021-08-17,2029-01-01,10.3743,995.570485,1848,1339.65,4.8164,,,,,
2021-08-17,2031-01-01,10.6825,975.722394,2349,1557.3,5.5833,,,,,
2021-08-18,2023-01-01,8.5843,1029.763043,345,327.86,1.1982,,,,,
2021-08-18,2025-01-01,9.9261,1014.976353,847,733.29,2.6471,,,,,
2021-08-18,2027-01-01,10.4635,995.402251,1348,1064.89,3.8255,,,,,
2021-08-18,2029-01-01,10.6645,982.163913,1847,1334.56,4.7855,,,,,
2021-08-18,2031-01-01,10.9847,959.828211,2348,1548.88,5.538,,,,,
2021-08-19,2023-01-01,8.5844,1030.098407,344,326.86,1.1945,,,,,
2021-08-19,2025-01-01,9.776,1019.401937,846,732.56,2.6481,,,,,
2021-08-19,2027-01-01,10.315,1001.479341,1347,1064.84,3.8305,,,,,
2021-08-19,2029-01-01,10.5163,989.568306,1846,1335.65,4.7959,,,,,
2021-08-19,2031-01-01,10.825,968.780953,2347,1551.81,5.5565,,,,,
2021-08-20,2023-01-01,8.4893,1031.60328,343,325.87,1.1919,,,,,
2021-08-20,2025-01-01,9.615,1024.138787,845,731.85,2.6494,,,,,
2021-08-20,2027-01-01,10.14,1008.622277,1346,1064.97,3.837,,,,,
2021-08-20,2029-01-01,10.3252,999.100624,1845,1337.34,4.8102,,,,,
2021-08-20,2031-01-01,10.62,980.318723,2346,1555.84,5.5812,,,,,
2021-08-23,2023-01-01,8.5793,1030.834345,342,324.86,1.1873,,,,,
2021-08-23,2025-01-01,9.795,1019.64463,844,730.53,2.6403,,,,,
2021-08-23,2027-01-01,10.3286,1001.738069,1345,1062.76,3.8225,,,,,
2021-08-23,2029-01-01,10.515,990.415687,1844,1333.67,4.7888,,,,,
2021-08-23,2031-01-01,10.815,970.110691,2345,1550.05,5.5507,,,,,
2021-08-24,2023-01-01,8.5093,1032.026092,341,323.87,1.1844,,,,,
2021-08-24,2025-01-01,9.645,1024.072527,843,729.8,2.6413,,,,,
2021-08-24,2027-01-01,10.1392,1009.426687,1344,1062.97,3.8298,,,,,
2021-08-24,2029-01-01,10.325,999.889706,1843,1335.35,4.8031,,,,,
2021-08-24,2031-01-01,10.6137,981.449501,2344,1553.99,5.5749,,,,,
2021-08-25,2023-01-01,8.538,1032.010863,340,322.86,1.1804,,,,,
2021-08-25,2025-01-01,9.462,1029.413853,842,729.13,2.6433,,,,,
2021-08-25,2027-01-01,9.9185,1018.406453,1343,1063.38,3.839,,,,,
2021-08-25,2029-01-01,10.0817,1012.075885,1842,1337.77,4.8224,,,,,
2021-08-25,2031-01-01,10.3468,996.625538,2343,1559.53,5.6083,,,,,
2021-08-26,2023-01-01,8.5589,1032.092603,339,321.86,1.1765,,,,,
2021-08-26,2025-01-01,9.4712,1029.532947,841,728.11,2.6394,,,,,
2021-08-26,2027-01-01,9.9198,1018.737822,1342,1062.37,3.8353,,,,,
2021-08-26,2029-01-01,10.09,1012.056234,1841,1336.65,4.818,,,,,
2021-08-26,2031-01-01,10.3366,997.586177,2342,1558.78,5.6062,,,,,
2021-08-27,2023-01-01,8.5291,1032.789964,338,320.86,1.1732,,,,,
2021-08-27,2025-01-01,9.3998,1031.845463,840,727.24,2.6379,,,,,
2021-08-27,2027-01-01,9.8444,1022.075716,1341,1061.86,3.8361,,,,,
2021-08-27,2029-01-01,9.9936,1017.164278,1840,1337.0,4.8235,,,,,
2021-08-27,2031-01-01,10.2523,1002.713171,2341,1559.85,5.6143,,,,,
2021-08-30,2023-01-01,8.4843,1033.667036,337,319.87,1.1701,,,,,
2021-08-30,2025-01-01,9.3786,1032.790653,839,726.28,2.6349,,,,,
2021-08-30,2027-01-01,9.8502,1022.228972,1340,1060.82,3.8321,,,,,
2021-08-30,2029-01-01,10.0256,1015.978533,1839,1335.55,4.8169,,,,,
2021-08-30,2031-01-01,10.2608,1002.62257,2340,1558.64,5.6095,,,,,
2021-08-31,2023-01-01,8.5713,1032.952829,336,318.86,1.1654,,,,,
2021-08-31,2025-01-01,9.5993,1027.17734,838,724.88,2.6246,,,,,
2021-08-31,2027-01-01,10.0605,1014.408454,1339,1058.47,3.8163,,,,,
2021-08-31,2029-01-01,10.2497,1005.465864,1838,1331.4,4.7922,,,,,
2021-08-31,2031-01-01,10.5423,987.335485,2339,1550.74,5.5669,,,,,
2021-09-01,2023-01-01,8.61,1032.825594,335,317.85,1.1613,,,,,
2021-09-01,2025-01-01,9.5845,1027.950124,837,723.91,2.6214,,,,,
2021-09-01,2027-01-01,10.0675,1014.52314,1338,1057.43,3.8123,,,,,
2021-09-01,2029-01-01,10.27,1004.876584,1837,1330.12,4.7867,,,,,
2021-09-01,2031-01-01,10.5359,988.080617,2338,1549.9,5.5642,,,,,
2021-09-02,2023-01-01,8.7567,1031.412237,334,316.84,1.1561,,,,,
2021-09-02,2025-01-01,9.8021,1022.484123,836,722.51,2.6112,,,,,
2021-09-02,2027-01-01,10.2922,1006.260192,1337,1054.99,3.7958,,,,,
2021-09-02,2029-01-01,10.4976,994.388994,1836,1325.92,4.7617,,,,,
2021-09-02,2031-01-01,10.75,976.786835,2337,1543.65,5.531,,,,,
2021-09-03,2023-01-01,8.7553,1031.772512,333,315.84,1.1524,,,,,
2021-09-03,2025-01-01,9.8508,1021.564592,835,721.42,2.6061,,,,,
2021-09-03,2027-01-01,10.3902,1002.913559,1336,1053.36,3.7866,,,,,
2021-09-03,2029-01-01,10.6068,989.624882,1835,1323.38,4.7479,,,,,
2021-09-03,2031-01-01,10.8765,970.373335,2336,1539.54,5.51,,,,,
2021-09-06,2023-01-01,8.7251,1032.474393,332,314.84,1.1491,,,,,
2021-09-06,2025-01-01,9.821,1022.739323,834,720.48,2.6034,,,,,
2021-09-06,2027-01-01,10.3565,1004.589512,1335,1052.58,3.7849,,,,,
2021-09-06,2029-01-01,10.5868,990.962392,1834,1322.66,4.7462,,,,,
2021-09-06,2031-01-01,10.868,971.22626,2335,1538.75,5.5076,,,,,
2021-09-08,2023-01-01,8.875,1031.046589,331,313.82,1.1438,,,,,
2021-09-08,2025-01-01,10.08,1016.257171,833,719.01,2.5919,,,,,
2021-09-08,2027-01-01,10.6,995.772419,1334,1050.01,3.7674,,,,,
2021-09-08,2029-01-01,10.8549,978.845914,1833,1317.88,4.7176,,,,,
2021-09-08,2031-01-01,11.1167,958.43369,2334,1531.64,5.4699,,,,,
2021-09-09,2023-01-01,9.335,1026.01109,330,312.77,1.1352,,,,,
2021-09-09,2025-01-01,10.2772,1011.469367,832,717.65,2.5824,,,,,
2021-09-09,2027-01-01,10.7744,989.650365,1333,1047.89,3.7539,,,,,
2021-09-09,2029-01-01,11.0142,971.920118,1832,1314.62,4.6992,,,,,
2021-09-09,2031-01-01,11.17,956.042448,2333,1529.33,5.459,,,,,
2021-09-10,2023-01-01,9.25,1027.36257,329,311.78,1.1325,,,,,
2021-09-10,2025-01-01,10.1831,1014.324338,831,716.82,2.5816,,,,,
2021-09-10,2027-01-01,10.6302,995.436199,1332,1047.82,3.7585,,,,,
2021-09-10,2029-01-01,10.8626,979.291015,1831,1315.77,4.7097,,,,,
2021-09-10,2031-01-01,11.1068,959.755667,2332,1529.88,5.4641,,,,,
2021-09-13,2023-01-01,9.2361,1027.884585,328,310.78,1.129,,,,,
2021-09-13,2025-01-01,10.13,1016.106593,830,715.92,2.5796,,,,,
2021-09-13,2027-01-01,10.5124,1000.261653,1331,1047.58,3.7616,,,,,
2021-09-13,2029-01-01,10.7418,985.292925,1830,1316.47,4.7174,,,,,
2021-09-13,2031-01-01,10.9619,967.810609,2331,1532.44,5.4804,,,,,
2021-09-14,2023-01-01,8.9442,1031.632922,327,309.81,1.1285,,,,,
2021-09-14,2025-01-01,10.0332,1019.037605,829,715.09,2.5789,,,,,
2021-09-14,2027-01-01,10.4825,1001.785746,1330,1046.77,3.7597,,,,,
2021-09-14,2029-01-01,10.7489,985.361595,1829,1315.37,4.7131,,,,,
2021-09-14,2031-01-01,10.9861,966.926037,2330,1530.85,5.4735,,,,,
2021-09-15,2023-01-01,9.0222,1031.078973,326,308.8,1.124,,,,,
2021-09-15,2025-01-01,10.1212,1017.115494,828,713.93,2.5727,,,,,
2021-09-15,2027-01-01,10.5555,999.434619,1329,1045.3,3.752,,,,,
2021-09-15,2029-01-01,10.8264,982.16651,1828,1313.28,4.7023,,,,,
2021-09-15,2031-01-01,11.095,961.579476,2329,1527.17,5.455,,,,,
2021-09-16,2023-01-01,9.057,1031.030473,325,307.8,1.12,,,,,
2021-09-16,2025-01-01,10.1184,1017.577972,827,712.94,2.5692,,,,,
2021-09-16,2027-01-01,10.5502,1000.031686,1328,1044.33,3.7487,,,,,
2021-09-16,2029-01-01,10.8252,982.622726,1827,1312.29,4.6989,,,,,
2021-09-16,2031-01-01,11.105,961.45597,2328,1525.93,5.45,,,,,
2021-09-17,2023-01-01,9.1215,1030.64311,324,306.79,1.1157,,,,,
2021-09-17,2025-01-01,10.1994,1015.85288,826,711.79,2.5631,,,,,
2021-09-17,2027-01-01,10.6259,997.594206,1327,1042.85,3.7408,,,,,
2021-09-17,2029-01-01,10.9039,979.394853,1826,1310.18,4.688,,,,,
2021-09-17,2031-01-01,11.13,960.547293,2327,1524.31,5.4431,,,,,
2021-09-20,2023-01-01,9.0716,1031.572581,323,305.8,1.1126,,,,,
2021-09-20,2025-01-01,10.12,1018.3149,825,710.93,2.5619,,,,,
2021-09-20,2027-01-01,10.5352,1001.390959,1326,1042.43,3.7424,,,,,
2021-09-20,2029-01-01,10.8143,983.928535,1825,1310.45,4.6927,,,,,
2021-09-20,2031-01-01,11.07,964.098557,2326,1524.79,5.4477,,,,,
2021-09-21,2023-01-01,8.922,1033.642664,322,304.82,1.1105,,,,,
2021-09-21,2025-01-01,9.83,1026.31107,824,710.46,2.567,,,,,
2021-09-21,2027-01-01,10.2481,1012.643235,1325,1043.27,3.7551,,,,,
2021-09-21,2029-01-01,10.5437,996.953528,1824,1313.27,4.7143,,,,,
2021-09-21,2031-01-01,10.811,978.264296,2325,1530.15,5.4796,,,,,
2021-09-22,2023-01-01,8.9068,1034.167257,321,303.82,1.107,,,,,
2021-09-22,2025-01-01,9.7898,1027.75285,823,709.54,2.5646,,,,,
2021-09-22,2027-01-01,10.2,1014.868945,1324,1042.58,3.7543,,,,,
2021-09-22,2029-01-01,10.4492,1001.81134,1823,1313.6,4.7195,,,,,
2021-09-22,2031-01-01,10.7022,984.528952,2324,1531.82,5.491,,,,,
2021-09-23,2023-01-01,9.0027,1033.423877,320,302.81,1.1024,,,,,
2021-09-23,2025-01-01,9.94,1024.186134,822,708.26,2.5565,,,,,
2021-09-23,2027-01-01,10.345,1009.749999,1323,1040.65,3.7424,,,,,
2021-09-23,2029-01-01,10.6412,993.175363,1822,1309.89,4.6981,,,,,
2021-09-23,2031-01-01,10.895,974.568597,2323,1526.09,5.4609,,,,,
2021-09-24,2023-01-01,9.0474,1033.269955,319,301.8,1.0983,,,,,
2021-09-24,2025-01-01,10.0423,1021.897995,821,707.08,2.5498,,,,,
2021-09-24,2027-01-01,10.445,1006.371029,1322,1039.01,3.7331,,,,,
2021-09-24,2029-01-01,10.72,989.902232,1821,1307.78,4.6871,,,,,
2021-09-24,2031-01-01,10.9847,970.205013,2322,1522.88,5.4451,,,,,
2021-09-27,2023-01-01,9.1115,1032.900383,318,300.79,1.0939,,,,,
2021-09-27,2025-01-01,10.1481,1019.534824,820,705.88,2.5431,,,,,
2021-09-27,2027-01-01,10.5412,1003.158498,1321,1037.39,3.7241,,,,,
2021-09-27,2029-01-01,10.829,985.256955,1820,1305.24,4.6734,,,,,
2021-09-27,2031-01-01,11.0615,966.55579,2321,1520.0,5.431,,,,,
2021-09-28,2023-01-01,9.2387,1031.826722,317,299.78,1.089,,,,,
2021-09-28,2025-01-01,10.2561,1017.131441,819,704.69,2.5363,,,,,
2021-09-28,2027-01-01,10.6534,999.373211,1320,1035.67,3.7141,,,,,
2021-09-28,2029-01-01,10.9183,981.554232,1819,1302.98,4.6616,,,,,
2021-09-28,2031-01-01,11.135,963.105816,2320,1517.19,5.4174,,,,,
2021-09-29,2023-01-01,9.185,1032.790527,316,298.78,1.0859,,,,,
2021-09-29,2025-01-01,10.2036,1018.881241,818,703.78,2.5342,,,,,
2021-09-29,2027-01-01,10.5711,1002.839859,1319,1035.2,3.7152,,,,,
2021-09-29,2029-01-01,10.8376,985.665037,1818,1303.12,4.6655,,,,,
2021-09-29,2031-01-01,11.08,966.389372,2319,1517.54,5.4213,,,,,
2021-09-30,2023-01-01,9.2518,1032.404309,315,297.78,1.0816,,,,,
2021-09-30,2025-01-01,10.274,1017.458776,817,702.65,2.5285,,,,,
2021-09-30,2027-01-01,10.6877,998.903645,1318,1033.45,3.705,,,,,
2021-09-30,2029-01-01,10.9458,981.103533,1817,1300.59,4.6519,,,,,
2021-09-30,2031-01-01,11.16,962.608531,2318,1514.58,5.4068,,,,,
2021-10-01,2023-01-01,9.1733,1033.641502,314,296.79,1.0788,,,,,
2021-10-01,2025-01-01,10.1518,1021.004587,816,701.88,2.5285,,,,,
2021-10-01,2027-01-01,10.5477,1004.512889,1317,1033.35,3.7093,,,,,
2021-10-01,2029-01-01,10.7961,988.383073,1816,1301.71,4.6622,,,,,
2021-10-01,2031-01-01,11.01,970.87757,2317,1517.26,5.4237,,,,,
2021-10-04,2023-01-01,9.2421,1033.237255,313,295.78,1.0744,,,,,
2021-10-04,2025-01-01,10.2111,1019.867198,815,700.77,2.5232,,,,,
2021-10-04,2027-01-01,10.6116,1002.532832,1316,1031.94,3.7021,,,,,
2021-10-04,2029-01-01,10.8741,985.195809,1815,1299.6,4.6514,,,,,
2021-10-04,2031-01-01,11.095,966.812912,2316,1514.17,5.4086,,,,,
2021-10-05,2023-01-01,9.2911,1033.057709,312,294.77,1.0703,,,,,
2021-10-05,2025-01-01,10.2607,1018.985589,814,699.68,2.5181,,,,,
2021-10-05,2027-01-01,10.65,1001.508632,1315,1030.69,3.6964,,,,,
2021-10-05,2029-01-01,10.915,983.725395,1814,1298.03,4.644,,,,,
2021-10-05,2031-01-01,11.1261,965.59013,2315,1512.41,5.4007,,,,,
2021-10-06,2023-01-01,9.1029,1035.500485,311,293.79,1.0686,,,,,
2021-10-06,2025-01-01,10.0922,1023.717616,813,698.99,2.5195,,,,,
2021-10-06,2027-01-01,10.51,1007.11898,1314,1030.59,3.7007,,,,,
2021-10-06,2029-01-01,10.7859,990.060553,1813,1298.85,4.6524,,,,,
2021-10-06,2031-01-01,11.0169,971.721984,2314,1514.09,5.4121,,,,,
2021-10-07,2023-01-01,9.2289,1034.470365,310,292.78,1.0637,,,,,
2021-10-07,2025-01-01,10.1902,1021.585245,812,697.81,2.513,,,,,
2021-10-07,2027-01-01,10.6295,1003.073151,1313,1028.83,3.6904,,,,,
2021-10-07,2029-01-01,10.8868,985.825185,1812,1296.42,4.6395,,,,,
2021-10-07,2031-01-01,11.0975,967.893832,2313,1511.11,5.3975,,,,,
2021-10-08,2023-01-01,9.0526,1036.770169,309,291.8,1.0618,,,,,
2021-10-08,2025-01-01,9.98,1027.39588,811,697.19,2.5156,,,,,
2021-10-08,2027-01-01,10.4326,1010.810512,1312,1029.09,3.6979,,,,,
2021-10-08,2029-01-01,10.6832,995.616684,1811,1298.3,4.6547,,,,,
2021-10-08,2031-01-01,10.9007,978.674856,2312,1514.95,5.4208,,,,,
2021-10-11,2023-01-01,9.0973,1036.636419,308,290.8,1.0577,,,,,
2021-10-11,2025-01-01,10.06,1025.719296,810,696.04,2.5096,,,,,
2021-10-11,2027-01-01,10.5135,1008.187432,1311,1027.57,3.6897,,,,,
2021-10-11,2029-01-01,10.7731,991.858716,1810,1296.03,4.6428,,,,,
2021-10-11,2031-01-01,11.0108,973.252924,2311,1511.24,5.4022,,,,,
2021-10-13,2023-01-01,9.0967,1037.001213,307,289.8,1.0541,,,,,
2021-10-13,2025-01-01,10.0,1027.655696,809,695.15,2.5078,,,,,
2021-10-13,2027-01-01,10.4319,1011.633103,1310,1027.09,3.6908,,,,,
2021-10-13,2029-01-01,10.7029,995.505866,1809,1296.02,4.6457,,,,,
2021-10-13,2031-01-01,10.915,978.71972,2310,1512.6,5.4117,,,,,
2021-10-14,2023-01-01,9.1896,1036.348165,306,288.78,1.0495,,,,,
2021-10-14,2025-01-01,10.0521,1026.703085,808,694.06,2.5026,,,,,
2021-10-14,2027-01-01,10.4638,1010.84003,1309,1025.89,3.6854,,,,,
2021-10-14,2029-01-01,10.733,994.515179,1808,1294.6,4.6393,,,,,
2021-10-14,2031-01-01,10.95,977.268288,2309,1510.74,5.4033,,,,,
2021-10-15,2023-01-01,9.33,1035.189587,305,287.77,1.0445,,,,,
2021-10-15,2025-01-01,10.1943,1023.449247,807,692.8,2.4949,,,,,
2021-10-15,2027-01-01,10.5822,1006.836804,1308,1024.13,3.6751,,,,,
2021-10-15,2029-01-01,10.8432,989.845228,1807,1292.04,4.6256,,,,,
2021-10-15,2031-01-01,11.05,972.404231,2308,1507.28,5.3861,,,,,
2021-10-18,2023-01-01,9.4034,1034.765508,304,286.76,1.0401,,,,,
2021-10-18,2025-01-01,10.2641,1022.063638,806,691.67,2.4892,,,,,
2021-10-18,2027-01-01,10.6664,1004.126239,1307,1022.59,3.6668,,,,,
2021-10-18,2029-01-01,10.9132,987.048027,1806,1290.05,4.6155,,,,,
2021-10-18,2031-01-01,11.14,968.105108,2307,1504.07,5.3703,,,,,
2021-10-19,2023-01-01,9.8745,1030.103734,303,285.7,1.0318,,,,,
2021-10-19,2025-01-01,10.8733,1007.132501,805,689.56,2.468,,,,,
2021-10-19,2027-01-01,11.176,985.990925,1306,1018.3,3.6347,,,,,
2021-10-19,2029-01-01,11.4003,965.588432,1805,1282.15,4.5672,,,,,
2021-10-19,2031-01-01,11.5584,947.083643,2306,1492.78,5.31,,,,,
2021-10-20,2023-01-01,9.9347,1029.851251,302,284.69,1.0276,,,,,
2021-10-20,2025-01-01,10.8796,1007.388528,804,688.55,2.4642,,,,,
2021-10-20,2027-01-01,11.2527,983.658903,1305,1016.81,3.6268,,,,,
2021-10-20,2029-01-01,11.4746,962.729394,1804,1280.1,4.5569,,,,,
2021-10-20,2031-01-01,11.6477,943.013384,2305,1489.58,5.2944,,,,,
2021-10-21,2023-01-01,10.51,1024.203297,301,283.62,1.0185,,,,,
2021-10-21,2025-01-01,11.465,993.422441,803,686.48,2.4439,,,,,
2021-10-21,2027-01-01,11.7754,965.654281,1304,1012.42,3.5943,,,,,
2021-10-21,2029-01-01,11.9773,941.423149,1803,1271.95,4.5076,,,,,
2021-10-21,2031-01-01,12.1325,919.642363,2304,1476.64,5.2257,,,,,
2021-10-22,2023-01-01,10.88,1020.776059,300,282.58,1.0113,,,,,
2021-10-22,2025-01-01,11.4703,993.721751,802,685.47,2.4402,,,,,
2021-10-22,2027-01-01,11.784,965.782162,1303,1011.37,3.5903,,,,,
2021-10-22,2029-01-01,11.9638,942.419702,1802,1271.15,4.5052,,,,,
2021-10-22,2031-01-01,12.0233,925.33788,2303,1478.33,5.2368,,,,,
2021-10-25,2023-01-01,11.16,1018.320877,299,281.55,1.0051,,,,,
2021-10-25,2025-01-01,11.61,990.770965,801,684.21,2.4327,,,,,
2021-10-25,2027-01-01,11.775,966.521708,1302,1010.43,3.5872,,,,,
2021-10-25,2029-01-01,11.8842,946.235111,1801,1271.28,4.5089,,,,,
2021-10-25,2031-01-01,11.964,928.639052,2302,1478.79,5.2412,,,,,
2021-10-26,2023-01-01,11.62,1014.076074,298,280.49,0.9972,,,,,
2021-10-26,2025-01-01,11.8856,984.593029,800,682.7,2.4214,,,,,
2021-10-26,2027-01-01,11.9188,961.975285,1301,1008.49,3.5758,,,,,
2021-10-26,2029-01-01,11.9722,942.908432,1800,1269.03,4.4974,,,,,
2021-10-26,2031-01-01,11.9882,927.877223,2301,1477.2,5.2344,,,,,
2021-10-27,2023-01-01,11.54,1015.325611,297,279.5,0.9944,,,,,
2021-10-27,2025-01-01,11.7677,987.848707,799,681.92,2.4211,,,,,
2021-10-27,2027-01-01,11.8206,965.795754,1300,1008.13,3.5776,,,,,
2021-10-27,2029-01-01,11.9179,945.641262,1799,1268.8,4.4988,,,,,
2021-10-27,2031-01-01,11.9273,931.263177,2300,1477.7,5.239,,,,,
2021-10-28,2023-01-01,12.4335,1006.850092,296,278.39,0.9826,,,,,
2021-10-28,2025-01-01,12.4649,971.815982,798,679.64,2.3981,,,,,
2021-10-28,2027-01-01,12.3709,947.451862,1299,1003.55,3.5439,,,,,
2021-10-28,2029-01-01,12.3994,925.872355,1798,1260.94,4.4517,,,,,
2021-10-28,2031-01-01,12.2612,915.577154,2299,1468.47,5.1908,,,,,
2021-10-29,2023-01-01,12.1614,1010.008887,295,277.43,0.9815,,,,,
2021-10-29,2025-01-01,12.1549,979.533812,797,679.21,2.4032,,,,,
2021-10-29,2027-01-01,12.1602,955.011947,1298,1003.92,3.5519,,,,,
2021-10-29,2029-01-01,12.1898,935.010868,1797,1262.93,4.4671,,,,,
2021-10-29,2031-01-01,12.2245,917.746536,2298,1468.37,5.1922,,,,,
2021-11-01,2023-01-01,12.31,1009.002558,294,276.41,0.9766,,,,,
2021-11-01,2025-01-01,12.4399,973.304745,796,677.68,2.3917,,,,,
2021-11-01,2027-01-01,12.4273,946.436967,1297,1001.18,3.5338,,,,,
2021-11-01,2029-01-01,12.4538,924.491356,1796,1258.16,4.4398,,,,,
2021-11-01,2031-01-01,12.3103,914.086234,2297,1465.26,5.1772,,,,,
2021-11-03,2023-01-01,12.12,1011.33728,293,275.43,0.9748,,,,,
2021-11-03,2025-01-01,11.9748,984.674912,795,677.54,2.4011,,,,,
2021-11-03,2027-01-01,11.9351,963.567014,1296,1003.39,3.5571,,,,,
2021-11-03,2029-01-01,11.9597,945.556607,1795,1264.21,4.4808,,,,,
2021-11-03,2031-01-01,11.87,935.7341,2296,1475.11,5.2325,,,,,
2021-11-04,2023-01-01,12.1251,1011.746379,292,274.43,0.9712,,,,,
2021-11-04,2025-01-01,12.1055,982.033926,794,676.3,2.3939,,,,,
2021-11-04,2027-01-01,12.0895,958.720426,1295,1001.38,3.5452,,,,,
2021-11-04,2029-01-01,12.0982,940.131594,1794,1261.23,4.4647,,,,,
2021-11-04,2031-01-01,12.0038,929.624573,2295,1470.81,5.211,,,,,
2021-11-05,2023-01-01,12.0734,1012.712625,291,273.44,0.9682,,,,,
2021-11-05,2025-01-01,12.0527,983.721809,793,675.4,2.3919,,,,,
2021-11-05,2027-01-01,11.9852,962.713465,1294,1001.06,3.5473,,,,,
2021-11-05,2029-01-01,11.9795,945.565634,1793,1261.92,4.4719,,,,,
2021-11-05,2031-01-01,11.885,935.832623,2294,1472.74,5.2234,,,,,
2021-11-08,2023-01-01,12.243,1011.515898,290,272.42,0.9631,,,,,
2021-11-08,2025-01-01,12.0888,983.317267,792,674.33,2.3873,,,,,
2021-11-08,2027-01-01,11.8962,966.196037,1293,1000.64,3.5486,,,,,
2021-11-08,2029-01-01,11.874,950.472292,1792,1262.43,4.4779,,,,,
2021-11-08,2031-01-01,11.7854,941.144205,2293,1474.19,5.2332,,,,,
2021-11-09,2023-01-01,12.1748,1012.642293,289,271.42,0.9602,,,,,
2021-11-09,2025-01-01,11.7794,991.066024,791,673.9,2.3924,,,,,
2021-11-09,2027-01-01,11.607,976.628619,1292,1001.52,3.561,,,,,
2021-11-09,2029-01-01,11.6171,961.935453,1791,1265.08,4.4977,,,,,
2021-11-09,2031-01-01,11.5571,952.921441,2292,1478.81,5.2604,,,,,
2021-11-10,2023-01-01,12.2451,1012.423188,288,270.42,0.956,,,,,
2021-11-10,2025-01-01,11.7631,991.890657,790,672.93,2.3893,,,,,
2021-11-10,2027-01-01,11.5616,978.636957,1291,1000.81,3.5599,,,,,
2021-11-10,2029-01-01,11.5593,964.863643,1790,1264.9,4.4993,,,,,
2021-11-10,2031-01-01,11.5073,955.839821,2291,1479.04,5.2635,,,,,
2021-11-11,2023-01-01,12.0035,1015.223552,287,269.44,0.9546,,,,,
2021-11-11,2025-01-01,11.7245,993.243914,789,672.0,2.3868,,,,,
2021-11-11,2027-01-01,11.6211,976.989649,1290,999.43,3.5531,,,,,
2021-11-11,2029-01-01,11.5851,964.162039,1789,1263.53,4.4934,,,,,
2021-11-11,2031-01-01,11.51,956.117029,2290,1477.97,5.2596,,,,,
2021-11-12,2023-01-01,12.0089,1015.628182,286,268.44,0.951,,,,,
2021-11-12,2025-01-01,11.6778,994.789023,788,671.09,2.3846,,,,,
2021-11-12,2027-01-01,11.5798,978.852899,1289,998.69,3.5518,,,,,
2021-11-12,2029-01-01,11.5902,964.360336,1788,1262.46,4.4894,,,,,
2021-11-12,2031-01-01,11.5705,953.490964,2289,1475.48,5.2479,,,,,
2021-11-16,2023-01-01,12.0346,1015.837986,285,267.44,0.9473,,,,,
2021-11-16,2025-01-01,11.7777,992.859537,787,669.9,2.3782,,,,,
2021-11-16,2027-01-01,11.72,974.415726,1288,996.78,3.5405,,,,,
2021-11-16,2029-01-01,11.71,959.607099,1787,1259.76,4.475,,,,,
2021-11-16,2031-01-01,11.67,948.938863,2288,1472.03,5.2309,,,,,
2021-11-17,2023-01-01,12.0617,1016.036321,284,266.44,0.9435,,,,,
2021-11-17,2025-01-01,11.946,989.336126,786,668.59,2.37,,,,,
2021-11-17,2027-01-01,11.8856,969.148234,1287,994.71,3.5279,,,,,
2021-11-17,2029-01-01,11.8481,954.117607,1786,1256.79,4.459,,,,,
2021-11-17,2031-01-01,11.7768,944.067832,2287,1468.4,5.2131,,,,,
2021-11-18,2023-01-01,12.2089,1015.091085,283,265.42,0.9387,,,,,
2021-11-18,2025-01-01,12.0416,987.541438,785,667.42,2.3638,,,,,
2021-11-18,2027-01-01,11.9325,967.976622,1286,993.4,3.5218,,,,,
2021-11-18,2029-01-01,11.8767,953.324489,1785,1255.39,4.4528,,,,,
2021-11-18,2031-01-01,11.7903,943.820034,2286,1467.07,5.2077,,,,,
2021-11-19,2023-01-01,12.0934,1016.65325,282,264.43,0.9361,,,,,
2021-11-19,2025-01-01,11.886,991.629456,784,666.7,2.3646,,,,,
2021-11-19,2027-01-01,11.8149,972.435716,1285,993.17,3.5247,,,,,
2021-11-19,2029-01-01,11.7748,958.094611,1784,1255.84,4.4585,,,,,
2021-11-19,2031-01-01,11.724,947.509306,2285,1467.7,5.213,,,,,
2021-11-22,2023-01-01,12.37,1014.497,281,263.4,0.9302,,,,,
2021-11-22,2025-01-01,12.1253,986.484005,783,665.26,2.3545,,,,,
2021-11-22,2027-01-01,11.9855,967.037423,1284,991.06,3.5119,,,,,
2021-11-22,2029-01-01,11.925,952.124996,1783,1252.7,4.4414,,,,,
2021-11-22,2031-01-01,11.8522,941.616601,2284,1463.55,5.1923,,,,,
2021-11-23,2023-01-01,12.285,1015.766694,280,262.41,0.9274,,,,,
2021-11-23,2025-01-01,11.8872,992.485634,782,664.7,2.3575,,,,,
2021-11-23,2027-01-01,11.7383,975.930346,1283,991.67,3.5218,,,,,
2021-11-23,2029-01-01,11.6839,962.839386,1782,1255.13,4.4596,,,,,
2021-11-23,2031-01-01,11.6488,952.073021,2283,1467.55,5.216,,,,,
2021-11-24,2023-01-01,12.167,1017.342911,279,261.43,0.9249,,,,,
2021-11-24,2025-01-01,11.7973,995.034887,781,663.87,2.3564,,,,,
2021-11-24,2027-01-01,11.7329,976.546127,1282,990.7,3.5185,,,,,
2021-11-24,2029-01-01,11.685,963.214394,1781,1254.11,4.456,,,,,
2021-11-24,2031-01-01,11.6386,952.996862,2282,1466.81,5.2138,,,,,
2021-11-25,2023-01-01,12.135,1018.106714,278,260.43,0.9216,,,,,
2021-11-25,2025-01-01,11.8306,994.694988,780,662.81,2.3519,,,,,
2021-11-25,2027-01-01,11.81,974.32889,1281,989.2,3.5108,,,,,
2021-11-25,2029-01-01,11.7884,959.208179,1780,1251.64,4.4431,,,,,
2021-11-25,2031-01-01,11.7662,947.09569,2281,1462.66,5.1932,,,,,
2021-11-26,2023-01-01,11.94,1020.396336,277,259.45,0.9198,,,,,
2021-11-26,2025-01-01,11.7065,998.04607,779,662.03,2.3518,,,,,
2021-11-26,2027-01-01,11.715,978.022072,1280,988.82,3.5124,,,,,
2021-11-26,2029-01-01,11.6711,964.656987,1779,1252.31,4.4501,,,,,
2021-11-26,2031-01-01,11.6963,950.966061,2280,1463.38,5.199,,,,,
2021-11-29,2023-01-01,11.9231,1021.011251,276,258.45,0.9164,,,,,
2021-11-29,2025-01-01,11.6129,1000.685222,778,661.21,2.3508,,,,,
2021-11-29,2027-01-01,11.591,982.730468,1279,988.62,3.5156,,,,,
2021-11-29,2029-01-01,11.569,969.482759,1778,1252.76,4.4558,,,,,
2021-11-29,2031-01-01,11.5914,956.598496,2279,1464.97,5.2095,,,,,
2021-11-30,2023-01-01,11.9111,1021.579638,275,257.46,0.9129,,,,,
2021-11-30,2025-01-01,11.5199,1003.312943,777,660.38,2.3498,,,,,
2021-11-30,2027-01-01,11.405,989.622763,1278,988.82,3.5222,,,,,
2021-11-30,2029-01-01,11.4053,977.022319,1777,1254.08,4.467,,,,,
2021-11-30,2031-01-01,11.405,966.38514,2278,1468.55,5.231,,,,,
2021-12-01,2023-01-01,11.863,1022.483185,274,256.46,0.9098,,,,,
2021-12-01,2025-01-01,11.52,1003.744783,776,659.38,2.3463,,,,,
2021-12-01,2027-01-01,11.4528,988.380807,1277,987.52,3.516,,,,,
2021-12-01,2029-01-01,11.4501,975.486255,1776,1252.45,4.4594,,,,,
2021-12-01,2031-01-01,11.4438,964.838178,2277,1466.6,5.2222,,,,,
2021-12-02,2023-01-01,11.6261,1025.139069,273,255.49,0.9083,,,,,
2021-12-02,2025-01-01,11.3009,1009.359043,775,658.78,2.3488,,,,,
2021-12-02,2027-01-01,11.3185,993.49509,1276,987.38,3.5198,,,,,
2021-12-02,2029-01-01,11.3296,981.175163,1775,1253.16,4.4668,,,,,
2021-12-02,2031-01-01,11.3379,970.618758,2276,1468.2,5.2329,,,,,
2021-12-03,2023-01-01,11.3579,1028.081257,272,254.52,0.907,,,,,
2021-12-03,2025-01-01,10.9352,1018.513866,774,658.45,2.3553,,,,,
2021-12-03,2027-01-01,11.0103,1004.793729,1275,988.37,3.5331,,,,,
2021-12-03,2029-01-01,11.0508,993.939442,1774,1256.11,4.4885,,,,,
2021-12-03,2031-01-01,11.06,985.322609,2275,1474.03,5.2668,,,,,
2021-12-06,2023-01-01,11.439,1027.767226,271,253.51,0.9027,,,,,
2021-12-06,2025-01-01,10.9575,1018.398648,773,657.41,2.3511,,,,,
2021-12-06,2027-01-01,10.99,1005.932225,1274,987.5,3.5306,,,,,
2021-12-06,2029-01-01,11.0422,994.737225,1773,1255.23,4.4857,,,,,
2021-12-06,2031-01-01,11.06,985.732856,2274,1473.03,5.2633,,,,,
2021-12-07,2023-01-01,11.5338,1027.333345,270,252.5,0.8984,,,,,
2021-12-07,2025-01-01,10.9052,1020.072324,772,656.5,2.349,,,,,
2021-12-07,2027-01-01,10.89,1009.91361,1273,987.15,3.5326,,,,,
2021-12-07,2029-01-01,10.9436,999.570275,1772,1255.62,4.4911,,,,,
2021-12-07,2031-01-01,10.99,989.790259,2273,1473.75,5.2692,,,,,
2021-12-08,2023-01-01,11.4222,1028.805853,269,251.51,0.8958,,,,,
2021-12-08,2025-01-01,10.7132,1025.107513,771,655.85,2.3507,,,,,
2021-12-08,2027-01-01,10.73,1016.066544,1272,987.18,3.5378,,,,,
2021-12-08,2029-01-01,10.7833,1007.22561,1771,1256.89,4.5022,,,,,
2021-12-08,2031-01-01,10.84,998.080628,2272,1476.44,5.2859,,,,,
2021-12-09,2023-01-01,11.6825,1026.862893,268,250.48,0.89,,,,,
2021-12-09,2025-01-01,10.7445,1024.76778,770,654.8,2.3463,,,,,
2021-12-09,2027-01-01,10.6577,1019.084529,1271,986.64,3.5382,,,,,
2021-12-09,2029-01-01,10.6725,1012.684206,1770,1257.45,4.5087,,,,,
2021-12-09,2031-01-01,10.715,1005.125236,2271,1478.51,5.2993,,,,,
2021-12-10,2023-01-01,11.49,1029.069346,267,249.51,0.8881,,,,,
2021-12-10,2025-01-01,10.4853,1031.443516,769,654.27,2.3499,,,,,
2021-12-10,2027-01-01,10.4022,1028.778569,1270,987.28,3.5487,,,,,
2021-12-10,2029-01-01,10.4538,1023.162251,1769,1259.53,4.5251,,,,,
2021-12-10,2031-01-01,10.5182,1016.110975,2270,1482.33,5.3224,,,,,
2021-12-13,2023-01-01,11.5471,1028.993906,266,248.5,0.884,,,,,
2021-12-13,2025-01-01,10.6667,1027.469177,768,652.94,2.3413,,,,,
2021-12-13,2027-01-01,10.566,1023.220195,1269,985.23,3.536,,,,,
2021-12-13,2029-01-01,10.5747,1017.983334,1768,1256.83,4.5105,,,,,
2021-12-13,2031-01-01,10.581,1013.12136,2269,1479.79,5.3103,,,,,
2021-12-14,2023-01-01,11.5403,1029.501852,265,247.5,0.8805,,,,,
2021-12-14,2025-01-01,10.5547,1030.582003,767,652.14,2.3408,,,,,
2021-12-14,2027-01-01,10.4511,1027.802765,1268,984.97,3.5388,,,,,
2021-12-14,2029-01-01,10.5049,1021.605898,1767,1256.81,4.5132,,,,,
2021-12-14,2031-01-01,10.5448,1015.479016,2268,1479.68,5.3116,,,,,
2021-12-15,2023-01-01,11.6257,1029.177368,264,246.49,0.8763,,,,,
2021-12-15,2025-01-01,10.6517,1028.656506,766,650.96,2.3345,,,,,
2021-12-15,2027-01-01,10.5064,1026.197246,1267,983.62,3.5321,,,,,
2021-12-15,2029-01-01,10.5431,1020.249536,1766,1255.27,4.5062,,,,,
2021-12-15,2031-01-01,10.5654,1014.771198,2267,1478.17,5.3053,,,,,
2021-12-16,2023-01-01,11.7784,1028.256426,263,245.47,0.8715,,,,,
2021-12-16,2025-01-01,10.7348,1027.077157,765,649.81,2.3286,,,,,
2021-12-16,2027-01-01,10.6,1023.215316,1266,982.01,3.5234,,,,,
2021-12-16,2029-01-01,10.651,1015.705865,1765,1252.75,4.4927,,,,,
2021-12-16,2031-01-01,10.6621,1009.981881,2266,1474.8,5.2885,,,,,
2021-12-17,2023-01-01,11.8567,1028.012288,262,244.46,0.8673,,,,,
2021-12-17,2025-01-01,10.8626,1024.443195,764,648.58,2.3215,,,,,
2021-12-17,2027-01-01,10.73,1018.947348,1265,980.18,3.5127,,,,,
2021-12-17,2029-01-01,10.8091,1008.927112,1764,1249.52,4.4747,,,,,
2021-12-17,2031-01-01,10.807,1002.681022,2265,1470.25,5.2653,,,,,
2021-12-20,2023-01-01,11.6075,1030.688126,261,243.49,0.8657,,,,,
2021-12-20,2025-01-01,10.6083,1030.937356,763,648.04,2.325,,,,,
2021-12-20,2027-01-01,10.5626,1025.384287,1264,980.26,3.5183,,,,,
2021-12-20,2029-01-01,10.6099,1018.401793,1763,1251.33,4.4893,,,,,
2021-12-20,2031-01-01,10.6599,1010.911951,2264,1472.86,5.2817,,,,,
2021-12-21,2023-01-01,11.4754,1032.313208,260,242.51,0.8633,,,,,
2021-12-21,2025-01-01,10.4911,1034.164752,762,647.26,2.3246,,,,,
2021-12-21,2027-01-01,10.455,1029.690217,1263,979.95,3.5206,,,,,
2021-12-21,2029-01-01,10.5165,1023.098181,1762,1251.65,4.4942,,,,,
2021-12-21,2031-01-01,10.565,1016.411824,2263,1474.18,5.2909,,,,,
2021-12-22,2023-01-01,11.45,1032.983892,259,241.51,0.8599,,,,,
2021-12-22,2025-01-01,10.54,1033.399741,761,646.17,2.3197,,,,,
2021-12-22,2027-01-01,10.486,1028.9723,1262,978.75,3.5153,,,,,
2021-12-22,2029-01-01,10.5424,1022.312796,1761,1250.28,4.4883,,,,,
2021-12-22,2031-01-01,10.6336,1013.13232,2262,1471.5,5.278,,,,,
2021-12-23,2023-01-01,11.6575,1031.595447,258,240.49,0.8547,,,,,
2021-12-23,2025-01-01,10.6791,1030.484581,760,644.91,2.3123,,,,,
2021-12-23,2027-01-01,10.635,1024.003626,1261,976.79,3.5035,,,,,
2021-12-23,2029-01-01,10.6913,1015.911551,1760,1247.18,4.4711,,,,,
2021-12-23,2031-01-01,10.735,1008.130011,2261,1468.01,5.2607,,,,,
2021-12-24,2023-01-01,11.6575,1032.046934,257,239.49,0.8511,,,,,
2021-12-24,2025-01-01,10.6791,1030.899577,759,643.91,2.3087,,,,,
2021-12-24,2027-01-01,10.635,1024.414392,1260,975.79,3.5,,,,,
2021-12-24,2029-01-01,10.6913,1016.321123,1759,1246.18,4.4675,,,,,
2021-12-24,2031-01-01,10.735,1008.538025,2260,1467.01,5.2571,,,,,
2021-12-27,2023-01-01,11.7019,1032.110222,256,238.48,0.8472,,,,,
2021-12-27,2025-01-01,10.6797,1031.300461,758,642.91,2.3051,,,,,
2021-12-27,2027-01-01,10.6339,1024.864813,1259,974.8,3.4964,,,,,
2021-12-27,2029-01-01,10.7,1016.335438,1758,1245.06,4.4632,,,,,
2021-12-27,2031-01-01,10.7495,1008.176716,2259,1465.66,5.2516,,,,,
2021-12-28,2023-01-01,11.7409,1032.22394,255,237.48,0.8433,,,,,
2021-12-28,2025-01-01,10.69,1031.471008,757,641.9,2.3012,,,,,
2021-12-28,2027-01-01,10.61,1026.133904,1258,973.95,3.4942,,,,,
2021-12-28,2029-01-01,10.69,1017.199844,1757,1244.2,4.4605,,,,,
2021-12-28,2031-01-01,10.7262,1009.821848,2258,1465.23,5.2512,,,,,
2021-12-29,2023-01-01,11.8793,1031.479981,254,236.46,0.8387,,,,,
2021-12-29,2025-01-01,10.7912,1029.489032,756,640.71,2.2949,,,,,
2021-12-29,2027-01-01,10.7,1023.32098,1257,972.37,3.4857,,,,,
2021-12-29,2029-01-01,10.77,1013.984831,1756,1242.07,4.4496,,,,,
2021-12-29,2031-01-01,10.8448,1003.961084,2257,1461.32,5.2315,,,,,
2021-12-30,2023-01-01,11.8601,1032.105043,253,235.46,0.8353,,,,,
2021-12-30,2025-01-01,10.6986,1032.098912,755,639.88,2.2938,,,,,
2021-12-30,2027-01-01,10.7102,1023.369667,1256,971.31,3.4815,,,,,
2021-12-30,2029-01-01,10.7883,1013.570231,1755,1240.82,4.4444,,,,,
2021-12-30,2031-01-01,10.8291,1005.197687,2256,1460.7,5.2301,,,,,
2021-12-31,2023-01-01,11.8601,1032.564181,252,234.46,0.8318,,,,,
2021-12-31,2025-01-01,10.6986,1032.51528,754,638.88,2.2902,,,,,
2021-12-31,2027-01-01,10.7102,1023.782939,1255,970.31,3.4779,,,,,
2021-12-31,2029-01-01,10.7883,1013.982383,1754,1239.82,4.4408,,,,,
2021-12-31,2031-01-01,10.8291,1005.607904,2255,1459.7,5.2265,,,,,
2022-01-03,2023-01-01,11.8531,984.274566,251,245.04,0.8693,,,,,
2022-01-03,2025-01-01,10.917,978.978289,753,669.25,2.3944,,,,,
2022-01-03,2027-01-01,10.925,967.771001,1254,1016.7,3.6372,,,,,
2022-01-03,2029-01-01,11.0166,955.368147,1753,1298.64,4.642,,,,,
2022-01-03,2031-01-01,11.04,946.19961,2254,1528.39,5.462,,,,,
2022-01-04,2023-01-01,12.0861,982.729821,250,244.03,0.864,,,,,
2022-01-04,2025-01-01,11.2587,971.418143,752,667.86,2.382,,,,,
2022-01-04,2027-01-01,11.2041,958.400618,1253,1014.3,3.6195,,,,,
2022-01-04,2029-01-01,11.268,944.690096,1752,1294.64,4.6172,,,,,
2022-01-04,2031-01-01,11.2952,933.513426,2253,1521.84,5.4262,,,,,
2022-01-05,2023-01-01,12.0788,983.236627,249,243.03,0.8605,,,,,
2022-01-05,2025-01-01,11.3681,969.302654,751,666.73,2.3757,,,,,
2022-01-05,2027-01-01,11.2733,956.405025,1252,1012.95,3.6124,,,,,
2022-01-05,2029-01-01,11.346,941.692044,1751,1292.71,4.6071,,,,,
2022-01-05,2031-01-01,11.3416,931.560172,2252,1519.83,5.4167,,,,,
2022-01-06,2023-01-01,11.99,984.430785,248,242.04,0.8576,,,,,
2022-01-06,2025-01-01,11.381,969.419884,750,665.71,2.3718,,,,,
2022-01-06,2027-01-01,11.2644,957.118492,1251,1012.0,3.6093,,,,,
2022-01-06,2029-01-01,11.3431,942.219742,1750,1291.74,4.6038,,,,,
2022-01-06,2031-01-01,11.33,932.543913,2251,1519.08,5.4146,,,,,
2022-01-07,2023-01-01,12.005,984.747092,247,241.04,0.854,,,,,
2022-01-07,2025-01-01,11.473,967.722514,749,664.61,2.3659,,,,,
2022-01-07,2027-01-01,11.3366,955.030939,1250,1010.64,3.6021,,,,,
2022-01-07,2029-01-01,11.3914,940.526777,1749,1290.16,4.5961,,,,,
2022-01-07,2031-01-01,11.3807,930.382182,2250,1516.98,5.4047,,,,,
2022-01-10,2023-01-01,12.1,984.394942,246,240.03,0.8497,,,,,
2022-01-10,2025-01-01,11.5552,966.260238,748,663.51,2.3603,,,,,
2022-01-10,2027-01-01,11.3986,953.30554,1249,1009.33,3.5954,,,,,
2022-01-10,2029-01-01,11.4777,937.204088,1748,1288.13,4.5853,,,,,
2022-01-10,2031-01-01,11.4817,925.71345,2249,1513.78,5.3884,,,,,
2022-01-10,2033-01-01,11.5489,912.58322,2753,1693.06,6.0229,,,,,
2022-01-11,2023-01-01,12.05,985.258078,245,239.03,0.8465,,,,,
2022-01-11,2025-01-01,11.5714,966.310232,747,662.49,2.3563,,,,,
2022-01-11,2027-01-01,11.465,951.438768,1248,1007.99,3.5885,,,,,
2022-01-11,2029-01-01,11.5426,934.821189,1747,1286.35,4.5763,,,,,
2022-01-11,2031-01-01,11.53,923.704313,2248,1511.73,5.3788,,,,,
2022-01-11,2033-01-01,11.6133,909.444552,2752,1689.89,6.0082,,,,,
2022-01-12,2023-01-01,11.885,987.076055,244,238.04,0.8443,,,,,
2022-01-12,2025-01-01,11.2572,973.923391,746,661.86,2.3607,,,,,
2022-01-12,2027-01-01,11.205,960.795829,1247,1008.3,3.598,,,,,
2022-01-12,2029-01-01,11.318,944.918095,1746,1288.04,4.5916,,,,,
2022-01-12,2031-01-01,11.31,935.145506,2247,1515.52,5.4029,,,,,
2022-01-12,2033-01-01,11.3764,922.941999,2751,1696.9,6.0459,,,,,
2022-01-13,2023-01-01,11.94,987.059633,243,237.04,0.8403,,,,,
2022-01-13,2025-01-01,11.2264,975.044293,745,660.89,2.3579,,,,,
2022-01-13,2027-01-01,11.145,963.280956,1246,1007.6,3.5975,,,,,
2022-01-13,2029-01-01,11.305,945.885276,1745,1287.2,4.5891,,,,,
2022-01-13,2031-01-01,11.3044,935.826653,2246,1514.64,5.4,,,,,
2022-01-13,2033-01-01,11.3686,923.772714,2750,1696.16,6.0437,,,,,
2022-01-14,2023-01-01,11.965,987.295003,242,236.04,0.8366,,,,,
2022-01-14,2025-01-01,11.2704,974.445184,744,659.84,2.3532,,,,,
2022-01-14,2027-01-01,11.1461,963.646782,1245,1006.59,3.5938,,,,,
2022-01-14,2029-01-01,11.305,946.287378,1744,1286.2,4.5856,,,,,
2022-01-14,2031-01-01,11.2596,938.49591,2245,1514.62,5.4021,,,,,
2022-01-14,2033-01-01,11.3564,924.849987,2749,1695.57,6.0423,,,,,
2022-01-17,2023-01-01,12.04,987.121181,241,235.04,0.8325,,,,,
2022-01-17,2025-01-01,11.455,970.638336,743,658.63,2.345,,,,,
2022-01-17,2027-01-01,11.42,954.617029,1244,1004.22,3.5766,,,,,
2022-01-17,2029-01-01,11.575,935.058341,1743,1281.96,4.5594,,,,,
2022-01-17,2031-01-01,11.54,924.808588,2244,1507.51,5.3633,,,,,
2022-01-17,2033-01-01,11.618,910.774978,2748,1685.73,5.9931,,,,,
2022-01-18,2023-01-01,12.11,986.99393,240,234.03,0.8284,,,,,
2022-01-18,2025-01-01,11.515,969.691787,742,657.56,2.3399,,,,,
2022-01-18,2027-01-01,11.4628,953.565027,1243,1003.01,3.5709,,,,,
2022-01-18,2029-01-01,11.613,933.84449,1742,1280.51,4.5527,,,,,
2022-01-18,2031-01-01,11.59,922.730408,2243,1505.42,5.3534,,,,,
2022-01-18,2033-01-01,11.6955,906.95066,2747,1682.11,5.9761,,,,,
2022-01-19,2023-01-01,12.0428,987.989398,239,233.04,0.8253,,,,,
2022-01-19,2025-01-01,11.3065,974.859304,741,656.8,2.3416,,,,,
2022-01-19,2027-01-01,11.26,960.925631,1242,1003.02,3.5774,,,,,
2022-01-19,2029-01-01,11.4267,942.230756,1741,1281.74,4.5647,,,,,
2022-01-19,2031-01-01,11.39,933.103692,2242,1508.78,5.375,,,,,
2022-01-19,2033-01-01,11.4867,918.787852,2746,1688.17,6.0089,,,,,
2022-01-20,2023-01-01,11.9076,989.534827,238,232.04,0.8228,,,,,
2022-01-20,2025-01-01,11.1059,979.868922,740,656.03,2.3431,,,,,
2022-01-20,2027-01-01,11.1091,966.546643,1241,1002.78,3.5814,,,,,
2022-01-20,2029-01-01,11.3142,947.498266,1740,1282.09,4.5705,,,,,
2022-01-20,2031-01-01,11.2867,938.713012,2241,1510.03,5.3844,,,,,
2022-01-20,2033-01-01,11.3969,924.169153,2745,1690.2,6.021,,,,,
2022-01-21,2023-01-01,11.9026,990.01725,237,231.04,0.8193,,,,,
2022-01-21,2025-01-01,11.23,977.435168,739,654.89,2.3364,,,,,
2022-01-21,2027-01-01,11.3,960.364936,1240,1000.82,3.5683,,,,,
2022-01-21,2029-01-01,11.545,937.96605,1739,1278.32,4.5477,,,,,
2022-01-21,2031-01-01,11.5324,926.790568,2240,1503.68,5.35,,,,,
2022-01-21,2033-01-01,11.6379,911.279055,2744,1681.05,5.9754,,,,,
2022-01-24,2023-01-01,11.8382,990.979781,236,230.04,0.8162,,,,,
2022-01-24,2025-01-01,11.131,980.112842,738,654.0,2.3353,,,,,
2022-01-24,2027-01-01,11.2,964.21312,1239,1000.32,3.5697,,,,,
2022-01-24,2029-01-01,11.4432,942.735405,1738,1278.54,4.5526,,,,,
2022-01-24,2031-01-01,11.4387,931.862098,2239,1504.72,5.3582,,,,,
2022-01-24,2033-01-01,11.5635,915.747753,2743,1682.57,5.9848,,,,,
2022-01-25,2023-01-01,11.8632,991.21847,235,229.04,0.8125,,,,,
2022-01-25,2025-01-01,11.0623,982.097781,737,653.08,2.3335,,,,,
2022-01-25,2027-01-01,11.165,965.826788,1238,999.5,3.5679,,,,,
2022-01-25,2029-01-01,11.4326,943.596546,1737,1277.67,4.5499,,,,,
2022-01-25,2031-01-01,11.43,932.697904,2238,1503.91,5.3557,,,,,
2022-01-25,2033-01-01,11.5486,916.963788,2742,1682.07,5.9838,,,,,
2022-01-26,2023-01-01,12.045,990.203388,234,228.04,0.8076,,,,,
2022-01-26,2025-01-01,11.0711,982.305118,736,652.07,2.3297,,,,,
2022-01-26,2027-01-01,11.0781,969.23768,1237,998.93,3.5687,,,,,
2022-01-26,2029-01-01,11.3344,948.237187,1736,1277.85,4.5546,,,,,
2022-01-26,2031-01-01,11.3272,938.26219,2237,1505.15,5.3651,,,,,
2022-01-26,2033-01-01,11.4765,921.336049,2741,1683.51,5.9928,,,,,
2022-01-27,2023-01-01,12.25,989.020278,233,227.03,0.8026,,,,,
2022-01-27,2025-01-01,11.3451,976.473017,735,650.76,2.3192,,,,,
2022-01-27,2027-01-01,11.3133,961.542861,1236,996.75,3.5534,,,,,
2022-01-27,2029-01-01,11.5348,940.029513,1735,1274.45,4.5343,,,,,
2022-01-27,2031-01-01,11.49,930.505165,2236,1500.6,5.3411,,,,,
2022-01-27,2033-01-01,11.5633,916.952415,2740,1679.58,5.9742,,,,,
2022-01-28,2023-01-01,12.275,989.276292,232,226.03,0.7989,,,,,
2022-01-28,2025-01-01,11.3764,976.181013,734,649.72,2.3149,,,,,
2022-01-28,2027-01-01,11.3142,961.921111,1235,995.75,3.5498,,,,,
2022-01-28,2029-01-01,11.525,940.855251,1734,1273.56,4.5316,,,,,
2022-01-28,2031-01-01,11.46,932.401889,2235,1500.25,5.3413,,,,,
2022-01-28,2033-01-01,11.5378,918.751134,2739,1679.44,5.9751,,,,,
2022-01-31,2023-01-01,12.285,989.652207,231,225.03,0.7953,,,,,
2022-01-31,2025-01-01,11.2965,978.406573,733,648.81,2.3133,,,,,
2022-01-31,2027-01-01,11.2062,966.033067,1234,995.29,3.5516,,,,,
2022-01-31,2029-01-01,11.42,945.760632,1733,1273.82,4.5367,,,,,
2022-01-31,2031-01-01,11.3518,938.223007,2234,1501.61,5.3513,,,,,
2022-01-31,2033-01-01,11.4282,925.203999,2738,1682.15,5.9906,,,,,
2022-02-01,2023-01-01,12.185,990.891926,230,224.03,0.7925,,,,,
2022-02-01,2025-01-01,11.1274,982.66076,732,648.01,2.314,,,,,
2022-02-01,2027-01-01,11.0822,970.713655,1233,994.91,3.5542,,,,,
2022-02-01,2029-01-01,11.3162,950.641347,1732,1274.06,4.5418,,,,,
2022-02-01,2031-01-01,11.2837,942.056906,2233,1502.09,5.3563,,,,,
2022-02-01,2033-01-01,11.335,930.795955,2737,1684.3,6.0033,,,,,
2022-02-02,2023-01-01,12.16,991.539703,229,223.03,0.7891,,,,,
2022-02-02,2025-01-01,11.0166,985.596553,731,647.14,2.3132,,,,,
2022-02-02,2027-01-01,10.962,975.283704,1232,994.51,3.5566,,,,,
2022-02-02,2029-01-01,11.179,957.004099,1731,1274.7,4.5497,,,,,
2022-02-02,2031-01-01,11.1504,949.228285,2232,1503.99,5.3695,,,,,
2022-02-02,2033-01-01,11.2051,938.504001,2736,1687.69,6.0224,,,,,
2022-02-03,2023-01-01,11.9406,993.704215,228,222.04,0.7871,,,,,
2022-02-03,2025-01-01,10.8938,988.811004,730,646.28,2.3127,,,,,
2022-02-03,2027-01-01,10.9437,976.322284,1231,993.6,3.5539,,,,,
2022-02-03,2029-01-01,11.2,956.491587,1730,1273.45,4.5444,,,,,
2022-02-03,2031-01-01,11.1906,947.577566,2231,1502.12,5.3609,,,,,
2022-02-03,2033-01-01,11.2907,934.07295,2735,1683.8,6.0039,,,,,
2022-02-04,2023-01-01,12.0121,993.59247,227,221.04,0.7831,,,,,
2022-02-04,2025-01-01,11.0787,985.001628,729,645.07,2.3045,,,,,
2022-02-04,2027-01-01,11.2183,967.24828,1230,991.23,3.5367,,,,,
2022-02-04,2029-01-01,11.5,943.960432,1729,1268.86,4.5158,,,,,
2022-02-04,2031-01-01,11.5092,931.964073,2230,1494.18,5.3173,,,,,
2022-02-04,2033-01-01,11.6168,916.418855,2734,1671.77,5.9435,,,,,
2022-02-07,2023-01-01,11.98,994.288634,226,220.04,0.7797,,,,,
2022-02-07,2025-01-01,10.9617,988.073576,728,644.2,2.3038,,,,,
2022-02-07,2027-01-01,11.0953,971.882771,1229,990.85,3.5392,,,,,
2022-02-07,2029-01-01,11.4101,948.216906,1728,1268.94,4.5198,,,,,
2022-02-07,2031-01-01,11.44,935.8108,2229,1494.69,5.3224,,,,,
2022-02-07,2033-01-01,11.5414,920.945134,2733,1673.32,5.9531,,,,,
2022-02-08,2023-01-01,12.1453,993.460638,225,219.03,0.775,,,,,
2022-02-08,2025-01-01,11.1097,985.120807,727,643.03,2.2966,,,,,
2022-02-08,2027-01-01,11.2364,967.445447,1228,989.14,3.5287,,,,,
2022-02-08,2029-01-01,11.55,942.646058,1727,1266.26,4.5046,,,,,
2022-02-08,2031-01-01,11.58,929.266524,2228,1490.64,5.3013,,,,,
2022-02-08,2033-01-01,11.7709,908.871612,2732,1664.56,5.9098,,,,,
2022-02-09,2023-01-01,12.287,992.827346,224,218.03,0.7705,,,,,
2022-02-09,2025-01-01,11.18,983.94408,726,641.95,2.2912,,,,,
2022-02-09,2027-01-01,11.1722,970.052502,1227,988.46,3.5283,,,,,
2022-02-09,2029-01-01,11.45,947.320751,1726,1266.46,4.5093,,,,,
2022-02-09,2031-01-01,11.49,934.126698,2227,1491.6,5.309,,,,,
2022-02-09,2033-01-01,11.6023,918.409798,2731,1669.26,5.9354,,,,,
2022-02-10,2023-01-01,12.3833,992.550968,223,217.03,0.7663,,,,,
2022-02-10,2025-01-01,11.3145,981.332453,725,640.79,2.2844,,,,,
2022-02-10,2027-01-01,11.2748,966.952733,1226,986.95,3.5196,,,,,
2022-02-10,2029-01-01,11.54,943.889344,1725,1264.38,4.4983,,,,,
2022-02-10,2031-01-01,11.5601,931.057378,2226,1489.07,5.2967,,,,,
2022-02-10,2033-01-01,11.6664,915.320713,2730,1666.09,5.9207,,,,,
2022-02-11,2023-01-01,12.5075,992.071106,222,216.02,0.7619,,,,,
2022-02-11,2025-01-01,11.4169,979.458282,724,639.67,2.2783,,,,,
2022-02-11,2027-01-01,11.3267,965.596254,1225,985.69,3.5135,,,,,
2022-02-11,2029-01-01,11.59,942.17594,1724,1262.78,4.4906,,,,,
2022-02-11,2031-01-01,11.59,929.986488,2225,1487.42,5.2894,,,,,
2022-02-11,2033-01-01,11.7173,912.965433,2729,1663.37,5.9084,,,,,
2022-02-14,2023-01-01,12.5126,992.496776,221,215.02,0.7584,,,,,
2022-02-14,2025-01-01,11.4629,978.852827,723,638.62,2.2736,,,,,
2022-02-14,2027-01-01,11.3371,965.654254,1224,984.64,3.5094,,,,,
2022-02-14,2029-01-01,11.5971,942.285279,1723,1261.7,4.4864,,,,,
2022-02-14,2031-01-01,11.61,929.406668,2224,1485.98,5.2834,,,,,
2022-02-14,2033-01-01,11.7476,911.732387,2728,1661.35,5.8996,,,,,
2022-02-15,2023-01-01,12.4183,993.668574,220,214.03,0.7555,,,,,
2022-02-15,2025-01-01,11.316,982.551945,722,637.79,2.2736,,,,,
2022-02-15,2027-01-01,11.1957,970.881114,1223,984.34,3.5128,,,,,
2022-02-15,2029-01-01,11.4561,948.691623,1722,1262.39,4.4946,,,,,
2022-02-15,2031-01-01,11.51,934.748843,2223,1487.16,5.2923,,,,,
2022-02-15,2033-01-01,11.6483,917.506677,2727,1663.7,5.9132,,,,,
2022-02-16,2023-01-01,12.4078,994.208749,219,213.03,0.752,,,,,
2022-02-16,2025-01-01,11.3428,982.371562,721,636.76,2.2694,,,,,
2022-02-16,2027-01-01,11.1938,971.354948,1222,983.35,3.5094,,,,,
2022-02-16,2029-01-01,11.425,950.429304,1721,1261.76,4.4936,,,,,
2022-02-16,2031-01-01,11.4418,938.541031,2222,1487.65,5.2973,,,,,
2022-02-16,2033-01-01,11.581,921.575364,2726,1664.98,5.9213,,,,,
2022-02-17,2023-01-01,12.4336,994.478265,218,212.03,0.7483,,,,,
2022-02-17,2025-01-01,11.4272,980.911458,720,635.66,2.2638,,,,,
2022-02-17,2027-01-01,11.2988,968.189041,1221,981.83,3.5006,,,,,
2022-02-17,2029-01-01,11.533,946.234171,1720,1259.47,4.4811,,,,,
2022-02-17,2031-01-01,11.5477,933.692612,2221,1484.34,5.2805,,,,,
2022-02-17,2033-01-01,11.6891,916.096998,2725,1660.32,5.899,,,,,
2022-02-18,2023-01-01,12.41,995.115772,217,211.03,0.745,,,,,
2022-02-18,2025-01-01,11.3721,982.557438,719,634.72,2.2616,,,,,
2022-02-18,2027-01-01,11.28,969.238766,1220,980.92,3.498,,,,,
2022-02-18,2029-01-01,11.5464,946.075367,1719,1258.31,4.4764,,,,,
2022-02-18,2031-01-01,11.54,934.47795,2220,1483.51,5.2779,,,,,
2022-02-18,2033-01-01,11.6762,917.197485,2724,1659.76,5.8977,,,,,
2022-02-21,2023-01-01,12.405,995.614737,216,210.03,0.7415,,,,,
2022-02-21,2025-01-01,11.3136,984.278746,718,633.79,2.2594,,,,,
2022-02-21,2027-01-01,11.18,973.053357,1219,980.42,3.4993,,,,,
2022-02-21,2029-01-01,11.4313,951.384933,1718,1258.69,4.4824,,,,,
2022-02-21,2031-01-01,11.44,939.841815,2219,1484.69,5.2868,,,,,
2022-02-21,2033-01-01,11.59,922.286904,2723,1661.67,5.9091,,,,,
2022-02-22,2023-01-01,12.458,995.687452,215,209.02,0.7376,,,,,
2022-02-22,2025-01-01,11.374,983.35553,717,632.72,2.2544,,,,,
2022-02-22,2027-01-01,11.2303,971.749676,1218,979.17,3.4933,,,,,
2022-02-22,2029-01-01,11.4837,949.559621,1717,1257.06,4.4745,,,,,
2022-02-22,2031-01-01,11.48,938.258275,2218,1482.82,5.2783,,,,,
2022-02-22,2033-01-01,11.6254,920.759343,2722,1659.48,5.8994,,,,,
2022-02-23,2023-01-01,12.4083,996.515027,214,208.03,0.7344,,,,,
2022-02-23,2025-01-01,11.2407,986.73777,716,631.88,2.2541,,,,,
2022-02-23,2027-01-01,11.1406,975.216091,1217,978.62,3.4941,,,,,
2022-02-23,2029-01-01,11.4442,951.652085,1716,1256.53,4.4742,,,,,
2022-02-23,2031-01-01,11.41,942.144436,2217,1483.34,5.2834,,,,,
2022-02-23,2033-01-01,11.5588,924.794812,2721,1660.73,5.9074,,,,,
2022-02-24,2023-01-01,12.4849,996.419887,213,207.02,0.7303,,,,,
2022-02-24,2025-01-01,11.3643,984.411441,715,630.73,2.2475,,,,,
2022-02-24,2027-01-01,11.2595,971.579569,1216,977.02,3.4847,,,,,
2022-02-24,2029-01-01,11.5244,948.650373,1715,1254.57,4.464,,,,,
2022-02-24,2031-01-01,11.53,936.593125,2216,1479.73,5.2649,,,,,
2022-02-24,2033-01-01,11.6734,918.958284,2720,1655.85,5.884,,,,,
2022-02-25,2023-01-01,12.5175,996.649044,212,206.02,0.7266,,,,,
2022-02-25,2025-01-01,11.4,984.042589,714,629.69,2.2431,,,,,
2022-02-25,2027-01-01,11.2846,971.140553,1215,975.9,3.4799,,,,,
2022-02-25,2029-01-01,11.5421,948.310869,1714,1253.36,4.459,,,,,
2022-02-25,2031-01-01,11.56,935.518832,2215,1478.07,5.2576,,,,,
2022-02-25,2033-01-01,11.69,918.462785,2719,1654.29,5.8776,,,,,
2022-03-02,2023-01-01,12.6585,996.100167,211,205.02,0.7222,,,,,
2022-03-02,2025-01-01,11.51,982.040575,713,628.56,2.2368,,,,,
2022-03-02,2027-01-01,11.38,968.331699,1214,974.42,3.4717,,,,,
2022-03-02,2029-01-01,11.6111,945.806576,1713,1251.53,4.4497,,,,,
2022-03-02,2031-01-01,11.62,932.975992,2214,1475.77,5.2466,,,,,
2022-03-02,2033-01-01,11.75,915.630773,2718,1651.26,5.8637,,,,,
2022-03-03,2023-01-01,12.8162,995.443455,210,204.02,0.7176,,,,,
2022-03-03,2025-01-01,11.726,977.737158,712,627.31,2.2281,,,,,
2022-03-03,2027-01-01,11.47,965.722822,1213,972.97,3.4637,,,,,
2022-03-03,2029-01-01,11.6777,943.417962,1712,1249.73,4.4407,,,,,
2022-03-03,2031-01-01,11.69,929.960387,2213,1473.24,5.2343,,,,,
2022-03-03,2033-01-01,11.7977,913.475268,2717,1648.65,5.8519,,,,,
2022-03-04,2023-01-01,13.0007,994.609736,209,203.01,0.7129,,,,,
2022-03-04,2025-01-01,11.9793,972.672156,711,626.02,2.2184,,,,,
2022-03-04,2027-01-01,11.6797,959.150664,1212,970.92,3.4499,,,,,
2022-03-04,2029-01-01,11.82,937.888239,1711,1247.02,4.4254,,,,,
2022-03-04,2031-01-01,11.8028,924.892649,2212,1469.78,5.2167,,,,,
2022-03-04,2033-01-01,11.9221,907.256633,2716,1643.45,5.8269,,,,,
2022-03-07,2023-01-01,13.1174,994.269216,208,202.01,0.7087,,,,,
2022-03-07,2025-01-01,12.2349,967.616432,710,624.72,2.2088,,,,,
2022-03-07,2027-01-01,12.0527,947.32292,1211,968.04,3.4282,,,,,
2022-03-07,2029-01-01,12.2,922.696784,1710,1241.45,4.3907,,,,,
2022-03-07,2031-01-01,12.1513,908.682008,2211,1461.17,5.1701,,,,,
2022-03-07,2033-01-01,12.2923,888.378779,2715,1629.94,5.76,,,,,
2022-03-08,2023-01-01,13.0761,995.045439,207,201.01,0.7054,,,,,
2022-03-08,2025-01-01,12.36,965.391321,709,623.58,2.2023,,,,,
2022-03-08,2027-01-01,12.2323,941.935231,1210,966.13,3.416,,,,,
2022-03-08,2029-01-01,12.4,915.054873,1709,1238.04,4.3709,,,,,
2022-03-08,2031-01-01,12.34,900.279903,2210,1456.05,5.1433,,,,,
2022-03-08,2033-01-01,12.4823,879.131963,2714,1622.53,5.7241,,,,,
2022-03-09,2023-01-01,12.9317,996.54099,206,200.01,0.7028,,,,,
2022-03-09,2025-01-01,12.1096,971.183856,708,622.87,2.2047,,,,,
2022-03-09,2027-01-01,12.0119,949.506328,1209,966.25,3.4231,,,,,
2022-03-09,2029-01-01,12.2117,923.065806,1708,1239.31,4.3827,,,,,
2022-03-09,2031-01-01,12.16,909.100292,2209,1458.98,5.1619,,,,,
2022-03-09,2033-01-01,12.2919,889.217064,2713,1627.96,5.753,,,,,
2022-03-10,2023-01-01,13.055,996.163204,205,199.01,0.6985,,,,,
2022-03-10,2025-01-01,12.269,968.22016,707,621.68,2.1974,,,,,
2022-03-10,2027-01-01,12.1235,946.311245,1208,964.68,3.4142,,,,,
2022-03-10,2029-01-01,12.3157,919.288329,1707,1237.06,4.3707,,,,,
2022-03-10,2031-01-01,12.2437,905.592908,2208,1456.15,5.1481,,,,,
2022-03-10,2033-01-01,12.3776,885.252406,2712,1624.06,5.7349,,,,,
2022-03-11,2023-01-01,13.1667,995.875331,204,198.01,0.6943,,,,,
2022-03-11,2025-01-01,12.4371,965.098086,706,620.49,2.1899,,,,,
2022-03-11,2027-01-01,12.189,944.625211,1207,963.35,3.4075,,,,,
2022-03-11,2029-01-01,12.345,918.534282,1706,1235.71,4.3648,,,,,
2022-03-11,2031-01-01,12.2878,903.952348,2207,1454.19,5.1391,,,,,
2022-03-11,2033-01-01,12.4187,883.576723,2711,1621.68,5.7243,,,,,
2022-03-14,2023-01-01,13.3007,995.442921,203,197.0,0.69,,,,,
2022-03-14,2025-01-01,12.695,960.119064,705,619.18,2.1803,,,,,
2022-03-14,2027-01-01,12.5128,934.700442,1206,960.72,3.3884,,,,,
2022-03-14,2029-01-01,12.6606,906.411637,1705,1230.9,4.3356,,,,,
2022-03-14,2031-01-01,12.5904,890.448421,2206,1446.57,5.0985,,,,,
2022-03-14,2033-01-01,12.7168,869.082888,2710,1610.62,5.6703,,,,,
2022-03-15,2023-01-01,13.147,996.988437,202,196.01,0.6874,,,,,
2022-03-15,2025-01-01,12.4805,965.080784,704,618.43,2.1818,,,,,
2022-03-15,2027-01-01,12.3022,941.851143,1205,960.78,3.395,,,,,
2022-03-15,2029-01-01,12.443,915.462071,1704,1232.52,4.3497,,,,,
2022-03-15,2031-01-01,12.3981,899.674703,2205,1449.78,5.1185,,,,,
2022-03-15,2033-01-01,12.5225,879.165116,2709,1616.17,5.6996,,,,,
2022-03-16,2023-01-01,13.1368,997.54682,201,195.01,0.684,,,,,
2022-03-16,2025-01-01,12.4922,965.284971,703,617.42,2.178,,,,,
2022-03-16,2027-01-01,12.2982,942.412974,1204,959.8,3.3916,,,,,
2022-03-16,2029-01-01,12.4403,915.995884,1703,1231.56,4.3464,,,,,
2022-03-16,2031-01-01,12.4295,898.645582,2204,1448.09,5.1111,,,,,
2022-03-16,2033-01-01,12.5613,877.633187,2708,1613.86,5.6895,,,,,
2022-03-17,2023-01-01,12.9516,999.295138,200,194.01,0.6816,,,,,
2022-03-17,2025-01-01,12.3337,969.077102,702,616.61,2.1782,,,,,
2022-03-17,2027-01-01,12.1953,946.14864,1203,959.32,3.393,,,,,
2022-03-17,2029-01-01,12.355,919.832075,1702,1231.58,4.3498,,,,,
2022-03-17,2031-01-01,12.3497,902.745442,2203,1448.84,5.1174,,,,,
2022-03-17,2033-01-01,12.485,881.8732,2707,1615.44,5.699,,,,,
2022-03-18,2023-01-01,12.9185,1000.002663,199,193.01,0.6783,,,,,
2022-03-18,2025-01-01,12.1203,974.044959,701,615.85,2.1797,,,,,
2022-03-18,2027-01-01,11.965,954.025782,1202,959.48,3.4006,,,,,
2022-03-18,2029-01-01,12.125,929.539316,1701,1233.36,4.365,,,,,
2022-03-18,2031-01-01,12.1306,913.384249,2202,1452.62,5.1408,,,,,
2022-03-18,2033-01-01,12.2466,894.408291,2706,1622.49,5.736,,,,,
2022-03-21,2023-01-01,12.9541,1000.244636,198,192.01,0.6746,,,,,
2022-03-21,2025-01-01,12.2926,970.839196,700,614.65,2.1721,,,,,
2022-03-21,2027-01-01,12.0505,951.681726,1201,958.05,3.3929,,,,,
2022-03-21,2029-01-01,12.19,927.325824,1700,1231.57,4.3562,,,,,
2022-03-21,2031-01-01,12.2094,910.104506,2201,1449.9,5.1275,,,,,
2022-03-21,2033-01-01,12.2645,893.899532,2705,1620.88,5.7294,,,,,
2022-03-22,2023-01-01,12.965,1000.655057,197,191.01,0.671,,,,,
2022-03-22,2025-01-01,12.1436,974.435805,699,613.83,2.1721,,,,,
2022-03-22,2027-01-01,11.9419,955.63233,1200,957.6,3.3946,,,,,
2022-03-22,2029-01-01,12.0961,931.558894,1699,1231.7,4.3603,,,,,
2022-03-22,2031-01-01,12.1625,912.716557,2200,1449.93,5.1298,,,,,
2022-03-22,2033-01-01,12.2168,896.761457,2704,1621.49,5.734,,,,,
2022-03-23,2023-01-01,13.005,1000.872042,196,190.01,0.6672,,,,,
2022-03-23,2025-01-01,12.135,975.061137,698,612.84,2.1687,,,,,
2022-03-23,2027-01-01,11.9266,956.557436,1199,956.67,3.3918,,,,,
2022-03-23,2029-01-01,12.0918,932.15603,1698,1230.76,4.3571,,,,,
2022-03-23,2031-01-01,12.18,912.312276,2199,1448.55,5.1241,,,,,
2022-03-23,2033-01-01,12.2035,897.856965,2703,1620.94,5.7327,,,,,
2022-03-24,2023-01-01,12.87,1002.255941,195,189.01,0.6645,,,,,
2022-03-24,2025-01-01,11.7872,982.901253,697,612.24,2.1734,,,,,
2022-03-24,2027-01-01,11.6277,966.766889,1198,957.18,3.4027,,,,,
2022-03-24,2029-01-01,11.8089,944.18687,1697,1233.16,4.3766,,,,,
2022-03-24,2031-01-01,11.9,925.977706,2198,1453.66,5.155,,,,,
2022-03-24,2033-01-01,11.9422,911.890583,2702,1628.77,5.7738,,,,,
2022-03-25,2023-01-01,12.785,1003.301338,194,188.02,0.6615,,,,,
2022-03-25,2025-01-01,11.5327,988.795414,696,611.54,2.1758,,,,,
2022-03-25,2027-01-01,11.4481,973.131154,1197,957.08,3.4078,,,,,
2022-03-25,2029-01-01,11.6692,950.411678,1696,1233.83,4.3845,,,,,
2022-03-25,2031-01-01,11.7804,932.134929,2197,1455.27,5.1663,,,,,
2022-03-25,2033-01-01,11.8268,918.414346,2701,1631.67,5.7901,,,,,
2022-03-28,2023-01-01,12.76,1003.945616,193,187.02,0.6582,,,,,
2022-03-28,2025-01-01,11.4871,990.205594,695,610.59,2.1733,,,,,
2022-03-28,2027-01-01,11.3602,976.475098,1196,956.52,3.4085,,,,,
2022-03-28,2029-01-01,11.5575,955.505682,1695,1234.17,4.3901,,,,,
2022-03-28,2031-01-01,11.6787,937.471167,2196,1456.49,5.1753,,,,,
2022-03-28,2033-01-01,11.7375,923.596007,2700,1633.69,5.8019,,,,,
2022-03-29,2023-01-01,12.7214,1004.678045,192,186.02,0.6549,,,,,
2022-03-29,2025-01-01,11.3925,992.672003,694,609.7,2.172,,,,,
2022-03-29,2027-01-01,11.3327,977.809312,1195,955.66,3.4063,,,,,
2022-03-29,2029-01-01,11.5225,957.392361,1694,1233.59,4.3894,,,,,
2022-03-29,2031-01-01,11.6278,940.360374,2195,1456.6,5.1781,,,,,
2022-03-29,2033-01-01,11.6739,927.425373,2699,1634.84,5.8093,,,,,
2022-03-30,2023-01-01,12.8006,1004.637376,191,185.02,0.6509,,,,,
2022-03-30,2025-01-01,11.5932,988.78382,693,608.47,2.1637,,,,,
2022-03-30,2027-01-01,11.494,972.866898,1194,953.85,3.3949,,,,,
2022-03-30,2029-01-01,11.6078,954.226555,1693,1231.57,4.3789,,,,,
2022-03-30,2031-01-01,11.7371,935.462436,2194,1453.21,5.161,,,,,
2022-03-30,2033-01-01,11.78,922.13384,2698,1630.25,5.7875,,,,,
2022-03-31,2023-01-01,12.7566,1005.404081,190,184.02,0.6476,,,,,
2022-03-31,2025-01-01,11.5308,990.550721,692,607.54,2.1616,,,,,
2022-03-31,2027-01-01,11.3927,976.645676,1193,953.36,3.3962,,,,,
2022-03-31,2029-01-01,11.49,959.589984,1692,1231.98,4.385,,,,,
2022-03-31,2031-01-01,11.6357,940.796612,2193,1454.42,5.17,,,,,
2022-03-31,2033-01-01,11.6713,928.378698,2697,1632.92,5.8026,,,,,
2022-04-01,2023-01-01,12.65,1006.574416,189,183.02,0.6447,,,,,
2022-04-01,2025-01-01,11.2813,996.343962,691,606.83,2.1639,,,,,
2022-04-01,2027-01-01,11.1661,984.632011,1192,953.49,3.4036,,,,,
2022-04-01,2029-01-01,11.2492,970.22811,1691,1233.87,4.4012,,,,,
2022-04-01,2031-01-01,11.3457,955.491922,2192,1459.74,5.2024,,,,,
2022-04-01,2033-01-01,11.4059,943.271739,2696,1640.9,5.8448,,,,,
2022-04-04,2023-01-01,12.6502,1007.049025,188,182.02,0.6412,,,,,
2022-04-04,2025-01-01,11.2166,998.163122,690,605.91,2.1619,,,,,
2022-04-04,2027-01-01,11.0395,989.307523,1191,953.12,3.4062,,,,,
2022-04-04,2029-01-01,11.1294,975.780965,1690,1234.3,4.4075,,,,,
2022-04-04,2031-01-01,11.2149,962.444299,2191,1461.59,5.2151,,,,,
2022-04-04,2033-01-01,11.2564,951.985242,2695,1644.96,5.8672,,,,,
2022-04-05,2023-01-01,12.7462,1006.908846,187,181.02,0.6371,,,,,
2022-04-05,2025-01-01,11.4605,993.341818,689,604.62,2.1526,,,,,
2022-04-05,2027-01-01,11.2683,982.040264,1190,950.98,3.3916,,,,,
2022-04-05,2029-01-01,11.3317,967.531846,1689,1230.88,4.3873,,,,,
2022-04-05,2031-01-01,11.3967,953.773619,2190,1456.63,5.1889,,,,,
2022-04-05,2033-01-01,11.4384,942.289134,2694,1637.8,5.8321,,,,,
2022-04-06,2023-01-01,12.7919,1007.096728,186,180.02,0.6333,,,,,
2022-04-06,2025-01-01,11.6238,990.286944,688,603.43,2.1452,,,,,
2022-04-06,2027-01-01,11.4065,977.862302,1189,949.29,3.3813,,,,,
2022-04-06,2029-01-01,11.4649,962.305368,1688,1228.28,4.3728,,,,,
2022-04-06,2031-01-01,11.5151,948.339416,2189,1453.05,5.1707,,,,,
2022-04-06,2033-01-01,11.5454,936.833029,2693,1633.18,5.8101,,,,,
2022-04-07,2023-01-01,12.7967,1007.547449,185,179.02,0.6298,,,,,
2022-04-07,2025-01-01,11.7479,988.08801,687,602.29,2.1388,,,,,
2022-04-07,2027-01-01,11.5668,972.994171,1188,947.48,3.37,,,,,
2022-04-07,2029-01-01,11.5866,957.610929,1687,1225.82,4.3593,,,,,
2022-04-07,2031-01-01,11.6542,941.953789,2188,1449.02,5.1499,,,,,
2022-04-07,2033-01-01,11.6779,930.05862,2692,1627.7,5.7837,,,,,
2022-04-08,2023-01-01,13.0,1006.747575,184,178.01,0.6251,,,,,
2022-04-08,2025-01-01,12.0055,983.102149,686,600.99,2.1292,,,,,
2022-04-08,2027-01-01,11.8078,965.548766,1187,945.27,3.3549,,,,,
2022-04-08,2029-01-01,11.795,949.371839,1686,1222.32,4.3387,,,,,
2022-04-08,2031-01-01,11.8566,932.606763,2187,1443.61,5.1214,,,,,
2022-04-08,2033-01-01,11.8719,920.103948,2691,1620.14,5.7469,,,,,
2022-04-11,2023-01-01,13.1224,1006.470308,183,177.01,0.6209,,,,,
2022-04-11,2025-01-01,12.2202,979.065605,685,599.74,2.1208,,,,,
2022-04-11,2027-01-01,11.9739,960.609648,1186,943.44,3.3435,,,,,
2022-04-11,2029-01-01,11.8978,945.565029,1685,1220.09,4.3268,,,,,
2022-04-11,2031-01-01,11.9456,928.778197,2186,1440.66,5.1069,,,,,
2022-04-11,2033-01-01,11.9311,917.386924,2690,1617.14,5.7332,,,,,
2022-04-12,2023-01-01,13.1345,1006.88766,182,176.01,0.6174,,,,,
2022-04-12,2025-01-01,12.2496,978.903453,684,598.7,2.1165,,,,,
2022-04-12,2027-01-01,12.0065,959.993154,1185,942.27,3.3384,,,,,
2022-04-12,2029-01-01,11.985,942.42387,1684,1218.04,4.3162,,,,,
2022-04-12,2031-01-01,12.0505,924.230378,2185,1437.37,5.0904,,,,,
2022-04-12,2033-01-01,12.0354,912.328702,2689,1612.62,5.7118,,,,,
2022-04-13,2023-01-01,13.0941,1007.630766,181,175.01,0.6141,,,,,
2022-04-13,2025-01-01,12.2455,979.43739,683,597.71,2.1131,,,,,
2022-04-13,2027-01-01,11.9847,961.125202,1184,941.38,3.3359,,,,,
2022-04-13,2029-01-01,11.998,942.317945,1683,1216.88,4.3116,,,,,
2022-04-13,2031-01-01,12.0566,924.360392,2184,1436.24,5.0862,,,,,
2022-04-13,2033-01-01,12.05,911.978814,2688,1611.13,5.7058,,,,,
2022-04-14,2023-01-01,13.1262,1007.925371,180,174.01,0.6104,,,,,
2022-04-14,2025-01-01,12.3682,977.351878,682,596.57,2.1068,,,,,
2022-04-14,2027-01-01,12.1226,957.143929,1183,939.69,3.3258,,,,,
2022-04-14,2029-01-01,12.145,936.787894,1682,1214.12,4.2962,,,,,
2022-04-14,2031-01-01,12.2331,916.521746,2183,1431.39,5.061,,,,,
2022-04-14,2033-01-01,12.2384,902.653222,2687,1603.76,5.6702,,,,,
2022-04-18,2023-01-01,13.075,1008.732249,179,173.01,0.6072,,,,,
2022-04-18,2025-01-01,12.2612,980.011288,681,595.69,2.1057,,,,,
2022-04-18,2027-01-01,12.0255,960.68111,1182,939.18,3.3268,,,,,
2022-04-18,2029-01-01,12.085,939.636793,1681,1213.84,4.2975,,,,,
2022-04-18,2031-01-01,12.1515,920.74415,2182,1432.17,5.0674,,,,,
2022-04-18,2033-01-01,12.1781,906.165615,2686,1604.8,5.6769,,,,,
2022-04-19,2023-01-01,13.0668,1009.274209,178,172.01,0.6037,,,,,
2022-04-19,2025-01-01,12.2671,980.339433,680,594.68,2.102,,,,,
2022-04-19,2027-01-01,12.0534,960.221742,1181,938.04,3.322,,,,,
2022-04-19,2029-01-01,12.1216,938.583916,1680,1212.4,4.291,,,,,
2022-04-19,2031-01-01,12.2092,918.472673,2181,1429.91,5.0568,,,,,
2022-04-19,2033-01-01,12.2397,903.414095,2685,1601.72,5.6629,,,,,
2022-04-20,2023-01-01,13.09,1009.625607,177,171.01,0.6001,,,,,
2022-04-20,2025-01-01,12.3074,979.959725,679,593.64,2.0975,,,,,
2022-04-20,2027-01-01,12.0479,960.831198,1180,937.06,3.3187,,,,,
2022-04-20,2029-01-01,12.1145,939.296572,1679,1211.48,4.288,,,,,
2022-04-20,2031-01-01,12.215,918.622874,2180,1428.78,5.0526,,,,,
2022-04-20,2033-01-01,12.222,904.735631,2684,1601.32,5.6624,,,,,
2022-04-22,2023-01-01,13.07,1010.239111,176,170.01,0.5967,,,,,
2022-04-22,2025-01-01,12.3459,979.620271,678,592.59,2.0931,,,,,
2022-04-22,2027-01-01,12.23,955.475221,1179,935.15,3.3065,,,,,
2022-04-22,2029-01-01,12.315,931.685641,1678,1208.07,4.2683,,,,,
2022-04-22,2031-01-01,12.3927,910.836974,2179,1423.9,5.0274,,,,,
2022-04-22,2033-01-01,12.3921,896.487299,2683,1594.57,5.63,,,,,
2022-04-25,2023-01-01,12.975,1011.30161,175,169.01,0.5937,,,,,
2022-04-25,2025-01-01,12.1941,983.193206,677,591.77,2.0931,,,,,
2022-04-25,2027-01-01,12.065,961.153567,1178,934.98,3.3108,,,,,
2022-04-25,2029-01-01,12.16,938.317434,1677,1208.93,4.2772,,,,,
2022-04-25,2031-01-01,12.2308,918.729595,2178,1426.44,5.0436,,,,,
2022-04-25,2033-01-01,12.24,904.64142,2682,1598.71,5.6522,,,,,
2022-04-26,2023-01-01,13.0523,1011.33002,174,168.01,0.5897,,,,,
2022-04-26,2025-01-01,12.3493,980.456138,676,590.59,2.086,,,,,
2022-04-26,2027-01-01,12.2363,956.151396,1177,933.11,3.2991,,,,,
2022-04-26,2029-01-01,12.3071,932.859365,1676,1206.16,4.2618,,,,,
2022-04-26,2031-01-01,12.3676,912.833862,2177,1422.45,5.0234,,,,,
2022-04-26,2033-01-01,12.3782,898.021736,2681,1593.04,5.6253,,,,,
2022-04-27,2023-01-01,13.0042,1012.10789,173,167.01,0.5865,,,,,
2022-04-27,2025-01-01,12.2244,983.468952,675,589.73,2.0853,,,,,
2022-04-27,2027-01-01,12.1301,959.952801,1176,932.65,3.3006,,,,,
2022-04-27,2029-01-01,12.2524,935.470628,1675,1205.82,4.2627,,,,,
2022-04-27,2031-01-01,12.3292,915.022462,2176,1422.29,5.0245,,,,,
2022-04-27,2033-01-01,12.3344,900.657622,2680,1593.52,5.6292,,,,,
2022-04-28,2023-01-01,13.0597,1012.271536,172,166.01,0.5827,,,,,
2022-04-28,2025-01-01,12.2466,983.46401,674,588.71,2.0813,,,,,
2022-04-28,2027-01-01,12.0967,961.449645,1175,931.82,3.2987,,,,,
2022-04-28,2029-01-01,12.2151,937.391022,1674,1205.27,4.2622,,,,,
2022-04-28,2031-01-01,12.281,917.668206,2175,1422.34,5.0269,,,,,
2022-04-28,2033-01-01,12.3099,902.318621,2679,1593.35,5.6298,,,,,
2022-04-29,2023-01-01,13.065,1012.733633,171,165.01,0.5791,,,,,
2022-04-29,2025-01-01,12.2683,983.470949,673,587.68,2.0772,,,,,
2022-04-29,2027-01-01,12.09,962.098245,1174,930.85,3.2954,,,,,
2022-04-29,2029-01-01,12.1753,939.414204,1673,1204.75,4.2619,,,,,
2022-04-29,2031-01-01,12.2604,919.04262,2174,1421.79,5.0258,,,,,
2022-04-29,2033-01-01,12.3,903.238229,2678,1592.68,5.6279,,,,,
2022-05-02,2023-01-01,13.115,1012.935719,170,164.01,0.5754,,,,,
2022-05-02,2025-01-01,12.406,981.115622,672,586.52,2.0706,,,,,
2022-05-02,2027-01-01,12.2442,957.655925,1173,929.07,3.2846,,,,,
2022-05-02,2029-01-01,12.3244,933.891929,1672,1201.95,4.2463,,,,,
2022-05-02,2031-01-01,12.3665,914.575458,2173,1418.47,5.0094,,,,,
2022-05-02,2033-01-01,12.3778,899.706978,2677,1589.06,5.6112,,,,,
2022-05-03,2023-01-01,13.155,1013.199446,169,163.01,0.5717,,,,,
2022-05-03,2025-01-01,12.4128,981.432908,671,585.51,2.0669,,,,,
2022-05-03,2027-01-01,12.2644,957.458968,1172,927.97,3.2801,,,,,
2022-05-03,2029-01-01,12.335,933.901912,1671,1200.83,4.2419,,,,,
2022-05-03,2031-01-01,12.3757,914.576703,2172,1417.27,5.0047,,,,,
2022-05-03,2033-01-01,12.39,899.507258,2676,1587.64,5.6056,,,,,
2022-05-04,2023-01-01,13.0781,1014.139609,168,162.01,0.5685,,,,,
2022-05-04,2025-01-01,12.2895,984.394859,670,584.66,2.0662,,,,,
2022-05-04,2027-01-01,12.1678,960.943735,1171,927.46,3.2812,,,,,
2022-05-04,2029-01-01,12.26,937.31538,1670,1200.73,4.2444,,,,,
2022-05-04,2031-01-01,12.3127,917.895206,2171,1417.65,5.0089,,,,,
2022-05-04,2033-01-01,12.3264,903.144541,2675,1588.79,5.6129,,,,,
2022-05-05,2023-01-01,13.274,1013.512878,167,161.0,0.564,,,,,
2022-05-05,2025-01-01,12.5615,979.338982,669,583.34,2.0565,,,,,
2022-05-05,2027-01-01,12.4509,952.502146,1170,925.03,3.2643,,,,,
2022-05-05,2029-01-01,12.5398,926.693344,1669,1196.36,4.2185,,,,,
2022-05-05,2031-01-01,12.542,907.849005,2170,1411.63,4.9774,,,,,
2022-05-05,2033-01-01,12.5726,891.195071,2674,1579.48,5.5678,,,,,
2022-05-06,2023-01-01,13.379,1013.417938,166,160.0,0.56,,,,,
2022-05-06,2025-01-01,12.7945,975.123218,668,582.07,2.0478,,,,,
2022-05-06,2027-01-01,12.652,946.713563,1169,923.01,3.2514,,,,,
2022-05-06,2029-01-01,12.7192,920.143095,1668,1193.19,4.2006,,,,,
2022-05-06,2031-01-01,12.7319,899.740514,2169,1406.48,4.9509,,,,,
2022-05-06,2033-01-01,12.745,883.110822,2673,1572.67,5.5353,,,,,
2022-05-09,2023-01-01,13.3291,1014.204691,165,159.0,0.5568,,,,,
2022-05-09,2025-01-01,12.6473,978.535506,667,581.24,2.0475,,,,,
2022-05-09,2027-01-01,12.5536,950.201495,1168,922.51,3.2525,,,,,
2022-05-09,2029-01-01,12.6529,923.151847,1667,1192.99,4.2024,,,,,
2022-05-09,2031-01-01,12.6667,903.084411,2168,1406.9,4.9553,,,,,
2022-05-09,2033-01-01,12.6956,885.954577,2672,1573.34,5.5401,,,,,
2022-05-10,2023-01-01,13.3062,1014.836979,164,158.0,0.5534,,,,,
2022-05-10,2025-01-01,12.5168,981.618226,666,580.39,2.0469,,,,,
2022-05-10,2027-01-01,12.4436,954.060767,1167,922.07,3.2541,,,,,
2022-05-10,2029-01-01,12.565,927.012499,1666,1193.05,4.2059,,,,,
2022-05-10,2031-01-01,12.5638,908.141543,2167,1408.16,4.9642,,,,,
2022-05-10,2033-01-01,12.61,890.597644,2671,1575.22,5.5509,,,,,
2022-05-11,2023-01-01,13.365,1015.012049,163,157.0,0.5496,,,,,
2022-05-11,2025-01-01,12.6542,979.32276,665,579.23,2.0404,,,,,
2022-05-11,2027-01-01,12.5638,950.778325,1166,920.46,3.2449,,,,,
2022-05-11,2029-01-01,12.6872,922.69449,1665,1190.57,4.1926,,,,,
2022-05-11,2031-01-01,12.675,903.567814,2166,1404.72,4.9472,,,,,
2022-05-11,2033-01-01,12.73,885.107363,2670,1570.18,5.5272,,,,,
2022-05-12,2023-01-01,13.4365,1015.121141,162,156.0,0.5457,,,,,
2022-05-12,2025-01-01,12.7286,978.300957,664,578.15,2.0352,,,,,
2022-05-12,2027-01-01,12.6196,949.503175,1165,919.18,3.2388,,,,,
2022-05-12,2029-01-01,12.7315,921.418064,1664,1189.04,4.1855,,,,,
2022-05-12,2031-01-01,12.714,902.252248,2165,1402.87,4.939,,,,,
2022-05-12,2033-01-01,12.7306,885.498937,2669,1569.16,5.5236,,,,,
2022-05-13,2023-01-01,13.4762,1015.410559,161,155.0,0.542,,,,,
2022-05-13,2025-01-01,12.7755,977.833056,663,577.09,2.0306,,,,,
2022-05-13,2027-01-01,12.5887,950.903392,1164,918.33,3.2367,,,,,
2022-05-13,2029-01-01,12.6585,924.682016,1663,1188.92,4.1878,,,,,
2022-05-13,2031-01-01,12.6349,906.221579,2164,1403.6,4.945,,,,,
2022-05-13,2033-01-01,12.685,888.157935,2668,1569.69,5.5277,,,,,
2022-05-16,2023-01-01,13.415,1016.255072,160,154.0,0.5388,,,,,
2022-05-16,2025-01-01,12.665,980.497668,662,576.22,2.0295,,,,,
2022-05-16,2027-01-01,12.4513,955.599603,1163,918.03,3.2396,,,,,
2022-05-16,2029-01-01,12.515,930.708822,1662,1189.65,4.1958,,,,,
2022-05-16,2031-01-01,12.4525,914.891808,2163,1406.59,4.9636,,,,,
2022-05-16,2033-01-01,12.4972,897.886654,2667,1575.03,5.5558,,,,,
2022-05-17,2023-01-01,13.385,1016.926182,159,153.0,0.5355,,,,,
2022-05-17,2025-01-01,12.6102,982.053234,661,575.28,2.0272,,,,,
2022-05-17,2027-01-01,12.449,956.116014,1162,917.04,3.2362,,,,,
2022-05-17,2029-01-01,12.5094,931.363458,1661,1188.72,4.1927,,,,,
2022-05-17,2031-01-01,12.4647,914.763346,2162,1405.32,4.9586,,,,,
2022-05-17,2033-01-01,12.5023,898.051617,2666,1573.86,5.5514,,,,,
2022-05-18,2023-01-01,13.355,1017.595643,158,152.0,0.5321,,,,,
2022-05-18,2025-01-01,12.5904,982.910488,660,574.31,2.0241,,,,,
2022-05-18,2027-01-01,12.4377,956.911519,1161,916.1,3.2332,,,,,
2022-05-18,2029-01-01,12.509,931.814823,1660,1187.73,4.1892,,,,,
2022-05-18,2031-01-01,12.4513,915.798936,2161,1404.62,4.9567,,,,,
2022-05-18,2033-01-01,12.5033,898.421609,2665,1572.82,5.5477,,,,,
2022-05-19,2023-01-01,13.302,1018.387305,157,151.0,0.5289,,,,,
2022-05-19,2025-01-01,12.44,986.372558,659,573.48,2.0239,,,,,
2022-05-19,2027-01-01,12.2637,962.769922,1160,915.98,3.2378,,,,,
2022-05-19,2029-01-01,12.355,938.299274,1659,1188.58,4.198,,,,,
2022-05-19,2031-01-01,12.3305,921.742346,2160,1406.26,4.9678,,,,,
2022-05-19,2033-01-01,12.371,905.482774,2664,1576.29,5.5665,,,,,
2022-05-20,2023-01-01,13.2959,1018.924779,156,150.0,0.5254,,,,,
2022-05-20,2025-01-01,12.3525,988.580856,658,572.58,2.0223,,,,,
2022-05-20,2027-01-01,12.1415,967.03769,1159,915.59,3.2399,,,,,
2022-05-20,2029-01-01,12.2437,943.138479,1658,1188.93,4.2033,,,,,
2022-05-20,2031-01-01,12.23,926.794224,2159,1407.45,4.9765,,,,,
2022-05-20,2033-01-01,12.2693,911.057805,2663,1578.72,5.5801,,,,,
2022-05-23,2023-01-01,13.2911,1019.455185,155,149.0,0.5219,,,,,
2022-05-23,2025-01-01,12.2928,990.232571,657,571.65,2.0201,,,,,
2022-05-23,2027-01-01,12.0566,970.146727,1158,915.02,3.2404,,,,,
2022-05-23,2029-01-01,12.1577,946.994111,1657,1188.96,4.2067,,,,,
2022-05-23,2031-01-01,12.1872,929.198963,2158,1407.39,4.9782,,,,,
2022-05-23,2033-01-01,12.2,915.014959,2662,1580.06,5.5883,,,,,
2022-05-24,2023-01-01,13.4336,1019.207423,154,148.0,0.5177,,,,,
2022-05-24,2025-01-01,12.5149,986.260569,656,570.39,2.0117,,,,,
2022-05-24,2027-01-01,12.2921,963.211848,1157,912.83,3.2258,,,,,
2022-05-24,2029-01-01,12.3786,938.671875,1656,1185.3,4.1855,,,,,
2022-05-24,2031-01-01,12.3971,919.973712,2157,1401.8,4.9492,,,,,
2022-05-24,2033-01-01,12.4094,904.806563,2661,1571.99,5.5494,,,,,
2022-05-25,2023-01-01,13.438,1019.694273,153,147.0,0.5142,,,,,
2022-05-25,2025-01-01,12.543,986.164869,655,569.36,2.0076,,,,,
2022-05-25,2027-01-01,12.3922,960.547568,1156,911.33,3.2176,,,,,
2022-05-25,2029-01-01,12.508,934.035505,1655,1182.74,4.1716,,,,,
2022-05-25,2031-01-01,12.5143,915.078943,2156,1398.24,4.9314,,,,,
2022-05-25,2033-01-01,12.5441,898.492703,2660,1566.45,5.5232,,,,,
2022-05-26,2023-01-01,13.3675,1020.57212,152,146.0,0.5111,,,,,
2022-05-26,2025-01-01,12.339,990.679104,654,568.6,2.0085,,,,,
2022-05-26,2027-01-01,12.24,965.720639,1155,911.1,3.2212,,,,,
2022-05-26,2029-01-01,12.3558,940.439036,1654,1183.58,4.1802,,,,,
2022-05-26,2031-01-01,12.4281,919.415691,2155,1399.12,4.9383,,,,,
2022-05-26,2033-01-01,12.4797,902.123387,2659,1567.62,5.5305,,,,,
2022-05-27,2023-01-01,13.3513,1021.164331,151,145.0,0.5076,,,,,
2022-05-27,2025-01-01,12.39,990.122597,653,567.54,2.0039,,,,,
2022-05-27,2027-01-01,12.2629,965.450224,1154,909.98,3.2166,,,,,
2022-05-27,2029-01-01,12.3444,941.322873,1653,1182.71,4.1776,,,,,
2022-05-27,2031-01-01,12.4033,920.972016,2154,1398.67,4.9378,,,,,
2022-05-27,2033-01-01,12.4459,904.235665,2658,1567.76,5.5327,,,,,
2022-05-30,2023-01-01,13.43,1021.267168,150,144.0,0.5038,,,,,
2022-05-30,2025-01-01,12.6569,985.307837,652,566.23,1.9945,,,,,
2022-05-30,2027-01-01,12.5626,956.637723,1153,907.47,3.1992,,,,,
2022-05-30,2029-01-01,12.6482,929.903547,1652,1178.05,4.1499,,,,,
2022-05-30,2031-01-01,12.7055,907.787543,2153,1391.06,4.8978,,,,,
2022-05-30,2033-01-01,12.7438,889.921235,2657,1556.71,5.4792,,,,,
2022-05-31,2023-01-01,13.3988,1021.937512,149,143.0,0.5004,,,,,
2022-05-31,2025-01-01,12.5282,988.308243,651,565.38,1.9938,,,,,
2022-05-31,2027-01-01,12.4569,960.334643,1152,907.0,3.2005,,,,,
2022-05-31,2029-01-01,12.5274,935.028741,1651,1178.5,4.156,,,,,
2022-05-31,2031-01-01,12.576,914.01292,2152,1392.89,4.9099,,,,,
2022-05-31,2033-01-01,12.61,896.915644,2656,1560.22,5.4981,,,,,
2022-06-01,2023-01-01,13.4243,1022.318022,148,142.0,0.4968,,,,,
2022-06-01,2025-01-01,12.6364,986.642712,650,564.25,1.9879,,,,,
2022-06-01,2027-01-01,12.59,956.697903,1151,905.33,3.1908,,,,,
2022-06-01,2029-01-01,12.6676,930.03393,1650,1175.81,4.1413,,,,,
2022-06-01,2031-01-01,12.724,907.826624,2151,1388.65,4.8885,,,,,
2022-06-01,2033-01-01,12.7501,890.461331,2655,1554.5,5.4711,,,,,
2022-06-02,2023-01-01,13.455,1022.674301,147,141.0,0.4932,,,,,
2022-06-02,2025-01-01,12.715,985.568918,649,563.16,1.9827,,,,,
2022-06-02,2027-01-01,12.6975,953.86997,1150,903.78,3.1824,,,,,
2022-06-02,2029-01-01,12.7386,927.741534,1649,1173.95,4.1322,,,,,
2022-06-02,2031-01-01,12.7665,906.372086,2150,1386.72,4.8799,,,,,
2022-06-02,2033-01-01,12.8028,888.320254,2654,1551.72,5.4588,,,,,
2022-06-03,2023-01-01,13.4449,1023.237331,146,140.0,0.4897,,,,,
2022-06-03,2025-01-01,12.6917,986.492617,648,562.19,1.9797,,,,,
2022-06-03,2027-01-01,12.611,956.957428,1149,903.22,3.1828,,,,,
2022-06-03,2029-01-01,12.6662,930.9687,1648,1173.83,4.1344,,,,,
2022-06-03,2031-01-01,12.6836,910.487954,2149,1387.54,4.8863,,,,,
2022-06-03,2033-01-01,12.7111,893.215311,2653,1553.81,5.4706,,,,,
2022-06-06,2023-01-01,13.465,1023.649639,145,139.0,0.4861,,,,,
2022-06-06,2025-01-01,12.7025,986.749587,647,561.18,1.9759,,,,,
2022-06-06,2027-01-01,12.6681,955.669146,1148,901.93,3.1767,,,,,
2022-06-06,2029-01-01,12.7169,929.458121,1647,1172.22,4.1268,,,,,
2022-06-06,2031-01-01,12.7194,909.326379,2148,1385.75,4.8785,,,,,
2022-06-06,2033-01-01,12.7563,891.432078,2652,1551.29,5.4595,,,,,
2022-06-07,2023-01-01,13.5115,1023.933138,144,138.0,0.4824,,,,,
2022-06-07,2025-01-01,12.8647,984.063267,646,559.99,1.9689,,,,,
2022-06-07,2027-01-01,12.8475,950.68989,1147,900.02,3.1649,,,,,
2022-06-07,2029-01-01,12.8799,923.669218,1646,1169.24,4.1104,,,,,
2022-06-07,2031-01-01,12.9174,901.024883,2147,1380.42,4.8512,,,,,
2022-06-07,2033-01-01,12.95,882.494382,2651,1543.76,5.4237,,,,,
2022-06-08,2023-01-01,13.51,1024.455576,143,137.0,0.4789,,,,,
2022-06-08,2025-01-01,12.8832,984.177616,645,558.96,1.965,,,,,
2022-06-08,2027-01-01,12.851,951.040525,1146,899.01,3.1612,,,,,
2022-06-08,2029-01-01,12.8522,925.167486,1645,1168.58,4.1091,,,,,
2022-06-08,2031-01-01,12.8639,903.806128,2146,1380.59,4.8541,,,,,
2022-06-08,2033-01-01,12.8736,886.594684,2650,1545.34,5.4329,,,,,
2022-06-09,2023-01-01,13.4039,1025.488281,142,136.0,0.4759,,,,,
2022-06-09,2025-01-01,12.685,988.49572,644,558.2,1.9657,,,,,
2022-06-09,2027-01-01,12.7224,955.380404,1145,898.66,3.1636,,,,,
2022-06-09,2029-01-01,12.7595,929.150594,1644,1168.7,4.1129,,,,,
2022-06-09,2031-01-01,12.8237,906.009257,2145,1380.47,4.8554,,,,,
2022-06-09,2033-01-01,12.8389,888.697043,2649,1545.51,5.4351,,,,,
2022-06-10,2023-01-01,13.3942,1026.047297,141,135.0,0.4724,,,,,
2022-06-10,2025-01-01,12.6877,988.911829,643,557.19,1.9621,,,,,
2022-06-10,2027-01-01,12.7427,955.220366,1144,897.55,3.1592,,,,,
2022-06-10,2029-01-01,12.7824,928.717681,1643,1167.42,4.1076,,,,,
2022-06-10,2031-01-01,12.8491,905.325087,2144,1378.91,4.8488,,,,,
2022-06-10,2033-01-01,12.8599,888.108283,2648,1543.8,5.4281,,,,,
2022-06-13,2023-01-01,13.567,1025.728364,140,134.0,0.4682,,,,,
2022-06-13,2025-01-01,12.9384,984.534637,642,555.9,1.9532,,,,,
2022-06-13,2027-01-01,12.9923,948.175138,1143,895.29,3.1442,,,,,
2022-06-13,2029-01-01,13.0064,920.661135,1642,1163.71,4.0864,,,,,
2022-06-13,2031-01-01,13.0286,897.919159,2143,1373.98,4.8238,,,,,
2022-06-13,2033-01-01,13.032,880.287209,2647,1537.0,5.396,,,,,
2022-06-14,2023-01-01,13.71,1025.565016,139,132.99,0.4641,,,,,
2022-06-14,2025-01-01,13.284,978.398779,641,554.5,1.9424,,,,,
2022-06-14,2027-01-01,13.2607,940.670582,1142,892.93,3.1285,,,,,
2022-06-14,2029-01-01,13.2467,912.119407,1641,1159.8,4.064,,,,,
2022-06-14,2031-01-01,13.2752,887.753565,2142,1367.58,4.7909,,,,,
2022-06-14,2033-01-01,13.2719,869.4195,2646,1527.93,5.3528,,,,,
2022-06-15,2023-01-01,13.6184,1026.521242,138,131.99,0.461,,,,,
2022-06-15,2025-01-01,12.9141,985.952683,640,553.93,1.9467,,,,,
2022-06-15,2027-01-01,12.921,951.225707,1141,893.65,3.1405,,,,,
2022-06-15,2029-01-01,12.9427,923.958713,1640,1162.48,4.0844,,,,,
2022-06-15,2031-01-01,12.98,900.903941,2141,1373.05,4.8226,,,,,
2022-06-15,2033-01-01,13.0146,881.971581,2645,1535.59,5.3919,,,,,
2022-06-17,2023-01-01,13.57,1027.268959,137,131.0,0.4577,,,,,
2022-06-17,2025-01-01,12.6862,990.817609,639,553.19,1.9481,,,,,
2022-06-17,2027-01-01,12.7016,958.281517,1140,893.76,3.147,,,,,
2022-06-17,2029-01-01,12.7737,930.824715,1639,1163.53,4.0942,,,,,
2022-06-17,2031-01-01,12.8489,907.072635,2140,1374.92,4.8348,,,,,
2022-06-17,2033-01-01,12.8871,888.504442,2644,1538.88,5.4095,,,,,
2022-06-20,2023-01-01,13.6,1027.647792,136,130.0,0.4541,,,,,
2022-06-20,2025-01-01,12.6372,992.233845,638,552.25,1.9456,,,,,
2022-06-20,2027-01-01,12.6355,960.735669,1139,893.1,3.1465,,,,,
2022-06-20,2029-01-01,12.7088,933.750641,1638,1163.31,4.0958,,,,,
2022-06-20,2031-01-01,12.7853,910.307934,2139,1375.31,4.8389,,,,,
2022-06-20,2033-01-01,12.8138,892.470929,2643,1540.35,5.4182,,,,,
2022-06-21,2023-01-01,13.5866,1028.230006,135,129.0,0.4507,,,,,
2022-06-21,2025-01-01,12.6436,992.578976,637,551.24,1.9419,,,,,
2022-06-21,2027-01-01,12.6602,960.44207,1138,891.97,3.1418,,,,,
2022-06-21,2029-01-01,12.769,931.892546,1637,1161.59,4.0875,,,,,
2022-06-21,2031-01-01,12.8307,908.743016,2138,1373.32,4.83,,,,,
2022-06-21,2033-01-01,12.8747,889.95667,2642,1537.3,5.4046,,,,,
2022-06-22,2023-01-01,13.57,1028.826318,134,128.0,0.4472,,,,,
2022-06-22,2025-01-01,12.4961,995.897594,636,550.42,1.9416,,,,,
2022-06-22,2027-01-01,12.5028,965.670384,1137,891.77,3.1455,,,,,
2022-06-22,2029-01-01,12.6465,937.02734,1636,1162.07,4.0937,,,,,
2022-06-22,2031-01-01,12.7056,914.703234,2137,1375.05,4.8414,,,,,
2022-06-22,2033-01-01,12.7277,897.509191,2641,1541.25,5.4255,,,,,
2022-06-23,2023-01-01,13.5292,1029.532372,133,127.0,0.4439,,,,,
2022-06-23,2025-01-01,12.4136,997.960294,635,549.51,1.9398,,,,,
2022-06-23,2027-01-01,12.4503,967.720911,1136,891.03,3.1444,,,,,
2022-06-23,2029-01-01,12.621,938.450577,1635,1161.37,4.0922,,,,,
2022-06-23,2031-01-01,12.6786,916.336254,2136,1374.64,4.8411,,,,,
2022-06-23,2033-01-01,12.7371,897.477796,2640,1539.94,5.4205,,,,,
2022-06-24,2023-01-01,13.66,1029.458063,132,125.99,0.4399,,,,,
2022-06-24,2025-01-01,12.7063,992.782627,634,548.17,1.93,,,,,
2022-06-24,2027-01-01,12.7368,959.498246,1135,888.58,3.1278,,,,,
2022-06-24,2029-01-01,12.8483,930.211145,1634,1157.63,4.0707,,,,,
2022-06-24,2031-01-01,12.8521,909.110372,2135,1369.85,4.8168,,,,,
2022-06-24,2033-01-01,12.8924,890.38911,2639,1533.7,5.3911,,,,,
2022-06-27,2023-01-01,13.685,1029.868913,131,124.99,0.4363,,,,,
2022-06-27,2025-01-01,12.7378,992.650677,633,547.13,1.9259,,,,,
2022-06-27,2027-01-01,12.7696,958.969758,1134,887.42,3.1227,,,,,
2022-06-27,2029-01-01,12.8824,929.36563,1633,1156.21,4.0645,,,,,
2022-06-27,2031-01-01,12.9121,906.920869,2134,1367.53,4.8061,,,,,
2022-06-27,2033-01-01,12.9429,888.395425,2638,1531.0,5.3792,,,,,
2022-06-28,2023-01-01,13.81,1029.836234,130,123.99,0.4323,,,,,
2022-06-28,2025-01-01,13.0514,987.156187,632,545.77,1.9157,,,,,
2022-06-28,2027-01-01,13.082,950.124914,1133,884.83,3.105,,,,,
2022-06-28,2029-01-01,13.206,917.689032,1632,1151.29,4.0357,,,,,
2022-06-28,2031-01-01,13.2161,894.23258,2133,1359.88,4.7664,,,,,
2022-06-28,2033-01-01,13.2378,874.887032,2637,1520.07,5.3269,,,,,
2022-06-29,2023-01-01,13.8121,1030.355741,129,122.99,0.4288,,,,,
2022-06-29,2025-01-01,13.05,987.663324,631,544.77,1.9122,,,,,
2022-06-29,2027-01-01,13.0385,951.875071,1132,884.06,3.1035,,,,,
2022-06-29,2029-01-01,13.1559,920.001784,1631,1150.9,4.0361,,,,,
2022-06-29,2031-01-01,13.1791,896.254784,2132,1359.69,4.7673,,,,,
2022-06-29,2033-01-01,13.1986,877.151152,2636,1520.39,5.3298,,,,,
2022-06-30,2023-01-01,13.8084,1030.901093,128,121.99,0.4254,,,,,
2022-06-30,2025-01-01,12.89,991.173387,630,543.96,1.9121,,,,,
2022-06-30,2027-01-01,12.9111,956.11828,1131,883.7,3.1058,,,,,
2022-06-30,2029-01-01,13.0435,924.646934,1630,1151.26,4.0414,,,,,
2022-06-30,2031-01-01,13.0815,900.886736,2131,1360.82,4.7754,,,,,
2022-06-30,2033-01-01,13.1058,881.944251,2635,1522.52,5.3417,,,,,
2022-07-01,2023-01-01,13.7178,983.015978,127,127.0,0.4432,,,,,
2022-07-01,2025-01-01,12.7965,944.616088,629,571.12,2.0092,,,,,
2022-07-01,2027-01-01,12.85,909.589845,1130,930.34,3.2715,,,,,
2022-07-01,2029-01-01,13.02,877.168108,1629,1214.48,4.2642,,,,,
2022-07-01,2031-01-01,13.0086,855.666985,2130,1438.94,5.0528,,,,,
2022-07-01,2033-01-01,13.03,837.153884,2634,1612.76,5.6621,,,,,
2022-07-04,2023-01-01,13.7434,983.406875,126,126.0,0.4396,,,,,
2022-07-04,2025-01-01,12.9032,943.045459,628,570.04,2.0036,,,,,
2022-07-04,2027-01-01,12.935,907.497844,1129,929.02,3.2643,,,,,
2022-07-04,2029-01-01,13.0772,875.455025,1628,1212.91,4.2565,,,,,
2022-07-04,2031-01-01,13.0566,854.007145,2129,1437.02,5.0439,,,,,
2022-07-04,2033-01-01,13.0763,835.367206,2633,1610.34,5.6513,,,,,
2022-07-05,2023-01-01,13.75,983.881217,125,125.0,0.4361,,,,,
2022-07-05,2025-01-01,13.0141,941.407552,627,568.97,1.9978,,,,,
2022-07-05,2027-01-01,13.0364,904.934293,1128,927.64,3.2566,,,,,
2022-07-05,2029-01-01,13.1783,872.120163,1627,1210.89,4.2456,,,,,
2022-07-05,2031-01-01,13.1703,849.537375,2128,1433.83,5.0277,,,,,
2022-07-05,2033-01-01,13.1796,830.911857,2632,1606.18,5.6315,,,,,
2022-07-06,2023-01-01,13.79,984.21406,124,124.0,0.4324,,,,,
2022-07-06,2025-01-01,13.0452,941.279981,626,567.95,1.9937,,,,,
2022-07-06,2027-01-01,13.0703,904.374592,1127,926.51,3.2516,,,,,
2022-07-06,2029-01-01,13.2155,871.170652,1626,1209.52,4.2394,,,,,
2022-07-06,2031-01-01,13.2305,847.384577,2127,1431.67,5.0174,,,,,
2022-07-06,2033-01-01,13.2625,827.44872,2631,1602.64,5.615,,,,,
2022-07-07,2023-01-01,13.7861,984.735208,123,123.0,0.429,,,,,
2022-07-07,2025-01-01,12.9542,943.448377,625,567.01,1.992,,,,,
2022-07-07,2027-01-01,12.9488,908.404115,1126,925.97,3.2532,,,,,
2022-07-07,2029-01-01,13.1165,875.272774,1625,1209.51,4.2431,,,,,
2022-07-07,2031-01-01,13.1592,850.846973,2126,1432.05,5.0219,,,,,
2022-07-07,2033-01-01,13.1819,831.620938,2630,1604.11,5.6241,,,,,
2022-07-08,2023-01-01,13.8105,985.137748,122,122.0,0.4254,,,,,
2022-07-08,2025-01-01,13.1171,940.850141,624,565.9,1.9852,,,,,
2022-07-08,2027-01-01,13.0728,905.183125,1125,924.5,3.2445,,,,,
2022-07-08,2029-01-01,13.2092,872.262275,1624,1207.58,4.2329,,,,,
2022-07-08,2031-01-01,13.2195,848.689211,2125,1429.89,5.0116,,,,,
2022-07-08,2033-01-01,13.2591,828.42518,2629,1600.75,5.6085,,,,,
2022-07-11,2023-01-01,13.91,985.23011,121,121.0,0.4215,,,,,
2022-07-11,2025-01-01,13.3772,936.470412,623,564.73,1.9766,,,,,
2022-07-11,2027-01-01,13.31,898.684592,1124,922.6,3.231,,,,,
2022-07-11,2029-01-01,13.4024,865.588243,1623,1204.63,4.2153,,,,,
2022-07-11,2031-01-01,13.4291,840.244832,2124,1424.85,4.9848,,,,,
2022-07-11,2033-01-01,13.4317,820.86107,2628,1594.47,5.578,,,,,
2022-07-12,2023-01-01,13.8765,985.877505,120,120.0,0.4182,,,,,
2022-07-12,2025-01-01,13.19,940.412337,622,563.85,1.9768,,,,,
2022-07-12,2027-01-01,13.1388,904.128811,1123,922.25,3.2347,,,,,
2022-07-12,2029-01-01,13.248,871.688896,1622,1205.19,4.223,,,,,
2022-07-12,2031-01-01,13.2911,846.483884,2123,1426.51,4.9966,,,,,
2022-07-12,2033-01-01,13.3126,826.760622,2627,1597.11,5.5931,,,,,
2022-07-13,2023-01-01,13.905,986.269452,119,119.0,0.4146,,,,,
2022-07-13,2025-01-01,13.225,940.224418,621,562.83,1.9726,,,,,
2022-07-13,2027-01-01,13.1481,904.299451,1122,921.21,3.2308,,,,,
2022-07-13,2029-01-01,13.2498,872.052984,1621,1204.17,4.2194,,,,,
2022-07-13,2031-01-01,13.2855,847.140473,2122,1425.62,4.9938,,,,,
2022-07-13,2033-01-01,13.3168,826.976283,2626,1595.98,5.589,,,,,
2022-07-14,2023-01-01,13.93,986.677737,118,118.0,0.411,,,,,
2022-07-14,2025-01-01,13.3334,938.680462,620,561.76,1.9669,,,,,
2022-07-14,2027-01-01,13.2236,902.53724,1121,919.93,3.2241,,,,,
2022-07-14,2029-01-01,13.31,870.269053,1620,1202.56,4.2115,,,,,
2022-07-14,2031-01-01,13.3423,845.157898,2121,1423.52,4.9839,,,,,
2022-07-14,2033-01-01,13.3751,824.694579,2625,1593.2,5.5764,,,,,
2022-07-15,2023-01-01,13.9,987.309204,117,117.0,0.4076,,,,,
2022-07-15,2025-01-01,13.2534,940.625821,619,560.81,1.965,,,,,
2022-07-15,2027-01-01,13.1656,904.67484,1120,919.15,3.2231,,,,,
2022-07-15,2029-01-01,13.26,872.538902,1619,1202.07,4.2116,,,,,
2022-07-15,2031-01-01,13.3032,847.230143,2120,1423.28,4.9848,,,,,
2022-07-15,2033-01-01,13.339,826.770685,2624,1593.3,5.5785,,,,,
2022-07-18,2023-01-01,13.93,987.699509,116,116.0,0.404,,,,,
2022-07-18,2025-01-01,13.4869,936.788946,618,559.66,1.9569,,,,,
2022-07-18,2027-01-01,13.4198,897.737505,1119,917.18,3.209,,,,,
2022-07-18,2029-01-01,13.5197,863.484807,1618,1198.45,4.1894,,,,,
2022-07-18,2031-01-01,13.5436,837.568009,2119,1417.65,4.9546,,,,,
2022-07-18,2033-01-01,13.5884,815.781158,2623,1584.68,5.5361,,,,,
2022-07-19,2023-01-01,13.95,988.131636,115,115.0,0.4005,,,,,
2022-07-19,2025-01-01,13.5774,935.602295,617,558.6,1.9517,,,,,
2022-07-19,2027-01-01,13.5493,894.460448,1118,915.69,3.2001,,,,,
2022-07-19,2029-01-01,13.653,859.108736,1617,1196.1,4.1763,,,,,
2022-07-19,2031-01-01,13.7001,831.52143,2118,1413.63,4.9337,,,,,
2022-07-19,2033-01-01,13.7297,809.840277,2622,1579.36,5.5107,,,,,
2022-07-20,2023-01-01,13.9067,988.813826,114,114.0,0.3972,,,,,
2022-07-20,2025-01-01,13.4746,937.955322,616,557.66,1.9502,,,,,
2022-07-20,2027-01-01,13.4846,896.769217,1117,914.93,3.1993,,,,,
2022-07-20,2029-01-01,13.5887,861.860188,1616,1195.75,4.1774,,,,,
2022-07-20,2031-01-01,13.6499,834.011848,2117,1413.6,4.9358,,,,,
2022-07-20,2033-01-01,13.69,812.03113,2621,1579.57,5.5134,,,,,
2022-07-21,2023-01-01,13.931,989.230258,113,113.0,0.3936,,,,,
2022-07-21,2025-01-01,13.6189,935.791683,615,556.57,1.9439,,,,,
2022-07-21,2027-01-01,13.5999,893.914749,1116,913.49,3.191,,,,,
2022-07-21,2029-01-01,13.69,858.654067,1615,1193.73,4.1666,,,,,
2022-07-21,2031-01-01,13.71,831.962577,2116,1411.44,4.9256,,,,,
2022-07-21,2033-01-01,13.73,810.654194,2620,1577.35,5.5037,,,,,
2022-07-22,2023-01-01,13.884,989.923887,112,112.0,0.3903,,,,,
2022-07-22,2025-01-01,13.3946,940.360169,614,555.72,1.9447,,,,,
2022-07-22,2027-01-01,13.4295,899.254385,1115,913.14,3.1946,,,,,
2022-07-22,2029-01-01,13.535,864.671033,1614,1194.3,4.1743,,,,,
2022-07-22,2031-01-01,13.577,837.872502,2115,1413.0,4.9369,,,,,
2022-07-22,2033-01-01,13.605,816.682646,2619,1580.17,5.5196,,,,,
2022-07-25,2023-01-01,13.86,990.526687,111,111.0,0.3869,,,,,
2022-07-25,2025-01-01,13.307,942.433634,613,554.78,1.9429,,,,,
2022-07-25,2027-01-01,13.3338,902.463754,1114,912.51,3.195,,,,,
2022-07-25,2029-01-01,13.4386,868.601609,1613,1194.27,4.1777,,,,,
2022-07-25,2031-01-01,13.4688,842.796642,2114,1414.09,4.9454,,,,,
2022-07-25,2033-01-01,13.5078,821.502075,2618,1582.14,5.5312,,,,,
2022-07-26,2023-01-01,13.91,990.847107,110,110.0,0.3832,,,,,
2022-07-26,2025-01-01,13.3221,942.624497,612,553.77,1.9391,,,,,
2022-07-26,2027-01-01,13.3079,903.660562,1113,911.6,3.1926,,,,,
2022-07-26,2029-01-01,13.44,868.985452,1612,1193.25,4.1741,,,,,
2022-07-26,2031-01-01,13.4693,843.198468,2113,1413.08,4.9418,,,,,
2022-07-26,2033-01-01,13.4987,822.329489,2617,1581.42,5.5291,,,,,
2022-07-27,2023-01-01,13.9114,991.354059,109,109.0,0.3797,,,,,
2022-07-27,2025-01-01,13.1915,945.484553,611,552.85,1.9382,,,,,
2022-07-27,2027-01-01,13.1485,908.731459,1112,911.21,3.1957,,,,,
2022-07-27,2029-01-01,13.2907,874.868521,1611,1193.76,4.1814,,,,,
2022-07-27,2031-01-01,13.3442,848.866674,2112,1414.49,4.9522,,,,,
2022-07-27,2033-01-01,13.3757,828.372604,2616,1584.18,5.5448,,,,,
2022-07-28,2023-01-01,13.8615,992.052862,108,108.0,0.3764,,,,,
2022-07-28,2025-01-01,12.9649,950.116476,610,552.0,1.9391,,,,,
2022-07-28,2027-01-01,12.9448,915.129452,1111,910.98,3.2007,,,,,
2022-07-28,2029-01-01,13.0895,882.717896,1610,1194.79,4.1924,,,,,
2022-07-28,2031-01-01,13.1333,858.237488,2111,1417.54,4.9722,,,,,
2022-07-28,2033-01-01,13.1492,839.304102,2615,1590.11,5.5767,,,,,
2022-07-29,2023-01-01,13.815,992.736194,107,107.0,0.3731,,,,,
2022-07-29,2025-01-01,12.8049,953.531301,609,551.11,1.9387,,,,,
2022-07-29,2027-01-01,12.7918,920.075844,1110,910.56,3.2036,,,,,
2022-07-29,2029-01-01,12.91,889.837849,1609,1195.59,4.2019,,,,,
2022-07-29,2031-01-01,12.939,867.022063,2110,1420.28,4.9903,,,,,
2022-07-29,2033-01-01,12.9348,849.857168,2614,1595.67,5.6068,,,,,
2022-08-01,2023-01-01,13.8438,993.140402,106,106.0,0.3695,,,,,
2022-08-01,2025-01-01,12.683,956.245085,608,550.19,1.9376,,,,,
2022-08-01,2027-01-01,12.6508,924.691451,1109,910.1,3.2059,,,,,
2022-08-01,2029-01-01,12.797,894.512796,1608,1195.73,4.2066,,,,,
2022-08-01,2031-01-01,12.8223,872.520253,2109,1421.52,4.9999,,,,,
2022-08-01,2033-01-01,12.8342,855.08887,2613,1597.75,5.6191,,,,,
2022-08-02,2023-01-01,13.8122,993.766461,105,105.0,0.3661,,,,,
2022-08-02,2025-01-01,12.8001,954.532198,607,549.11,1.9318,,,,,
2022-08-02,2027-01-01,12.8112,920.383114,1108,908.49,3.1957,,,,,
2022-08-02,2029-01-01,12.9863,887.845787,1607,1192.82,4.1894,,,,,
2022-08-02,2031-01-01,13.0129,864.666037,2108,1416.86,4.9751,,,,,
2022-08-02,2033-01-01,13.0359,845.874364,2612,1590.58,5.5839,,,,,
2022-08-03,2023-01-01,13.8187,994.253368,104,104.0,0.3626,,,,,
2022-08-03,2025-01-01,12.6379,957.986859,606,548.22,1.9314,,,,,
2022-08-03,2027-01-01,12.6567,925.391028,1107,908.08,3.1986,,,,,
2022-08-03,2029-01-01,12.8656,892.788824,1606,1193.04,4.1946,,,,,
2022-08-03,2031-01-01,12.9026,869.857921,2107,1417.98,4.9839,,,,,
2022-08-03,2033-01-01,12.9357,851.045802,2611,1592.64,5.5961,,,,,
2022-08-04,2023-01-01,13.777,994.913187,103,103.0,0.3592,,,,,
2022-08-04,2025-01-01,12.2272,966.085292,605,547.49,1.9359,,,,,
2022-08-04,2027-01-01,12.2774,937.171067,1106,908.51,3.211,,,,,
2022-08-04,2029-01-01,12.5381,905.622117,1605,1195.32,4.2149,,,,,
2022-08-04,2031-01-01,12.6213,882.618438,2106,1422.38,5.0118,,,,,
2022-08-04,2033-01-01,12.6572,864.898118,2610,1600.17,5.6365,,,,,
2022-08-05,2023-01-01,13.795,995.359161,102,102.0,0.3557,,,,,
2022-08-05,2025-01-01,12.2261,966.548202,604,546.49,1.9324,,,,,
2022-08-05,2027-01-01,12.159,941.180112,1105,907.96,3.2124,,,,,
2022-08-05,2029-01-01,12.3879,911.814931,1604,1195.83,4.2223,,,,,
2022-08-05,2031-01-01,12.4277,891.674359,2105,1425.1,5.03,,,,,
2022-08-05,2033-01-01,12.4813,873.959971,2609,1604.56,5.6608,,,,,
2022-08-08,2023-01-01,13.7741,995.943039,101,101.0,0.3523,,,,,
2022-08-08,2025-01-01,11.9828,971.551662,603,545.66,1.9336,,,,,
2022-08-08,2027-01-01,11.8063,952.375594,1104,908.29,3.2237,,,,,
2022-08-08,2029-01-01,12.0161,926.734925,1603,1198.55,4.2459,,,,,
2022-08-08,2031-01-01,12.07,908.371847,2104,1430.96,5.0668,,,,,
2022-08-08,2033-01-01,12.0938,893.888343,2608,1615.44,5.7188,,,,,
2022-08-09,2023-01-01,13.75,996.536946,100,100.0,0.3489,,,,,
2022-08-09,2025-01-01,12.037,970.970619,602,544.62,1.929,,,,,
2022-08-09,2027-01-01,11.9288,949.04083,1103,906.82,3.215,,,,,
2022-08-09,2029-01-01,12.1735,920.977969,1602,1195.97,4.2309,,,,,
2022-08-09,2031-01-01,12.2372,901.120517,2103,1426.75,5.0444,,,,,
2022-08-09,2033-01-01,12.3013,883.76233,2607,1608.08,5.6823,,,,,
2022-08-10,2023-01-01,13.75,997.046547,99,99.0,0.3454,,,,,
2022-08-10,2025-01-01,12.0053,972.002722,601,543.64,1.9261,,,,,
2022-08-10,2027-01-01,11.8962,950.462359,1102,905.95,3.2128,,,,,
2022-08-10,2029-01-01,12.1222,923.403115,1601,1195.49,4.2311,,,,,
2022-08-10,2031-01-01,12.249,900.996329,2102,1425.53,5.0396,,,,,
2022-08-10,2033-01-01,12.305,883.983217,2606,1606.96,5.6781,,,,,
2022-08-11,2023-01-01,13.7509,997.55334,98,98.0,0.3419,,,,,
2022-08-11,2025-01-01,12.0832,970.98327,600,542.59,1.921,,,,,
2022-08-11,2027-01-01,11.9486,949.285575,1101,904.75,3.2071,,,,,
2022-08-11,2029-01-01,12.1578,922.430821,1600,1194.13,4.2249,,,,,
2022-08-11,2031-01-01,12.2787,900.06008,2101,1423.96,5.0327,,,,,
2022-08-11,2033-01-01,12.346,882.332759,2605,1604.71,5.6681,,,,,
2022-08-12,2023-01-01,13.7302,998.133412,97,97.0,0.3385,,,,,
2022-08-12,2025-01-01,11.9222,974.433356,599,541.7,1.9206,,,,,
2022-08-12,2027-01-01,11.742,956.040419,1100,904.53,3.2122,,,,,
2022-08-12,2029-01-01,11.9739,930.068981,1599,1194.97,4.2349,,,,,
2022-08-12,2031-01-01,12.1023,908.529983,2100,1426.34,5.049,,,,,
2022-08-12,2033-01-01,12.1504,892.620062,2604,1609.7,5.6957,,,,,
2022-08-15,2023-01-01,13.7462,998.589624,96,96.0,0.3349,,,,,
2022-08-15,2025-01-01,11.7822,977.494702,598,540.79,1.9198,,,,,
2022-08-15,2027-01-01,11.5585,962.129707,1099,904.22,3.2164,,,,,
2022-08-15,2029-01-01,11.7676,938.675539,1598,1196.02,4.2464,,,,,
2022-08-15,2031-01-01,11.8914,918.708479,2099,1429.38,5.0693,,,,,
2022-08-15,2033-01-01,11.9467,903.489642,2603,1614.95,5.7246,,,,,
2022-08-16,2023-01-01,13.74,999.120673,95,95.0,0.3314,,,,,
2022-08-16,2025-01-01,11.8319,976.994787,597,539.76,1.9153,,,,,
2022-08-16,2027-01-01,11.586,961.695539,1098,903.11,3.2117,,,,,
2022-08-16,2029-01-01,11.7731,938.870483,1597,1194.97,4.2425,,,,,
2022-08-16,2031-01-01,11.8832,919.500878,2098,1428.53,5.0667,,,,,
2022-08-16,2033-01-01,11.9276,904.884619,2602,1614.53,5.7241,,,,,
2022-08-17,2023-01-01,13.745,999.614856,94,94.0,0.3279,,,,,
2022-08-17,2025-01-01,12.0112,974.081885,596,538.64,1.9082,,,,,
2022-08-17,2027-01-01,11.7907,955.810474,1097,901.34,3.1995,,,,,
2022-08-17,2029-01-01,11.9435,932.521505,1596,1192.27,4.2264,,,,,
2022-08-17,2031-01-01,12.0109,913.978499,2097,1425.09,5.0487,,,,,
2022-08-17,2033-01-01,12.0677,898.064127,2601,1609.24,5.6982,,,,,
2022-08-18,2023-01-01,13.7499,1000.109957,93,93.0,0.3244,,,,,
2022-08-18,2025-01-01,12.1657,971.654846,595,537.53,1.9017,,,,,
2022-08-18,2027-01-01,11.9059,952.713772,1096,899.91,3.1911,,,,,
2022-08-18,2029-01-01,12.0221,929.843529,1595,1190.49,4.2172,,,,,
2022-08-18,2031-01-01,12.1035,910.12387,2096,1422.31,5.0347,,,,,
2022-08-18,2033-01-01,12.1426,894.643386,2600,1605.94,5.6828,,,,,
2022-08-19,2023-01-01,13.7591,1000.591838,92,92.0,0.3209,,,,,
2022-08-19,2025-01-01,12.28,969.988902,594,536.46,1.896,,,,,
2022-08-19,2027-01-01,12.0264,949.479619,1095,898.46,3.1826,,,,,
2022-08-19,2029-01-01,12.1555,925.0438,1594,1188.15,4.2039,,,,,
2022-08-19,2031-01-01,12.2073,905.789788,2095,1419.33,5.0195,,,,,
2022-08-19,2033-01-01,12.2574,889.232914,2599,1601.42,5.661,,,,,
2022-08-22,2023-01-01,13.759,1001.104148,91,91.0,0.3174,,,,,
2022-08-22,2025-01-01,12.2415,971.14334,593,535.48,1.8932,,,,,
2022-08-22,2027-01-01,12.0378,949.562645,1094,897.41,3.1785,,,,,
2022-08-22,2029-01-01,12.1937,923.978768,1593,1186.77,4.1976,,,,,
2022-08-22,2031-01-01,12.2643,903.6131,2094,1417.23,5.0096,,,,,
2022-08-22,2033-01-01,12.3184,886.573361,2598,1598.55,5.6478,,,,,
2022-08-23,2023-01-01,13.7487,1001.648791,90,90.0,0.314,,,,,
2022-08-23,2025-01-01,12.0445,975.221145,592,534.61,1.8934,,,,,
2022-08-23,2027-01-01,11.815,956.760529,1093,897.25,3.1843,,,,,
2022-08-23,2029-01-01,11.9751,932.9482,1592,1187.95,4.21,,,,,
2022-08-23,2031-01-01,12.0566,913.518093,2093,1420.21,5.0294,,,,,
2022-08-23,2033-01-01,12.1276,896.628838,2597,1603.4,5.6745,,,,,
2022-08-24,2023-01-01,13.7487,1002.160961,89,89.0,0.3105,,,,,
2022-08-24,2025-01-01,12.1586,973.557805,591,533.54,1.8877,,,,,
2022-08-24,2027-01-01,11.901,954.565321,1092,895.93,3.1772,,,,,
2022-08-24,2029-01-01,12.0621,929.953261,1591,1186.09,4.2001,,,,,
2022-08-24,2031-01-01,12.1,911.936466,2092,1418.38,5.021,,,,,
2022-08-24,2033-01-01,12.1651,895.128209,2596,1601.25,5.665,,,,,
2022-08-25,2023-01-01,13.7488,1002.673085,88,88.0,0.307,,,,,
2022-08-25,2025-01-01,12.3206,971.030727,590,532.43,1.8811,,,,,
2022-08-25,2027-01-01,12.1127,948.590887,1091,894.13,3.1648,,,,,
2022-08-25,2029-01-01,12.2616,922.614827,1590,1183.09,4.182,,,,,
2022-08-25,2031-01-01,12.299,903.287637,2091,1413.57,4.9951,,,,,
2022-08-25,2033-01-01,12.345,886.468208,2595,1594.74,5.6329,,,,,
2022-08-26,2023-01-01,13.76,1003.151683,87,87.0,0.3035,,,,,
2022-08-26,2025-01-01,12.1897,973.874264,589,531.52,1.88,,,,,
2022-08-26,2027-01-01,12.0026,952.340289,1090,893.55,3.1658,,,,,
2022-08-26,2029-01-01,12.1705,926.568605,1589,1183.0,4.1851,,,,,
2022-08-26,2031-01-01,12.2183,907.361818,2090,1414.12,5.0006,,,,,
2022-08-26,2033-01-01,12.28,890.137637,2594,1595.73,5.6397,,,,,
2022-08-29,2023-01-01,13.7695,1003.636415,86,86.0,0.3,,,,,
2022-08-29,2025-01-01,12.3077,972.161905,588,530.44,1.8742,,,,,
2022-08-29,2027-01-01,12.1053,949.674453,1089,892.16,3.158,,,,,
2022-08-29,2029-01-01,12.253,923.794446,1588,1181.18,4.1756,,,,,
2022-08-29,2031-01-01,12.2864,904.689214,2089,1411.81,4.9894,,,,,
2022-08-29,2033-01-01,12.3341,887.832856,2593,1593.07,5.6276,,,,,
2022-08-30,2023-01-01,13.7741,1004.136635,85,85.0,0.2965,,,,,
2022-08-30,2025-01-01,12.2789,973.134809,587,529.46,1.8713,,,,,
2022-08-30,2027-01-01,12.1023,950.195304,1088,891.17,3.1546,,,,,
2022-08-30,2029-01-01,12.2362,924.867675,1587,1180.35,4.1733,,,,,
2022-08-30,2031-01-01,12.2666,906.001302,2088,1411.19,4.9881,,,,,
2022-08-30,2033-01-01,12.3163,889.134162,2592,1592.62,5.6269,,,,,
2022-08-31,2023-01-01,13.765,1004.677754,84,84.0,0.293,,,,,
2022-08-31,2025-01-01,12.1639,975.679943,586,528.54,1.8699,,,,,
2022-08-31,2027-01-01,11.9761,954.425948,1087,890.65,3.1563,,,,,
2022-08-31,2029-01-01,12.1413,928.970582,1586,1180.29,4.1766,,,,,
2022-08-31,2031-01-01,12.2039,909.262425,2087,1411.39,4.9916,,,,,
2022-08-31,2033-01-01,12.241,893.329433,2591,1593.93,5.6353,,,,,
2022-09-01,2023-01-01,13.75,1005.235701,83,83.0,0.2896,,,,,
2022-09-01,2025-01-01,11.9543,979.960403,585,527.67,1.8704,,,,,
2022-09-01,2027-01-01,11.765,961.25445,1086,890.44,3.1615,,,,,
2022-09-01,2029-01-01,11.96,936.476889,1585,1181.11,4.1862,,,,,
2022-09-01,2031-01-01,12.0446,916.962973,2086,1413.44,5.006,,,,,
2022-09-01,2033-01-01,12.0905,901.376046,2590,1597.54,5.6556,,,,,
2022-09-02,2023-01-01,13.7406,1005.776796,82,82.0,0.2861,,,,,
2022-09-02,2025-01-01,11.9034,981.333308,584,526.71,1.8678,,,,,
2022-09-02,2027-01-01,11.6958,963.788574,1085,889.7,3.1609,,,,,
2022-09-02,2029-01-01,11.88,940.045645,1584,1180.9,4.1885,,,,,
2022-09-02,2031-01-01,11.935,922.436939,2085,1414.54,5.0147,,,,,
2022-09-02,2033-01-01,11.9811,907.396469,2589,1599.89,5.6695,,,,,
2022-09-05,2023-01-01,13.74,1006.292499,81,81.0,0.2826,,,,,
2022-09-05,2025-01-01,11.8871,982.070225,583,525.72,1.8645,,,,,
2022-09-05,2027-01-01,11.6686,965.04219,1084,888.8,3.1585,,,,,
2022-09-05,2029-01-01,11.8383,942.111107,1583,1180.32,4.188,,,,,
2022-09-05,2031-01-01,11.9025,924.357595,2084,1414.16,5.0149,,,,,
2022-09-05,2033-01-01,11.9305,910.416973,2588,1600.44,5.674,,,,,
2022-09-06,2023-01-01,13.775,1006.708404,80,80.0,0.279,,,,,
2022-09-06,2025-01-01,12.1271,978.128229,582,524.56,1.8565,,,,,
2022-09-06,2027-01-01,11.843,960.161153,1083,887.15,3.1477,,,,,
2022-09-06,2029-01-01,11.9674,937.446921,1582,1178.03,4.1751,,,,,
2022-09-06,2031-01-01,11.9831,921.038213,2083,1411.62,5.0022,,,,,
2022-09-06,2033-01-01,12.0027,907.099965,2587,1597.23,5.659,,,,,
2022-09-08,2023-01-01,13.765,1007.25184,79,79.0,0.2756,,,,,
2022-09-08,2025-01-01,11.9541,981.722099,581,523.67,1.8562,,,,,
2022-09-08,2027-01-01,11.6328,966.980976,1082,886.94,3.1528,,,,,
2022-09-08,2029-01-01,11.7663,945.798435,1581,1179.04,4.1862,,,,,
2022-09-08,2031-01-01,11.8141,929.300282,2082,1413.85,5.0177,,,,,
2022-09-08,2033-01-01,11.86,914.889777,2586,1600.61,5.6782,,,,,
2022-09-09,2023-01-01,13.7488,1007.81187,78,78.0,0.2721,,,,,
2022-09-09,2025-01-01,11.8326,984.38017,580,522.76,1.8549,,,,,
2022-09-09,2027-01-01,11.5079,971.228168,1081,886.41,3.1545,,,,,
2022-09-09,2029-01-01,11.6358,951.411422,1580,1179.34,4.1921,,,,,
2022-09-09,2031-01-01,11.6869,935.681752,2081,1415.29,5.0285,,,,,
2022-09-09,2033-01-01,11.735,921.835713,2585,1603.44,5.6946,,,,,
2022-09-12,2023-01-01,13.7629,1008.289007,77,77.0,0.2686,,,,,
2022-09-12,2025-01-01,11.9115,983.377969,579,521.7,1.8499,,,,,
2022-09-12,2027-01-01,11.5363,970.77709,1080,885.3,3.1497,,,,,
2022-09-12,2029-01-01,11.6589,950.904878,1579,1178.11,4.1869,,,,,
2022-09-12,2031-01-01,11.7253,934.284749,2080,1413.55,5.0207,,,,,
2022-09-12,2033-01-01,11.765,920.666289,2584,1601.52,5.6862,,,,,
2022-09-13,2023-01-01,13.7761,1008.769773,76,76.0,0.2651,,,,,
2022-09-13,2025-01-01,12.091,980.560024,578,520.58,1.843,,,,,
2022-09-13,2027-01-01,11.7666,964.180502,1079,883.44,3.1366,,,,,
2022-09-13,2029-01-01,11.89,942.168065,1578,1174.8,4.1665,,,,,
2022-09-13,2031-01-01,11.946,924.407647,2079,1408.33,4.9922,,,,,
2022-09-13,2033-01-01,11.98,909.901183,2583,1593.93,5.6484,,,,,
2022-09-14,2023-01-01,13.7741,1009.291829,75,75.0,0.2616,,,,,
2022-09-14,2025-01-01,12.1113,980.637489,577,519.57,1.8391,,,,,
2022-09-14,2027-01-01,11.8375,962.461866,1078,882.17,3.1301,,,,,
2022-09-14,2029-01-01,11.9789,939.101836,1577,1172.92,4.1565,,,,,
2022-09-14,2031-01-01,12.0366,920.646859,2078,1405.6,4.9785,,,,,
2022-09-14,2033-01-01,12.0809,905.137784,2582,1589.83,5.6288,,,,,
2022-09-15,2023-01-01,13.7977,1009.747301,74,74.0,0.258,,,,,
2022-09-15,2025-01-01,12.2642,978.330814,576,518.47,1.8327,,,,,
2022-09-15,2027-01-01,11.9996,958.015302,1077,880.56,3.1199,,,,,
2022-09-15,2029-01-01,12.1077,934.50686,1576,1170.63,4.1437,,,,,
2022-09-15,2031-01-01,12.1476,915.985862,2077,1402.47,4.9625,,,,,
2022-09-15,2033-01-01,12.1888,900.066301,2581,1585.53,5.6082,,,,,
2022-09-16,2023-01-01,13.808,1010.238851,73,73.0,0.2545,,,,,
2022-09-16,2025-01-01,12.2156,979.652077,575,517.5,1.83,,,,,
2022-09-16,2027-01-01,11.9461,960.049847,1076,879.76,3.1186,,,,,
2022-09-16,2029-01-01,12.03,937.951384,1575,1170.41,4.1457,,,,,
2022-09-16,2031-01-01,12.0688,920.001271,2076,1402.98,4.9678,,,,,
2022-09-16,2033-01-01,12.1125,904.3473,2580,1586.86,5.6168,,,,,
2022-09-19,2023-01-01,13.7834,1010.819935,72,72.0,0.2511,,,,,
2022-09-19,2025-01-01,12.1289,981.656607,574,516.56,1.8281,,,,,
2022-09-19,2027-01-01,11.8314,963.928436,1075,879.19,3.1197,,,,,
2022-09-19,2029-01-01,11.925,942.476603,1574,1170.45,4.1498,,,,,
2022-09-19,2031-01-01,11.9711,924.906498,2075,1403.85,4.9752,,,,,
2022-09-19,2033-01-01,12.0157,909.702834,2579,1588.83,5.6286,,,,,
2022-09-20,2023-01-01,13.7903,1011.32074,71,71.0,0.2476,,,,,
2022-09-20,2025-01-01,12.111,982.423989,573,515.57,1.8249,,,,,
2022-09-20,2027-01-01,11.8318,964.344215,1074,878.19,3.1162,,,,,
2022-09-20,2029-01-01,11.9202,943.086107,1573,1169.5,4.1466,,,,,
2022-09-20,2031-01-01,11.9531,926.151915,2074,1403.19,4.9737,,,,,
2022-09-20,2033-01-01,11.9962,911.113456,2578,1588.43,5.6281,,,,,
2022-09-21,2023-01-01,13.7482,1011.943337,70,70.0,0.2442,,,,,
2022-09-21,2025-01-01,11.9308,986.108963,572,514.69,1.8247,,,,,
2022-09-21,2027-01-01,11.6367,970.670427,1073,877.92,3.1207,,,,,
2022-09-21,2029-01-01,11.7357,950.774078,1572,1170.34,4.1564,,,,,
2022-09-21,2031-01-01,11.7646,935.325422,2073,1405.8,4.9914,,,,,
2022-09-21,2033-01-01,11.8191,920.68802,2577,1592.86,5.6528,,,,,
2022-09-22,2023-01-01,13.6883,1012.606787,69,69.0,0.2408,,,,,
2022-09-22,2025-01-01,11.6781,991.113817,571,513.86,1.8259,,,,,
2022-09-22,2027-01-01,11.4504,976.77073,1072,877.62,3.1248,,,,,
2022-09-22,2029-01-01,11.5609,958.147881,1571,1171.08,4.1656,,,,,
2022-09-22,2031-01-01,11.6143,942.806373,2072,1407.67,5.0047,,,,,
2022-09-22,2033-01-01,11.6623,929.324882,2576,1596.67,5.6742,,,,,
2022-09-23,2023-01-01,13.6933,1013.110402,68,68.0,0.2373,,,,,
2022-09-23,2025-01-01,11.8195,988.994456,570,512.76,1.8197,,,,,
2022-09-23,2027-01-01,11.6657,970.640093,1071,875.81,3.1124,,,,,
2022-09-23,2029-01-01,11.7723,950.165195,1570,1167.98,4.1467,,,,,
2022-09-23,2031-01-01,11.8233,933.412615,2071,1402.68,4.9777,,,,,
2022-09-23,2033-01-01,11.8725,918.727748,2575,1589.22,5.6372,,,,,
2022-09-26,2023-01-01,13.7183,1013.567222,67,67.0,0.2338,,,,,
2022-09-26,2025-01-01,12.0279,985.693341,569,511.63,1.8123,,,,,
2022-09-26,2027-01-01,11.9432,962.719492,1070,873.77,3.0974,,,,,
2022-09-26,2029-01-01,12.0617,939.260644,1569,1164.09,4.1222,,,,,
2022-09-26,2031-01-01,12.1037,920.906718,2070,1396.31,4.9427,,,,,
2022-09-26,2033-01-01,12.1507,904.873808,2574,1579.69,5.5895,,,,,
2022-09-27,2023-01-01,13.6921,1014.14561,66,66.0,0.2304,,,,,
2022-09-27,2025-01-01,11.7864,990.466827,568,510.79,1.8132,,,,,
2022-09-27,2027-01-01,11.799,967.471514,1069,873.31,3.0998,,,,,
2022-09-27,2029-01-01,11.9563,943.785501,1568,1164.14,4.1263,,,,,
2022-09-27,2031-01-01,12.0053,925.827284,2069,1397.2,4.9501,,,,,
2022-09-27,2033-01-01,12.0626,909.765418,2573,1581.39,5.5999,,,,,
2022-09-28,2023-01-01,13.7,1014.643981,65,65.0,0.2269,,,,,
2022-09-28,2025-01-01,11.9314,988.305956,567,509.69,1.807,,,,,
2022-09-28,2027-01-01,11.9636,962.973274,1068,871.69,3.0895,,,,,
2022-09-28,2029-01-01,12.1608,936.279386,1567,1161.1,4.108,,,,,
2022-09-28,2031-01-01,12.2067,917.064078,2068,1392.34,4.9241,,,,,
2022-09-28,2033-01-01,12.265,899.936152,2572,1574.19,5.5643,,,,,
2022-09-29,2023-01-01,13.71,1015.138397,64,64.0,0.2233,,,,,
2022-09-29,2025-01-01,11.9125,989.085746,566,508.7,1.8038,,,,,
2022-09-29,2027-01-01,11.9256,964.53857,1067,870.84,3.0875,,,,,
2022-09-29,2029-01-01,12.095,939.245748,1566,1160.76,4.1092,,,,,
2022-09-29,2031-01-01,12.159,919.644868,2067,1392.25,4.9259,,,,,
2022-09-29,2033-01-01,12.2182,902.701346,2571,1574.62,5.5682,,,,,
2022-09-30,2023-01-01,13.7149,1015.645152,63,63.0,0.2198,,,,,
2022-09-30,2025-01-01,11.7761,991.965936,565,507.79,1.8028,,,,,
2022-09-30,2027-01-01,11.7851,969.174036,1066,870.37,3.0897,,,,,
2022-09-30,2029-01-01,11.9437,945.546547,1565,1161.27,4.1165,,,,,
2022-09-30,2031-01-01,12.0086,926.926318,2066,1394.13,4.9391,,,,,
2022-09-30,2033-01-01,12.045,911.898167,2570,1578.93,5.592,,,,,
2022-10-03,2023-01-01,13.6941,1016.209015,62,62.0,0.2164,,,,,
2022-10-03,2025-01-01,11.66,994.483968,564,506.87,1.8014,,,,,
2022-10-03,2027-01-01,11.535,977.145951,1065,870.31,3.0964,,,,,
2022-10-03,2029-01-01,11.69,955.935435,1564,1162.8,4.1313,,,,,
2022-10-03,2031-01-01,11.7456,939.521395,2065,1398.16,4.9651,,,,,
2022-10-03,2033-01-01,11.7728,926.374179,2569,1586.28,5.6317,,,,,
2022-10-04,2023-01-01,13.6973,1016.719766,61,61.0,0.2129,,,,,
2022-10-04,2025-01-01,11.655,995.008882,563,505.87,1.7979,,,,,
2022-10-04,2027-01-01,11.4715,979.496563,1064,869.54,3.0955,,,,,
2022-10-04,2029-01-01,11.6254,958.915235,1563,1162.44,4.1324,,,,,
2022-10-04,2031-01-01,11.6769,943.154076,2064,1398.48,4.9693,,,,,
2022-10-04,2033-01-01,11.7097,930.08967,2568,1587.21,5.6383,,,,,
2022-10-05,2023-01-01,13.692,1017.249108,60,60.0,0.2094,,,,,
2022-10-05,2025-01-01,11.7112,994.439647,562,504.84,1.7933,,,,,
2022-10-05,2027-01-01,11.5371,977.929335,1063,868.3,3.0892,,,,,
2022-10-05,2029-01-01,11.7031,956.256783,1562,1160.67,4.1233,,,,,
2022-10-05,2031-01-01,11.7461,940.326482,2063,1396.16,4.9579,,,,,
2022-10-05,2033-01-01,11.791,926.242655,2567,1583.72,5.6218,,,,,
2022-10-06,2023-01-01,13.6968,1017.757181,59,59.0,0.2059,,,,,
2022-10-06,2025-01-01,11.749,994.202999,561,503.81,1.7891,,,,,
2022-10-06,2027-01-01,11.565,977.509386,1062,867.19,3.0845,,,,,
2022-10-06,2029-01-01,11.726,955.773038,1561,1159.44,4.1181,,,,,
2022-10-06,2031-01-01,11.7807,939.126995,2062,1394.49,4.9505,,,,,
2022-10-06,2033-01-01,11.8263,924.814036,2566,1581.64,5.6126,,,,,
2022-10-07,2023-01-01,13.7016,1018.26585,58,58.0,0.2024,,,,,
2022-10-07,2025-01-01,11.7478,994.6627,560,502.81,1.7855,,,,,
2022-10-07,2027-01-01,11.5687,977.822248,1061,866.18,3.0808,,,,,
2022-10-07,2029-01-01,11.7279,956.118765,1560,1158.42,4.1144,,,,,
2022-10-07,2031-01-01,11.7776,939.686525,2061,1393.55,4.9473,,,,,
2022-10-07,2033-01-01,11.8373,924.652695,2565,1580.3,5.6073,,,,,
2022-10-10,2023-01-01,13.6992,1018.789706,57,57.0,0.1989,,,,,
2022-10-10,2025-01-01,11.6836,996.242489,559,501.85,1.7831,,,,,
2022-10-10,2027-01-01,11.5336,979.307089,1060,865.31,3.0787,,,,,
2022-10-10,2029-01-01,11.705,957.442559,1559,1157.65,4.1125,,,,,
2022-10-10,2031-01-01,11.7477,941.495857,2060,1393.12,4.9471,,,,,
2022-10-10,2033-01-01,11.7962,927.201462,2564,1580.56,5.6103,,,,,
2022-10-11,2023-01-01,13.7063,1019.294736,56,56.0,0.1954,,,,,
2022-10-11,2025-01-01,11.8341,994.011395,558,500.75,1.7768,,,,,
2022-10-11,2027-01-01,11.71,974.424703,1059,863.65,3.0679,,,,,
2022-10-11,2029-01-01,11.8885,950.664856,1558,1154.82,4.0957,,,,,
2022-10-11,2031-01-01,11.929,933.506338,2059,1388.66,4.9232,,,,,
2022-10-11,2033-01-01,11.985,917.852592,2563,1573.77,5.5768,,,,,
2022-10-13,2023-01-01,13.7067,1019.813637,55,55.0,0.1919,,,,,
2022-10-13,2025-01-01,11.8926,993.420235,557,499.72,1.7722,,,,,
2022-10-13,2027-01-01,11.75,973.656249,1058,862.5,3.0627,,,,,
2022-10-13,2029-01-01,11.9213,949.810723,1557,1153.49,4.0898,,,,,
2022-10-13,2031-01-01,11.9495,932.980727,2058,1387.26,4.9174,,,,,
2022-10-13,2033-01-01,11.995,917.752483,2562,1572.47,5.5716,,,,,
2022-10-14,2023-01-01,13.7188,1020.310335,54,54.0,0.1884,,,,,
2022-10-14,2025-01-01,11.969,992.519602,556,498.66,1.7673,,,,,
2022-10-14,2027-01-01,11.815,972.146756,1057,861.25,3.0565,,,,,
2022-10-14,2029-01-01,11.9692,948.374154,1556,1152.01,4.0828,,,,,
2022-10-14,2031-01-01,11.99,931.539991,2057,1385.49,4.9093,,,,,
2022-10-14,2033-01-01,12.035,916.119886,2561,1570.24,5.5618,,,,,
2022-10-17,2023-01-01,13.71,1020.847597,53,53.0,0.185,,,,,
2022-10-17,2025-01-01,11.8238,995.517195,555,497.76,1.7664,,,,,
2022-10-17,2027-01-01,11.6782,976.661665,1056,860.77,3.0586,,,,,
2022-10-17,2029-01-01,11.8542,953.274975,1555,1152.16,4.0875,,,,,
2022-10-17,2031-01-01,11.8899,936.561379,2056,1386.4,4.917,,,,,
2022-10-17,2033-01-01,11.9293,921.951698,2560,1572.48,5.575,,,,,
2022-10-18,2023-01-01,13.7043,1021.37877,52,52.0,0.1815,,,,,
2022-10-18,2025-01-01,11.7865,996.615056,554,496.79,1.7635,,,,,
2022-10-18,2027-01-01,11.6383,978.284769,1055,859.92,3.0566,,,,,
2022-10-18,2029-01-01,11.8154,955.214933,1554,1151.55,4.0868,,,,,
2022-10-18,2031-01-01,11.8497,938.836293,2055,1386.17,4.9179,,,,,
2022-10-18,2033-01-01,11.8851,924.643893,2559,1572.84,5.5784,,,,,
2022-10-19,2023-01-01,13.7063,1021.895807,51,51.0,0.178,,,,,
2022-10-19,2025-01-01,11.8503,995.935435,553,495.74,1.7588,,,,,
2022-10-19,2027-01-01,11.7172,976.353059,1054,858.62,3.0499,,,,,
2022-10-19,2029-01-01,11.8898,952.735468,1553,1149.81,4.0779,,,,,
2022-10-19,2031-01-01,11.95,934.630894,2054,1383.25,4.9032,,,,,
2022-10-19,2033-01-01,11.9766,920.346842,2558,1569.03,5.5604,,,,,
2022-10-20,2023-01-01,13.7061,1022.417174,50,50.0,0.1745,,,,,
2022-10-20,2025-01-01,11.89,995.683079,552,494.72,1.7545,,,,,
2022-10-20,2027-01-01,11.7451,975.950756,1053,857.52,3.0452,,,,,
2022-10-20,2029-01-01,11.921,951.947233,1552,1148.49,4.0721,,,,,
2022-10-20,2031-01-01,11.9733,933.980846,2053,1381.81,4.897,,,,,
2022-10-20,2033-01-01,12.0042,919.346966,2557,1567.19,5.5525,,,,,
2022-10-21,2023-01-01,13.7066,1022.937568,49,49.0,0.171,,,,,
2022-10-21,2025-01-01,11.8588,996.672389,551,493.74,1.7516,,,,,
2022-10-21,2027-01-01,11.7021,977.662233,1052,856.68,3.0434,,,,,
2022-10-21,2029-01-01,11.8695,954.375453,1551,1148.01,4.0722,,,,,
2022-10-21,2031-01-01,11.9342,936.194186,2052,1381.56,4.8978,,,,,
2022-10-21,2033-01-01,11.9641,921.814431,2556,1567.41,5.5553,,,,,
2022-10-24,2023-01-01,13.7109,1023.451748,48,48.0,0.1675,,,,,
2022-10-24,2025-01-01,11.9983,994.685025,550,492.65,1.7455,,,,,
2022-10-24,2027-01-01,11.892,972.45532,1051,854.96,3.0321,,,,,
2022-10-24,2029-01-01,12.0706,947.017482,1550,1145.0,4.0543,,,,,
2022-10-24,2031-01-01,12.1245,927.930824,2051,1376.91,4.8731,,,,,
2022-10-24,2033-01-01,12.1563,912.448565,2555,1560.52,5.5214,,,,,
2022-10-25,2023-01-01,13.707,1023.980267,47,47.0,0.164,,,,,
2022-10-25,2025-01-01,12.0168,994.811256,549,491.63,1.7416,,,,,
2022-10-25,2027-01-01,11.855,973.982742,1050,854.1,3.0301,,,,,
2022-10-25,2029-01-01,12.0472,948.346382,1549,1144.23,4.0524,,,,,
2022-10-25,2031-01-01,12.105,929.236305,2050,1376.29,4.8717,,,,,
2022-10-25,2033-01-01,12.1389,913.742731,2554,1560.06,5.5206,,,,,
2022-10-26,2023-01-01,13.7086,1024.499733,46,46.0,0.1605,,,,,
2022-10-26,2025-01-01,12.0945,993.914487,548,490.58,1.7367,,,,,
2022-10-26,2027-01-01,11.9838,970.618896,1049,852.62,3.0213,,,,,
2022-10-26,2029-01-01,12.1363,945.353544,1548,1142.34,4.0425,,,,,
2022-10-26,2031-01-01,12.1738,926.545207,2049,1373.97,4.8605,,,,,
2022-10-26,2033-01-01,12.2,911.078989,2553,1557.18,5.5074,,,,,
2022-10-27,2023-01-01,13.6984,1025.038573,45,45.0,0.1571,,,,,
2022-10-27,2025-01-01,12.0057,995.899663,547,489.64,1.7347,,,,,
2022-10-27,2027-01-01,11.8272,975.670885,1048,852.21,3.0241,,,,,
2022-10-27,2029-01-01,11.9707,952.1531,1547,1143.0,4.0508,,,,,
2022-10-27,2031-01-01,12.0307,933.457116,2048,1375.71,4.8729,,,,,
2022-10-27,2033-01-01,12.035,919.845616,2552,1561.24,5.5299,,,,,
2022-10-28,2023-01-01,13.7043,1025.551611,44,44.0,0.1536,,,,,
2022-10-28,2025-01-01,11.9819,996.759169,546,488.66,1.7316,,,,,
2022-10-28,2027-01-01,11.805,976.760228,1047,851.29,3.0215,,,,,
2022-10-28,2029-01-01,11.9466,953.512144,1546,1142.24,4.049,,,,,
2022-10-28,2031-01-01,11.9888,935.790249,2047,1375.51,4.874,,,,,
2022-10-28,2033-01-01,12.0058,921.750089,2551,1561.14,5.5309,,,,,
2022-10-31,2023-01-01,13.6987,1026.083037,43,43.0,0.1501,,,,,
2022-10-31,2025-01-01,11.865,999.227954,545,487.73,1.7302,,,,,
2022-10-31,2027-01-01,11.645,981.9394,1046,850.89,3.0244,,,,,
2022-10-31,2029-01-01,11.7901,960.019094,1545,1142.8,4.0566,,,,,
2022-10-31,2031-01-01,11.8285,943.577863,2046,1377.58,4.8884,,,,,
2022-10-31,2033-01-01,11.8456,930.400965,2550,1565.05,5.5528,,,,,
2022-11-01,2023-01-01,13.697,1026.608468,42,42.0,0.1466,,,,,
2022-11-01,2025-01-01,11.855,999.845554,544,486.74,1.7268,,,,,
2022-11-01,2027-01-01,11.635,982.666262,1045,849.93,3.0212,,,,,
2022-11-01,2029-01-01,11.7537,961.865237,1544,1142.16,4.0557,,,,,
2022-11-01,2031-01-01,11.8024,945.203774,2045,1377.08,4.8877,,,,,
2022-11-01,2033-01-01,11.8175,932.270238,2549,1564.91,5.5537,,,,,
2022-11-03,2023-01-01,13.695,1027.134487,41,41.0,0.1431,,,,,
2022-11-03,2025-01-01,11.9269,999.049966,543,485.69,1.722,,,,,
2022-11-03,2027-01-01,11.6748,981.912964,1044,848.78,3.0161,,,,,
2022-11-03,2029-01-01,11.835,959.120165,1543,1140.35,4.0463,,,,,
2022-11-03,2031-01-01,11.8881,941.667987,2044,1374.44,4.8746,,,,,
2022-11-03,2033-01-01,11.9033,928.249905,2548,1561.28,5.5365,,,,,
2022-11-04,2023-01-01,13.693,1027.660632,40,40.0,0.1396,,,,,
2022-11-04,2025-01-01,11.8818,1000.273153,542,484.72,1.7192,,,,,
2022-11-04,2027-01-01,11.6185,984.015531,1043,847.99,3.0148,,,,,
2022-11-04,2029-01-01,11.77,962.077586,1542,1140.0,4.0474,,,,,
2022-11-04,2031-01-01,11.8215,945.157883,2043,1374.71,4.8785,,,,,
2022-11-04,2033-01-01,11.8408,931.89011,2547,1562.2,5.5429,,,,,
2022-11-07,2023-01-01,13.7051,1028.16717,39,39.0,0.1361,,,,,
2022-11-07,2025-01-01,12.0709,997.475267,541,483.6,1.7123,,,,,
2022-11-07,2027-01-01,11.888,976.48309,1042,845.98,3.0004,,,,,
2022-11-07,2029-01-01,12.0205,952.802719,1541,1136.5,4.026,,,,,
2022-11-07,2031-01-01,12.0616,934.580778,2042,1369.12,4.8482,,,,,
2022-11-07,2033-01-01,12.075,920.305195,2546,1554.01,5.5023,,,,,
2022-11-08,2023-01-01,13.7003,1028.697883,38,38.0,0.1326,,,,,
2022-11-08,2025-01-01,12.1553,996.486494,540,482.54,1.7073,,,,,
2022-11-08,2027-01-01,12.008,973.405838,1041,844.53,2.992,,,,,
2022-11-08,2029-01-01,12.16,947.893509,1540,1134.11,4.0125,,,,,
2022-11-08,2031-01-01,12.2136,928.140772,2041,1365.21,4.8278,,,,,
2022-11-08,2033-01-01,12.2263,913.095872,2545,1548.38,5.475,,,,,
2022-11-09,2023-01-01,13.6943,1029.230121,37,37.0,0.1291,,,,,
2022-11-09,2025-01-01,12.1736,996.628937,539,481.53,1.7035,,,,,
2022-11-09,2027-01-01,12.0528,972.538234,1040,843.36,2.9867,,,,,
2022-11-09,2029-01-01,12.2141,946.26739,1539,1132.57,4.0051,,,,,
2022-11-09,2031-01-01,12.2731,925.899959,2040,1363.06,4.8177,,,,,
2022-11-09,2033-01-01,12.2901,910.327727,2544,1545.42,5.4614,,,,,
2022-11-10,2023-01-01,13.7377,1029.698297,36,36.0,0.1256,,,,,
2022-11-10,2025-01-01,13.1917,980.035702,538,479.85,1.6823,,,,,
2022-11-10,2027-01-01,13.1125,942.838957,1039,838.35,2.9411,,,,,
2022-11-10,2029-01-01,13.2015,910.263325,1538,1121.66,3.9319,,,,,
2022-11-10,2031-01-01,13.2168,885.534971,2039,1343.94,4.7105,,,,,
2022-11-10,2033-01-01,13.2036,866.940476,2543,1516.44,5.3158,,,,,
2022-11-11,2023-01-01,13.7515,1030.207054,35,35.0,0.1221,,,,,
2022-11-11,2025-01-01,13.4185,976.789702,537,478.7,1.6749,,,,,
2022-11-11,2027-01-01,13.298,938.167711,1038,836.64,2.9303,,,,,
2022-11-11,2029-01-01,13.3593,905.079572,1537,1119.07,3.9174,,,,,
2022-11-11,2031-01-01,13.3367,880.982068,2038,1340.63,4.6939,,,,,
2022-11-11,2033-01-01,13.3165,862.180241,2542,1511.99,5.2949,,,,,
2022-11-14,2023-01-01,13.7224,1030.769509,34,34.0,0.1186,,,,,
2022-11-14,2025-01-01,13.12,982.181418,536,477.9,1.6765,,,,,
2022-11-14,2027-01-01,12.8947,949.835417,1037,837.17,2.9427,,,,,
2022-11-14,2029-01-01,12.9603,919.863237,1536,1122.08,3.9418,,,,,
2022-11-14,2031-01-01,12.9396,898.102189,2037,1347.27,4.7338,,,,,
2022-11-14,2033-01-01,12.924,880.847368,2541,1523.0,5.352,,,,,
2022-11-16,2023-01-01,13.7397,1031.27508,33,33.0,0.1151,,,,,
2022-11-16,2025-01-01,13.4718,976.896277,535,476.67,1.667,,,,,
2022-11-16,2027-01-01,13.1707,942.610566,1036,835.13,2.9283,,,,,
2022-11-16,2029-01-01,13.205,911.482667,1535,1118.62,3.9212,,,,,
2022-11-16,2031-01-01,13.1697,888.815031,2036,1341.84,4.7051,,,,,
2022-11-16,2033-01-01,13.1507,870.667584,2540,1515.06,5.3134,,,,,
2022-11-17,2023-01-01,13.7465,1031.794241,32,32.0,0.1116,,,,,
2022-11-17,2025-01-01,13.6727,974.123347,534,475.53,1.6601,,,,,
2022-11-17,2027-01-01,13.3834,937.218924,1035,833.32,2.9165,,,,,
2022-11-17,2029-01-01,13.3899,905.346714,1534,1115.76,3.9048,,,,,
2022-11-17,2031-01-01,13.3669,881.046935,2035,1337.05,4.6802,,,,,
2022-11-17,2033-01-01,13.3389,862.441442,2539,1508.3,5.2809,,,,,
2022-11-18,2023-01-01,13.7341,1032.335591,31,31.0,0.1082,,,,,
2022-11-18,2025-01-01,13.813,972.35414,533,474.44,1.6542,,,,,
2022-11-18,2027-01-01,13.5511,933.110735,1034,831.68,2.9065,,,,,
2022-11-18,2029-01-01,13.5744,899.299251,1533,1112.9,3.8884,,,,,
2022-11-18,2031-01-01,13.5365,874.521413,2034,1332.78,4.6583,,,,,
2022-11-18,2033-01-01,13.5331,854.081566,2538,1501.37,5.2476,,,,,
2022-11-21,2023-01-01,13.7285,1032.86898,30,30.0,0.1047,,,,,
2022-11-21,2025-01-01,13.6411,975.625066,532,473.55,1.6536,,,,,
2022-11-21,2027-01-01,13.3423,939.279228,1033,831.47,2.9111,,,,,
2022-11-21,2029-01-01,13.3812,906.558109,1532,1113.85,3.8984,,,,,
2022-11-21,2031-01-01,13.3674,881.903989,2033,1335.04,4.6731,,,,,
2022-11-21,2033-01-01,13.3423,863.143869,2537,1506.2,5.2734,,,,,
2022-11-22,2023-01-01,13.7281,1033.396804,29,29.0,0.1012,,,,,
2022-11-22,2025-01-01,13.7899,973.72425,531,472.45,1.6476,,,,,
2022-11-22,2027-01-01,13.5606,933.794481,1032,829.64,2.8991,,,,,
2022-11-22,2029-01-01,13.6046,899.151716,1531,1110.59,3.8793,,,,,
2022-11-22,2031-01-01,13.5368,875.390761,2032,1330.78,4.6512,,,,,
2022-11-22,2033-01-01,13.5229,855.400328,2536,1499.68,5.2422,,,,,
2022-11-23,2023-01-01,13.74,1033.912445,28,28.0,0.0977,,,,,
2022-11-23,2025-01-01,14.0538,970.004249,530,471.28,1.6397,,,,,
2022-11-23,2027-01-01,13.9041,925.018136,1031,827.33,2.8823,,,,,
2022-11-23,2029-01-01,13.9241,888.544397,1530,1106.36,3.8537,,,,,
2022-11-23,2031-01-01,13.8659,862.561495,2031,1323.44,4.6122,,,,,
2022-11-23,2033-01-01,13.8389,841.820407,2535,1489.03,5.1905,,,,,
2022-11-24,2023-01-01,13.7392,1034.441577,27,27.0,0.0942,,,,,
2022-11-24,2025-01-01,13.7526,975.320885,529,470.48,1.6413,,,,,
2022-11-24,2027-01-01,13.5371,935.374552,1030,827.73,2.893,,,,,
2022-11-24,2029-01-01,13.5836,900.796289,1529,1108.8,3.8738,,,,,
2022-11-24,2031-01-01,13.545,875.938957,2030,1328.62,4.6434,,,,,
2022-11-24,2033-01-01,13.5364,855.655953,2534,1497.27,5.2332,,,,,
2022-11-25,2023-01-01,13.7415,1034.968013,26,26.0,0.0907,,,,,
2022-11-25,2025-01-01,14.0077,971.749694,528,469.31,1.6335,,,,,
2022-11-25,2027-01-01,13.7383,930.415074,1029,825.97,2.8817,,,,,
2022-11-25,2029-01-01,13.7776,894.507908,1528,1105.85,3.8569,,,,,
2022-11-25,2031-01-01,13.6862,870.655704,2029,1324.9,4.6246,,,,,
2022-11-25,2033-01-01,13.665,850.349924,2533,1492.34,5.21,,,,,
2022-11-28,2023-01-01,13.7387,1035.499489,25,25.0,0.0872,,,,,
2022-11-28,2025-01-01,13.8037,975.502646,527,468.45,1.6334,,,,,
2022-11-28,2027-01-01,13.5338,936.406922,1028,825.75,2.8862,,,,,
2022-11-28,2029-01-01,13.569,902.217661,1527,1106.95,3.8678,,,,,
2022-11-28,2031-01-01,13.4948,878.870974,2028,1327.59,4.6418,,,,,
2022-11-28,2033-01-01,13.4641,859.770053,2532,1497.48,5.2372,,,,,
2022-11-29,2023-01-01,13.7283,1036.037628,24,24.0,0.0837,,,,,
2022-11-29,2025-01-01,13.2768,984.458784,526,467.8,1.6388,,,,,
2022-11-29,2027-01-01,12.998,951.5506,1027,826.78,2.9035,,,,,
2022-11-29,2029-01-01,13.0455,921.246853,1526,1111.23,3.9008,,,,,
2022-11-29,2031-01-01,13.0139,899.300533,2027,1335.84,4.6905,,,,,
2022-11-29,2033-01-01,12.9743,882.739743,2531,1511.46,5.309,,,,,
2022-11-30,2023-01-01,13.7185,1036.574797,23,23.0,0.0803,,,,,
2022-11-30,2025-01-01,13.1347,987.24289,525,466.89,1.6376,,,,,
2022-11-30,2027-01-01,12.76,958.632532,1026,826.68,2.9093,,,,,
2022-11-30,2029-01-01,12.7916,930.901106,1525,1112.78,3.915,,,,,
2022-11-30,2031-01-01,12.756,910.735017,2026,1339.8,4.7152,,,,,
2022-11-30,2033-01-01,12.747,893.937234,2530,1517.42,5.3407,,,,,
2022-12-01,2023-01-01,13.7094,1037.110979,22,22.0,0.0768,,,,,
2022-12-01,2025-01-01,13.2342,986.119851,524,465.82,1.6325,,,,,
2022-12-01,2027-01-01,12.8551,956.437986,1025,825.32,2.902,,,,,
2022-12-01,2029-01-01,12.8792,928.155927,1524,1110.9,3.9054,,,,,
2022-12-01,2031-01-01,12.8659,906.459302,2025,1336.69,4.6997,,,,,
2022-12-01,2033-01-01,12.841,889.885274,2529,1513.54,5.3226,,,,,
2022-12-02,2023-01-01,13.7017,1037.645714,21,21.0,0.0733,,,,,
2022-12-02,2025-01-01,13.0089,990.244332,523,464.97,1.6327,,,,,
2022-12-02,2027-01-01,12.5939,964.200138,1024,825.31,2.9087,,,,,
2022-12-02,2029-01-01,12.596,938.968479,1523,1112.74,3.9217,,,,,
2022-12-02,2031-01-01,12.583,919.089344,2024,1341.12,4.7271,,,,,
2022-12-02,2033-01-01,12.5602,903.789282,2528,1521.14,5.3627,,,,,
2022-12-05,2023-01-01,13.7003,1038.175602,20,20.0,0.0698,,,,,
2022-12-05,2025-01-01,13.1937,987.744334,522,463.85,1.6261,,,,,
2022-12-05,2027-01-01,12.8295,958.068074,1023,823.42,2.896,,,,,
2022-12-05,2029-01-01,12.8456,930.269403,1522,1109.24,3.9007,,,,,
2022-12-05,2031-01-01,12.8223,909.193522,2023,1335.52,4.6974,,,,,
2022-12-05,2033-01-01,12.8,892.686955,2527,1512.8,5.322,,,,,
2022-12-06,2023-01-01,13.7013,1038.704006,19,19.0,0.0663,,,,,
2022-12-06,2025-01-01,13.277,986.893648,521,462.8,1.6212,,,,,
2022-12-06,2027-01-01,12.9046,956.443096,1022,822.14,2.8896,,,,,
2022-12-06,2029-01-01,12.9431,927.181547,1521,1107.26,3.8903,,,,,
2022-12-06,2031-01-01,12.93,905.038294,2022,1332.45,4.6821,,,,,
2022-12-06,2033-01-01,12.899,888.421985,2526,1508.77,5.3031,,,,,
2022-12-07,2023-01-01,13.7004,1039.233992,18,18.0,0.0628,,,,,
2022-12-07,2025-01-01,13.1366,989.63269,520,461.89,1.6201,,,,,
2022-12-07,2027-01-01,12.8191,959.275249,1021,821.46,2.8894,,,,,
2022-12-07,2029-01-01,12.8599,930.642736,1520,1107.09,3.8926,,,,,
2022-12-07,2031-01-01,12.8759,907.776106,2021,1332.49,4.6845,,,,,
2022-12-07,2033-01-01,12.87,890.21995,2525,1508.65,5.3041,,,,,
2022-12-08,2023-01-01,13.6934,1039.767947,17,17.0,0.0593,,,,,
2022-12-08,2025-01-01,13.1795,989.430065,519,460.86,1.6159,,,,,
2022-12-08,2027-01-01,12.8823,957.982079,1020,820.22,2.8834,,,,,
2022-12-08,2029-01-01,12.9535,927.702126,1519,1105.15,3.8826,,,,,
2022-12-08,2031-01-01,12.98,903.793848,2020,1329.49,4.6696,,,,,
2022-12-08,2033-01-01,12.9795,885.492308,2524,1504.3,5.2837,,,,,
2022-12-09,2023-01-01,13.6946,1040.296904,16,16.0,0.0558,,,,,
2022-12-09,2025-01-01,13.18,989.908286,518,459.86,1.6123,,,,,
2022-12-09,2027-01-01,12.9613,956.260513,1019,818.92,2.8768,,,,,
2022-12-09,2029-01-01,13.0029,926.370812,1518,1103.66,3.8756,,,,,
2022-12-09,2031-01-01,13.02,902.542813,2019,1327.72,4.6618,,,,,
2022-12-09,2033-01-01,13.0172,884.157291,2523,1502.15,5.2743,,,,,
2022-12-12,2023-01-01,13.706,1040.820659,15,15.0,0.0523,,,,,
2022-12-12,2025-01-01,13.4812,985.606206,517,458.66,1.6039,,,,,
2022-12-12,2027-01-01,13.218,949.687237,1018,816.95,2.8634,,,,,
2022-12-12,2029-01-01,13.233,918.598936,1517,1100.34,3.8561,,,,,
2022-12-12,2031-01-01,13.2395,893.799983,2018,1322.5,4.6344,,,,,
2022-12-12,2033-01-01,13.2181,875.280008,2522,1495.0,5.2399,,,,,
2022-12-13,2023-01-01,13.7117,1041.348407,14,14.0,0.0489,,,,,
2022-12-13,2025-01-01,13.7223,982.301539,516,457.5,1.5964,,,,,
2022-12-13,2027-01-01,13.4528,943.790643,1017,815.05,2.8508,,,,,
2022-12-13,2029-01-01,13.454,911.259343,1516,1097.11,3.8373,,,,,
2022-12-13,2031-01-01,13.4629,885.042555,2017,1317.2,4.6068,,,,,
2022-12-13,2033-01-01,13.439,865.654979,2521,1487.24,5.2026,,,,,
2022-12-14,2023-01-01,13.7121,1041.879342,13,13.0,0.0454,,,,,
2022-12-14,2025-01-01,13.9003,980.017912,515,456.38,1.59,,,,,
2022-12-14,2027-01-01,13.7058,937.480488,1016,813.09,2.8376,,,,,
2022-12-14,2029-01-01,13.6608,904.514432,1515,1094.03,3.8196,,,,,
2022-12-14,2031-01-01,13.6668,877.216814,2016,1312.27,4.5813,,,,,
2022-12-14,2033-01-01,13.651,856.607621,2520,1479.76,5.1668,,,,,
2022-12-15,2023-01-01,13.7263,1042.404553,12,12.0,0.0419,,,,,
2022-12-15,2025-01-01,13.6458,984.503444,514,455.55,1.5907,,,,,
2022-12-15,2027-01-01,13.4525,944.744611,1015,813.05,2.8438,,,,,
2022-12-15,2029-01-01,13.4057,913.866122,1514,1095.6,3.8337,,,,,
2022-12-15,2031-01-01,13.4077,888.188579,2015,1316.26,4.6057,,,,,
2022-12-15,2033-01-01,13.3655,869.84649,2519,1487.49,5.2068,,,,,
2022-12-16,2023-01-01,13.7292,1042.935587,11,11.0,0.0384,,,,,
2022-12-16,2025-01-01,13.8152,982.356165,513,454.44,1.5844,,,,,
2022-12-16,2027-01-01,13.6618,939.609431,1014,811.26,2.8323,,,,,
2022-12-16,2029-01-01,13.5919,907.822186,1513,1092.72,3.8173,,,,,
2022-12-16,2031-01-01,13.5552,882.618382,2014,1312.42,4.5863,,,,,
2022-12-16,2033-01-01,13.5241,863.131384,2518,1481.64,5.1791,,,,,
2022-12-19,2023-01-01,13.7513,1043.460113,10,10.0,0.0349,,,,,
2022-12-19,2025-01-01,13.7618,983.69254,512,453.47,1.5818,,,,,
2022-12-19,2027-01-01,13.6037,941.637838,1013,810.48,2.8311,,,,,
2022-12-19,2029-01-01,13.5416,910.029949,1512,1092.23,3.8173,,,,,
2022-12-19,2031-01-01,13.5018,885.233228,2013,1312.45,4.5886,,,,,
2022-12-19,2033-01-01,13.478,865.633846,2517,1482.05,5.1826,,,,,
2022-12-20,2023-01-01,13.7879,1043.981762,9,9.0,0.0314,,,,,
2022-12-20,2025-01-01,13.3908,989.997202,511,452.72,1.5844,,,,,
2022-12-20,2027-01-01,13.2077,952.778118,1012,810.99,2.8427,,,,,
2022-12-20,2029-01-01,13.2215,921.728412,1511,1094.46,3.8359,,,,,
2022-12-20,2031-01-01,13.2137,897.520046,2012,1317.0,4.6162,,,,,
2022-12-20,2033-01-01,13.2046,878.490977,2516,1489.41,5.221,,,,,
2022-12-21,2023-01-01,13.8193,1044.507857,8,8.0,0.0279,,,,,
2022-12-21,2025-01-01,13.2851,992.151313,510,451.79,1.5826,,,,,
2022-12-21,2027-01-01,13.1084,955.947166,1011,810.36,2.843,,,,,
2022-12-21,2029-01-01,13.1348,925.260861,1510,1094.33,3.8384,,,,,
2022-12-21,2031-01-01,13.1171,901.985205,2011,1317.86,4.6232,,,,,
2022-12-21,2033-01-01,13.1121,883.188893,2515,1491.24,5.2317,,,,,
2022-12-22,2023-01-01,13.8743,1045.030491,7,7.0,0.0244,,,,,
2022-12-22,2025-01-01,13.1045,995.485071,509,450.91,1.582,,,,,
2022-12-22,2027-01-01,12.9961,959.47924,1010,809.79,2.8439,,,,,
2022-12-22,2029-01-01,13.0391,929.127887,1509,1094.29,3.8415,,,,,
2022-12-22,2031-01-01,13.0207,906.467235,2010,1318.71,4.6301,,,,,
2022-12-22,2033-01-01,13.0372,887.097781,2514,1492.54,5.2397,,,,,
2022-12-23,2023-01-01,13.8993,1045.563957,6,6.0,0.0209,,,,,
2022-12-23,2025-01-01,12.865,999.755451,508,450.07,1.5824,,,,,
2022-12-23,2027-01-01,12.8647,963.546232,1009,809.29,2.8454,,,,,
2022-12-23,2029-01-01,12.9696,932.069631,1508,1093.99,3.8428,,,,,
2022-12-23,2031-01-01,12.9284,910.801069,2009,1319.48,4.6366,,,,,
2022-12-23,2033-01-01,12.9197,893.025976,2513,1495.13,5.2542,,,,,
2022-12-26,2023-01-01,13.934,1046.097752,5,5.0,0.0174,,,,,
2022-12-26,2025-01-01,12.9947,998.187214,507,448.98,1.5768,,,,,
2022-12-26,2027-01-01,12.9501,961.667757,1008,807.96,2.8386,,,,,
2022-12-26,2029-01-01,13.0091,931.105164,1507,1092.59,3.8366,,,,,
2022-12-26,2031-01-01,12.9611,909.858751,2008,1317.86,4.6295,,,,,
2022-12-26,2033-01-01,12.9541,891.842237,2512,1493.08,5.2454,,,,,
2022-12-27,2023-01-01,14.0286,1046.625622,4,4.0,0.0139,,,,,
2022-12-27,2025-01-01,12.976,998.965663,506,448.0,1.5736,,,,,
2022-12-27,2027-01-01,12.9758,961.430167,1007,806.87,2.8341,,,,,
2022-12-27,2029-01-01,13.0581,929.806191,1506,1091.1,3.8297,,,,,
2022-12-27,2031-01-01,13.0227,907.705017,2007,1315.67,4.6194,,,,,
2022-12-27,2033-01-01,13.027,888.867794,2511,1489.85,5.2307,,,,,
2022-12-28,2023-01-01,14.118,1047.161233,3,3.0,0.0104,,,,,
2022-12-28,2025-01-01,12.7367,1003.222995,505,447.16,1.574,,,,,
2022-12-28,2027-01-01,12.709,969.21929,1006,806.88,2.8409,,,,,
2022-12-28,2029-01-01,12.8129,939.066085,1505,1092.57,3.8432,,,,,
2022-12-28,2031-01-01,12.7972,917.693511,2006,1319.01,4.6403,,,,,
2022-12-28,2033-01-01,12.792,900.349559,2510,1496.04,5.2634,,,,,
2022-12-29,2023-01-01,14.1267,1047.709516,2,2.0,0.007,,,,,
2022-12-29,2025-01-01,12.6784,1004.621675,504,446.19,1.5714,,,,,
2022-12-29,2027-01-01,12.6365,971.682344,1005,806.15,2.8401,,,,,
2022-12-29,2029-01-01,12.7112,943.202642,1504,1092.59,3.8467,,,,,
2022-12-29,2031-01-01,12.7073,921.979536,2005,1319.73,4.6466,,,,,
2022-12-29,2033-01-01,12.6637,906.901841,2509,1498.97,5.2797,,,,,
2022-12-30,2023-01-01,14.1267,1048.259039,1,1.0,0.0035,,,,,
2022-12-30,2025-01-01,12.6784,1005.097657,503,445.19,1.5679,,,,,
2022-12-30,2027-01-01,12.6365,972.141285,1004,805.15,2.8366,,,,,
2022-12-30,2029-01-01,12.7112,943.650615,1503,1091.59,3.8432,,,,,
2022-12-30,2031-01-01,12.7073,922.417303,2004,1318.73,4.6431,,,,,
2022-12-30,2033-01-01,12.6637,907.331055,2508,1497.97,5.2762,,,,,
2023-01-02,2025-01-01,12.9311,952.795804,502,466.76,1.6401,,,,,
2023-01-02,2027-01-01,12.9425,915.392523,1003,845.76,2.9716,,,,,
2023-01-02,2029-01-01,13.0074,884.619161,1502,1147.54,4.0296,,,,,
2023-01-02,2031-01-01,12.9795,862.477604,2003,1386.64,4.8704,,,,,
2023-01-02,2033-01-01,12.9389,845.903609,2507,1574.26,5.5314,,,,,
2023-01-03,2025-01-01,13.1887,949.242911,501,465.68,1.6326,,,,,
2023-01-03,2027-01-01,13.176,909.502082,1002,844.12,2.9597,,,,,
2023-01-03,2029-01-01,13.2234,877.381601,1501,1144.76,4.0122,,,,,
2023-01-03,2031-01-01,13.1701,854.926347,2002,1382.46,4.8475,,,,,
2023-01-03,2033-01-01,13.1233,837.733704,2506,1568.16,5.501,,,,,
2023-01-04,2025-01-01,13.3297,947.528159,500,464.63,1.6269,,,,,
2023-01-04,2027-01-01,13.3363,905.640066,1001,842.69,2.9505,,,,,
2023-01-04,2029-01-01,13.3776,872.399532,1500,1142.5,3.9988,,,,,
2023-01-04,2031-01-01,13.3214,849.096547,2001,1378.93,4.8287,,,,,
2023-01-04,2033-01-01,13.2972,830.172407,2505,1562.36,5.4722,,,,,
2023-01-05,2025-01-01,13.143,950.884282,499,463.69,1.6263,,,,,
2023-01-05,2027-01-01,13.074,913.150828,1000,842.4,2.9563,,,,,
2023-01-05,2029-01-01,13.1179,881.977055,1499,1143.63,4.0119,,,,,
2023-01-05,2031-01-01,13.0813,859.464096,2000,1381.94,4.8495,,,,,
2023-01-05,2033-01-01,13.0638,841.306995,2504,1567.81,5.5026,,,,,
2023-01-06,2025-01-01,12.9175,954.848284,498,462.77,1.6263,,,,,
2023-01-06,2027-01-01,12.8333,920.13926,999,842.06,2.9614,,,,,
2023-01-06,2029-01-01,12.9156,889.620868,1498,1144.29,4.0214,,,,,
2023-01-06,2031-01-01,12.9019,867.422505,1999,1383.94,4.8642,,,,,
2023-01-06,2033-01-01,12.8806,850.2769,2503,1571.87,5.5258,,,,,
2023-01-09,2025-01-01,12.794,957.229877,497,461.81,1.6247,,,,,
2023-01-09,2027-01-01,12.7161,923.78778,998,841.38,2.9621,,,,,
2023-01-09,2029-01-01,12.8428,892.664374,1497,1143.88,4.0226,,,,,
2023-01-09,2031-01-01,12.8493,870.06814,1998,1383.82,4.8661,,,,,
2023-01-09,2033-01-01,12.8376,852.713302,2502,1572.06,5.5286,,,,,
2023-01-10,2025-01-01,12.7105,958.987505,496,460.83,1.6225,,,,,
2023-01-10,2027-01-01,12.5208,929.602909,997,840.91,2.9656,,,,,
2023-01-10,2029-01-01,12.6595,899.720732,1496,1144.38,4.0309,,,,,
2023-01-10,2031-01-01,12.6806,877.684433,1997,1385.63,4.8797,,,,,
2023-01-10,2033-01-01,12.6915,860.063391,2501,1575.1,5.5465,,,,,
2023-01-11,2025-01-01,12.5763,961.534955,495,459.88,1.621,,,,,
2023-01-11,2027-01-01,12.3359,935.165082,996,840.41,2.9687,,,,,
2023-01-11,2029-01-01,12.4522,907.722596,1495,1145.08,4.0408,,,,,
2023-01-11,2031-01-01,12.483,886.638911,1996,1387.92,4.8964,,,,,
2023-01-11,2033-01-01,12.4962,869.879567,2500,1579.5,5.5716,,,,,
2023-01-12,2025-01-01,12.4215,964.405093,494,458.93,1.6199,,,,,
2023-01-12,2027-01-01,12.1378,941.130001,995,839.95,2.9723,,,,,
2023-01-12,2029-01-01,12.2708,914.845557,1494,1145.56,4.049,,,,,
2023-01-12,2031-01-01,12.2941,895.324612,1995,1390.07,4.9122,,,,,
2023-01-12,2033-01-01,12.3147,879.164727,2499,1583.51,5.5948,,,,,
2023-01-13,2025-01-01,12.4432,964.514318,493,457.92,1.6161,,,,,
2023-01-13,2027-01-01,12.2262,939.084958,994,838.71,2.9656,,,,,
2023-01-13,2029-01-01,12.3678,911.676004,1493,1143.77,4.0392,,,,,
2023-01-13,2031-01-01,12.3868,891.664794,1994,1387.53,4.8992,,,,,
2023-01-13,2033-01-01,12.4089,874.946125,2498,1579.91,5.5774,,,,,
2023-01-16,2025-01-01,12.688,961.159043,492,456.84,1.6087,,,,,
2023-01-16,2027-01-01,12.5119,931.590566,993,836.93,2.9518,,,,,
2023-01-16,2029-01-01,12.6473,901.867558,1492,1140.48,4.0176,,,,,
2023-01-16,2031-01-01,12.67,879.803966,1993,1381.81,4.8667,,,,,
2023-01-16,2033-01-01,12.6741,862.527815,2497,1571.58,5.5349,,,,,
2023-01-17,2025-01-01,12.5451,963.828746,491,455.89,1.6074,,,,,
2023-01-17,2027-01-01,12.3879,935.451698,992,836.27,2.9527,,,,,
2023-01-17,2029-01-01,12.5451,906.014442,1491,1140.32,4.0207,,,,,
2023-01-17,2031-01-01,12.5674,884.638172,1992,1382.52,4.8737,,,,,
2023-01-17,2033-01-01,12.587,867.116871,2496,1572.99,5.5442,,,,,
2023-01-18,2025-01-01,12.5708,963.882782,490,454.88,1.6035,,,,,
2023-01-18,2027-01-01,12.455,934.030986,991,835.09,2.9468,,,,,
2023-01-18,2029-01-01,12.6238,903.573653,1490,1138.68,4.0121,,,,,
2023-01-18,2031-01-01,12.655,881.28105,1991,1380.06,4.8612,,,,,
2023-01-18,2033-01-01,12.6822,862.95787,2495,1569.36,5.5267,,,,,
2023-01-19,2025-01-01,12.6439,963.206879,489,453.86,1.5989,,,,,
2023-01-19,2027-01-01,12.5523,931.788391,990,833.82,2.9398,,,,,
2023-01-19,2029-01-01,12.729,900.190563,1489,1136.82,4.0018,,,,,
2023-01-19,2031-01-01,12.7536,877.479851,1990,1377.41,4.8477,,,,,
2023-01-19,2033-01-01,12.773,859.044658,2494,1565.85,5.5099,,,,,
2023-01-20,2025-01-01,12.8006,961.253327,488,452.81,1.5929,,,,,
2023-01-20,2027-01-01,12.8221,924.86241,989,832.09,2.9267,,,,,
2023-01-20,2029-01-01,13.0302,889.8397,1488,1133.35,3.979,,,,,
2023-01-20,2031-01-01,13.0772,864.259468,1989,1371.01,4.8113,,,,,
2023-01-20,2033-01-01,13.0931,844.472995,2493,1556.0,5.4597,,,,,
2023-01-23,2025-01-01,12.8829,960.453845,487,451.78,1.5882,,,,,
2023-01-23,2027-01-01,12.9236,922.55843,988,830.81,2.9196,,,,,
2023-01-23,2029-01-01,13.1876,884.713603,1487,1131.06,3.9654,,,,,
2023-01-23,2031-01-01,13.2688,856.750872,1988,1366.81,4.7885,,,,,
2023-01-23,2033-01-01,13.3118,834.873429,2492,1548.96,5.4245,,,,,
2023-01-24,2025-01-01,12.7741,962.577956,486,450.81,1.5863,,,,,
2023-01-24,2027-01-01,12.8119,926.024846,987,830.12,2.92,,,,,
2023-01-24,2029-01-01,13.0507,889.978674,1486,1131.18,3.9706,,,,,
2023-01-24,2031-01-01,13.1341,862.737406,1987,1368.06,4.7986,,,,,
2023-01-24,2033-01-01,13.1782,841.381643,2491,1551.65,5.4404,,,,,
2023-01-25,2025-01-01,12.6698,964.63221,485,449.85,1.5844,,,,,
2023-01-25,2027-01-01,12.6523,930.806127,986,829.55,2.9221,,,,,
2023-01-25,2029-01-01,12.892,896.055432,1485,1131.48,3.9773,,,,,
2023-01-25,2031-01-01,12.972,869.921882,1986,1369.77,4.8114,,,,,
2023-01-25,2033-01-01,13.0104,849.542277,2490,1555.28,5.4612,,,,,
2023-01-26,2025-01-01,12.7275,964.207628,484,448.83,1.58,,,,,
2023-01-26,2027-01-01,12.6873,930.293162,985,828.45,2.9174,,,,,
2023-01-26,2029-01-01,12.9465,894.543798,1484,1130.03,3.9703,,,,,
2023-01-26,2031-01-01,13.04,867.497905,1985,1367.63,4.801,,,,,
2023-01-26,2033-01-01,13.0874,846.3871,2489,1552.16,5.4465,,,,,
2023-01-27,2025-01-01,12.873,962.453326,483,447.78,1.5743,,,,,
2023-01-27,2027-01-01,12.871,925.757922,984,826.95,2.9074,,,,,
2023-01-27,2029-01-01,13.12,888.832536,1483,1127.61,3.9557,,,,,
2023-01-27,2031-01-01,13.1971,861.39943,1984,1364.01,4.7817,,,,,
2023-01-27,2033-01-01,13.2494,839.368046,2488,1546.68,5.4196,,,,,
2023-01-30,2025-01-01,12.9031,962.459971,482,446.77,1.5703,,,,,
2023-01-30,2027-01-01,12.8877,925.752624,983,825.91,2.9033,,,,,
2023-01-30,2029-01-01,13.1118,889.556366,1482,1126.68,3.9527,,,,,
2023-01-30,2031-01-01,13.1679,863.029582,1983,1363.49,4.7811,,,,,
2023-01-30,2033-01-01,13.2085,841.649493,2487,1546.81,5.422,,,,,
2023-01-31,2025-01-01,12.8313,964.009874,481,445.8,1.5679,,,,,
2023-01-31,2027-01-01,12.8087,928.328902,982,825.12,2.9025,,,,,
2023-01-31,2029-01-01,13.0067,893.704549,1481,1126.54,3.9559,,,,,
2023-01-31,2031-01-01,13.052,868.264344,1982,1364.43,4.7893,,,,,
2023-01-31,2033-01-01,13.092,847.414943,2486,1549.03,5.4353,,,,,
2023-02-01,2025-01-01,12.915,963.207901,480,444.77,1.5631,,,,,
2023-02-01,2027-01-01,12.9412,925.205658,981,823.76,2.8943,,,,,
2023-02-01,2029-01-01,13.1271,889.888107,1480,1124.55,3.9447,,,,,
2023-02-01,2031-01-01,13.1789,863.422788,1981,1361.31,4.773,,,,,
2023-02-01,2033-01-01,13.2195,841.97604,2485,1544.51,5.4134,,,,,
2023-02-02,2025-01-01,13.0007,962.383218,479,443.74,1.5583,,,,,
2023-02-02,2027-01-01,12.8632,927.748699,980,822.98,2.8936,,,,,
2023-02-02,2029-01-01,13.0167,894.218316,1479,1124.46,3.9482,,,,,
2023-02-02,2031-01-01,13.0699,868.364943,1980,1362.13,4.7805,,,,,
2023-02-02,2033-01-01,13.0901,848.330459,2484,1547.08,5.4286,,,,,
2023-02-03,2025-01-01,13.2485,959.144946,478,442.66,1.5511,,,,,
2023-02-03,2027-01-01,13.1562,920.360793,979,821.18,2.8798,,,,,
2023-02-03,2029-01-01,13.327,883.771215,1478,1120.91,3.925,,,,,
2023-02-03,2031-01-01,13.3831,855.90065,1979,1355.89,4.7454,,,,,
2023-02-03,2033-01-01,13.4029,834.495218,2483,1537.44,5.3799,,,,,
2023-02-06,2025-01-01,13.239,959.759971,477,441.66,1.5477,,,,,
2023-02-06,2027-01-01,13.1131,921.957875,978,820.29,2.8778,,,,,
2023-02-06,2029-01-01,13.2659,886.33704,1477,1120.42,3.9254,,,,,
2023-02-06,2031-01-01,13.334,858.328931,1978,1355.72,4.7469,,,,,
2023-02-06,2033-01-01,13.347,837.431551,2482,1537.98,5.3844,,,,,
2023-02-07,2025-01-01,13.1188,962.022073,476,440.7,1.546,,,,,
2023-02-07,2027-01-01,13.1233,922.137693,977,819.27,2.8739,,,,,
2023-02-07,2029-01-01,13.332,884.475492,1476,1118.87,3.9177,,,,,
2023-02-07,2031-01-01,13.418,855.336006,1977,1353.31,4.7349,,,,,
2023-02-07,2033-01-01,13.4356,833.860167,2481,1534.54,5.3682,,,,,
2023-02-08,2025-01-01,12.8356,966.720361,475,439.79,1.5467,,,,,
2023-02-08,2027-01-01,12.9341,927.632348,976,818.78,2.877,,,,,
2023-02-08,2029-01-01,13.2085,889.216887,1475,1118.89,3.922,,,,,
2023-02-08,2031-01-01,13.3107,860.133764,1976,1354.11,4.7422,,,,,
2023-02-08,2033-01-01,13.3556,837.876364,2480,1535.75,5.3762,,,,,
2023-02-09,2025-01-01,12.8738,966.612761,474,438.78,1.5426,,,,,
2023-02-09,2027-01-01,13.1351,922.727554,975,817.23,2.8665,,,,,
2023-02-09,2029-01-01,13.4448,881.452342,1474,1115.95,3.9035,,,,,
2023-02-09,2031-01-01,13.5543,850.68724,1975,1349.03,4.7143,,,,,
2023-02-09,2033-01-01,13.6013,827.315083,2479,1527.96,5.3374,,,,,
2023-02-10,2025-01-01,12.879,966.999842,473,437.78,1.539,,,,,
2023-02-10,2027-01-01,13.1164,923.675316,974,816.29,2.8636,,,,,
2023-02-10,2029-01-01,13.403,883.336272,1473,1115.29,3.9027,,,,,
2023-02-10,2031-01-01,13.5113,852.84686,1974,1348.75,4.7151,,,,,
2023-02-10,2033-01-01,13.5489,830.056614,2478,1528.41,5.3414,,,,,
2023-02-13,2025-01-01,12.9844,965.89809,472,436.75,1.5339,,,,,
2023-02-13,2027-01-01,13.1321,923.711226,973,815.24,2.8596,,,,,
2023-02-13,2029-01-01,13.375,884.745078,1472,1114.52,3.9009,,,,,
2023-02-13,2031-01-01,13.439,856.196214,1973,1348.96,4.7188,,,,,
2023-02-13,2033-01-01,13.4706,833.963879,2477,1529.57,5.3492,,,,,
2023-02-14,2025-01-01,12.8725,968.026619,471,435.78,1.5321,,,,,
2023-02-14,2027-01-01,13.1498,923.695338,972,814.19,2.8554,,,,,
2023-02-14,2029-01-01,13.4365,883.063003,1471,1113.01,3.8936,,,,,
2023-02-14,2031-01-01,13.5261,853.109216,1972,1346.5,4.7066,,,,,
2023-02-14,2033-01-01,13.5699,829.962322,2476,1525.83,5.3314,,,,,
2023-02-15,2025-01-01,12.5963,972.602872,470,434.87,1.5326,,,,,
2023-02-15,2027-01-01,12.8816,931.274983,971,813.93,2.8613,,,,,
2023-02-15,2029-01-01,13.1985,891.757349,1470,1113.97,3.9051,,,,,
2023-02-15,2031-01-01,13.2753,863.716212,1971,1349.7,4.7283,,,,,
2023-02-15,2033-01-01,13.3241,841.385384,2475,1531.62,5.3632,,,,,
2023-02-16,2025-01-01,12.5896,973.160764,469,433.87,1.5292,,,,,
2023-02-16,2027-01-01,12.9845,928.981385,970,812.65,2.8542,,,,,
2023-02-16,2029-01-01,13.3327,887.531416,1469,1111.87,3.8931,,,,,
2023-02-16,2031-01-01,13.4265,857.988448,1970,1346.17,4.7096,,,,,
2023-02-16,2033-01-01,13.4792,834.835406,2474,1526.33,5.3374,,,,,
2023-02-17,2025-01-01,12.5321,974.475206,468,432.89,1.5265,,,,,
2023-02-17,2027-01-01,12.855,932.881016,969,812.0,2.8552,,,,,
2023-02-17,2029-01-01,13.168,893.699768,1468,1112.22,3.9,,,,,
2023-02-17,2031-01-01,13.2011,867.614354,1969,1348.94,4.7287,,,,,
2023-02-17,2033-01-01,13.256,845.307524,2473,1531.5,5.366,,,,,
2023-02-22,2025-01-01,12.649,973.195239,467,431.85,1.5213,,,,,
2023-02-22,2027-01-01,12.9072,931.937208,968,810.86,2.8498,,,,,
2023-02-22,2029-01-01,13.2258,892.123459,1467,1110.74,3.8929,,,,,
2023-02-22,2031-01-01,13.2643,865.448934,1968,1346.88,4.7188,,,,,
2023-02-22,2033-01-01,13.3242,842.634678,2472,1528.61,5.3527,,,,,
2023-02-23,2025-01-01,12.6197,974.089324,466,430.86,1.5182,,,,,
2023-02-23,2027-01-01,12.9,932.577884,967,809.88,2.8466,,,,,
2023-02-23,2029-01-01,13.2505,891.704483,1466,1109.54,3.8878,,,,,
2023-02-23,2031-01-01,13.2972,864.53203,1967,1345.33,4.712,,,,,
2023-02-23,2033-01-01,13.359,841.482838,2471,1526.65,5.3442,,,,,
2023-02-24,2025-01-01,12.7894,972.044184,465,429.81,1.5122,,,,,
2023-02-24,2027-01-01,13.0891,928.016547,966,808.36,2.8365,,,,,
2023-02-24,2029-01-01,13.4186,886.333378,1465,1107.16,3.8737,,,,,
2023-02-24,2031-01-01,13.4569,858.477275,1966,1341.66,4.6926,,,,,
2023-02-24,2033-01-01,13.4903,836.01769,2470,1522.03,5.3218,,,,,
2023-02-27,2025-01-01,12.6105,975.144378,464,428.87,1.5113,,,,,
2023-02-27,2027-01-01,12.8373,935.144949,965,808.05,2.8417,,,,,
2023-02-27,2029-01-01,13.157,895.84007,1464,1108.31,3.8867,,,,,
2023-02-27,2031-01-01,13.2013,869.315447,1965,1344.94,4.7146,,,,,
2023-02-27,2033-01-01,13.26,846.797759,2469,1527.39,5.3515,,,,,
2023-02-28,2025-01-01,12.6917,974.408465,463,427.84,1.5066,,,,,
2023-02-28,2027-01-01,12.9251,933.259625,964,806.81,2.8352,,,,,
2023-02-28,2029-01-01,13.2477,893.123553,1463,1106.56,3.8775,,,,,
2023-02-28,2031-01-01,13.2962,865.858688,1964,1342.35,4.7016,,,,,
2023-02-28,2033-01-01,13.3408,843.560143,2468,1524.16,5.3363,,,,,
2023-03-01,2025-01-01,12.687,974.939599,462,426.84,1.5031,,,,,
2023-03-01,2027-01-01,13.0534,930.317341,963,805.46,2.8272,,,,,
2023-03-01,2029-01-01,13.4087,888.003338,1462,1104.24,3.8638,,,,,
2023-03-01,2031-01-01,13.493,858.313885,1963,1338.06,4.6785,,,,,
2023-03-01,2033-01-01,13.5507,834.593426,2467,1517.36,5.3027,,,,,
2023-03-02,2025-01-01,12.813,973.55799,461,425.8,1.4978,,,,,
2023-03-02,2027-01-01,13.2138,926.55697,962,804.02,2.8182,,,,,
2023-03-02,2029-01-01,13.544,883.813146,1461,1102.13,3.8518,,,,,
2023-03-02,2031-01-01,13.6332,853.130918,1962,1334.71,4.661,,,,,
2023-03-02,2033-01-01,13.692,828.785345,2466,1512.45,5.279,,,,,
2023-03-03,2025-01-01,12.858,973.367973,460,424.79,1.4936,,,,,
2023-03-03,2027-01-01,13.2362,926.427611,961,802.96,2.8139,,,,,
2023-03-03,2029-01-01,13.553,883.951858,1460,1101.06,3.8478,,,,,
2023-03-03,2031-01-01,13.6354,853.476056,1961,1333.67,4.6573,,,,,
2023-03-03,2033-01-01,13.694,829.119835,2465,1511.4,5.2752,,,,,
2023-03-06,2025-01-01,12.7153,975.913825,459,423.83,1.4921,,,,,
2023-03-06,2027-01-01,13.1453,929.263391,960,802.21,2.8135,,,,,
2023-03-06,2029-01-01,13.5055,886.018533,1459,1100.45,3.8473,,,,,
2023-03-06,2031-01-01,13.5885,855.779996,1960,1333.46,4.6585,,,,,
2023-03-06,2033-01-01,13.6476,831.578984,2464,1511.68,5.2784,,,,,
2023-03-07,2025-01-01,12.639,977.489735,458,422.86,1.4897,,,,,
2023-03-07,2027-01-01,13.03,932.746437,959,801.52,2.814,,,,,
2023-03-07,2029-01-01,13.3887,890.465733,1458,1100.41,3.8511,,,,,
2023-03-07,2031-01-01,13.4795,860.58306,1959,1334.28,4.6658,,,,,
2023-03-07,2033-01-01,13.5451,836.526821,2463,1513.51,5.2895,,,,,
2023-03-08,2025-01-01,12.422,981.120238,457,421.93,1.4893,,,,,
2023-03-08,2027-01-01,12.8309,938.4572,958,801.06,2.8173,,,,,
2023-03-08,2029-01-01,13.239,896.074277,1457,1100.64,3.857,,,,,
2023-03-08,2031-01-01,13.3503,866.236127,1958,1335.44,4.6752,,,,,
2023-03-08,2033-01-01,13.4172,842.647124,2462,1516.04,5.3044,,,,,
2023-03-09,2025-01-01,12.229,984.403334,456,420.99,1.4886,,,,,
2023-03-09,2027-01-01,12.5883,945.36544,957,800.72,2.8222,,,,,
2023-03-09,2029-01-01,12.9752,905.717506,1456,1101.8,3.8701,,,,,
2023-03-09,2031-01-01,13.0565,878.709698,1957,1339.36,4.7011,,,,,
2023-03-09,2033-01-01,13.1388,855.674428,2461,1522.74,5.3409,,,,,
2023-03-10,2025-01-01,12.385,982.572315,455,419.94,1.4828,,,,,
2023-03-10,2027-01-01,12.6853,943.222361,956,799.46,2.8153,,,,,
2023-03-10,2029-01-01,13.0644,903.031254,1455,1100.07,3.8609,,,,,
2023-03-10,2031-01-01,13.151,875.23878,1956,1336.78,4.6881,,,,,
2023-03-10,2033-01-01,13.2345,851.729155,2460,1519.09,5.3236,,,,,
2023-03-13,2025-01-01,12.1778,986.054476,454,419.01,1.4822,,,,,
2023-03-13,2027-01-01,12.4908,948.865032,955,798.99,2.8185,,,,,
2023-03-13,2029-01-01,12.8739,910.160756,1454,1100.63,3.8694,,,,,
2023-03-13,2031-01-01,12.9515,883.926639,1955,1339.11,4.7046,,,,,
2023-03-13,2033-01-01,13.0452,860.813881,2459,1523.32,5.3474,,,,,
2023-03-14,2025-01-01,12.2321,985.711054,453,417.99,1.4779,,,,,
2023-03-14,2027-01-01,12.6225,945.788577,954,797.63,2.8105,,,,,
2023-03-14,2029-01-01,13.0321,905.040493,1453,1098.33,3.856,,,,,
2023-03-14,2031-01-01,13.111,877.743859,1954,1335.44,4.6851,,,,,
2023-03-14,2033-01-01,13.1915,854.526018,2458,1518.28,5.3228,,,,,
2023-03-15,2025-01-01,12.083,988.338814,452,417.04,1.4765,,,,,
2023-03-15,2027-01-01,12.5721,947.578519,953,796.77,2.8087,,,,,
2023-03-15,2029-01-01,13.0283,905.613432,1452,1097.36,3.8527,,,,,
2023-03-15,2031-01-01,13.102,878.54405,1953,1334.6,4.6825,,,,,
2023-03-15,2033-01-01,13.1877,855.119477,2457,1517.39,5.3198,,,,,
2023-03-16,2025-01-01,12.1954,987.148146,451,416.0,1.4714,,,,,
2023-03-16,2027-01-01,12.6415,946.17583,952,795.58,2.8028,,,,,
2023-03-16,2029-01-01,13.0876,903.984122,1451,1095.88,3.8454,,,,,
2023-03-16,2031-01-01,13.1581,876.665328,1952,1332.66,4.6734,,,,,
2023-03-16,2033-01-01,13.2491,852.748695,2456,1514.69,5.3075,,,,,
2023-03-17,2025-01-01,12.074,989.365082,450,415.04,1.4696,,,,,
2023-03-17,2027-01-01,12.5229,949.78183,951,794.9,2.8033,,,,,
2023-03-17,2029-01-01,12.9933,907.718213,1450,1095.65,3.8479,,,,,
2023-03-17,2031-01-01,13.0882,879.971899,1951,1332.83,4.6769,,,,,
2023-03-17,2033-01-01,13.2072,855.072789,2455,1514.85,5.31,,,,,
2023-03-20,2025-01-01,12.098,989.463838,449,414.03,1.4657,,,,,
2023-03-20,2027-01-01,12.4946,950.982046,950,793.98,2.8008,,,,,
2023-03-20,2029-01-01,12.942,909.956048,1449,1095.07,3.8476,,,,,
2023-03-20,2031-01-01,13.0452,882.177353,1950,1332.54,4.6777,,,,,
2023-03-20,2033-01-01,13.155,857.873152,2454,1515.29,5.314,,,,,
2023-03-21,2025-01-01,12.1213,989.574513,448,413.03,1.4618,,,,,
2023-03-21,2027-01-01,12.4837,951.717409,949,793.01,2.7976,,,,,
2023-03-21,2029-01-01,12.9403,910.455255,1448,1094.09,3.8442,,,,,
2023-03-21,2031-01-01,13.0665,881.726621,1949,1331.19,4.672,,,,,
2023-03-21,2033-01-01,13.179,857.198977,2453,1513.63,5.307,,,,,
2023-03-22,2025-01-01,12.0669,990.811419,447,412.04,1.459,,,,,
2023-03-22,2027-01-01,12.3858,954.778756,948,792.27,2.7975,,,,,
2023-03-22,2029-01-01,12.8359,914.566375,1447,1093.94,3.8472,,,,,
2023-03-22,2031-01-01,12.9531,886.855473,1948,1332.08,4.6799,,,,,
2023-03-22,2033-01-01,13.077,862.287807,2452,1515.44,5.3182,,,,,
2023-03-23,2025-01-01,12.146,990.116955,446,411.02,1.4544,,,,,
2023-03-23,2027-01-01,12.4458,953.617457,947,791.11,2.7919,,,,,
2023-03-23,2029-01-01,12.8999,912.752597,1446,1092.42,3.8397,,,,,
2023-03-23,2031-01-01,13.0416,883.614832,1947,1329.6,4.6675,,,,,
2023-03-23,2033-01-01,13.1768,858.14188,2451,1511.69,5.3003,,,,,
2023-03-24,2025-01-01,11.9706,993.098829,445,410.08,1.4533,,,,,
2023-03-24,2027-01-01,12.3339,957.053307,946,790.41,2.7922,,,,,
2023-03-24,2029-01-01,12.8288,915.693588,1445,1092.0,3.8406,,,,,
2023-03-24,2031-01-01,13.006,885.517769,1946,1329.2,4.6675,,,,,
2023-03-24,2033-01-01,13.162,859.238279,2450,1511.1,5.299,,,,,
2023-03-27,2025-01-01,11.893,994.665647,444,409.1,1.4509,,,,,
2023-03-27,2027-01-01,12.222,960.498104,945,789.72,2.7925,,,,,
2023-03-27,2029-01-01,12.702,920.615671,1444,1092.04,3.8451,,,,,
2023-03-27,2031-01-01,12.8744,891.422379,1945,1330.4,4.6772,,,,,
2023-03-27,2033-01-01,13.0329,865.579221,2449,1513.66,5.314,,,,,
2023-03-28,2025-01-01,12.009,993.437479,443,408.06,1.4457,,,,,
2023-03-28,2027-01-01,12.2501,960.182936,944,788.64,2.788,,,,,
2023-03-28,2029-01-01,12.6895,921.496089,1443,1091.14,3.8423,,,,,
2023-03-28,2031-01-01,12.8251,893.914019,1944,1330.22,4.6786,,,,,
2023-03-28,2033-01-01,12.9544,869.628869,2448,1514.83,5.3218,,,,,
2023-03-29,2025-01-01,12.181,991.41932,442,407.01,1.4397,,,,,
2023-03-29,2027-01-01,12.3716,957.372287,943,787.31,2.7803,,,,,
2023-03-29,2029-01-01,12.7805,918.712934,1442,1089.39,3.8331,,,,,
2023-03-29,2031-01-01,12.8673,892.576203,1943,1328.51,4.6709,,,,,
2023-03-29,2033-01-01,12.9816,868.789615,2447,1513.08,5.3144,,,,,
2023-03-30,2025-01-01,11.9846,994.68191,441,406.07,1.4389,,,,,
2023-03-30,2027-01-01,12.1626,963.413231,942,786.88,2.7839,,,,,
2023-03-30,2029-01-01,12.6007,925.526625,1441,1089.86,3.8409,,,,,
2023-03-30,2031-01-01,12.7001,900.030012,1942,1330.3,4.6841,,,,,
2023-03-30,2033-01-01,12.8358,875.994159,2446,1516.11,5.3319,,,,,
2023-03-31,2025-01-01,12.0539,994.137657,440,405.05,1.4344,,,,,
2023-03-31,2027-01-01,12.1515,964.150512,941,785.91,2.7808,,,,,
2023-03-31,2029-01-01,12.5682,927.121152,1440,1089.13,3.8394,,,,,
2023-03-31,2031-01-01,12.6813,901.251833,1941,1329.62,4.6825,,,,,
2023-03-31,2033-01-01,12.8101,877.617865,2445,1515.82,5.3321,,,,,
2023-04-03,2025-01-01,12.0231,995.026151,439,404.06,1.4313,,,,,
2023-04-03,2027-01-01,12.1224,965.371592,940,784.99,2.7782,,,,,
2023-04-03,2029-01-01,12.525,929.099313,1439,1088.48,3.8386,,,,,
2023-04-03,2031-01-01,12.6258,904.030323,1940,1329.54,4.6845,,,,,
2023-04-03,2033-01-01,12.725,882.041032,2444,1517.17,5.3409,,,,,
2023-04-04,2025-01-01,12.042,995.205412,438,403.05,1.4275,,,,,
2023-04-04,2027-01-01,12.0615,967.448651,939,784.15,2.7768,,,,,
2023-04-04,2029-01-01,12.4384,932.636273,1438,1088.19,3.8405,,,,,
2023-04-04,2031-01-01,12.526,908.706586,1939,1330.21,4.691,,,,,
2023-04-04,2033-01-01,12.631,886.9136,2443,1518.77,5.351,,,,,
2023-04-05,2025-01-01,12.0091,996.122177,437,402.06,1.4244,,,,,
2023-04-05,2027-01-01,11.983,970.002323,938,783.37,2.776,,,,,
2023-04-05,2029-01-01,12.3589,935.929457,1437,1087.84,3.842,,,,,
2023-04-05,2031-01-01,12.4417,912.743525,1938,1330.61,4.6959,,,,,
2023-04-05,2033-01-01,12.5671,890.378365,2442,1519.54,5.3567,,,,,
2023-04-06,2025-01-01,12.079,995.579511,436,401.04,1.4199,,,,,
2023-04-06,2027-01-01,12.0614,968.326107,937,782.15,2.7697,,,,,
2023-04-06,2029-01-01,12.426,933.949379,1436,1086.29,3.8342,,,,,
2023-04-06,2031-01-01,12.5246,909.617884,1937,1328.23,4.6841,,,,,
2023-04-06,2033-01-01,12.6557,886.578268,2441,1516.09,5.3404,,,,,
2023-04-10,2025-01-01,12.0364,996.632694,435,400.05,1.417,,,,,
2023-04-10,2027-01-01,12.0533,968.981497,936,781.18,2.7665,,,,,
2023-04-10,2029-01-01,12.4469,933.634137,1435,1085.12,3.8294,,,,,
2023-04-10,2031-01-01,12.5491,908.998774,1936,1326.82,4.6781,,,,,
2023-04-10,2033-01-01,12.672,886.224955,2440,1514.64,5.3345,,,,,
2023-04-11,2025-01-01,11.807,1000.331017,434,399.13,1.4166,,,,,
2023-04-11,2027-01-01,11.8112,975.953757,935,780.83,2.7712,,,,,
2023-04-11,2029-01-01,12.232,941.812313,1434,1085.87,3.8394,,,,,
2023-04-11,2031-01-01,12.341,918.356157,1935,1329.29,4.6955,,,,,
2023-04-11,2033-01-01,12.48,895.809047,2439,1518.94,5.3588,,,,,
2023-04-12,2025-01-01,11.8435,1000.257098,433,398.12,1.4125,,,,,
2023-04-12,2027-01-01,11.8189,976.177584,934,779.81,2.7674,,,,,
2023-04-12,2029-01-01,12.2278,942.395874,1433,1084.91,3.8361,,,,,
2023-04-12,2031-01-01,12.333,919.12611,1934,1328.42,4.6928,,,,,
2023-04-12,2033-01-01,12.4696,896.727588,2438,1518.23,5.3568,,,,,
2023-04-13,2025-01-01,11.8427,1000.712783,432,397.12,1.409,,,,,
2023-04-13,2027-01-01,11.7246,979.167864,933,779.07,2.7671,,,,,
2023-04-13,2029-01-01,12.0995,947.490898,1432,1084.95,3.8407,,,,,
2023-04-13,2031-01-01,12.1809,926.158748,1933,1329.95,4.7045,,,,,
2023-04-13,2033-01-01,12.3004,905.344501,2437,1521.91,5.3778,,,,,
2023-04-14,2025-01-01,11.9626,999.469041,431,396.08,1.4038,,,,,
2023-04-14,2027-01-01,11.8281,976.794657,932,777.79,2.76,,,,,
2023-04-14,2029-01-01,12.176,945.137117,1431,1083.33,3.8323,,,,,
2023-04-14,2031-01-01,12.24,924.006102,1932,1327.97,4.695,,,,,
2023-04-14,2033-01-01,12.347,903.492574,2436,1519.62,5.3675,,,,,
2023-04-17,2025-01-01,11.9909,999.520334,430,395.07,1.3999,,,,,
2023-04-17,2027-01-01,11.821,977.419905,931,776.8,2.7567,,,,,
2023-04-17,2029-01-01,12.1419,946.806797,1430,1082.61,3.8309,,,,,
2023-04-17,2031-01-01,12.2092,925.769951,1931,1327.48,4.6946,,,,,
2023-04-17,2033-01-01,12.3143,905.500921,2435,1519.52,5.3687,,,,,
2023-04-18,2025-01-01,12.0692,998.874975,429,394.04,1.3953,,,,,
2023-04-18,2027-01-01,11.9131,975.371362,930,775.56,2.75,,,,,
2023-04-18,2029-01-01,12.233,943.935036,1429,1080.86,3.8216,,,,,
2023-04-18,2031-01-01,12.2888,922.735985,1930,1325.16,4.6831,,,,,
2023-04-18,2033-01-01,12.3844,902.513782,2434,1516.59,5.355,,,,,
2023-04-19,2025-01-01,12.2028,997.467564,428,393.0,1.3899,,,,,
2023-04-19,2027-01-01,12.1751,968.802133,929,773.85,2.7375,,,,,
2023-04-19,2029-01-01,12.5207,934.050443,1428,1077.52,3.8001,,,,,
2023-04-19,2031-01-01,12.5907,910.221625,1929,1319.13,4.6493,,,,,
2023-04-19,2033-01-01,12.6927,888.188458,2433,1507.07,5.3068,,,,,
2023-04-20,2025-01-01,12.053,1000.00407,427,392.05,1.3884,,,,,
2023-04-20,2027-01-01,12.023,973.298229,928,773.26,2.7392,,,,,
2023-04-20,2029-01-01,12.4081,938.504492,1427,1077.44,3.8036,,,,,
2023-04-20,2031-01-01,12.4917,914.862445,1928,1319.78,4.6556,,,,,
2023-04-20,2033-01-01,12.5962,893.184348,2432,1508.73,5.3173,,,,,
2023-04-24,2025-01-01,11.968,1001.637188,426,391.08,1.386,,,,,
2023-04-24,2027-01-01,11.9396,975.968491,927,772.48,2.7385,,,,,
2023-04-24,2029-01-01,12.3458,941.172186,1426,1076.95,3.804,,,,,
2023-04-24,2031-01-01,12.4333,917.787406,1927,1319.75,4.658,,,,,
2023-04-24,2033-01-01,12.5448,896.055668,2431,1509.15,5.3212,,,,,
2023-04-25,2025-01-01,11.8943,1003.11073,425,390.1,1.3835,,,,,
2023-04-25,2027-01-01,11.816,979.723652,926,771.82,2.7391,,,,,
2023-04-25,2029-01-01,12.231,945.737962,1425,1076.88,3.8076,,,,,
2023-04-25,2031-01-01,12.3237,922.927046,1926,1320.58,4.6654,,,,,
2023-04-25,2033-01-01,12.424,902.274688,2430,1511.49,5.3351,,,,,
2023-04-26,2025-01-01,11.9244,1003.140591,424,389.09,1.3795,,,,,
2023-04-26,2027-01-01,11.7633,981.576552,925,770.96,2.7374,,,,,
2023-04-26,2029-01-01,12.155,948.918858,1424,1076.5,3.8089,,,,,
2023-04-26,2031-01-01,12.2365,927.126493,1925,1321.03,4.6706,,,,,
2023-04-26,2033-01-01,12.3377,906.870632,2429,1512.88,5.3441,,,,,
2023-04-27,2025-01-01,11.9887,1002.699937,423,388.07,1.3751,,,,,
2023-04-27,2027-01-01,11.7234,983.08495,924,770.07,2.7352,,,,,
2023-04-27,2029-01-01,12.0767,952.192441,1423,1076.14,3.8102,,,,,
2023-04-27,2031-01-01,12.147,931.446863,1924,1321.52,4.6761,,,,,
2023-04-27,2033-01-01,12.2488,911.621475,2428,1514.34,5.3535,,,,,
2023-04-28,2025-01-01,12.1451,1000.997921,422,387.02,1.3695,,,,,
2023-04-28,2027-01-01,11.8644,979.729125,923,768.69,2.7268,,,,,
2023-04-28,2029-01-01,12.1895,948.535586,1422,1074.22,3.7996,,,,,
2023-04-28,2031-01-01,12.266,926.697873,1923,1318.54,4.6606,,,,,
2023-04-28,2033-01-01,12.3584,906.704309,2427,1510.31,5.3341,,,,,
2023-05-02,2025-01-01,12.0745,1002.422009,421,386.04,1.3669,,,,,
2023-05-02,2027-01-01,11.8305,981.073219,922,767.78,2.7244,,,,,
2023-05-02,2029-01-01,12.1721,949.597239,1421,1073.36,3.7972,,,,,
2023-05-02,2031-01-01,12.2444,928.058977,1922,1317.9,4.6592,,,,,
2023-05-02,2033-01-01,12.3227,908.855986,2426,1510.29,5.3357,,,,,
2023-05-03,2025-01-01,11.9835,1004.12384,420,385.07,1.3645,,,,,
2023-05-03,2027-01-01,11.689,985.3091,921,767.16,2.7257,,,,,
2023-05-03,2029-01-01,12.0194,955.569909,1420,1073.6,3.8032,,,,,
2023-05-03,2031-01-01,12.0785,935.713909,1921,1319.65,4.6724,,,,,
2023-05-03,2033-01-01,12.1582,917.320725,2425,1513.84,5.3561,,,,,
2023-05-04,2025-01-01,11.8601,1006.268265,419,384.11,1.3626,,,,,
2023-05-04,2027-01-01,11.5311,990.004069,920,766.59,2.7275,,,,,
2023-05-04,2029-01-01,11.9075,960.087459,1419,1073.51,3.8067,,,,,
2023-05-04,2031-01-01,11.9906,940.000038,1920,1320.12,4.6777,,,,,
2023-05-04,2033-01-01,12.0797,921.614957,2424,1515.01,5.364,,,,,
2023-05-05,2025-01-01,11.8038,1007.488439,418,383.13,1.3598,,,,,
2023-05-05,2027-01-01,11.5218,990.684581,919,765.61,2.7243,,,,,
2023-05-05,2029-01-01,11.921,960.022009,1418,1072.4,3.8023,,,,,
2023-05-05,2031-01-01,12.021,939.084455,1919,1318.61,4.6711,,,,,
2023-05-05,2033-01-01,12.1105,920.508539,2423,1513.16,5.356,,,,,
2023-05-08,2025-01-01,11.7646,1008.471939,417,382.14,1.3568,,,,,
2023-05-08,2027-01-01,11.6005,988.988365,918,764.4,2.718,,,,,
2023-05-08,2029-01-01,12.0197,956.851047,1417,1070.6,3.7926,,,,,
2023-05-08,2031-01-01,12.1388,934.350208,1918,1315.65,4.6557,,,,,
2023-05-08,2033-01-01,12.2366,914.729136,2422,1508.67,5.3341,,,,,
2023-05-09,2025-01-01,11.862,1007.585855,416,381.11,1.352,,,,,
2023-05-09,2027-01-01,11.66,987.818415,917,763.24,2.7125,,,,,
2023-05-09,2029-01-01,12.09,954.730942,1416,1069.03,3.7846,,,,,
2023-05-09,2031-01-01,12.2392,930.413462,1917,1312.98,4.6421,,,,,
2023-05-09,2033-01-01,12.3641,908.947484,2421,1504.15,5.3121,,,,,
2023-05-10,2025-01-01,11.8334,1008.423903,415,380.12,1.3488,,,,,
2023-05-10,2027-01-01,11.5519,991.159424,916,762.53,2.7126,,,,,
2023-05-10,2029-01-01,11.9809,959.124958,1415,1068.92,3.7879,,,,,
2023-05-10,2031-01-01,12.108,936.543786,1916,1314.16,4.6517,,,,,
2023-05-10,2033-01-01,12.1955,917.579644,2420,1507.81,5.333,,,,,
2023-05-11,2025-01-01,11.7688,1009.750926,414,379.14,1.3461,,,,,
2023-05-11,2027-01-01,11.3942,995.85138,915,761.96,2.7144,,,,,
2023-05-11,2029-01-01,11.7852,966.717642,1414,1069.51,3.7966,,,,,
2023-05-11,2031-01-01,11.8757,947.190943,1915,1317.02,4.6715,,,,,
2023-05-11,2033-01-01,11.9482,930.245014,2419,1513.64,5.3654,,,,,
2023-05-12,2025-01-01,11.8342,1009.308539,413,378.12,1.3417,,,,,
2023-05-12,2027-01-01,11.3436,997.64983,914,761.09,2.7125,,,,,
2023-05-12,2029-01-01,11.67,971.394857,1413,1069.44,3.8003,,,,,
2023-05-12,2031-01-01,11.7522,953.112185,1914,1318.07,4.6804,,,,,
2023-05-12,2033-01-01,11.7891,938.66933,2418,1517.04,5.3851,,,,,
2023-05-15,2025-01-01,11.7647,1010.698576,412,377.14,1.3391,,,,,
2023-05-15,2027-01-01,11.2011,1001.950403,913,760.48,2.7138,,,,,
2023-05-15,2029-01-01,11.5211,977.350417,1412,1069.65,3.8061,,,,,
2023-05-15,2031-01-01,11.597,960.507559,1913,1319.65,4.6925,,,,,
2023-05-15,2033-01-01,11.645,946.425385,2417,1520.02,5.4027,,,,,
2023-05-16,2025-01-01,11.7999,1010.668547,411,376.13,1.335,,,,,
2023-05-16,2027-01-01,11.2881,1000.006274,912,759.24,2.7073,,,,,
2023-05-16,2029-01-01,11.6135,974.338197,1411,1067.9,3.7968,,,,,
2023-05-16,2031-01-01,11.6757,957.380776,1912,1317.34,4.681,,,,,
2023-05-16,2033-01-01,11.7377,942.107961,2416,1516.46,5.3856,,,,,
2023-05-17,2025-01-01,11.861,1010.292115,410,375.11,1.3307,,,,,
2023-05-17,2027-01-01,11.3657,998.328861,911,758.03,2.7011,,,,,
2023-05-17,2029-01-01,11.6829,972.195627,1410,1066.34,3.7889,,,,,
2023-05-17,2031-01-01,11.7746,953.37382,1911,1314.7,4.6675,,,,,
2023-05-17,2033-01-01,11.8371,937.49031,2415,1512.71,5.3675,,,,,
2023-05-18,2025-01-01,11.7861,1011.749457,409,374.14,1.3281,,,,,
2023-05-18,2027-01-01,11.3296,999.73157,910,757.13,2.6987,,,,,
2023-05-18,2029-01-01,11.673,972.987472,1409,1065.42,3.7859,,,,,
2023-05-18,2031-01-01,11.7595,954.468738,1910,1313.95,4.6655,,,,,
2023-05-18,2033-01-01,11.8329,938.118375,2414,1511.83,5.3645,,,,,
2023-05-19,2025-01-01,11.7865,1012.191507,408,373.14,1.3246,,,,,
2023-05-19,2027-01-01,11.3747,998.939228,909,756.01,2.6936,,,,,
2023-05-19,2029-01-01,11.7327,971.213994,1408,1063.93,3.7786,,,,,
2023-05-19,2031-01-01,11.816,952.373505,1909,1312.01,4.6562,,,,,
2023-05-19,2033-01-01,11.8987,935.225863,2413,1509.01,5.3514,,,,,
2023-05-22,2025-01-01,11.83,1012.056193,407,372.12,1.3205,,,,,
2023-05-22,2027-01-01,11.3877,999.015934,908,754.98,2.6896,,,,,
2023-05-22,2029-01-01,11.7209,972.075678,1407,1063.03,3.7758,,,,,
2023-05-22,2031-01-01,11.7866,954.103486,1908,1311.5,4.6556,,,,,
2023-05-22,2033-01-01,11.8519,937.994332,2412,1509.3,5.3547,,,,,
2023-05-23,2025-01-01,11.7755,1013.234148,406,371.14,1.3176,,,,,
2023-05-23,2027-01-01,11.2505,1003.147747,907,754.35,2.6907,,,,,
2023-05-23,2029-01-01,11.5738,977.934712,1406,1063.22,3.7815,,,,,
2023-05-23,2031-01-01,11.6516,960.562578,1907,1312.74,4.6657,,,,,
2023-05-23,2033-01-01,11.7293,944.611613,2411,1511.69,5.369,,,,,
2023-05-24,2025-01-01,11.7154,1014.484805,405,370.16,1.3148,,,,,
2023-05-24,2027-01-01,11.196,1005.047911,906,753.49,2.689,,,,,
2023-05-24,2029-01-01,11.5148,980.549433,1405,1062.7,3.7816,,,,,
2023-05-24,2031-01-01,11.5948,963.538728,1906,1312.68,4.6678,,,,,
2023-05-24,2033-01-01,11.6824,947.415146,2410,1511.99,5.3723,,,,,
2023-05-25,2025-01-01,11.5688,1016.889749,404,369.21,1.3132,,,,,
2023-05-25,2027-01-01,11.0517,1009.390252,905,752.88,2.6903,,,,,
2023-05-25,2029-01-01,11.3948,985.446614,1404,1062.67,3.7856,,,,,
2023-05-25,2031-01-01,11.5195,967.360965,1905,1312.93,4.6719,,,,,
2023-05-25,2033-01-01,11.623,950.867114,2409,1512.63,5.3775,,,,,
2023-05-26,2025-01-01,11.5298,1017.852634,403,368.22,1.3101,,,,,
2023-05-26,2027-01-01,11.0026,1011.147604,904,752.01,2.6884,,,,,
2023-05-26,2029-01-01,11.3475,987.638958,1403,1062.06,3.785,,,,,
2023-05-26,2031-01-01,11.4688,970.079789,1904,1312.77,4.6734,,,,,
2023-05-26,2033-01-01,11.5731,953.843721,2408,1513.01,5.3812,,,,,
2023-05-29,2025-01-01,11.583,1017.584461,402,367.2,1.3059,,,,,
2023-05-29,2027-01-01,11.0268,1010.907646,903,750.95,2.684,,,,,
2023-05-29,2029-01-01,11.3557,987.75324,1402,1060.99,3.7809,,,,,
2023-05-29,2031-01-01,11.4831,969.84847,1903,1311.53,4.6684,,,,,
2023-05-29,2033-01-01,11.5949,953.138188,2407,1511.4,5.3745,,,,,
2023-05-30,2025-01-01,11.5415,1018.578873,401,366.22,1.3029,,,,,
2023-05-30,2027-01-01,10.9748,1012.74261,902,750.09,2.6822,,,,,
2023-05-30,2029-01-01,11.3065,990.018438,1401,1060.39,3.7805,,,,,
2023-05-30,2031-01-01,11.4355,972.430203,1902,1311.32,4.6697,,,,,
2023-05-30,2033-01-01,11.5404,956.356627,2406,1511.91,5.3789,,,,,
2023-05-31,2025-01-01,11.5724,1018.610528,400,365.21,1.2989,,,,,
2023-05-31,2027-01-01,10.9632,1013.477008,901,749.12,2.679,,,,,
2023-05-31,2029-01-01,11.312,990.233131,1400,1059.34,3.7765,,,,,
2023-05-31,2031-01-01,11.435,972.870866,1901,1310.33,4.6662,,,,,
2023-05-31,2033-01-01,11.5513,956.209653,2405,1510.61,5.3737,,,,,
2023-06-01,2025-01-01,11.5533,1019.306021,399,364.21,1.2956,,,,,
2023-06-01,2027-01-01,10.929,1014.82658,900,748.21,2.6766,,,,,
2023-06-01,2029-01-01,11.2817,991.790614,1399,1058.59,3.7749,,,,,
2023-06-01,2031-01-01,11.406,974.609546,1900,1309.81,4.6655,,,,,
2023-06-01,2033-01-01,11.5295,957.747872,2404,1510.21,5.3734,,,,,
2023-06-02,2025-01-01,11.5722,1019.498802,398,363.21,1.2918,,,,,
2023-06-02,2027-01-01,10.83,1017.94428,899,747.48,2.6763,,,,,
2023-06-02,2029-01-01,11.1493,997.19603,1398,1058.66,3.7796,,,,,
2023-06-02,2031-01-01,11.2602,981.704435,1899,1311.22,4.6767,,,,,
2023-06-02,2033-01-01,11.3661,966.64425,2403,1513.72,5.3938,,,,,
2023-06-05,2025-01-01,11.3978,1022.243364,397,362.26,1.2905,,,,,
2023-06-05,2027-01-01,10.6242,1024.000951,898,747.03,2.6797,,,,,
2023-06-05,2029-01-01,10.9514,1005.128494,1397,1059.26,3.7885,,,,,
2023-06-05,2031-01-01,11.0743,990.728133,1898,1313.3,4.6919,,,,,
2023-06-05,2033-01-01,11.1845,976.614564,2402,1517.73,5.4169,,,,,
2023-06-06,2025-01-01,11.3393,1023.453552,396,361.28,1.2876,,,,,
2023-06-06,2027-01-01,10.5891,1025.377134,897,746.12,2.6773,,,,,
2023-06-06,2029-01-01,10.9064,1007.262144,1396,1058.62,3.7878,,,,,
2023-06-06,2031-01-01,11.0228,993.544467,1897,1313.15,4.6935,,,,,
2023-06-06,2033-01-01,11.145,979.122639,2401,1517.83,5.4192,,,,,
2023-06-07,2025-01-01,11.356,1023.669838,395,360.28,1.2839,,,,,
2023-06-07,2027-01-01,10.7189,1022.225174,896,744.78,2.6693,,,,,
2023-06-07,2029-01-01,11.029,1003.004888,1395,1056.63,3.7765,,,,,
2023-06-07,2031-01-01,11.135,988.733505,1896,1310.29,4.6786,,,,,
2023-06-07,2033-01-01,11.253,973.816733,2400,1513.84,5.3997,,,,,
2023-06-09,2025-01-01,11.178,1026.451028,394,359.33,1.2826,,,,,
2023-06-09,2027-01-01,10.5749,1026.586929,895,744.16,2.6706,,,,,
2023-06-09,2029-01-01,10.933,1007.074424,1394,1056.4,3.7789,,,,,
2023-06-09,2031-01-01,11.057,992.773491,1895,1310.58,4.6829,,,,,
2023-06-09,2033-01-01,11.1951,977.286625,2399,1514.44,5.4046,,,,,
2023-06-12,2025-01-01,11.139,1027.39639,393,358.35,1.2795,,,,,
2023-06-12,2027-01-01,10.5884,1026.625729,894,743.13,2.6666,,,,,
2023-06-12,2029-01-01,10.956,1006.61267,1393,1055.22,3.7739,,,,,
2023-06-12,2031-01-01,11.1013,991.125871,1894,1308.85,4.6749,,,,,
2023-06-12,2033-01-01,11.2339,975.648093,2398,1512.37,5.3954,,,,,
2023-06-13,2025-01-01,11.2716,1026.08658,392,357.3,1.2742,,,,,
2023-06-13,2027-01-01,10.7563,1022.445092,893,741.68,2.6573,,,,,
2023-06-13,2029-01-01,11.135,1000.247723,1392,1052.77,3.7591,,,,,
2023-06-13,2031-01-01,11.266,983.935285,1893,1305.13,4.6547,,,,,
2023-06-13,2033-01-01,11.3776,968.525312,2397,1507.4,5.3707,,,,,
2023-06-14,2025-01-01,11.224,1027.144257,391,356.32,1.2713,,,,,
2023-06-14,2027-01-01,10.7119,1024.069582,892,740.79,2.6552,,,,,
2023-06-14,2029-01-01,11.079,1002.779864,1391,1052.23,3.759,,,,,
2023-06-14,2031-01-01,11.1755,988.51882,1892,1305.62,4.6602,,,,,
2023-06-14,2033-01-01,11.296,973.206519,2396,1508.66,5.3791,,,,,
2023-06-15,2025-01-01,11.1946,1027.961965,390,355.33,1.2681,,,,,
2023-06-15,2027-01-01,10.6625,1025.830564,891,739.93,2.6533,,,,,
2023-06-15,2029-01-01,11.0111,1005.767352,1390,1051.77,3.7597,,,,,
2023-06-15,2031-01-01,11.0757,993.557699,1891,1306.27,4.6667,,,,,
2023-06-15,2033-01-01,11.1827,979.590236,2395,1510.78,5.3922,,,,,
2023-06-16,2025-01-01,11.2237,1028.015702,389,354.32,1.2641,,,,,
2023-06-16,2027-01-01,10.5993,1027.969012,890,739.1,2.6518,,,,,
2023-06-16,2029-01-01,10.9554,1008.29797,1389,1051.22,3.7596,,,,,
2023-06-16,2031-01-01,11.0451,995.39532,1890,1305.78,4.6663,,,,,
2023-06-16,2033-01-01,11.1535,981.549644,2394,1510.59,5.3929,,,,,
2023-06-19,2025-01-01,11.2314,1028.349678,388,353.32,1.2605,,,,,
2023-06-19,2027-01-01,10.6019,1028.309031,889,738.09,2.6482,,,,,
2023-06-19,2029-01-01,10.9848,1007.598186,1388,1049.99,3.7542,,,,,
2023-06-19,2031-01-01,11.0672,994.781288,1889,1304.41,4.6605,,,,,
2023-06-19,2033-01-01,11.1813,980.4888,2393,1508.82,5.3853,,,,,
2023-06-20,2025-01-01,11.1675,1029.613016,387,352.34,1.2577,,,,,
2023-06-20,2027-01-01,10.6066,1028.592059,888,737.08,2.6444,,,,,
2023-06-20,2029-01-01,10.9902,1007.810355,1387,1048.94,3.7503,,,,,
2023-06-20,2031-01-01,11.0745,994.856642,1888,1303.29,4.6562,,,,,
2023-06-20,2033-01-01,11.172,981.393493,2392,1508.08,5.383,,,,,
2023-06-21,2025-01-01,11.1879,1029.781548,386,351.33,1.2539,,,,,
2023-06-21,2027-01-01,10.5732,1029.914607,887,736.17,2.642,,,,,
2023-06-21,2029-01-01,10.8983,1011.716503,1386,1048.68,3.7525,,,,,
2023-06-21,2031-01-01,10.953,1000.935218,1887,1304.3,4.6648,,,,,
2023-06-21,2033-01-01,11.035,989.098417,2391,1510.86,5.3996,,,,,
2023-06-22,2025-01-01,11.2247,1029.740035,385,350.32,1.2499,,,,,
2023-06-22,2027-01-01,10.5763,1030.240937,886,735.16,2.6383,,,,,
2023-06-22,2029-01-01,10.8984,1012.128083,1385,1047.68,3.7489,,,,,
2023-06-22,2031-01-01,10.9361,1002.139405,1886,1303.58,4.663,,,,,
2023-06-22,2033-01-01,11.033,989.616388,2390,1509.92,5.3963,,,,,
2023-06-23,2025-01-01,11.1093,1031.661993,384,349.36,1.2477,,,,,
2023-06-23,2027-01-01,10.461,1033.799616,885,734.47,2.6385,,,,,
2023-06-23,2029-01-01,10.8033,1016.168623,1384,1047.45,3.7513,,,,,
2023-06-23,2031-01-01,10.8621,1006.026522,1885,1303.8,4.6669,,,,,
2023-06-23,2033-01-01,10.9716,993.321144,2389,1510.61,5.4018,,,,,
2023-06-26,2025-01-01,11.0567,1032.770829,383,348.37,1.2448,,,,,
2023-06-26,2027-01-01,10.397,1035.959449,884,733.64,2.6371,,,,,
2023-06-26,2029-01-01,10.7184,1019.832654,1383,1047.13,3.753,,,,,
2023-06-26,2031-01-01,10.7741,1010.59139,1884,1304.25,4.6722,,,,,
2023-06-26,2033-01-01,10.8827,998.528549,2388,1512.06,5.4113,,,,,
2023-06-27,2025-01-01,11.046,1033.338284,382,347.38,1.2414,,,,,
2023-06-27,2027-01-01,10.3981,1036.336041,883,732.64,2.6335,,,,,
2023-06-27,2029-01-01,10.722,1020.106747,1382,1046.1,3.7492,,,,,
2023-06-27,2031-01-01,10.7582,1011.754616,1883,1303.51,4.6702,,,,,
2023-06-27,2033-01-01,10.8286,1001.873483,2387,1512.55,5.4157,,,,,
2023-06-28,2025-01-01,11.0629,1033.551265,381,346.37,1.2376,,,,,
2023-06-28,2027-01-01,10.4468,1035.412315,882,731.51,2.6282,,,,,
2023-06-28,2029-01-01,10.7884,1017.979112,1381,1044.57,3.7415,,,,,
2023-06-28,2031-01-01,10.8198,1009.254041,1882,1301.5,4.6604,,,,,
2023-06-28,2033-01-01,10.882,999.385431,2386,1510.08,5.4043,,,,,
2023-06-29,2025-01-01,10.967,1035.20966,380,345.4,1.2352,,,,,
2023-06-29,2027-01-01,10.3986,1037.136328,881,730.64,2.6263,,,,,
2023-06-29,2029-01-01,10.7608,1019.447162,1380,1043.79,3.7396,,,,,
2023-06-29,2031-01-01,10.8098,1010.137121,1881,1300.66,4.6579,,,,,
2023-06-29,2033-01-01,10.876,1000.119953,2385,1509.25,5.4016,,,,,
2023-06-30,2025-01-01,10.8581,1037.031385,379,344.44,1.2329,,,,,
2023-06-30,2027-01-01,10.2162,1042.539987,880,730.12,2.6288,,,,,
2023-06-30,2029-01-01,10.5497,1027.97102,1379,1044.49,3.7493,,,,,
2023-06-30,2031-01-01,10.6091,1020.077727,1880,1302.97,4.6746,,,,,
2023-06-30,2033-01-01,10.6765,1011.417089,2384,1513.75,5.4275,,,,,
2023-07-03,2025-01-01,10.7413,990.142148,378,360.4,1.2914,,,,,
2023-07-03,2027-01-01,10.0676,998.226616,879,765.16,2.7586,,,,,
2023-07-03,2029-01-01,10.439,983.859335,1378,1096.13,3.9386,,,,,
2023-07-03,2031-01-01,10.4965,977.079006,1879,1368.85,4.9159,,,,,
2023-07-03,2033-01-01,10.5564,969.654036,2383,1592.23,5.7151,,,,,
2023-07-04,2025-01-01,10.8012,989.777565,377,359.39,1.2871,,,,,
2023-07-04,2027-01-01,10.1407,996.592115,878,764.03,2.7527,,,,,
2023-07-04,2029-01-01,10.5177,981.197555,1377,1094.62,3.9304,,,,,
2023-07-04,2031-01-01,10.5792,973.49588,1878,1366.68,4.9045,,,,,
2023-07-04,2033-01-01,10.6452,965.126652,2382,1589.05,5.6991,,,,,
2023-07-05,2025-01-01,10.86,989.431788,376,358.39,1.2829,,,,,
2023-07-05,2027-01-01,10.2656,993.548517,877,762.8,2.7452,,,,,
2023-07-05,2029-01-01,10.6564,976.246947,1376,1092.74,3.9187,,,,,
2023-07-05,2031-01-01,10.7088,967.709816,1877,1363.85,4.8886,,,,,
2023-07-05,2033-01-01,10.7784,958.211887,2381,1584.77,5.6769,,,,,
2023-07-06,2025-01-01,10.918,989.100849,375,357.38,1.2786,,,,,
2023-07-06,2027-01-01,10.355,991.494359,876,761.63,2.7388,,,,,
2023-07-06,2029-01-01,10.7187,974.254959,1375,1091.34,3.9115,,,,,
2023-07-06,2031-01-01,10.7925,964.143093,1876,1361.67,4.8771,,,,,
2023-07-06,2033-01-01,10.8637,953.967406,2380,1581.67,5.6614,,,,,
2023-07-07,2025-01-01,10.7839,991.206284,374,356.4,1.2766,,,,,
2023-07-07,2027-01-01,10.1675,997.003622,875,760.98,2.7411,,,,,
2023-07-07,2029-01-01,10.5134,982.532433,1374,1091.65,3.9198,,,,,
2023-07-07,2031-01-01,10.5884,974.222172,1875,1363.55,4.8928,,,,,
2023-07-07,2033-01-01,10.6431,966.405333,2379,1586.1,5.6886,,,,,
2023-07-10,2025-01-01,10.8428,990.864267,373,355.39,1.2723,,,,,
2023-07-10,2027-01-01,10.2216,995.9066,874,759.88,2.7358,,,,,
2023-07-10,2029-01-01,10.5418,981.827016,1373,1090.47,3.9146,,,,,
2023-07-10,2031-01-01,10.6283,972.707608,1874,1361.99,4.8855,,,,,
2023-07-10,2033-01-01,10.6818,964.664568,2378,1584.15,5.6796,,,,,
2023-07-11,2025-01-01,10.8621,991.025827,372,354.39,1.2685,,,,,
2023-07-11,2027-01-01,10.1944,997.034418,873,758.93,2.733,,,,,
2023-07-11,2029-01-01,10.5179,983.138702,1372,1089.62,3.9124,,,,,
2023-07-11,2031-01-01,10.603,974.303688,1873,1361.35,4.8843,,,,,
2023-07-11,2033-01-01,10.6618,966.152168,2377,1583.64,5.6788,,,,,
2023-07-12,2025-01-01,10.8725,991.300688,371,353.39,1.2648,,,,,
2023-07-12,2027-01-01,10.174,997.975913,872,757.96,2.73,,,,,
2023-07-12,2029-01-01,10.4776,985.084031,1371,1088.88,3.9112,,,,,
2023-07-12,2031-01-01,10.546,977.417507,1872,1361.15,4.8861,,,,,
2023-07-12,2033-01-01,10.6066,969.58257,2376,1584.0,5.6829,,,,,
2023-07-13,2025-01-01,10.9329,990.949881,370,352.38,1.2605,,,,,
2023-07-13,2027-01-01,10.2756,995.59087,871,756.78,2.7233,,,,,
2023-07-13,2029-01-01,10.573,981.799733,1370,1087.27,3.902,,,,,
2023-07-13,2031-01-01,10.6455,973.059705,1871,1358.75,4.8731,,,,,
2023-07-13,2033-01-01,10.7075,964.421816,2375,1580.51,5.6653,,,,,
2023-07-14,2025-01-01,10.9876,990.675025,369,351.37,1.2563,,,,,
2023-07-14,2027-01-01,10.3922,992.81613,870,755.57,2.716,,,,,
2023-07-14,2029-01-01,10.6605,978.840092,1369,1085.71,3.8933,,,,,
2023-07-14,2031-01-01,10.7314,969.379672,1870,1356.54,4.8614,,,,,
2023-07-14,2033-01-01,10.7936,960.113364,2374,1577.4,5.6497,,,,,
2023-07-17,2025-01-01,10.8905,992.294871,368,350.38,1.2539,,,,,
2023-07-17,2027-01-01,10.335,994.753305,869,754.67,2.7142,,,,,
2023-07-17,2029-01-01,10.6235,980.64809,1368,1084.95,3.8919,,,,,
2023-07-17,2031-01-01,10.708,970.878054,1869,1355.87,4.86,,,,,
2023-07-17,2033-01-01,10.7716,961.700935,2373,1576.94,5.6492,,,,,
2023-07-18,2025-01-01,10.8294,993.462816,367,349.39,1.251,,,,,
2023-07-18,2027-01-01,10.2481,997.497114,868,753.83,2.7133,,,,,
2023-07-18,2029-01-01,10.5577,983.562172,1367,1084.37,3.8921,,,,,
2023-07-18,2031-01-01,10.6476,974.132531,1868,1355.72,4.8621,,,,,
2023-07-18,2033-01-01,10.7095,965.48096,2372,1577.46,5.6542,,,,,
2023-07-19,2025-01-01,10.8821,993.213584,366,348.38,1.2468,,,,,
2023-07-19,2027-01-01,10.329,995.692305,867,752.68,2.7072,,,,,
2023-07-19,2029-01-01,10.6435,980.67006,1366,1082.82,3.8836,,,,,
2023-07-19,2031-01-01,10.756,969.396534,1867,1353.19,4.8483,,,,,
2023-07-19,2033-01-01,10.8283,959.402875,2371,1573.54,5.6341,,,,,
2023-07-20,2025-01-01,10.943,992.867053,365,347.38,1.2425,,,,,
2023-07-20,2027-01-01,10.447,992.900123,866,751.47,2.6999,,,,,
2023-07-20,2029-01-01,10.7706,976.229427,1365,1081.01,3.8726,,,,,
2023-07-20,2031-01-01,10.8932,963.356359,1866,1350.25,4.8318,,,,,
2023-07-20,2033-01-01,10.983,951.466724,2370,1568.73,5.6091,,,,,
2023-07-21,2025-01-01,10.8325,994.641287,364,346.39,1.2402,,,,,
2023-07-21,2027-01-01,10.3641,995.522645,865,750.62,2.6989,,,,,
2023-07-21,2029-01-01,10.671,980.409345,1364,1080.64,3.8748,,,,,
2023-07-21,2031-01-01,10.8165,967.339553,1865,1350.34,4.8354,,,,,
2023-07-21,2033-01-01,10.919,955.292007,2369,1569.31,5.6144,,,,,
2023-07-24,2025-01-01,10.8294,995.085564,363,345.39,1.2367,,,,,
2023-07-24,2027-01-01,10.3321,996.774556,864,749.68,2.6963,,,,,
2023-07-24,2029-01-01,10.632,982.290167,1363,1079.89,3.8735,,,,,
2023-07-24,2031-01-01,10.7663,970.091487,1864,1350.04,4.8366,,,,,
2023-07-24,2033-01-01,10.8467,959.582335,2368,1570.09,5.6208,,,,,
2023-07-25,2025-01-01,10.7412,996.578226,362,344.4,1.2341,,,,,
2023-07-25,2027-01-01,10.2714,998.800533,863,748.79,2.6946,,,,,
2023-07-25,2029-01-01,10.6086,983.576892,1362,1079.04,3.8712,,,,,
2023-07-25,2031-01-01,10.7435,971.558282,1863,1349.37,4.8352,,,,,
2023-07-25,2033-01-01,10.8248,961.159329,2367,1569.63,5.6203,,,,,
2023-07-26,2025-01-01,10.6749,997.79789,361,343.41,1.2313,,,,,
2023-07-26,2027-01-01,10.2494,999.781827,862,747.83,2.6917,,,,,
2023-07-26,2029-01-01,10.5993,984.325466,1361,1078.1,3.8682,,,,,
2023-07-26,2031-01-01,10.7298,972.59717,1862,1348.56,4.8329,,,,,
2023-07-26,2033-01-01,10.819,961.865486,2366,1568.77,5.6175,,,,,
2023-07-27,2025-01-01,10.7089,997.781958,360,342.41,1.2273,,,,,
2023-07-27,2027-01-01,10.3261,998.103332,861,746.69,2.6857,,,,,
2023-07-27,2029-01-01,10.69,981.266655,1360,1076.52,3.8593,,,,,
2023-07-27,2031-01-01,10.846,967.53752,1861,1345.92,4.8184,,,,,
2023-07-27,2033-01-01,10.9487,955.271354,2365,1564.58,5.596,,,,,
2023-07-28,2025-01-01,10.7471,997.717194,359,341.4,1.2233,,,,,
2023-07-28,2027-01-01,10.3288,998.420093,860,745.68,2.682,,,,,
2023-07-28,2029-01-01,10.6819,981.969687,1359,1075.57,3.8562,,,,,
2023-07-28,2031-01-01,10.8327,968.554718,1860,1345.11,4.816,,,,,
2023-07-28,2033-01-01,10.9292,956.710741,2364,1564.06,5.5951,,,,,
2023-07-31,2025-01-01,10.704,998.64777,358,340.41,1.2202,,,,,
2023-07-31,2027-01-01,10.2574,1000.728522,859,744.81,2.6806,,,,,
2023-07-31,2029-01-01,10.6015,985.422852,1358,1075.09,3.8573,,,,,
2023-07-31,2031-01-01,10.7438,973.119163,1859,1345.36,4.8208,,,,,
2023-07-31,2033-01-01,10.8512,961.302003,2363,1564.98,5.6023,,,,,
2023-08-01,2025-01-01,10.744,998.563568,357,339.4,1.2162,,,,,
2023-08-01,2027-01-01,10.2616,1001.003454,858,743.8,2.6769,,,,,
2023-08-01,2029-01-01,10.5951,986.060787,1357,1074.13,3.8541,,,,,
2023-08-01,2031-01-01,10.7302,974.153107,1858,1344.55,4.8185,,,,,
2023-08-01,2033-01-01,10.8118,963.824903,2362,1564.95,5.6042,,,,,
2023-08-02,2025-01-01,10.7753,998.588004,356,338.4,1.2122,,,,,
2023-08-02,2027-01-01,10.192,1003.263292,857,742.93,2.6755,,,,,
2023-08-02,2029-01-01,10.522,989.244392,1356,1073.6,3.8547,,,,,
2023-08-02,2031-01-01,10.6385,978.875085,1857,1344.85,4.8235,,,,,
2023-08-02,2033-01-01,10.71,969.750914,2361,1566.45,5.6147,,,,,
2023-08-03,2025-01-01,10.5639,1001.558754,355,337.42,1.211,,,,,
2023-08-03,2027-01-01,10.2095,1003.179116,856,741.9,2.6713,,,,,
2023-08-03,2029-01-01,10.6586,984.436213,1355,1071.72,3.8432,,,,,
2023-08-03,2031-01-01,10.7944,971.928472,1856,1341.65,4.8053,,,,,
2023-08-03,2033-01-01,10.8818,960.832978,2360,1561.22,5.5873,,,,,
2023-08-04,2025-01-01,10.5781,1001.785731,354,336.42,1.2073,,,,,
2023-08-04,2027-01-01,10.18,1004.358973,855,740.95,2.6686,,,,,
2023-08-04,2029-01-01,10.6161,986.445176,1354,1071.0,3.8421,,,,,
2023-08-04,2031-01-01,10.7427,974.748401,1855,1341.38,4.8066,,,,,
2023-08-04,2033-01-01,10.8263,964.21952,2359,1561.59,5.5914,,,,,
2023-08-07,2025-01-01,10.6347,1001.501331,353,335.41,1.2031,,,,,
2023-08-07,2027-01-01,10.2137,1003.840708,854,739.89,2.664,,,,,
2023-08-07,2029-01-01,10.6484,985.614464,1353,1069.79,3.8366,,,,,
2023-08-07,2031-01-01,10.7799,973.398395,1854,1339.85,4.7995,,,,,
2023-08-07,2033-01-01,10.872,962.148319,2358,1559.47,5.5815,,,,,
2023-08-08,2025-01-01,10.537,1003.081583,352,334.43,1.2006,,,,,
2023-08-08,2027-01-01,10.0708,1008.068845,853,739.15,2.6648,,,,,
2023-08-08,2029-01-01,10.5088,991.320364,1352,1069.68,3.8411,,,,,
2023-08-08,2031-01-01,10.6658,979.157664,1853,1340.46,4.8066,,,,,
2023-08-08,2033-01-01,10.7737,967.853828,2357,1560.89,5.5916,,,,,
2023-08-09,2025-01-01,10.537,1003.480427,351,333.43,1.197,,,,,
2023-08-09,2027-01-01,10.126,1006.968118,852,738.05,2.6595,,,,,
2023-08-09,2029-01-01,10.5982,988.310214,1351,1068.11,3.8324,,,,,
2023-08-09,2031-01-01,10.7566,975.281181,1852,1338.18,4.7945,,,,,
2023-08-09,2033-01-01,10.8699,963.049736,2356,1557.52,5.5747,,,,,
2023-08-10,2025-01-01,10.4825,1004.534512,350,332.43,1.194,,,,,
2023-08-10,2027-01-01,10.1099,1007.785894,851,737.08,2.6564,,,,,
2023-08-10,2029-01-01,10.6048,988.454884,1350,1067.07,3.8284,,,,,
2023-08-10,2031-01-01,10.7788,974.636927,1851,1336.87,4.7888,,,,,
2023-08-10,2033-01-01,10.9099,961.295541,2355,1555.53,5.5656,,,,,
2023-08-11,2025-01-01,10.4254,1005.61733,349,331.44,1.1911,,,,,
2023-08-11,2027-01-01,10.0883,1008.750925,850,736.12,2.6534,,,,,
2023-08-11,2029-01-01,10.6029,988.922377,1349,1066.08,3.8249,,,,,
2023-08-11,2031-01-01,10.7912,974.453042,1850,1335.69,4.7841,,,,,
2023-08-11,2033-01-01,10.9261,960.822604,2354,1554.13,5.5597,,,,,
2023-08-14,2025-01-01,10.5588,1004.417457,348,330.42,1.186,,,,,
2023-08-14,2027-01-01,10.2532,1004.725727,849,734.82,2.6448,,,,,
2023-08-14,2029-01-01,10.758,983.462824,1348,1064.09,3.8124,,,,,
2023-08-14,2031-01-01,10.9377,968.03743,1849,1332.62,4.7668,,,,,
2023-08-14,2033-01-01,11.0776,953.156939,2353,1549.4,5.5352,,,,,
2023-08-15,2025-01-01,10.6023,1004.299626,347,329.42,1.1819,,,,,
2023-08-15,2027-01-01,10.3102,1003.598496,848,733.72,2.6394,,,,,
2023-08-15,2029-01-01,10.813,981.798086,1347,1062.73,3.8057,,,,,
2023-08-15,2031-01-01,11.0061,965.27983,1848,1330.66,4.7568,,,,,
2023-08-15,2033-01-01,11.157,949.369666,2352,1546.45,5.5207,,,,,
2023-08-16,2025-01-01,10.6135,1004.568369,346,328.42,1.1782,,,,,
2023-08-16,2027-01-01,10.331,1003.437336,847,732.68,2.6352,,,,,
2023-08-16,2029-01-01,10.83,981.561913,1346,1061.62,3.8011,,,,,
2023-08-16,2031-01-01,11.0318,964.49806,1847,1329.29,4.7509,,,,,
2023-08-16,2033-01-01,11.183,948.404021,2351,1544.8,5.5136,,,,,
2023-08-17,2025-01-01,10.644,1004.609652,345,327.41,1.1743,,,,,
2023-08-17,2027-01-01,10.4478,1000.740137,846,731.46,2.6281,,,,,
2023-08-17,2029-01-01,10.949,977.527022,1345,1059.86,3.7908,,,,,
2023-08-17,2031-01-01,11.138,960.03831,1846,1326.79,4.7374,,,,,
2023-08-17,2033-01-01,11.2886,943.292661,2350,1541.2,5.4955,,,,,
2023-08-18,2025-01-01,10.626,1005.225368,344,326.42,1.1709,,,,,
2023-08-18,2027-01-01,10.4235,1001.775703,845,730.51,2.6252,,,,,
2023-08-18,2029-01-01,10.911,979.342724,1344,1059.11,3.7893,,,,,
2023-08-18,2031-01-01,11.0981,962.262094,1845,1326.36,4.7375,,,,,
2023-08-18,2033-01-01,11.2422,946.10806,2349,1541.35,5.4983,,,,,
2023-08-21,2025-01-01,10.6981,1004.78022,343,325.41,1.1665,,,,,
2023-08-21,2027-01-01,10.5693,998.337335,844,729.24,2.6172,,,,,
2023-08-21,2029-01-01,11.0369,975.078522,1343,1057.3,3.7786,,,,,
2023-08-21,2031-01-01,11.215,957.343245,1844,1323.7,4.7231,,,,,
2023-08-21,2033-01-01,11.35,940.912555,2348,1537.69,5.48,,,,,
2023-08-22,2025-01-01,10.6333,1005.945653,342,324.41,1.1636,,,,,
2023-08-22,2027-01-01,10.4669,1001.422393,843,728.43,2.6167,,,,,
2023-08-22,2029-01-01,10.931,979.404936,1342,1056.98,3.781,,,,,
2023-08-22,2031-01-01,11.121,962.020918,1843,1324.03,4.7283,,,,,
2023-08-22,2033-01-01,11.2572,946.127056,2347,1538.98,5.4891,,,,,
2023-08-23,2025-01-01,10.5345,1007.506932,341,323.43,1.1611,,,,,
2023-08-23,2027-01-01,10.2997,1006.223459,842,727.74,2.6182,,,,,
2023-08-23,2029-01-01,10.7591,986.216916,1341,1057.08,3.7873,,,,,
2023-08-23,2031-01-01,10.9449,970.500331,1842,1325.52,4.7411,,,,,
2023-08-23,2033-01-01,11.077,955.974283,2346,1542.42,5.5103,,,,,
2023-08-24,2025-01-01,10.4881,1008.450567,340,322.43,1.158,,,,,
2023-08-24,2027-01-01,10.2294,1008.473753,841,726.86,2.6167,,,,,
2023-08-24,2029-01-01,10.7247,987.905742,1340,1056.3,3.7857,,,,,
2023-08-24,2031-01-01,10.9232,971.901966,1841,1324.83,4.7395,,,,,
2023-08-24,2033-01-01,11.0674,956.879877,2345,1541.65,5.5081,,,,,
2023-08-25,2025-01-01,10.6109,1007.417402,339,321.42,1.1531,,,,,
2023-08-25,2027-01-01,10.3303,1006.199878,840,725.68,2.6101,,,,,
2023-08-25,2029-01-01,10.79,985.862002,1339,1054.88,3.7784,,,,,
2023-08-25,2031-01-01,10.9713,970.084558,1840,1323.15,4.7315,,,,,
2023-08-25,2033-01-01,11.111,954.979641,2344,1539.58,5.4985,,,,,
2023-08-28,2025-01-01,10.6233,1007.676602,338,320.42,1.1494,,,,,
2023-08-28,2027-01-01,10.311,1007.10071,839,724.71,2.607,,,,,
2023-08-28,2029-01-01,10.7419,988.06082,1338,1054.19,3.7775,,,,,
2023-08-28,2031-01-01,10.911,973.265281,1839,1323.0,4.7335,,,,,
2023-08-28,2033-01-01,11.0372,959.274063,2343,1540.4,5.5051,,,,,
2023-08-29,2025-01-01,10.564,1008.767707,337,319.42,1.1464,,,,,
2023-08-29,2027-01-01,10.2126,1010.087322,838,723.89,2.6064,,,,,
2023-08-29,2029-01-01,10.6355,992.452116,1337,1053.87,3.78,,,,,
2023-08-29,2031-01-01,10.8066,978.503331,1838,1323.48,4.7397,,,,,
2023-08-29,2033-01-01,10.9259,965.589377,2342,1542.14,5.5168,,,,,
2023-08-30,2025-01-01,10.5211,1009.666194,336,318.43,1.1433,,,,,
2023-08-30,2027-01-01,10.2351,1009.883685,837,722.85,2.6021,,,,,
2023-08-30,2029-01-01,10.6772,991.28421,1336,1052.6,3.774,,,,,
2023-08-30,2031-01-01,10.8475,977.003126,1837,1321.9,4.7323,,,,,
2023-08-30,2033-01-01,10.9682,963.732412,2341,1540.1,5.5074,,,,,
2023-08-31,2025-01-01,10.609,1009.053231,335,317.42,1.1388,,,,,
2023-08-31,2027-01-01,10.444,1004.793512,836,721.47,2.5922,,,,,
2023-08-31,2029-01-01,10.876,984.268846,1335,1050.33,3.7591,,,,,
2023-08-31,2031-01-01,11.0412,968.483724,1836,1318.16,4.7107,,,,,
2023-08-31,2033-01-01,11.151,954.477976,2340,1534.59,5.4787,,,,,
2023-09-01,2025-01-01,10.662,1008.84832,334,316.41,1.1346,,,,,
2023-09-01,2027-01-01,10.457,1004.850365,835,720.45,2.5883,,,,,
2023-09-01,2029-01-01,10.86,985.265715,1334,1049.43,3.7565,,,,,
2023-09-01,2031-01-01,11.0161,970.035101,1835,1317.52,4.7094,,,,,
2023-09-01,2033-01-01,11.1182,956.599658,2339,1534.4,5.4797,,,,,
2023-09-04,2025-01-01,10.681,1009.036521,333,315.41,1.1308,,,,,
2023-09-04,2027-01-01,10.473,1004.830048,834,719.42,2.5842,,,,,
2023-09-04,2029-01-01,10.8749,985.116438,1333,1048.34,3.752,,,,,
2023-09-04,2031-01-01,11.0309,969.760084,1834,1316.31,4.7045,,,,,
2023-09-04,2033-01-01,11.144,955.64602,2338,1532.77,5.4725,,,,,
2023-09-05,2025-01-01,10.7262,1008.927385,332,314.4,1.1268,,,,,
2023-09-05,2027-01-01,10.6142,1001.561911,833,718.16,2.5764,,,,,
2023-09-05,2029-01-01,11.032,979.724725,1332,1046.33,3.7396,,,,,
2023-09-05,2031-01-01,11.1901,962.921199,1833,1313.06,4.6862,,,,,
2023-09-05,2033-01-01,11.3,947.921407,2337,1527.92,5.4476,,,,,
2023-09-06,2025-01-01,10.6866,1009.785815,331,313.41,1.1236,,,,,
2023-09-06,2027-01-01,10.6055,1002.187985,832,717.18,2.5731,,,,,
2023-09-06,2029-01-01,11.0413,979.790273,1331,1045.27,3.7355,,,,,
2023-09-06,2031-01-01,11.232,961.434076,1832,1311.46,4.6787,,,,,
2023-09-06,2033-01-01,11.351,945.690308,2336,1525.66,5.4371,,,,,
2023-09-08,2025-01-01,10.623,1010.914893,330,312.42,1.1207,,,,,
2023-09-08,2027-01-01,10.5565,1003.856618,831,716.27,2.5709,,,,,
2023-09-08,2029-01-01,11.002,981.64056,1330,1044.52,3.7341,,,,,
2023-09-08,2031-01-01,11.1967,963.433805,1831,1310.96,4.6784,,,,,
2023-09-08,2033-01-01,11.3263,947.367883,2335,1525.27,5.4369,,,,,
2023-09-11,2025-01-01,10.565,1011.977522,329,311.42,1.1177,,,,,
2023-09-11,2027-01-01,10.485,1006.108579,830,715.4,2.5695,,,,,
2023-09-11,2029-01-01,10.945,984.14431,1329,1043.89,3.7338,,,,,
2023-09-11,2031-01-01,11.1563,965.667383,1830,1310.53,4.6786,,,,,
2023-09-11,2033-01-01,11.2912,949.585668,2334,1525.14,5.4381,,,,,
2023-09-12,2025-01-01,10.4957,1013.165404,328,310.43,1.1149,,,,,
2023-09-12,2027-01-01,10.388,1009.024807,829,714.57,2.5688,,,,,
2023-09-12,2029-01-01,10.88,986.947801,1328,1043.3,3.7339,,,,,
2023-09-12,2031-01-01,11.0913,969.022794,1829,1310.45,4.681,,,,,
2023-09-12,2033-01-01,11.229,953.215774,2333,1525.67,5.4431,,,,,
2023-09-13,2025-01-01,10.45,1014.083238,327,309.44,1.1117,,,,,
2023-09-13,2027-01-01,10.3324,1010.866623,828,713.68,2.5668,,,,,
2023-09-13,2029-01-01,10.843,988.720179,1327,1042.54,3.7324,,,,,
2023-09-13,2031-01-01,11.061,970.806411,1828,1309.88,4.6803,,,,,
2023-09-13,2033-01-01,11.2014,955.055081,2332,1525.35,5.4433,,,,,
2023-09-14,2025-01-01,10.4701,1014.256708,326,308.43,1.1079,,,,,
2023-09-14,2027-01-01,10.3415,1011.024494,827,712.66,2.563,,,,,
2023-09-14,2029-01-01,10.8489,988.905995,1326,1041.5,3.7285,,,,,
2023-09-14,2031-01-01,11.0664,970.964754,1827,1308.81,4.6762,,,,,
2023-09-14,2033-01-01,11.2016,955.447131,2331,1524.35,5.4397,,,,,
2023-09-15,2025-01-01,10.4894,1014.440702,325,307.43,1.1041,,,,,
2023-09-15,2027-01-01,10.4156,1009.497438,826,711.52,2.5572,,,,,
2023-09-15,2029-01-01,10.9336,986.187404,1325,1039.96,3.7201,,,,,
2023-09-15,2031-01-01,11.1474,967.692705,1826,1306.66,4.6651,,,,,
2023-09-15,2033-01-01,11.2771,951.929117,2330,1521.49,5.4258,,,,,
2023-09-18,2025-01-01,10.4946,1014.784082,324,306.43,1.1005,,,,,
2023-09-18,2027-01-01,10.439,1009.28921,825,710.48,2.5529,,,,,
2023-09-18,2029-01-01,10.934,986.578846,1324,1038.96,3.7165,,,,,
2023-09-18,2031-01-01,11.1413,968.374723,1825,1305.75,4.6621,,,,,
2023-09-18,2033-01-01,11.2694,952.731523,2329,1520.68,5.4233,,,,,
2023-09-19,2025-01-01,10.5473,1014.597766,323,305.42,1.0964,,,,,
2023-09-19,2027-01-01,10.538,1007.134828,824,709.3,2.5463,,,,,
2023-09-19,2029-01-01,11.0268,983.583366,1323,1037.36,3.7077,,,,,
2023-09-19,2031-01-01,11.239,964.373746,1824,1303.36,4.6495,,,,,
2023-09-19,2033-01-01,11.3619,948.363179,2328,1517.39,5.4071,,,,,
2023-09-20,2025-01-01,10.5398,1015.085006,322,304.43,1.0929,,,,,
2023-09-20,2027-01-01,10.493,1008.69305,823,708.38,2.5441,,,,,
2023-09-20,2029-01-01,10.974,985.924142,1322,1036.7,3.7071,,,,,
2023-09-20,2031-01-01,11.18,967.438424,1823,1303.2,4.6514,,,,,
2023-09-20,2033-01-01,11.308,951.544088,2327,1517.72,5.4109,,,,,
2023-09-21,2025-01-01,10.6005,1014.81572,321,303.42,1.0886,,,,,
2023-09-21,2027-01-01,10.6125,1006.025465,822,707.16,2.537,,,,,
2023-09-21,2029-01-01,11.0834,982.335804,1321,1035.0,3.6973,,,,,
2023-09-21,2031-01-01,11.2971,962.583902,1822,1300.54,4.637,,,,,
2023-09-21,2033-01-01,11.4186,946.266956,2326,1514.0,5.3922,,,,,
2023-09-22,2025-01-01,10.5741,1015.513304,320,302.42,1.0853,,,,,
2023-09-22,2027-01-01,10.6072,1006.56381,821,706.17,2.5335,,,,,
2023-09-22,2029-01-01,11.1,982.141645,1320,1033.89,3.6928,,,,,
2023-09-22,2031-01-01,11.3103,962.402502,1821,1299.35,4.6322,,,,,
2023-09-22,2033-01-01,11.4366,945.753281,2325,1512.55,5.3862,,,,,
2023-09-25,2025-01-01,10.624,1015.368703,319,301.42,1.0812,,,,,
2023-09-25,2027-01-01,10.721,1004.063711,820,704.97,2.5266,,,,,
2023-09-25,2029-01-01,11.2366,977.604382,1319,1032.01,3.6816,,,,,
2023-09-25,2031-01-01,11.456,956.332266,1820,1296.29,4.6153,,,,,
2023-09-25,2033-01-01,11.5873,938.512267,2324,1507.83,5.3621,,,,,
2023-09-26,2025-01-01,10.7506,1014.387412,318,300.4,1.0763,,,,,
2023-09-26,2027-01-01,10.8921,1000.13238,819,703.65,2.518,,,,,
2023-09-26,2029-01-01,11.4077,971.873273,1318,1029.91,3.6685,,,,,
2023-09-26,2031-01-01,11.6315,949.024322,1819,1292.8,4.5956,,,,,
2023-09-26,2033-01-01,11.764,930.071151,2323,1502.47,5.3346,,,,,
2023-09-27,2025-01-01,10.9384,1012.75178,317,299.38,1.0709,,,,,
2023-09-27,2027-01-01,11.1469,994.14084,818,702.19,2.507,,,,,
2023-09-27,2029-01-01,11.5784,966.21758,1317,1027.81,3.6554,,,,,
2023-09-27,2031-01-01,11.7889,942.593335,1818,1289.56,4.5777,,,,,
2023-09-27,2033-01-01,11.9087,923.327782,2322,1497.9,5.3115,,,,,
2023-09-28,2025-01-01,11.0094,1012.399517,316,298.37,1.0666,,,,,
2023-09-28,2027-01-01,11.0842,996.126068,817,701.3,2.5053,,,,,
2023-09-28,2029-01-01,11.4917,969.713575,1316,1027.37,3.6567,,,,,
2023-09-28,2031-01-01,11.6997,946.879636,1817,1289.83,4.5823,,,,,
2023-09-28,2033-01-01,11.816,928.312786,2321,1499.19,5.3205,,,,,
2023-09-29,2025-01-01,10.8705,1014.321274,315,297.39,1.0644,,,,,
2023-09-29,2027-01-01,10.8936,1001.326316,816,700.65,2.5072,,,,,
2023-09-29,2029-01-01,11.3315,975.849124,1315,1027.4,3.662,,,,,
2023-09-29,2031-01-01,11.5463,954.000967,1816,1291.01,4.5928,,,,,
2023-09-29,2033-01-01,11.669,936.04267,2320,1501.82,5.3368,,,,,
2023-10-02,2025-01-01,11.0294,1013.023768,314,296.37,1.0592,,,,,
2023-10-02,2027-01-01,11.1134,996.228137,815,699.25,2.4973,,,,,
2023-10-02,2029-01-01,11.5307,969.167307,1314,1025.12,3.6474,,,,,
2023-10-02,2031-01-01,11.7304,946.378082,1815,1287.4,4.5724,,,,,
2023-10-02,2033-01-01,11.8476,927.574185,2319,1496.41,5.3091,,,,,
2023-10-03,2025-01-01,11.149,1012.162532,313,295.35,1.0545,,,,,
2023-10-03,2027-01-01,11.3411,990.990035,814,697.83,2.4871,,,,,
2023-10-03,2029-01-01,11.7648,961.343608,1313,1022.61,3.6308,,,,,
2023-10-03,2031-01-01,11.9836,935.903213,1814,1282.8,4.5457,,,,,
2023-10-03,2033-01-01,12.0869,916.286905,2318,1489.5,5.2733,,,,,
2023-10-04,2025-01-01,10.9878,1014.310566,312,294.37,1.0525,,,,,
2023-10-04,2027-01-01,11.1519,996.103216,813,697.18,2.489,,,,,
2023-10-04,2029-01-01,11.5907,967.885877,1312,1022.73,3.6369,,,,,
2023-10-04,2031-01-01,11.8233,943.195679,1813,1284.08,4.5568,,,,,
2023-10-04,2033-01-01,11.948,923.464502,2317,1491.93,5.2885,,,,,
2023-10-05,2025-01-01,10.9853,1014.756955,311,293.37,1.0489,,,,,
2023-10-05,2027-01-01,11.1845,995.711508,812,696.12,2.4845,,,,,
2023-10-05,2029-01-01,11.644,966.429382,1311,1021.39,3.6304,,,,,
2023-10-05,2031-01-01,11.8806,941.1501,1812,1282.26,4.548,,,,,
2023-10-05,2033-01-01,12.001,921.289651,2316,1489.62,5.2778,,,,,
2023-10-06,2025-01-01,10.9527,1015.523888,310,292.38,1.0457,,,,,
2023-10-06,2027-01-01,11.1402,997.229949,811,695.2,2.4822,,,,,
2023-10-06,2029-01-01,11.5914,968.703988,1310,1020.73,3.6298,,,,,
2023-10-06,2031-01-01,11.8174,944.286719,1811,1282.16,4.5502,,,,,
2023-10-06,2033-01-01,11.946,924.389935,2315,1489.98,5.2817,,,,,
2023-10-09,2025-01-01,10.8325,1017.220868,309,291.39,1.0433,,,,,
2023-10-09,2027-01-01,10.955,1002.258957,810,694.54,2.484,,,,,
2023-10-09,2029-01-01,11.41,975.54826,1309,1020.9,3.6363,,,,,
2023-10-09,2031-01-01,11.6396,952.408032,1810,1283.68,4.5629,,,,,
2023-10-09,2033-01-01,11.768,933.57435,2314,1493.37,5.3021,,,,,
2023-10-10,2025-01-01,10.7443,1018.573036,308,290.4,1.0406,,,,,
2023-10-10,2027-01-01,10.8317,1005.756511,809,693.76,2.484,,,,,
2023-10-10,2029-01-01,11.293,980.138898,1308,1020.65,3.6392,,,,,
2023-10-10,2031-01-01,11.543,957.045665,1809,1284.06,4.5682,,,,,
2023-10-10,2033-01-01,11.675,938.616902,2313,1494.67,5.3112,,,,,
2023-10-11,2025-01-01,10.8767,1017.584046,307,289.38,1.0357,,,,,
2023-10-11,2027-01-01,10.8956,1004.568671,808,692.65,2.4785,,,,,
2023-10-11,2029-01-01,11.333,979.126668,1307,1019.39,3.6334,,,,,
2023-10-11,2031-01-01,11.5779,955.932926,1808,1282.56,4.5614,,,,,
2023-10-11,2033-01-01,11.711,937.232295,2312,1492.78,5.3027,,,,,
2023-10-13,2025-01-01,10.9857,1016.853445,306,288.37,1.0311,,,,,
2023-10-13,2027-01-01,11.0452,1001.257355,807,691.37,2.4707,,,,,
2023-10-13,2029-01-01,11.474,974.534779,1306,1017.49,3.622,,,,,
2023-10-13,2031-01-01,11.7123,950.500065,1807,1279.65,4.5456,,,,,
2023-10-13,2033-01-01,11.8529,930.616023,2311,1488.28,5.28,,,,,
2023-10-16,2025-01-01,10.9107,1018.061087,305,287.38,1.0282,,,,,
2023-10-16,2027-01-01,10.9285,1004.573738,806,690.59,2.4704,,,,,
2023-10-16,2029-01-01,11.3503,979.345049,1305,1017.28,3.6253,,,,,
2023-10-16,2031-01-01,11.609,955.406964,1806,1280.12,4.5515,,,,,
2023-10-16,2033-01-01,11.7339,936.917139,2310,1490.22,5.2925,,,,,
2023-10-17,2025-01-01,11.0336,1017.194499,304,286.37,1.0234,,,,,
2023-10-17,2027-01-01,11.1271,1000.064426,805,689.22,2.4612,,,,,
2023-10-17,2029-01-01,11.5319,973.331126,1304,1015.11,3.6117,,,,,
2023-10-17,2031-01-01,11.7564,949.429417,1805,1277.03,4.5345,,,,,
2023-10-17,2033-01-01,11.865,930.848291,2309,1485.98,5.2713,,,,,
2023-10-18,2025-01-01,11.0684,1017.254871,303,285.36,1.0195,,,,,
2023-10-18,2027-01-01,11.1708,999.405858,804,688.14,2.4563,,,,,
2023-10-18,2029-01-01,11.5318,973.756287,1303,1014.11,3.6082,,,,,
2023-10-18,2031-01-01,11.7186,951.48155,1804,1276.56,4.5344,,,,,
2023-10-18,2033-01-01,11.8016,934.387931,2308,1486.54,5.2763,,,,,
2023-10-19,2025-01-01,11.17,1016.625968,302,284.35,1.015,,,,,
2023-10-19,2027-01-01,11.386,994.550803,803,686.75,2.4466,,,,,
2023-10-19,2029-01-01,11.74,966.885835,1302,1011.77,3.5931,,,,,
2023-10-19,2031-01-01,11.9159,943.422322,1803,1272.76,4.5129,,,,,
2023-10-19,2033-01-01,11.9697,926.550726,2307,1481.39,5.2501,,,,,
2023-10-20,2025-01-01,11.0271,1018.529957,301,283.37,1.0128,,,,,
2023-10-20,2027-01-01,11.193,999.700644,802,686.1,2.4486,,,,,
2023-10-20,2029-01-01,11.606,971.993701,1301,1011.63,3.597,,,,,
2023-10-20,2031-01-01,11.8118,948.301753,1802,1273.24,4.5188,,,,,
2023-10-20,2033-01-01,11.889,930.913086,2306,1482.39,5.2574,,,,,
2023-10-23,2025-01-01,11.031,1018.912601,300,282.37,1.0092,,,,,
2023-10-23,2027-01-01,11.2092,999.72423,801,685.07,2.4445,,,,,
2023-10-23,2029-01-01,11.6025,972.539975,1300,1010.66,3.5936,,,,,
2023-10-23,2031-01-01,11.8035,949.078603,1801,1272.36,4.516,,,,,
2023-10-23,2033-01-01,11.881,931.720669,2305,1481.58,5.255,,,,,
2023-10-24,2025-01-01,10.9236,1020.441364,299,281.38,1.0066,,,,,
2023-10-24,2027-01-01,11.067,1003.638427,800,684.33,2.445,,,,,
2023-10-24,2029-01-01,11.464,977.832327,1299,1010.55,3.5977,,,,,
2023-10-24,2031-01-01,11.6638,955.528371,1800,1273.34,4.5251,,,,,
2023-10-24,2033-01-01,11.7468,938.755444,2304,1483.9,5.2695,,,,,
2023-10-25,2025-01-01,10.9125,1020.975294,298,280.38,1.0032,,,,,
2023-10-25,2027-01-01,11.0391,1004.743211,799,683.38,2.4422,,,,,
2023-10-25,2029-01-01,11.454,978.606223,1298,1009.61,3.5947,,,,,
2023-10-25,2031-01-01,11.6619,956.029138,1799,1272.37,4.5218,,,,,
2023-10-25,2033-01-01,11.7507,938.975966,2303,1482.8,5.2654,,,,,
2023-10-26,2025-01-01,10.7795,1022.759025,297,279.4,1.0008,,,,,
2023-10-26,2027-01-01,10.7573,1012.12806,798,682.9,2.4467,,,,,
2023-10-26,2029-01-01,11.204,987.898511,1297,1010.22,3.6049,,,,,
2023-10-26,2031-01-01,11.4141,967.273377,1798,1274.88,4.5408,,,,,
2023-10-26,2033-01-01,11.5156,951.147002,2302,1487.6,5.2936,,,,,
2023-10-27,2025-01-01,10.9608,1021.321955,296,278.37,0.9955,,,,,
2023-10-27,2027-01-01,10.9751,1007.153011,797,681.5,2.4369,,,,,
2023-10-27,2029-01-01,11.3853,981.873876,1296,1008.06,3.5913,,,,,
2023-10-27,2031-01-01,11.5926,959.875227,1797,1271.35,4.521,,,,,
2023-10-27,2033-01-01,11.6809,943.271418,2301,1482.52,5.2677,,,,,
2023-10-30,2025-01-01,11.1075,1020.254001,295,277.36,0.9906,,,,,
2023-10-30,2027-01-01,11.2374,1001.146232,796,680.02,2.4259,,,,,
2023-10-30,2029-01-01,11.607,974.503259,1295,1005.63,3.5756,,,,,
2023-10-30,2031-01-01,11.7992,951.366461,1796,1267.42,4.4986,,,,,
2023-10-30,2033-01-01,11.8698,934.347675,2300,1476.86,5.2387,,,,,
2023-10-31,2025-01-01,11.0577,1021.184104,294,276.36,0.9875,,,,,
2023-10-31,2027-01-01,11.2666,1000.858872,795,678.97,2.4215,,,,,
2023-10-31,2029-01-01,11.6069,974.931502,1294,1004.63,3.572,,,,,
2023-10-31,2031-01-01,11.776,952.783694,1795,1266.75,4.4972,,,,,
2023-10-31,2033-01-01,11.8299,936.723965,2299,1476.85,5.2405,,,,,
2023-11-01,2025-01-01,10.9343,1022.855127,293,275.38,0.9851,,,,,
2023-11-01,2027-01-01,11.056,1006.419016,794,678.35,2.4239,,,,,
2023-11-01,2029-01-01,11.4134,982.143783,1293,1004.88,3.5791,,,,,
2023-11-01,2031-01-01,11.5976,960.912107,1794,1268.28,4.5098,,,,,
2023-11-01,2033-01-01,11.6571,945.698528,2298,1480.11,5.2603,,,,,
2023-11-03,2025-01-01,10.816,1024.469789,292,274.39,0.9826,,,,,
2023-11-03,2027-01-01,10.806,1012.979156,793,677.81,2.4274,,,,,
2023-11-03,2029-01-01,11.2,990.124736,1292,1005.25,3.5873,,,,,
2023-11-03,2031-01-01,11.3746,971.088813,1793,1270.44,4.5266,,,,,
2023-11-03,2033-01-01,11.4503,956.5065,2297,1484.21,5.2846,,,,,
2023-11-06,2025-01-01,10.8653,1024.391335,291,273.39,0.9785,,,,,
2023-11-06,2027-01-01,10.9494,1009.866065,792,676.55,2.4198,,,,,
2023-11-06,2029-01-01,11.3417,985.515877,1291,1003.34,3.5759,,,,,
2023-11-06,2031-01-01,11.5254,964.891988,1792,1267.31,4.5093,,,,,
2023-11-06,2033-01-01,11.6089,948.933445,2296,1479.3,5.2597,,,,,
2023-11-07,2025-01-01,10.8023,1025.442648,290,272.39,0.9755,,,,,
2023-11-07,2027-01-01,10.7901,1014.196058,791,675.84,2.4207,,,,,
2023-11-07,2029-01-01,11.1655,992.187854,1290,1003.47,3.5821,,,,,
2023-11-07,2031-01-01,11.3465,973.158321,1791,1268.84,4.522,,,,,
2023-11-07,2033-01-01,11.4384,957.932792,2295,1482.51,5.2791,,,,,
2023-11-08,2025-01-01,10.791,1025.973201,289,271.4,0.9721,,,,,
2023-11-08,2027-01-01,10.7317,1016.047338,790,674.95,2.4188,,,,,
2023-11-08,2029-01-01,11.1169,994.338048,1289,1002.78,3.5812,,,,,
2023-11-08,2031-01-01,11.2832,976.371607,1790,1268.74,4.5242,,,,,
2023-11-08,2033-01-01,11.3642,962.116123,2294,1483.34,5.2856,,,,,
2023-11-09,2025-01-01,10.81,1026.201032,288,270.39,0.9683,,,,,
2023-11-09,2027-01-01,10.7559,1015.86249,789,673.9,2.4145,,,,,
2023-11-09,2029-01-01,11.1472,993.673518,1288,1001.59,3.5759,,,,,
2023-11-09,2031-01-01,11.33,974.716765,1789,1267.08,4.5164,,,,,
2023-11-09,2033-01-01,11.4163,959.877286,2293,1481.05,5.275,,,,,
2023-11-10,2025-01-01,10.738,1027.335096,287,269.4,0.9654,,,,,
2023-11-10,2027-01-01,10.6833,1018.061869,788,673.03,2.413,,,,,
2023-11-10,2029-01-01,11.0489,997.599989,1287,1001.22,3.5778,,,,,
2023-11-10,2031-01-01,11.2307,979.528263,1788,1267.48,4.5219,,,,,
2023-11-10,2033-01-01,11.3029,966.069317,2292,1482.85,5.2868,,,,,
2023-11-13,2025-01-01,10.7261,1027.869034,286,268.4,0.9619,,,,,
2023-11-13,2027-01-01,10.6945,1018.196255,787,672.01,2.4091,,,,,
2023-11-13,2029-01-01,11.053,997.868299,1286,1000.19,3.574,,,,,
2023-11-13,2031-01-01,11.2438,979.360672,1787,1266.3,4.5171,,,,,
2023-11-13,2033-01-01,11.314,965.912005,2291,1481.58,5.2817,,,,,
2023-11-14,2025-01-01,10.546,1030.068539,285,267.43,0.96,,,,,
2023-11-14,2027-01-01,10.4789,1023.929047,786,671.41,2.4116,,,,,
2023-11-14,2029-01-01,10.881,1004.458774,1285,1000.3,3.5799,,,,,
2023-11-14,2031-01-01,11.0728,987.400742,1786,1267.72,4.5291,,,,,
2023-11-14,2033-01-01,11.152,974.658856,2290,1484.57,5.3001,,,,,
2023-11-16,2025-01-01,10.4989,1030.944414,284,266.43,0.9568,,,,,
2023-11-16,2027-01-01,10.4157,1025.900294,785,670.52,2.4098,,,,,
2023-11-16,2029-01-01,10.8236,1006.942314,1284,999.67,3.5795,,,,,
2023-11-16,2031-01-01,11.0195,990.205912,1785,1267.47,4.5304,,,,,
2023-11-16,2033-01-01,11.093,978.129534,2289,1485.02,5.3045,,,,,
2023-11-17,2025-01-01,10.4275,1032.05773,283,265.44,0.9539,,,,,
2023-11-17,2027-01-01,10.3294,1028.445878,784,669.68,2.4087,,,,,
2023-11-17,2029-01-01,10.7357,1010.535629,1283,999.23,3.5808,,,,,
2023-11-17,2031-01-01,10.936,994.382065,1784,1267.65,4.5345,,,,,
2023-11-17,2033-01-01,11.021,982.292598,2288,1485.8,5.3107,,,,,
2023-11-20,2025-01-01,10.482,1031.927777,282,264.43,0.9498,,,,,
2023-11-20,2027-01-01,10.388,1027.393437,783,668.57,2.4034,,,,,
2023-11-20,2029-01-01,10.7974,1008.710501,1282,997.83,3.5738,,,,,
2023-11-20,2031-01-01,10.978,992.895878,1783,1266.06,4.527,,,,,
2023-11-20,2033-01-01,11.0625,980.534024,2287,1483.77,5.3015,,,,,
2023-11-21,2025-01-01,10.569,1031.484043,281,263.42,0.9454,,,,,
2023-11-21,2027-01-01,10.5147,1024.667263,782,667.34,2.3962,,,,,
2023-11-21,2029-01-01,10.9074,1005.15778,1281,996.13,3.5641,,,,,
2023-11-21,2031-01-01,11.07,989.173423,1782,1263.75,4.5151,,,,,
2023-11-21,2033-01-01,11.142,976.813461,2286,1480.82,5.2872,,,,,
2023-11-22,2025-01-01,10.5009,1032.559905,280,262.43,0.9424,,,,,
2023-11-22,2027-01-01,10.4332,1027.082882,781,666.49,2.3949,,,,,
2023-11-22,2029-01-01,10.826,1008.499701,1280,995.65,3.565,,,,,
2023-11-22,2031-01-01,10.987,993.311766,1781,1263.93,4.5191,,,,,
2023-11-22,2033-01-01,11.063,981.324833,2285,1481.76,5.2943,,,,,
2023-11-23,2025-01-01,10.4935,1033.041149,279,261.43,0.9389,,,,,
2023-11-23,2027-01-01,10.4303,1027.558955,780,665.5,2.3914,,,,,
2023-11-23,2029-01-01,10.83,1008.767027,1279,994.62,3.5612,,,,,
2023-11-23,2031-01-01,11.0141,992.504368,1780,1262.54,4.513,,,,,
2023-11-23,2033-01-01,11.09,980.329128,2284,1480.1,5.2871,,,,,
2023-11-24,2025-01-01,10.4409,1033.960738,278,260.44,0.9358,,,,,
2023-11-24,2027-01-01,10.4104,1028.453996,779,664.53,2.3884,,,,,
2023-11-24,2029-01-01,10.8406,1008.797169,1278,993.56,3.5571,,,,,
2023-11-24,2031-01-01,11.0222,992.552368,1779,1261.43,4.5087,,,,,
2023-11-24,2033-01-01,11.112,979.596525,2283,1478.55,5.2805,,,,,
2023-11-27,2025-01-01,10.4057,1034.708992,277,259.44,0.9325,,,,,
2023-11-27,2027-01-01,10.2926,1031.76518,778,663.75,2.3881,,,,,
2023-11-27,2029-01-01,10.71,1013.922093,1277,993.39,3.5607,,,,,
2023-11-27,2031-01-01,10.9042,998.278409,1778,1262.1,4.5159,,,,,
2023-11-27,2033-01-01,10.9819,986.785601,2282,1480.76,5.2946,,,,,
2023-11-28,2025-01-01,10.4193,1034.984323,276,258.44,0.9288,,,,,
2023-11-28,2027-01-01,10.2626,1032.907802,777,662.8,2.3854,,,,,
2023-11-28,2029-01-01,10.6372,1016.970724,1276,992.86,3.5611,,,,,
2023-11-28,2031-01-01,10.8231,1002.363323,1777,1262.24,4.5197,,,,,
2023-11-28,2033-01-01,10.9003,991.480274,2281,1481.77,5.3021,,,,,
2023-11-29,2025-01-01,10.419,1035.394359,275,257.44,0.9252,,,,,
2023-11-29,2027-01-01,10.18,1035.351573,776,661.95,2.3841,,,,,
2023-11-29,2029-01-01,10.5672,1019.924181,1275,992.31,3.5614,,,,,
2023-11-29,2031-01-01,10.7487,1006.159345,1776,1262.29,4.5229,,,,,
2023-11-29,2033-01-01,10.832,995.495637,2280,1482.45,5.3078,,,,,
2023-11-30,2025-01-01,10.315,1036.798909,274,256.45,0.9225,,,,,
2023-11-30,2027-01-01,10.1409,1036.718181,775,661.02,2.3816,,,,,
2023-11-30,2029-01-01,10.552,1020.884422,1274,991.41,3.5586,,,,,
2023-11-30,2031-01-01,10.7581,1006.138359,1775,1261.16,4.5185,,,,,
2023-11-30,2033-01-01,10.852,994.843686,2279,1480.96,5.3015,,,,,
2023-12-01,2025-01-01,10.28,1037.537761,273,255.46,0.9192,,,,,
2023-12-01,2027-01-01,10.0995,1038.14113,774,660.1,2.3792,,,,,
2023-12-01,2029-01-01,10.5254,1022.260132,1273,990.58,3.5565,,,,,
2023-12-01,2031-01-01,10.741,1007.326161,1774,1260.4,4.5165,,,,,
2023-12-01,2033-01-01,10.8485,995.435529,2278,1480.04,5.2984,,,,,
2023-12-04,2025-01-01,10.335,1037.416432,272,254.45,0.9151,,,,,
2023-12-04,2027-01-01,10.2385,1035.104315,773,658.85,2.3717,,,,,
2023-12-04,2029-01-01,10.6648,1017.6045,1272,988.68,3.5453,,,,,
2023-12-04,2031-01-01,10.8865,1001.129627,1773,1257.35,4.4996,,,,,
2023-12-04,2033-01-01,10.9941,988.189939,2277,1475.46,5.2751,,,,,
2023-12-05,2025-01-01,10.3794,1037.40004,271,253.45,0.9112,,,,,
2023-12-05,2027-01-01,10.2446,1035.354672,772,657.84,2.3679,,,,,
2023-12-05,2029-01-01,10.6632,1018.071644,1271,987.69,3.5418,,,,,
2023-12-05,2031-01-01,10.873,1002.150147,1772,1256.54,4.4973,,,,,
2023-12-05,2033-01-01,10.977,989.493028,2276,1474.88,5.2738,,,,,
2023-12-06,2025-01-01,10.3253,1038.318291,270,252.45,0.908,,,,,
2023-12-06,2027-01-01,10.1597,1037.845261,771,656.99,2.3667,,,,,
2023-12-06,2029-01-01,10.5659,1022.006256,1270,987.32,3.5435,,,,,
2023-12-06,2031-01-01,10.7606,1007.657722,1771,1257.12,4.5039,,,,,
2023-12-06,2033-01-01,10.873,995.363659,2275,1476.44,5.2843,,,,,
2023-12-07,2025-01-01,10.3063,1038.902415,269,251.45,0.9046,,,,,
2023-12-07,2027-01-01,10.1436,1038.640403,770,656.02,2.3635,,,,,
2023-12-07,2029-01-01,10.5589,1022.667817,1269,986.36,3.5403,,,,,
2023-12-07,2031-01-01,10.776,1007.366176,1770,1255.91,4.499,,,,,
2023-12-07,2033-01-01,10.89,994.875848,2274,1475.02,5.2784,,,,,
2023-12-08,2025-01-01,10.3444,1038.94895,268,250.45,0.9007,,,,,
2023-12-08,2027-01-01,10.1931,1037.821549,769,654.93,2.3585,,,,,
2023-12-08,2029-01-01,10.6034,1021.462236,1268,985.08,3.5343,,,,,
2023-12-08,2031-01-01,10.815,1006.005729,1769,1254.36,4.4918,,,,,
2023-12-08,2033-01-01,10.93,993.182055,2273,1473.04,5.2694,,,,,
2023-12-11,2025-01-01,10.3092,1039.684359,267,249.45,0.8974,,,,,
2023-12-11,2027-01-01,10.1638,1038.940738,768,653.98,2.3557,,,,,
2023-12-11,2029-01-01,10.579,1022.75427,1267,984.23,3.532,,,,,
2023-12-11,2031-01-01,10.8219,1006.10327,1768,1253.26,4.4876,,,,,
2023-12-11,2033-01-01,10.9517,992.453704,2272,1471.5,5.2629,,,,,
2023-12-12,2025-01-01,10.23,1040.828718,266,248.46,0.8945,,,,,
2023-12-12,2027-01-01,10.088,1041.202271,767,653.12,2.3543,,,,,
2023-12-12,2029-01-01,10.5186,1025.352756,1266,983.62,3.5318,,,,,
2023-12-12,2031-01-01,10.7721,1008.771305,1767,1252.96,4.4886,,,,,
2023-12-12,2033-01-01,10.907,995.207207,2271,1471.6,5.2654,,,,,
2023-12-13,2025-01-01,10.1404,1042.06593,265,247.48,0.8916,,,,,
2023-12-13,2027-01-01,9.9392,1045.265821,766,652.39,2.3548,,,,,
2023-12-13,2029-01-01,10.372,1031.100757,1265,983.56,3.5362,,,,,
2023-12-13,2031-01-01,10.6316,1015.587813,1766,1253.94,4.4978,,,,,
2023-12-13,2033-01-01,10.7691,1002.897972,2270,1474.0,5.2805,,,,,
2023-12-14,2025-01-01,10.0914,1042.920885,264,246.48,0.8884,,,,,
2023-12-14,2027-01-01,9.9151,1046.253891,765,651.44,2.3519,,,,,
2023-12-14,2029-01-01,10.315,1033.590781,1264,982.92,3.5358,,,,,
2023-12-14,2031-01-01,10.5589,1019.332118,1765,1253.97,4.5008,,,,,
2023-12-14,2033-01-01,10.6845,1007.810472,2269,1475.08,5.2884,,,,,
2023-12-15,2025-01-01,10.0606,1043.60431,263,245.48,0.8851,,,,,
2023-12-15,2027-01-01,9.8478,1048.308671,764,650.56,2.3501,,,,,
2023-12-15,2029-01-01,10.246,1036.5254,1263,982.36,3.536,,,,,
2023-12-15,2031-01-01,10.4936,1022.747964,1764,1253.89,4.5032,,,,,
2023-12-15,2033-01-01,10.6248,1011.413104,2268,1475.55,5.293,,,,,
2023-12-18,2025-01-01,10.044,1044.154727,262,244.49,0.8816,,,,,
2023-12-18,2027-01-01,9.8628,1048.329079,763,649.53,2.3461,,,,,
2023-12-18,2029-01-01,10.2663,1036.181348,1262,981.23,3.5312,,,,,
2023-12-18,2031-01-01,10.5095,1022.419296,1763,1252.66,4.4982,,,,,
2023-12-18,2033-01-01,10.6292,1011.582407,2267,1474.44,5.2888,,,,,
2023-12-19,2025-01-01,10.0362,1044.623182,261,243.49,0.8781,,,,,
2023-12-19,2027-01-01,9.8068,1050.102643,762,648.63,2.3441,,,,,
2023-12-19,2029-01-01,10.1938,1039.247094,1261,980.69,3.5316,,,,,
2023-12-19,2031-01-01,10.433,1026.360667,1762,1252.74,4.5015,,,,,
2023-12-19,2033-01-01,10.5439,1016.577331,2266,1475.54,5.2968,,,,,
2023-12-20,2025-01-01,10.0375,1045.00779,260,242.49,0.8745,,,,,
2023-12-20,2027-01-01,9.78,1051.15423,761,647.68,2.3412,,,,,
2023-12-20,2029-01-01,10.118,1042.441354,1260,980.18,3.5322,,,,,
2023-12-20,2031-01-01,10.3434,1030.927172,1761,1253.0,4.5061,,,,,
2023-12-20,2033-01-01,10.4413,1022.541439,2265,1477.06,5.3072,,,,,
2023-12-21,2025-01-01,10.0457,1045.329589,259,241.49,0.8708,,,,,
2023-12-21,2027-01-01,9.7999,1051.052709,760,646.65,2.337,,,,,
2023-12-21,2029-01-01,10.1372,1042.131879,1259,979.05,3.5275,,,,,
2023-12-21,2031-01-01,10.3389,1031.539515,1760,1252.06,4.5029,,,,,
2023-12-21,2033-01-01,10.4188,1024.169413,2264,1476.61,5.3067,,,,,
2023-12-22,2025-01-01,10.0354,1045.820511,258,240.49,0.8673,,,,,
2023-12-22,2027-01-01,9.7946,1051.573241,759,645.66,2.3336,,,,,
2023-12-22,2029-01-01,10.1174,1043.261193,1258,978.18,3.525,,,,,
2023-12-22,2031-01-01,10.2876,1034.33518,1759,1251.78,4.504,,,,,
2023-12-22,2033-01-01,10.3657,1027.470898,2263,1476.92,5.3103,,,,,
2023-12-26,2025-01-01,10.0158,1046.755625,257,239.49,0.8638,,,,,
2023-12-26,2027-01-01,9.7824,1053.233703,758,644.68,2.3303,,,,,
2023-12-26,2029-01-01,10.0911,1045.869227,1257,977.35,3.5229,,,,,
2023-12-26,2031-01-01,10.2598,1037.714547,1758,1251.17,4.503,,,,,
2023-12-26,2033-01-01,10.33,1031.689601,2262,1476.79,5.3116,,,,,
2023-12-27,2025-01-01,9.9413,1047.823742,256,238.5,0.8608,,,,,
2023-12-27,2027-01-01,9.7568,1054.2517,757,643.72,2.3274,,,,,
2023-12-27,2029-01-01,10.047,1047.893926,1256,976.63,3.5217,,,,,
2023-12-27,2031-01-01,10.2032,1040.765432,1757,1250.97,4.5046,,,,,
2023-12-27,2033-01-01,10.2613,1035.865978,2261,1477.48,5.3174,,,,,
2023-12-28,2025-01-01,9.8715,1048.845501,255,237.51,0.8578,,,,,
2023-12-28,2027-01-01,9.825,1052.971842,756,642.6,2.3219,,,,,
2023-12-28,2029-01-01,10.1205,1045.586498,1255,975.16,3.514,,,,,
2023-12-28,2031-01-01,10.2984,1036.719296,1756,1248.63,4.4923,,,,,
2023-12-28,2033-01-01,10.361,1030.799113,2260,1474.03,5.3002,,,,,
2023-12-29,2025-01-01,9.8715,1049.237398,254,236.51,0.8542,,,,,
2023-12-29,2027-01-01,9.825,1053.363512,755,641.6,2.3183,,,,,
2023-12-29,2029-01-01,10.1205,1045.986574,1254,974.16,3.5104,,,,,
2023-12-29,2031-01-01,10.2984,1037.122622,1755,1247.63,4.4887,,,,,
2023-12-29,2033-01-01,10.361,1031.202458,2259,1473.03,5.2966,,,,,
2024-01-02,2025-01-01,9.8586,1000.935777,253,246.99,0.8922,,,,,
2024-01-02,2027-01-01,9.8734,1003.766967,754,671.66,2.4258,,,,,
2024-01-02,2029-01-01,10.1638,995.990798,1253,1020.56,3.6762,,,,,
2024-01-02,2031-01-01,10.3425,986.668065,1754,1307.65,4.7027,,,,,
2024-01-02,2033-01-01,10.3978,980.790633,2258,1544.34,5.5511,,,,,
2024-01-03,2025-01-01,9.8702,1001.206109,252,245.99,0.8885,,,,,
2024-01-03,2027-01-01,9.8851,1003.857578,753,670.64,2.4219,,,,,
2024-01-03,2029-01-01,10.1938,995.2765,1252,1019.41,3.6711,,,,,
2024-01-03,2031-01-01,10.3929,984.719625,1753,1306.05,4.6948,,,,,
2024-01-03,2033-01-01,10.4724,977.127029,2257,1541.72,5.538,,,,,
2024-01-04,2025-01-01,9.9401,1000.961055,251,244.99,0.8843,,,,,
2024-01-04,2027-01-01,9.9188,1003.415235,752,669.61,2.4174,,,,,
2024-01-04,2029-01-01,10.247,993.719942,1251,1018.15,3.6648,,,,,
2024-01-04,2031-01-01,10.4638,981.837071,1752,1304.21,4.6852,,,,,
2024-01-04,2033-01-01,10.5192,974.986085,2256,1539.7,5.5284,,,,,
2024-01-05,2025-01-01,10.01,1000.72151,250,243.99,0.8801,,,,,
2024-01-05,2027-01-01,9.9046,1004.136013,751,668.62,2.4141,,,,,
2024-01-05,2029-01-01,10.258,993.70446,1250,1017.1,3.6606,,,,,
2024-01-05,2031-01-01,10.4901,981.016543,1751,1302.9,4.6794,,,,,
2024-01-05,2033-01-01,10.5754,972.351331,2255,1537.48,5.5176,,,,,
2024-01-05,2035-01-01,10.6492,964.73089,2754,1726.3,6.1911,,,,,
2024-01-08,2025-01-01,10.03,1000.924967,249,242.99,0.8763,,,,,
2024-01-08,2027-01-01,9.9535,1003.329344,750,667.57,2.4093,,,,,
2024-01-08,2029-01-01,10.3063,992.335859,1249,1015.86,3.6545,,,,,
2024-01-08,2031-01-01,10.5381,979.205752,1750,1301.33,4.6717,,,,,
2024-01-08,2033-01-01,10.6243,970.121469,2254,1535.41,5.5078,,,,,
2024-01-08,2035-01-01,10.694,962.448469,2753,1723.79,6.1796,,,,,
2024-01-09,2025-01-01,10.066,1000.990193,248,241.99,0.8725,,,,,
2024-01-09,2027-01-01,10.0062,1002.435896,749,666.5,2.4043,,,,,
2024-01-09,2029-01-01,10.352,991.067773,1248,1014.63,3.6486,,,,,
2024-01-09,2031-01-01,10.5678,978.238311,1749,1299.98,4.6656,,,,,
2024-01-09,2033-01-01,10.6545,968.898915,2253,1533.76,5.5003,,,,,
2024-01-09,2035-01-01,10.7231,961.108427,2752,1721.81,6.1709,,,,,
2024-01-10,2025-01-01,10.0905,1001.158125,247,240.99,0.8686,,,,,
2024-01-10,2027-01-01,10.0169,1002.557781,748,665.49,2.4004,,,,,
2024-01-10,2029-01-01,10.3485,991.581747,1247,1013.65,3.6452,,,,,
2024-01-10,2031-01-01,10.5551,979.208018,1748,1299.13,4.6631,,,,,
2024-01-10,2033-01-01,10.6291,970.642887,2252,1533.31,5.5,,,,,
2024-01-10,2035-01-01,10.7028,962.701857,2751,1721.49,6.1709,,,,,
2024-01-11,2025-01-01,10.0676,1001.738559,246,239.99,0.8652,,,,,
2024-01-11,2027-01-01,9.9803,1003.818008,747,664.53,2.3977,,,,,
2024-01-11,2029-01-01,10.3083,993.422937,1246,1012.85,3.6436,,,,,
2024-01-11,2031-01-01,10.5309,980.703463,1747,1298.41,4.6615,,,,,
2024-01-11,2033-01-01,10.5915,973.041768,2251,1533.13,5.5012,,,,,
2024-01-11,2035-01-01,10.6682,965.148708,2750,1721.66,6.1734,,,,,
2024-01-12,2025-01-01,10.0178,1002.550134,245,238.99,0.862,,,,,
2024-01-12,2027-01-01,9.8733,1006.774291,746,663.66,2.3969,,,,,
2024-01-12,2029-01-01,10.2234,996.887612,1245,1012.27,3.6444,,,,,
2024-01-12,2031-01-01,10.461,984.294787,1746,1298.24,4.6639,,,,,
2024-01-12,2033-01-01,10.508,977.913726,2250,1533.94,5.5083,,,,,
2024-01-12,2035-01-01,10.5876,970.356041,2749,1723.38,6.1841,,,,,
2024-01-15,2025-01-01,10.003,1003.057463,244,237.99,0.8585,,,,,
2024-01-15,2027-01-01,9.8589,1007.49772,745,662.67,2.3937,,,,,
2024-01-15,2029-01-01,10.2251,997.211029,1244,1011.26,3.6407,,,,,
2024-01-15,2031-01-01,10.4574,984.848694,1745,1297.29,4.6606,,,,,
2024-01-15,2033-01-01,10.5148,977.935446,2249,1532.8,5.5038,,,,,
2024-01-15,2035-01-01,10.5833,971.001672,2748,1722.53,6.1813,,,,,
2024-01-16,2025-01-01,10.0763,1002.808614,243,236.99,0.8543,,,,,
2024-01-16,2027-01-01,10.0472,1003.352591,744,661.46,2.3852,,,,,
2024-01-16,2029-01-01,10.4148,990.746154,1243,1009.32,3.6274,,,,,
2024-01-16,2031-01-01,10.6473,976.577722,1744,1294.03,4.6409,,,,,
2024-01-16,2033-01-01,10.7118,967.804167,2248,1527.51,5.4751,,,,,
2024-01-16,2035-01-01,10.7781,959.801855,2747,1714.95,6.1432,,,,,
2024-01-17,2025-01-01,10.066,1003.278637,242,235.99,0.8508,,,,,
2024-01-17,2027-01-01,10.0589,1003.454226,743,660.44,2.3813,,,,,
2024-01-17,2029-01-01,10.4452,990.044689,1242,1008.17,3.6223,,,,,
2024-01-17,2031-01-01,10.7029,974.455437,1743,1292.37,4.6326,,,,,
2024-01-17,2033-01-01,10.7609,965.598974,2247,1525.44,5.4652,,,,,
2024-01-17,2035-01-01,10.8305,957.10997,2746,1712.18,6.1304,,,,,
2024-01-18,2025-01-01,10.0394,1003.88679,241,234.99,0.8474,,,,,
2024-01-18,2027-01-01,10.0216,1004.7268,742,659.49,2.3786,,,,,
2024-01-18,2029-01-01,10.422,991.267082,1241,1007.29,3.6199,,,,,
2024-01-18,2031-01-01,10.6909,975.390425,1742,1291.51,4.6301,,,,,
2024-01-18,2033-01-01,10.7561,966.243962,2246,1524.55,5.4623,,,,,
2024-01-18,2035-01-01,10.8334,957.330506,2745,1711.08,6.1263,,,,,
2024-01-19,2025-01-01,10.0667,1004.036685,240,233.99,0.8436,,,,,
2024-01-19,2027-01-01,9.9921,1005.812229,741,658.52,2.3758,,,,,
2024-01-19,2029-01-01,10.3879,992.88105,1240,1006.45,3.618,,,,,
2024-01-19,2031-01-01,10.6443,977.89054,1741,1291.07,4.6304,,,,,
2024-01-19,2033-01-01,10.7038,969.401022,2245,1524.68,5.4653,,,,,
2024-01-19,2035-01-01,10.7832,960.671661,2744,1711.78,6.1316,,,,,
2024-01-22,2025-01-01,10.0342,1004.693198,239,232.99,0.8402,,,,,
2024-01-22,2027-01-01,10.0793,1004.114211,740,657.42,2.3699,,,,,
2024-01-22,2029-01-01,10.4782,990.035973,1239,1005.01,3.6099,,,,,
2024-01-22,2031-01-01,10.7296,974.432766,1740,1289.05,4.6196,,,,,
2024-01-22,2033-01-01,10.7864,965.431197,2244,1521.89,5.4512,,,,,
2024-01-22,2035-01-01,10.8552,956.835481,2743,1708.34,6.1153,,,,,
2024-01-23,2025-01-01,10.0347,1005.070296,238,231.99,0.8366,,,,,
2024-01-23,2027-01-01,10.0389,1005.457894,739,656.47,2.3674,,,,,
2024-01-23,2029-01-01,10.4432,991.678751,1238,1004.18,3.608,,,,,
2024-01-23,2031-01-01,10.6903,976.597631,1739,1288.52,4.6194,,,,,
2024-01-23,2033-01-01,10.7403,968.253605,2243,1521.89,5.4535,,,,,
2024-01-23,2035-01-01,10.7995,960.493658,2742,1709.23,6.1215,,,,,
2024-01-24,2025-01-01,10.0186,1005.586627,237,230.99,0.8332,,,,,
2024-01-24,2027-01-01,10.0186,1006.322471,738,655.49,2.3643,,,,,
2024-01-24,2029-01-01,10.4218,992.835365,1237,1003.29,3.6055,,,,,
2024-01-24,2031-01-01,10.667,978.042837,1738,1287.8,4.6177,,,,,
2024-01-24,2033-01-01,10.7116,970.162448,2242,1521.51,5.4536,,,,,
2024-01-24,2035-01-01,10.7662,962.845141,2741,1709.35,6.1238,,,,,
2024-01-25,2025-01-01,9.9859,1006.240661,236,229.99,0.8298,,,,,
2024-01-25,2027-01-01,9.9205,1009.039119,737,654.6,2.3632,,,,,
2024-01-25,2029-01-01,10.341,996.122527,1236,1002.69,3.606,,,,,
2024-01-25,2031-01-01,10.6007,981.435905,1737,1287.59,4.6197,,,,,
2024-01-25,2033-01-01,10.656,973.501634,2241,1521.72,5.4571,,,,,
2024-01-25,2035-01-01,10.7214,965.882307,2740,1709.86,6.1282,,,,,
2024-01-26,2025-01-01,9.9333,1007.058451,235,228.99,0.8266,,,,,
2024-01-26,2027-01-01,9.874,1010.526356,736,653.66,2.3608,,,,,
2024-01-26,2029-01-01,10.284,998.560722,1235,1001.97,3.6053,,,,,
2024-01-26,2031-01-01,10.5424,984.475672,1736,1287.28,4.6211,,,,,
2024-01-26,2033-01-01,10.6,976.8736,2240,1521.94,5.4606,,,,,
2024-01-26,2035-01-01,10.6579,970.041451,2739,1711.01,6.1358,,,,,
2024-01-29,2025-01-01,9.9513,1007.287768,234,227.99,0.8228,,,,,
2024-01-29,2027-01-01,9.9264,1009.656531,735,652.6,2.3558,,,,,
2024-01-29,2029-01-01,10.3522,996.499092,1234,1000.63,3.5983,,,,,
2024-01-29,2031-01-01,10.6092,981.836034,1735,1285.48,4.6118,,,,,
2024-01-29,2033-01-01,10.653,974.443585,2239,1519.79,5.4503,,,,,
2024-01-29,2035-01-01,10.7308,966.107398,2738,1707.55,6.1193,,,,,
2024-01-30,2025-01-01,9.9683,1007.526723,233,226.99,0.8191,,,,,
2024-01-30,2027-01-01,9.9544,1009.37088,734,651.56,2.3515,,,,,
2024-01-30,2029-01-01,10.3766,996.014864,1233,999.51,3.5934,,,,,
2024-01-30,2031-01-01,10.6337,981.12089,1734,1284.19,4.6062,,,,,
2024-01-30,2033-01-01,10.6716,973.848221,2238,1518.38,5.4443,,,,,
2024-01-30,2035-01-01,10.7276,966.687434,2737,1706.65,6.1163,,,,,
2024-01-31,2025-01-01,9.9422,1008.121281,232,225.99,0.8157,,,,,
2024-01-31,2027-01-01,9.8687,1011.785803,733,650.66,2.3501,,,,,
2024-01-31,2029-01-01,10.2796,999.883196,1232,998.99,3.5947,,,,,
2024-01-31,2031-01-01,10.5386,985.823751,1733,1284.32,4.6106,,,,,
2024-01-31,2033-01-01,10.5855,978.819286,2237,1519.26,5.4517,,,,,
2024-01-31,2035-01-01,10.6479,971.806808,2736,1708.35,6.1268,,,,,
2024-02-01,2025-01-01,9.9278,1008.618485,231,224.99,0.8122,,,,,
2024-02-01,2027-01-01,9.8355,1012.952702,732,649.7,2.3473,,,,,
2024-02-01,2029-01-01,10.2416,1001.637807,1231,998.18,3.593,,,,,
2024-02-01,2031-01-01,10.4903,988.413732,1732,1283.9,4.6111,,,,,
2024-02-01,2033-01-01,10.5383,981.732874,2236,1519.28,5.4541,,,,,
2024-02-01,2035-01-01,10.5963,975.27596,2735,1709.09,6.1323,,,,,
2024-02-02,2025-01-01,9.973,1008.628779,230,223.99,0.8082,,,,,
2024-02-02,2027-01-01,9.9481,1010.660848,731,648.57,2.3408,,,,,
2024-02-02,2029-01-01,10.3519,998.069169,1230,996.63,3.5839,,,,,
2024-02-02,2031-01-01,10.6051,983.59414,1731,1281.53,4.5978,,,,,
2024-02-02,2033-01-01,10.65,976.169774,2235,1515.85,5.4363,,,,,
2024-02-02,2035-01-01,10.7206,968.274646,2734,1703.89,6.1068,,,,,
2024-02-05,2025-01-01,9.974,1009.001228,229,222.99,0.8046,,,,,
2024-02-05,2027-01-01,9.9836,1010.202909,730,647.53,2.3363,,,,,
2024-02-05,2029-01-01,10.3829,997.352055,1229,995.48,3.5787,,,,,
2024-02-05,2031-01-01,10.6324,982.754574,1730,1280.21,4.592,,,,,
2024-02-05,2033-01-01,10.6777,975.093859,2234,1514.25,5.4292,,,,,
2024-02-05,2035-01-01,10.7486,967.012761,2733,1701.94,6.0983,,,,,
2024-02-06,2025-01-01,9.9307,1009.7322,228,221.99,0.8013,,,,,
2024-02-06,2027-01-01,9.9025,1012.498963,729,646.62,2.3348,,,,,
2024-02-06,2029-01-01,10.3063,1000.480692,1228,994.86,3.579,,,,,
2024-02-06,2031-01-01,10.5539,986.698821,1729,1280.14,4.595,,,,,
2024-02-06,2033-01-01,10.5945,979.904236,2233,1515.06,5.4362,,,,,
2024-02-06,2035-01-01,10.664,972.411659,2732,1703.8,6.1096,,,,,
2024-02-07,2025-01-01,9.9406,1010.031875,227,220.99,0.7977,,,,,
2024-02-07,2027-01-01,9.9237,1012.378025,728,645.6,2.3306,,,,,
2024-02-07,2029-01-01,10.3249,1000.204911,1227,993.77,3.5745,,,,,
2024-02-07,2031-01-01,10.5553,987.028303,1728,1279.13,4.5913,,,,,
2024-02-07,2033-01-01,10.6029,979.848685,2232,1513.88,5.4316,,,,,
2024-02-07,2035-01-01,10.68,971.853033,2731,1702.26,6.1032,,,,,
2024-02-08,2025-01-01,9.9835,1010.067723,226,219.99,0.7937,,,,,
2024-02-08,2027-01-01,10.015,1010.609891,727,644.49,2.3247,,,,,
2024-02-08,2029-01-01,10.4082,997.624849,1226,992.35,3.5667,,,,,
2024-02-08,2031-01-01,10.6457,983.338175,1727,1277.05,4.5801,,,,,
2024-02-08,2033-01-01,10.6809,976.102999,2231,1511.18,5.4181,,,,,
2024-02-08,2035-01-01,10.775,966.634632,2730,1698.05,6.0829,,,,,
2024-02-09,2025-01-01,9.9802,1010.475564,225,218.99,0.7902,,,,,
2024-02-09,2027-01-01,9.9961,1011.43639,726,643.52,2.3216,,,,,
2024-02-09,2029-01-01,10.4181,997.664947,1225,991.3,3.5626,,,,,
2024-02-09,2031-01-01,10.6519,983.453934,1726,1275.98,4.576,,,,,
2024-02-09,2033-01-01,10.7086,975.033172,2230,1509.58,5.411,,,,,
2024-02-09,2035-01-01,10.7862,966.369139,2729,1696.67,6.0773,,,,,
2024-02-14,2025-01-01,10.0038,1010.66949,224,217.99,0.7864,,,,,
2024-02-14,2027-01-01,10.0763,1009.94045,725,642.42,2.3159,,,,,
2024-02-14,2029-01-01,10.4989,995.193037,1224,989.9,3.555,,,,,
2024-02-14,2031-01-01,10.735,980.120678,1725,1273.99,4.5654,,,,,
2024-02-14,2033-01-01,10.787,971.3042,2229,1506.87,5.3974,,,,,
2024-02-14,2035-01-01,10.869,961.918123,2728,1692.88,6.0592,,,,,
2024-02-15,2025-01-01,9.9799,1011.241138,223,216.99,0.7829,,,,,
2024-02-15,2027-01-01,10.057,1010.776313,724,641.45,2.3128,,,,,
2024-02-15,2029-01-01,10.4926,995.810166,1223,988.94,3.5517,,,,,
2024-02-15,2031-01-01,10.7273,980.861858,1724,1273.08,4.5625,,,,,
2024-02-15,2033-01-01,10.7824,971.940259,2228,1505.97,5.3944,,,,,
2024-02-15,2035-01-01,10.858,962.953381,2727,1692.25,6.0575,,,,,
2024-02-16,2025-01-01,10.0214,1011.295878,222,215.99,0.779,,,,,
2024-02-16,2027-01-01,10.122,1009.644688,723,640.37,2.3076,,,,,
2024-02-16,2029-01-01,10.5186,995.28612,1222,987.81,3.5468,,,,,
2024-02-16,2031-01-01,10.731,981.093068,1723,1272.04,4.5586,,,,,
2024-02-16,2033-01-01,10.7823,972.340519,2227,1504.98,5.3909,,,,,
2024-02-16,2035-01-01,10.8577,963.364851,2726,1691.26,6.054,,,,,
2024-02-19,2025-01-01,10.003,1011.823585,221,214.99,0.7756,,,,,
2024-02-19,2027-01-01,10.101,1010.519929,722,639.4,2.3045,,,,,
2024-02-19,2029-01-01,10.4888,996.733298,1221,986.95,3.5447,,,,,
2024-02-19,2031-01-01,10.7155,982.183299,1722,1271.22,4.5563,,,,,
2024-02-19,2033-01-01,10.7645,973.669131,2226,1504.36,5.3895,,,,,
2024-02-19,2035-01-01,10.8359,965.031418,2725,1691.0,6.0543,,,,,
2024-02-20,2025-01-01,9.968,1012.480015,220,213.99,0.7722,,,,,
2024-02-20,2027-01-01,10.0443,1012.225983,721,638.46,2.3023,,,,,
2024-02-20,2029-01-01,10.4351,999.026524,1220,986.22,3.5438,,,,,
2024-02-20,2031-01-01,10.6663,984.784506,1721,1270.81,4.5568,,,,,
2024-02-20,2033-01-01,10.725,976.139673,2225,1504.22,5.391,,,,,
2024-02-20,2035-01-01,10.7969,967.70764,2724,1691.31,6.0575,,,,,
2024-02-21,2025-01-01,9.9648,1012.886765,219,212.99,0.7686,,,,,
2024-02-21,2027-01-01,10.013,1013.33947,720,637.5,2.2995,,,,,
2024-02-21,2029-01-01,10.4281,999.66781,1219,985.25,3.5405,,,,,
2024-02-21,2031-01-01,10.67,985.014692,1720,1269.76,4.5529,,,,,
2024-02-21,2033-01-01,10.716,977.008041,2224,1503.42,5.3885,,,,,
2024-02-21,2035-01-01,10.7951,968.206945,2723,1690.37,6.0543,,,,,
2024-02-22,2025-01-01,9.9922,1013.056297,218,211.99,0.7648,,,,,
2024-02-22,2027-01-01,10.0844,1012.063522,719,636.41,2.2941,,,,,
2024-02-22,2029-01-01,10.4985,997.575556,1218,983.91,3.5334,,,,,
2024-02-22,2031-01-01,10.7354,982.485299,1719,1267.98,4.5439,,,,,
2024-02-22,2033-01-01,10.786,973.728478,2223,1500.89,5.3761,,,,,
2024-02-22,2035-01-01,10.8817,963.545137,2722,1686.45,6.0355,,,,,
2024-02-23,2025-01-01,9.9965,1013.406067,217,210.99,0.7612,,,,,
2024-02-23,2027-01-01,10.1026,1012.027522,718,635.39,2.29,,,,,
2024-02-23,2029-01-01,10.5184,997.270163,1217,982.81,3.5289,,,,,
2024-02-23,2031-01-01,10.7543,982.040029,1718,1266.76,4.5387,,,,,
2024-02-23,2033-01-01,10.81,972.86948,2222,1499.37,5.3695,,,,,
2024-02-23,2035-01-01,10.896,963.109242,2721,1684.96,6.0294,,,,,
2024-02-26,2025-01-01,10.0148,1013.648772,216,209.99,0.7574,,,,,
2024-02-26,2027-01-01,10.1809,1010.603988,717,634.3,2.2845,,,,,
2024-02-26,2029-01-01,10.5917,995.092699,1216,981.45,3.5216,,,,,
2024-02-26,2031-01-01,10.822,979.428299,1717,1264.95,4.5295,,,,,
2024-02-26,2033-01-01,10.872,970.035674,2221,1497.02,5.358,,,,,
2024-02-26,2035-01-01,10.961,959.741681,2720,1681.77,6.0144,,,,,
2024-02-27,2025-01-01,9.9581,1014.466389,215,208.99,0.7542,,,,,
2024-02-27,2027-01-01,10.0799,1013.325872,716,633.42,2.2834,,,,,
2024-02-27,2029-01-01,10.5159,998.149932,1215,980.82,3.5218,,,,,
2024-02-27,2031-01-01,10.7637,982.41793,1716,1264.65,4.5308,,,,,
2024-02-27,2033-01-01,10.828,972.72322,2220,1496.98,5.36,,,,,
2024-02-27,2035-01-01,10.9103,963.070538,2719,1682.48,6.0197,,,,,
2024-02-28,2025-01-01,9.9837,1014.653644,214,207.99,0.7504,,,,,
2024-02-28,2027-01-01,10.1195,1012.797551,715,632.37,2.2788,,,,,
2024-02-28,2029-01-01,10.5451,997.520974,1214,979.68,3.5168,,,,,
2024-02-28,2031-01-01,10.785,981.869472,1715,1263.39,4.5254,,,,,
2024-02-28,2033-01-01,10.846,972.182555,2219,1495.59,5.3542,,,,,
2024-02-28,2035-01-01,10.9361,961.97262,2718,1680.61,6.0116,,,,,
2024-02-29,2025-01-01,9.9396,1015.371305,213,206.99,0.7471,,,,,
2024-02-29,2027-01-01,10.0474,1014.84912,714,631.46,2.277,,,,,
2024-02-29,2029-01-01,10.4675,1000.643645,1213,979.06,3.517,,,,,
2024-02-29,2031-01-01,10.7091,985.647987,1714,1263.3,4.5282,,,,,
2024-02-29,2033-01-01,10.771,976.494098,2218,1496.22,5.3601,,,,,
2024-02-29,2035-01-01,10.8498,967.377997,2717,1682.53,6.0232,,,,,
2024-03-01,2025-01-01,9.9275,1015.844585,212,205.99,0.7436,,,,,
2024-03-01,2027-01-01,10.0057,1016.197884,713,630.51,2.2744,,,,,
2024-03-01,2029-01-01,10.4268,1002.471906,1212,978.26,3.5154,,,,,
2024-03-01,2031-01-01,10.6725,987.680778,1713,1262.73,4.5276,,,,,
2024-03-01,2033-01-01,10.7196,979.585512,2217,1496.34,5.363,,,,,
2024-03-01,2035-01-01,10.8025,970.534843,2716,1683.12,6.0279,,,,,
2024-03-04,2025-01-01,9.9135,1016.3315,211,204.99,0.7401,,,,,
2024-03-04,2027-01-01,10.0085,1016.517872,712,629.5,2.2708,,,,,
2024-03-04,2029-01-01,10.419,1003.141301,1211,977.3,3.5122,,,,,
2024-03-04,2031-01-01,10.6554,988.843108,1712,1261.94,4.5255,,,,,
2024-03-04,2033-01-01,10.705,980.748671,2216,1495.66,5.3612,,,,,
2024-03-04,2035-01-01,10.7839,972.018843,2715,1682.75,6.0276,,,,,
2024-03-05,2025-01-01,9.867,1017.061113,210,203.99,0.7368,,,,,
2024-03-05,2027-01-01,9.937,1018.553111,711,628.58,2.2689,,,,,
2024-03-05,2029-01-01,10.357,1005.722299,1210,976.61,3.5117,,,,,
2024-03-05,2031-01-01,10.5963,991.889158,1711,1261.64,4.5268,,,,,
2024-03-05,2033-01-01,10.6467,984.216067,2215,1495.93,5.365,,,,,
2024-03-05,2035-01-01,10.7262,975.802639,2714,1683.7,6.0341,,,,,
2024-03-06,2025-01-01,9.8595,1017.49692,209,202.99,0.7332,,,,,
2024-03-06,2027-01-01,9.9432,1018.793005,710,627.58,2.2652,,,,,
2024-03-06,2029-01-01,10.3662,1005.79104,1209,975.56,3.5077,,,,,
2024-03-06,2031-01-01,10.6017,992.043335,1710,1260.57,4.5228,,,,,
2024-03-06,2033-01-01,10.6513,984.368499,2214,1494.83,5.3609,,,,,
2024-03-06,2035-01-01,10.7285,976.061875,2713,1682.62,6.0301,,,,,
2024-03-07,2025-01-01,9.8608,1017.867008,208,201.99,0.7296,,,,,
2024-03-07,2027-01-01,9.9684,1018.595719,709,626.55,2.2609,,,,,
2024-03-07,2029-01-01,10.3935,1005.222906,1208,974.43,3.5027,,,,,
2024-03-07,2031-01-01,10.634,990.992918,1709,1259.19,4.5165,,,,,
2024-03-07,2033-01-01,10.683,983.093607,2213,1493.14,5.3533,,,,,
2024-03-07,2035-01-01,10.7688,974.089427,2712,1680.26,6.0195,,,,,
2024-03-08,2025-01-01,9.8754,1018.139019,207,200.99,0.7259,,,,,
2024-03-08,2027-01-01,10.0419,1017.291341,708,625.46,2.2555,,,,,
2024-03-08,2029-01-01,10.4861,1002.366429,1207,972.97,3.4945,,,,,
2024-03-08,2031-01-01,10.7349,986.890531,1708,1256.99,4.5045,,,,,
2024-03-08,2033-01-01,10.7953,977.606659,2212,1489.69,5.3355,,,,,
2024-03-08,2035-01-01,10.8706,968.54395,2711,1675.82,5.9981,,,,,
2024-03-11,2025-01-01,9.8422,1018.763897,206,199.99,0.7225,,,,,
2024-03-11,2027-01-01,9.9928,1018.803858,707,624.52,2.2531,,,,,
2024-03-11,2029-01-01,10.444,1004.238431,1206,972.18,3.493,,,,,
2024-03-11,2031-01-01,10.6922,989.189987,1707,1256.5,4.5045,,,,,
2024-03-11,2033-01-01,10.7351,981.150929,2211,1490.0,5.3395,,,,,
2024-03-11,2035-01-01,10.8279,971.42552,2710,1676.27,6.002,,,,,
2024-03-12,2025-01-01,9.8072,1019.399983,205,199.0,0.7191,,,,,
2024-03-12,2027-01-01,9.9639,1019.851893,706,623.55,2.2502,,,,,
2024-03-12,2029-01-01,10.4441,1004.630874,1205,971.18,3.4894,,,,,
2024-03-12,2031-01-01,10.6983,989.317174,1706,1255.43,4.5004,,,,,
2024-03-12,2033-01-01,10.7304,981.794233,2210,1489.11,5.3365,,,,,
2024-03-12,2035-01-01,10.8192,972.329264,2709,1675.56,5.9999,,,,,
2024-03-13,2025-01-01,9.8036,1019.804778,204,198.0,0.7155,,,,,
2024-03-13,2027-01-01,9.9381,1020.827968,705,622.58,2.2472,,,,,
2024-03-13,2029-01-01,10.4226,1005.780602,1204,970.28,3.4869,,,,,
2024-03-13,2031-01-01,10.693,989.952191,1705,1254.49,4.4972,,,,,
2024-03-13,2033-01-01,10.7217,982.647282,2209,1488.29,5.334,,,,,
2024-03-13,2035-01-01,10.8197,972.69656,2708,1674.54,5.9962,,,,,
2024-03-14,2025-01-01,9.8551,1019.809434,203,196.99,0.7116,,,,,
2024-03-14,2027-01-01,10.075,1018.082331,704,621.43,2.2403,,,,,
2024-03-14,2029-01-01,10.5538,1001.5928,1203,968.63,3.4768,,,,,
2024-03-14,2031-01-01,10.8145,984.965028,1704,1252.04,4.4836,,,,,
2024-03-14,2033-01-01,10.8319,977.294368,2208,1484.9,5.3166,,,,,
2024-03-14,2035-01-01,10.9424,965.977005,2707,1669.4,5.9712,,,,,
2024-03-15,2025-01-01,9.9142,1019.763218,202,195.99,0.7076,,,,,
2024-03-15,2027-01-01,10.1677,1016.361788,703,620.32,2.2344,,,,,
2024-03-15,2029-01-01,10.6528,998.55461,1202,967.14,3.4684,,,,,
2024-03-15,2031-01-01,10.9141,980.983552,1703,1249.86,4.4717,,,,,
2024-03-15,2033-01-01,10.9421,971.99315,2207,1481.49,5.2991,,,,,
2024-03-15,2035-01-01,11.0411,960.70804,2706,1665.06,5.9504,,,,,
2024-03-18,2025-01-01,9.9385,1019.971342,201,194.99,0.7038,,,,,
2024-03-18,2027-01-01,10.2152,1015.675884,702,619.26,2.2296,,,,,
2024-03-18,2029-01-01,10.6971,997.424157,1201,965.92,3.4626,,,,,
2024-03-18,2031-01-01,10.9601,979.372721,1702,1248.31,4.4643,,,,,
2024-03-18,2033-01-01,10.9871,970.080536,2206,1479.51,5.2899,,,,,
2024-03-18,2035-01-01,11.0868,958.500678,2705,1662.52,5.9389,,,,,
2024-03-19,2025-01-01,9.9002,1020.628646,200,193.99,0.7005,,,,,
2024-03-19,2027-01-01,10.1398,1017.775515,701,618.35,2.2279,,,,,
2024-03-19,2029-01-01,10.6272,1000.243216,1200,965.27,3.4625,,,,,
2024-03-19,2031-01-01,10.8919,982.764124,1701,1248.12,4.4664,,,,,
2024-03-19,2033-01-01,10.9232,973.768188,2205,1479.91,5.2943,,,,,
2024-03-19,2035-01-01,11.024,962.484823,2704,1663.64,5.9462,,,,,
2024-03-20,2025-01-01,9.8571,1021.317821,199,192.99,0.6971,,,,,
2024-03-20,2027-01-01,10.0776,1019.575738,700,617.42,2.2258,,,,,
2024-03-20,2029-01-01,10.5557,1003.123186,1199,964.62,3.4624,,,,,
2024-03-20,2031-01-01,10.8255,986.086945,1700,1247.91,4.4683,,,,,
2024-03-20,2033-01-01,10.867,977.071709,2204,1480.13,5.2978,,,,,
2024-03-20,2035-01-01,10.9618,966.453311,2703,1664.74,5.9535,,,,,
2024-03-21,2025-01-01,9.8815,1021.526044,198,191.99,0.6934,,,,,
2024-03-21,2027-01-01,10.1173,1019.06506,699,616.38,2.2212,,,,,
2024-03-21,2029-01-01,10.589,1002.36782,1198,963.46,3.4572,,,,,
2024-03-21,2031-01-01,10.8637,984.80878,1699,1246.46,4.4616,,,,,
2024-03-21,2033-01-01,10.8991,975.812651,2203,1478.43,5.2902,,,,,
2024-03-21,2035-01-01,11.002,964.543844,2702,1662.38,5.9429,,,,,
2024-03-22,2025-01-01,9.8608,1022.054034,197,190.99,0.6899,,,,,
2024-03-22,2027-01-01,10.1395,1018.953168,698,615.35,2.2171,,,,,
2024-03-22,2029-01-01,10.628,1001.41891,1197,962.27,3.4517,,,,,
2024-03-22,2031-01-01,10.9092,983.216376,1698,1244.92,4.4542,,,,,
2024-03-22,2033-01-01,10.9572,973.221515,2202,1476.17,5.2793,,,,,
2024-03-22,2035-01-01,11.0684,961.149153,2701,1659.14,5.9278,,,,,
2024-03-25,2025-01-01,9.8314,1022.641865,196,189.99,0.6865,,,,,
2024-03-25,2027-01-01,10.081,1020.664954,697,614.42,2.2149,,,,,
2024-03-25,2029-01-01,10.571,1003.792084,1196,961.55,3.4509,,,,,
2024-03-25,2031-01-01,10.8465,986.370726,1697,1244.66,4.4558,,,,,
2024-03-25,2033-01-01,10.8905,977.058021,2201,1476.62,5.2841,,,,,
2024-03-25,2035-01-01,10.9892,966.077064,2700,1660.82,5.938,,,,,
2024-03-26,2025-01-01,9.8688,1022.761305,195,188.99,0.6826,,,,,
2024-03-26,2027-01-01,10.148,1019.542965,696,613.34,2.2097,,,,,
2024-03-26,2029-01-01,10.6213,1002.453312,1195,960.3,3.4448,,,,,
2024-03-26,2031-01-01,10.887,984.996833,1696,1243.18,4.4489,,,,,
2024-03-26,2033-01-01,10.9219,975.840131,2200,1474.94,5.2766,,,,,
2024-03-26,2035-01-01,11.0256,964.392502,2699,1658.59,5.9281,,,,,
2024-03-27,2025-01-01,9.8502,1023.272592,194,187.99,0.6791,,,,,
2024-03-27,2027-01-01,10.161,1019.641645,695,612.33,2.2057,,,,,
2024-03-27,2029-01-01,10.6457,1002.013381,1194,959.18,3.44,,,,,
2024-03-27,2031-01-01,10.911,984.350341,1695,1241.89,4.4433,,,,,
2024-03-27,2033-01-01,10.9521,974.688783,2199,1473.28,5.2692,,,,,
2024-03-27,2035-01-01,11.05,963.39967,2698,1656.76,5.9203,,,,,
2024-03-28,2025-01-01,9.8565,1023.610585,193,186.99,0.6755,,,,,
2024-03-28,2027-01-01,10.1681,1019.873817,694,611.32,2.202,,,,,
2024-03-28,2029-01-01,10.6576,1002.005902,1193,958.12,3.4359,,,,,
2024-03-28,2031-01-01,10.9311,983.876706,1694,1240.65,4.4381,,,,,
2024-03-28,2033-01-01,10.969,974.223671,2198,1471.91,5.2635,,,,,
2024-03-28,2035-01-01,11.0653,962.928552,2697,1655.25,5.914,,,,,
2024-04-01,2025-01-01,9.8696,1023.902384,192,185.99,0.6718,,,,,
2024-04-01,2027-01-01,10.2351,1018.764708,693,610.24,2.1967,,,,,
2024-04-01,2029-01-01,10.7463,999.36344,1192,956.68,3.428,,,,,
2024-04-01,2031-01-01,11.0336,979.822277,1693,1238.43,4.4261,,,,,
2024-04-01,2033-01-01,11.0761,969.158036,2197,1468.57,5.2466,,,,,
2024-04-01,2035-01-01,11.1788,956.899629,2696,1650.41,5.8907,,,,,
2024-04-02,2025-01-01,9.8957,1024.106304,191,184.99,0.668,,,,,
2024-04-02,2027-01-01,10.2793,1018.171502,692,609.19,2.1921,,,,,
2024-04-02,2029-01-01,10.8167,997.362209,1191,955.33,3.421,,,,,
2024-04-02,2031-01-01,11.0993,977.387052,1692,1236.65,4.4171,,,,,
2024-04-02,2033-01-01,11.1378,966.433019,2196,1466.23,5.2353,,,,,
2024-04-02,2035-01-01,11.2362,954.075342,2695,1647.47,5.8772,,,,,
2024-04-03,2025-01-01,9.9065,1024.416349,190,183.99,0.6643,,,,,
2024-04-03,2027-01-01,10.2944,1018.230398,691,608.17,2.1881,,,,,
2024-04-03,2029-01-01,10.8338,997.185959,1190,954.25,3.4165,,,,,
2024-04-03,2031-01-01,11.1253,976.674252,1691,1235.34,4.4114,,,,,
2024-04-03,2033-01-01,11.1652,965.453584,2195,1464.63,5.2283,,,,,
2024-04-03,2035-01-01,11.2669,952.759788,2694,1645.43,5.8683,,,,,
2024-04-04,2025-01-01,9.9013,1024.835624,189,182.99,0.6607,,,,,
2024-04-04,2027-01-01,10.2767,1019.020363,690,607.19,2.185,,,,,
2024-04-04,2029-01-01,10.8381,997.446685,1189,953.22,3.4128,,,,,
2024-04-04,2031-01-01,11.1329,976.75594,1690,1234.25,4.4072,,,,,
2024-04-04,2033-01-01,11.169,965.667454,2194,1463.55,5.2242,,,,,
2024-04-04,2035-01-01,11.2684,953.079672,2693,1644.38,5.8645,,,,,
2024-04-05,2025-01-01,9.9511,1024.884282,188,181.99,0.6568,,,,,
2024-04-05,2027-01-01,10.3712,1017.317856,689,606.08,2.1791,,,,,
2024-04-05,2029-01-01,10.944,994.26069,1188,951.7,3.404,,,,,
2024-04-05,2031-01-01,11.2265,973.149313,1689,1232.13,4.3959,,,,,
2024-04-05,2033-01-01,11.264,961.299184,2193,1460.48,5.2088,,,,,
2024-04-05,2035-01-01,11.369,947.886595,2692,1639.99,5.8435,,,,,
2024-04-08,2025-01-01,9.9247,1025.447017,187,180.99,0.6534,,,,,
2024-04-08,2027-01-01,10.3617,1017.926665,688,605.09,2.1757,,,,,
2024-04-08,2029-01-01,10.9209,995.45229,1187,950.81,3.4016,,,,,
2024-04-08,2031-01-01,11.201,974.651582,1688,1231.44,4.3944,,,,,
2024-04-08,2033-01-01,11.2355,963.134666,2192,1460.1,5.2088,,,,,
2024-04-08,2035-01-01,11.3318,950.35522,2691,1640.24,5.8464,,,,,
2024-04-09,2025-01-01,9.8908,1026.058164,186,179.99,0.65,,,,,
2024-04-09,2027-01-01,10.2808,1020.116822,687,604.19,2.1741,,,,,
2024-04-09,2029-01-01,10.8541,998.125923,1186,950.14,3.4012,,,,,
2024-04-09,2031-01-01,11.1368,977.816463,1687,1231.2,4.3961,,,,,
2024-04-09,2033-01-01,11.1726,966.703992,2191,1460.47,5.2131,,,,,
2024-04-09,2035-01-01,11.268,954.314278,2690,1641.4,5.8539,,,,,
2024-04-10,2025-01-01,9.9832,1025.829678,185,178.99,0.6458,,,,,
2024-04-10,2027-01-01,10.4593,1016.570804,686,602.98,2.1662,,,,,
2024-04-10,2029-01-01,11.0054,993.419694,1185,948.39,3.3903,,,,,
2024-04-10,2031-01-01,11.2987,971.30468,1686,1228.27,4.3793,,,,,
2024-04-10,2033-01-01,11.322,959.625913,2190,1456.21,5.1909,,,,,
2024-04-10,2035-01-01,11.406,947.057483,2689,1635.74,5.8265,,,,,
2024-04-11,2025-01-01,10.0209,1025.96873,184,177.99,0.642,,,,,
2024-04-11,2027-01-01,10.5049,1015.970028,685,601.93,2.1615,,,,,
2024-04-11,2029-01-01,11.024,993.2056,1184,947.3,3.3859,,,,,
2024-04-11,2031-01-01,11.3374,970.073849,1685,1226.81,4.3725,,,,,
2024-04-11,2033-01-01,11.3831,956.998686,2189,1453.88,5.1797,,,,,
2024-04-11,2035-01-01,11.4673,944.090674,2688,1632.67,5.8123,,,,,
2024-04-12,2025-01-01,10.0049,1026.462458,183,176.99,0.6385,,,,,
2024-04-12,2027-01-01,10.4947,1016.596578,684,600.94,2.1582,,,,,
2024-04-12,2029-01-01,11.0432,992.972892,1183,946.21,3.3814,,,,,
2024-04-12,2031-01-01,11.3673,969.220764,1684,1225.45,4.3665,,,,,
2024-04-12,2033-01-01,11.4172,955.720461,2188,1452.13,5.1719,,,,,
2024-04-12,2035-01-01,11.4946,943.001491,2687,1630.74,5.8041,,,,,
2024-04-15,2025-01-01,10.0928,1026.278307,182,175.99,0.6343,,,,,
2024-04-15,2027-01-01,10.6893,1012.748589,683,599.71,2.15,,,,,
2024-04-15,2029-01-01,11.2354,986.966205,1182,944.25,3.3686,,,,,
2024-04-15,2031-01-01,11.5663,961.268255,1683,1222.07,4.3467,,,,,
2024-04-15,2033-01-01,11.6142,946.467709,2187,1446.83,5.1439,,,,,
2024-04-15,2035-01-01,11.6971,932.425161,2686,1622.91,5.7657,,,,,
2024-04-16,2025-01-01,10.2453,1025.683612,181,174.98,0.6298,,,,,
2024-04-16,2027-01-01,10.9858,1006.739831,682,598.37,2.1395,,,,,
2024-04-16,2029-01-01,11.5162,978.116084,1181,941.85,3.3515,,,,,
2024-04-16,2031-01-01,11.8191,951.209496,1682,1218.04,4.3226,,,,,
2024-04-16,2033-01-01,11.855,935.265685,2186,1440.56,5.1106,,,,,
2024-04-16,2035-01-01,11.9275,920.57397,2685,1614.13,5.7227,,,,,
2024-04-17,2025-01-01,10.3994,1025.091643,180,173.98,0.6254,,,,,
2024-04-17,2027-01-01,10.9752,1007.384387,681,597.38,2.1361,,,,,
2024-04-17,2029-01-01,11.3961,982.48518,1180,941.45,3.3537,,,,,
2024-04-17,2031-01-01,11.6494,958.643008,1681,1219.07,4.3328,,,,,
2024-04-17,2033-01-01,11.6517,945.471228,2185,1444.01,5.1322,,,,,
2024-04-17,2035-01-01,11.7255,931.719764,2684,1619.95,5.7537,,,,,
2024-04-18,2025-01-01,10.3995,1025.493533,179,172.98,0.6218,,,,,
2024-04-18,2027-01-01,10.9481,1008.383449,680,596.42,2.1332,,,,,
2024-04-18,2029-01-01,11.3241,985.280993,1179,940.81,3.3536,,,,,
2024-04-18,2031-01-01,11.5527,963.089409,1680,1219.23,4.3372,,,,,
2024-04-18,2033-01-01,11.541,951.277488,2184,1445.43,5.1423,,,,,
2024-04-18,2035-01-01,11.6008,938.850124,2683,1623.16,5.7716,,,,,
2024-04-19,2025-01-01,10.3243,1026.373401,178,171.98,0.6186,,,,,
2024-04-19,2027-01-01,10.7431,1013.217974,679,595.65,2.1344,,,,,
2024-04-19,2029-01-01,11.1718,990.748012,1178,940.57,3.3573,,,,,
2024-04-19,2031-01-01,11.4335,968.502952,1679,1219.66,4.3433,,,,,
2024-04-19,2033-01-01,11.4505,956.130967,2183,1446.4,5.15,,,,,
2024-04-19,2035-01-01,11.5179,943.766686,2682,1624.96,5.7823,,,,,
2024-04-22,2025-01-01,10.2735,1027.094571,177,170.98,0.6153,,,,,
2024-04-22,2027-01-01,10.7299,1013.913504,678,594.67,2.1311,,,,,
2024-04-22,2029-01-01,11.1922,990.486684,1177,939.46,3.3528,,,,,
2024-04-22,2031-01-01,11.4522,968.133251,1678,1218.43,4.3382,,,,,
2024-04-22,2033-01-01,11.4799,955.09669,2182,1444.76,5.1428,,,,,
2024-04-22,2035-01-01,11.5453,942.681867,2681,1623.03,5.774,,,,,
2024-04-23,2025-01-01,10.2757,1027.479405,176,169.98,0.6117,,,,,
2024-04-23,2027-01-01,10.7578,1013.721858,677,593.64,2.1269,,,,,
2024-04-23,2029-01-01,11.2156,990.127606,1176,938.35,3.3481,,,,,
2024-04-23,2031-01-01,11.4656,967.987546,1677,1217.27,4.3336,,,,,
2024-04-23,2033-01-01,11.4826,955.376089,2181,1443.7,5.1389,,,,,
2024-04-23,2035-01-01,11.5318,943.825787,2680,1622.49,5.7727,,,,,
2024-04-24,2025-01-01,10.3214,1027.592756,175,168.98,0.6078,,,,,
2024-04-24,2027-01-01,10.8761,1011.590437,676,592.5,2.1206,,,,,
2024-04-24,2029-01-01,11.3262,986.890938,1175,936.8,3.3392,,,,,
2024-04-24,2031-01-01,11.5702,964.032697,1676,1215.02,4.3215,,,,,
2024-04-24,2033-01-01,11.5908,950.499106,2180,1440.34,5.122,,,,,
2024-04-24,2035-01-01,11.6281,939.010755,2679,1618.24,5.7527,,,,,
2024-04-25,2025-01-01,10.3104,1028.061714,174,167.98,0.6043,,,,,
2024-04-25,2027-01-01,10.9037,1011.413929,675,591.47,2.1163,,,,,
2024-04-25,2029-01-01,11.3867,985.32161,1174,935.5,3.3328,,,,,
2024-04-25,2031-01-01,11.659,960.763745,1675,1212.96,4.3107,,,,,
2024-04-25,2033-01-01,11.6853,946.329714,2179,1437.27,5.1067,,,,,
2024-04-25,2035-01-01,11.7189,934.536177,2678,1614.17,5.7335,,,,,
2024-04-26,2025-01-01,10.173,1029.311848,173,166.99,0.6015,,,,,
2024-04-26,2027-01-01,10.755,1015.015817,674,590.64,2.1162,,,,,
2024-04-26,2029-01-01,11.2913,988.881271,1173,934.97,3.3338,,,,,
2024-04-26,2031-01-01,11.5883,964.117677,1674,1212.8,4.3129,,,,,
2024-04-26,2033-01-01,11.627,949.567714,2178,1437.55,5.1104,,,,,
2024-04-26,2035-01-01,11.682,936.927227,2677,1614.42,5.7363,,,,,
2024-04-29,2025-01-01,10.1395,1029.913928,172,165.99,0.598,,,,,
2024-04-29,2027-01-01,10.711,1016.371908,673,589.69,2.1136,,,,,
2024-04-29,2029-01-01,11.2592,990.359537,1172,934.13,3.3317,,,,,
2024-04-29,2031-01-01,11.5666,965.439836,1673,1212.06,4.3111,,,,,
2024-04-29,2033-01-01,11.6157,950.53071,2177,1436.79,5.1082,,,,,
2024-04-29,2035-01-01,11.6684,938.06933,2676,1613.88,5.7351,,,,,
2024-04-30,2025-01-01,10.2915,1029.378858,171,164.98,0.5936,,,,,
2024-04-30,2027-01-01,10.938,1011.929846,672,588.43,2.1048,,,,,
2024-04-30,2029-01-01,11.471,983.829919,1171,932.08,3.3181,,,,,
2024-04-30,2031-01-01,11.7611,957.815561,1672,1208.73,4.2918,,,,,
2024-04-30,2033-01-01,11.8024,941.945718,2176,1431.71,5.0816,,,,,
2024-04-30,2035-01-01,11.8461,928.995508,2675,1606.88,5.7011,,,,,
2024-05-02,2025-01-01,10.1825,1030.441874,170,163.99,0.5906,,,,,
2024-05-02,2027-01-01,10.7078,1017.261594,671,587.69,2.1066,,,,,
2024-05-02,2029-01-01,11.227,992.260409,1170,932.29,3.3261,,,,,
2024-05-02,2031-01-01,11.5083,968.707849,1671,1210.76,4.3087,,,,,
2024-05-02,2033-01-01,11.5663,953.761915,2175,1435.87,5.1072,,,,,
2024-05-02,2035-01-01,11.597,942.743178,2674,1614.29,5.7402,,,,,
2024-05-03,2025-01-01,10.1278,1031.169583,169,162.99,0.5873,,,,,
2024-05-03,2027-01-01,10.5788,1020.438797,670,586.84,2.106,,,,,
2024-05-03,2029-01-01,11.09,997.212828,1169,931.97,3.3291,,,,,
2024-05-03,2031-01-01,11.3757,974.68189,1670,1211.35,4.316,,,,,
2024-05-03,2033-01-01,11.4313,960.783956,2174,1437.82,5.1203,,,,,
2024-05-03,2035-01-01,11.4726,949.921154,2673,1617.49,5.758,,,,,
2024-05-06,2025-01-01,10.1996,1031.13233,168,161.98,0.5833,,,,,
2024-05-06,2027-01-01,10.7035,1018.175108,669,585.7,2.0995,,,,,
2024-05-06,2029-01-01,11.184,994.517468,1168,930.51,3.3211,,,,,
2024-05-06,2031-01-01,11.4433,972.262043,1669,1209.54,4.3069,,,,,
2024-05-06,2033-01-01,11.4884,958.394445,2173,1435.58,5.1097,,,,,
2024-05-06,2035-01-01,11.5238,947.536962,2672,1614.76,5.7457,,,,,
2024-05-07,2025-01-01,10.192,1031.575264,167,160.99,0.5797,,,,,
2024-05-07,2027-01-01,10.6733,1019.231075,668,584.73,2.0966,,,,,
2024-05-07,2029-01-01,11.14,996.389771,1167,929.72,3.3196,,,,,
2024-05-07,2031-01-01,11.4078,974.167737,1668,1208.96,4.3062,,,,,
2024-05-07,2033-01-01,11.456,960.396308,2172,1435.28,5.1102,,,,,
2024-05-07,2035-01-01,11.4841,950.111856,2671,1615.1,5.7489,,,,,
2024-05-08,2025-01-01,10.2009,1031.919724,166,159.98,0.5761,,,,,
2024-05-08,2027-01-01,10.7655,1017.676563,667,583.63,2.0909,,,,,
2024-05-08,2029-01-01,11.242,993.444096,1166,928.22,3.3112,,,,,
2024-05-08,2031-01-01,11.5069,970.442568,1667,1206.78,4.2946,,,,,
2024-05-08,2033-01-01,11.5529,956.072673,2171,1432.17,5.0946,,,,,
2024-05-08,2035-01-01,11.5726,945.707383,2670,1611.11,5.7302,,,,,
2024-05-09,2025-01-01,10.248,1032.0393,165,158.98,0.5722,,,,,
2024-05-09,2027-01-01,10.835,1016.614272,666,582.55,2.0857,,,,,
2024-05-09,2029-01-01,11.3771,989.437238,1165,926.54,3.3012,,,,,
2024-05-09,2031-01-01,11.6528,964.811151,1666,1204.03,4.2793,,,,,
2024-05-09,2033-01-01,11.7163,948.579329,2170,1427.6,5.0709,,,,,
2024-05-09,2035-01-01,11.7363,937.312022,2669,1604.58,5.6986,,,,,
2024-05-10,2025-01-01,10.286,1032.215902,164,157.98,0.5684,,,,,
2024-05-10,2027-01-01,10.9202,1015.227626,665,581.45,2.0802,,,,,
2024-05-10,2029-01-01,11.4568,987.263744,1164,925.15,3.2938,,,,,
2024-05-10,2031-01-01,11.7243,962.288905,1665,1202.18,4.2699,,,,,
2024-05-10,2033-01-01,11.7932,945.309033,2169,1424.91,5.0579,,,,,
2024-05-10,2035-01-01,11.8,934.332448,2668,1601.43,5.6842,,,,,
2024-05-13,2025-01-01,10.2948,1032.565691,163,156.98,0.5648,,,,,
2024-05-13,2027-01-01,10.9276,1015.489194,664,580.44,2.0764,,,,,
2024-05-13,2029-01-01,11.453,987.812281,1163,924.17,3.2905,,,,,
2024-05-13,2031-01-01,11.7114,963.242395,1664,1201.33,4.2674,,,,,
2024-05-13,2033-01-01,11.7632,947.162945,2168,1424.57,5.0581,,,,,
2024-05-13,2035-01-01,11.7825,935.676042,2667,1601.02,5.6836,,,,,
2024-05-14,2025-01-01,10.3106,1032.875685,162,155.98,0.5611,,,,,
2024-05-14,2027-01-01,10.8575,1017.385018,663,579.52,2.0745,,,,,
2024-05-14,2029-01-01,11.3489,991.627169,1162,923.68,3.2918,,,,,
2024-05-14,2031-01-01,11.5948,968.474075,1663,1201.73,4.2733,,,,,
2024-05-14,2033-01-01,11.6385,953.581599,2167,1426.3,5.0699,,,,,
2024-05-14,2035-01-01,11.6507,943.137849,2666,1604.47,5.7026,,,,,
2024-05-15,2025-01-01,10.3268,1033.184656,161,154.98,0.5574,,,,,
2024-05-15,2027-01-01,10.8351,1018.273544,662,578.55,2.0714,,,,,
2024-05-15,2029-01-01,11.2943,993.833688,1161,922.96,3.2908,,,,,
2024-05-15,2031-01-01,11.535,971.374219,1662,1201.44,4.2746,,,,,
2024-05-15,2033-01-01,11.5848,956.598979,2166,1426.47,5.0729,,,,,
2024-05-15,2035-01-01,11.588,946.931182,2665,1605.59,5.7097,,,,,
2024-05-16,2025-01-01,10.3308,1033.564766,160,153.98,0.5538,,,,,
2024-05-16,2027-01-01,10.8457,1018.46607,661,577.53,2.0676,,,,,
2024-05-16,2029-01-01,11.3303,993.08017,1160,921.78,3.2856,,,,,
2024-05-16,2031-01-01,11.573,970.219758,1661,1199.99,4.2679,,,,,
2024-05-16,2033-01-01,11.5988,956.336324,2165,1425.16,5.0676,,,,,
2024-05-16,2035-01-01,11.628,945.184746,2664,1603.24,5.6993,,,,,
2024-05-17,2025-01-01,10.3386,1033.923697,159,152.98,0.5502,,,,,
2024-05-17,2027-01-01,10.9535,1016.619188,660,576.41,2.0615,,,,,
2024-05-17,2029-01-01,11.4447,989.783051,1159,920.21,3.2766,,,,,
2024-05-17,2031-01-01,11.6929,965.696866,1660,1197.55,4.2547,,,,,
2024-05-17,2033-01-01,11.693,952.204891,2164,1422.1,5.0525,,,,,
2024-05-17,2035-01-01,11.7231,940.496527,2663,1599.03,5.6795,,,,,
2024-05-20,2025-01-01,10.3476,1034.276553,158,151.98,0.5465,,,,,
2024-05-20,2027-01-01,11.0081,1015.896793,659,575.35,2.0567,,,,,
2024-05-20,2029-01-01,11.4739,989.263019,1158,919.06,3.2717,,,,,
2024-05-20,2031-01-01,11.7372,964.303751,1659,1196.02,4.2476,,,,,
2024-05-20,2033-01-01,11.7356,950.577151,2163,1420.17,5.0437,,,,,
2024-05-20,2035-01-01,11.7555,939.182416,2662,1596.94,5.6705,,,,,
2024-05-21,2025-01-01,10.3292,1034.784141,157,150.98,0.543,,,,,
2024-05-21,2027-01-01,10.9504,1017.522973,658,574.41,2.0544,,,,,
2024-05-21,2029-01-01,11.4107,991.736716,1157,918.38,3.2711,,,,,
2024-05-21,2031-01-01,11.675,967.28006,1658,1195.77,4.249,,,,,
2024-05-21,2033-01-01,11.6727,954.017818,2162,1420.55,5.0479,,,,,
2024-05-21,2035-01-01,11.705,942.291556,2661,1597.64,5.6755,,,,,
2024-05-22,2025-01-01,10.3709,1034.955068,156,149.98,0.5392,,,,,
2024-05-22,2027-01-01,11.093,1014.972309,657,573.25,2.0476,,,,,
2024-05-22,2029-01-01,11.5565,987.451503,1156,916.65,3.2607,,,,,
2024-05-22,2031-01-01,11.8025,962.48629,1657,1193.24,4.2352,,,,,
2024-05-22,2033-01-01,11.8034,948.173982,2161,1416.69,5.0283,,,,,
2024-05-22,2035-01-01,11.8365,935.714201,2660,1592.2,5.6496,,,,,
2024-05-23,2025-01-01,10.3471,1035.492421,155,148.98,0.5358,,,,,
2024-05-23,2027-01-01,11.0111,1017.098162,656,572.34,2.0459,,,,,
2024-05-23,2029-01-01,11.452,991.250831,1155,916.17,3.262,,,,,
2024-05-23,2031-01-01,11.703,966.979233,1656,1193.43,4.2397,,,,,
2024-05-23,2033-01-01,11.7069,953.21009,2160,1417.8,5.0366,,,,,
2024-05-23,2035-01-01,11.7474,940.857187,2659,1594.21,5.6612,,,,,
2024-05-24,2025-01-01,10.3547,1035.855191,154,147.98,0.5321,,,,,
2024-05-24,2027-01-01,11.0839,1016.008714,655,571.26,2.0407,,,,,
2024-05-24,2029-01-01,11.4905,990.434467,1154,914.98,3.2567,,,,,
2024-05-24,2031-01-01,11.7306,966.273904,1655,1192.1,4.2339,,,,,
2024-05-24,2033-01-01,11.7273,952.650567,2159,1416.35,5.0305,,,,,
2024-05-24,2035-01-01,11.7736,939.878303,2658,1592.33,5.6532,,,,,
2024-05-27,2025-01-01,10.3166,1036.469008,153,146.98,0.5287,,,,,
2024-05-27,2027-01-01,10.9644,1018.911635,654,570.4,2.0398,,,,,
2024-05-27,2029-01-01,11.405,993.62358,1153,914.4,3.2571,,,,,
2024-05-27,2031-01-01,11.6535,969.85976,1654,1192.02,4.2365,,,,,
2024-05-27,2033-01-01,11.6651,956.056829,2158,1416.71,5.0346,,,,,
2024-05-27,2035-01-01,11.7055,943.921903,2657,1593.62,5.6612,,,,,
2024-05-28,2025-01-01,10.3131,1036.891973,152,145.98,0.5251,,,,,
2024-05-28,2027-01-01,10.9388,1019.863954,653,569.43,2.0368,,,,,
2024-05-28,2029-01-01,11.425,993.402983,1152,913.3,3.2526,,,,,
2024-05-28,2031-01-01,11.7016,968.311435,1653,1190.45,4.2291,,,,,
2024-05-28,2033-01-01,11.7167,953.997267,2157,1414.59,5.0247,,,,,
2024-05-28,2035-01-01,11.7668,941.07021,2656,1590.55,5.6472,,,,,
2024-05-29,2025-01-01,10.3729,1036.972544,151,144.98,0.5212,,,,,
2024-05-29,2027-01-01,11.1739,1015.424974,652,568.15,2.028,,,,,
2024-05-29,2029-01-01,11.6566,986.391621,1151,911.15,3.2382,,,,,
2024-05-29,2031-01-01,11.9293,959.4806,1652,1186.72,4.2073,,,,,
2024-05-29,2033-01-01,11.933,944.134241,2156,1408.86,4.9947,,,,,
2024-05-29,2035-01-01,11.9747,930.537852,2655,1582.54,5.6083,,,,,
2024-05-31,2025-01-01,10.3355,1037.579641,150,143.98,0.5178,,,,,
2024-05-31,2027-01-01,11.0796,1017.794026,651,567.26,2.0265,,,,,
2024-05-31,2029-01-01,11.5548,990.080534,1150,910.66,3.2394,,,,,
2024-05-31,2031-01-01,11.8155,964.51787,1651,1187.08,4.2129,,,,,
2024-05-31,2033-01-01,11.8148,950.153703,2155,1410.44,5.0056,,,,,
2024-05-31,2035-01-01,11.8664,936.632988,2654,1585.19,5.6232,,,,,
2024-06-03,2025-01-01,10.3369,1037.977215,149,142.98,0.5142,,,,,
2024-06-03,2027-01-01,11.1061,1017.672886,650,566.23,2.0223,,,,,
2024-06-03,2029-01-01,11.5661,990.148149,1149,909.6,3.2353,,,,,
2024-06-03,2031-01-01,11.8212,964.713935,1650,1186.01,4.2089,,,,,
2024-06-03,2033-01-01,11.8214,950.261117,2154,1409.3,5.0012,,,,,
2024-06-03,2035-01-01,11.853,937.755901,2653,1584.65,5.6219,,,,,
2024-06-04,2025-01-01,10.3453,1038.337931,148,141.98,0.5106,,,,,
2024-06-04,2027-01-01,11.1489,1017.219192,649,565.18,2.0178,,,,,
2024-06-04,2029-01-01,11.5987,989.535441,1148,908.44,3.2302,,,,,
2024-06-04,2031-01-01,11.848,964.054913,1649,1184.69,4.2032,,,,,
2024-06-04,2033-01-01,11.8548,949.097607,2153,1407.57,4.9936,,,,,
2024-06-04,2035-01-01,11.8893,936.262458,2652,1582.42,5.6122,,,,,
2024-06-05,2025-01-01,10.3957,1038.478308,147,140.98,0.5068,,,,,
2024-06-05,2027-01-01,11.1974,1016.652551,648,564.13,2.0132,,,,,
2024-06-05,2029-01-01,11.594,990.116601,1147,907.46,3.2269,,,,,
2024-06-05,2031-01-01,11.8282,965.285842,1648,1183.93,4.2012,,,,,
2024-06-05,2033-01-01,11.83,950.695787,2152,1407.11,4.9931,,,,,
2024-06-05,2035-01-01,11.856,938.431866,2651,1582.54,5.6143,,,,,
2024-06-06,2025-01-01,10.376,1038.988947,146,139.98,0.5033,,,,,
2024-06-06,2027-01-01,11.1108,1018.853267,647,563.23,2.0115,,,,,
2024-06-06,2029-01-01,11.5181,992.975401,1146,906.84,3.2269,,,,,
2024-06-06,2031-01-01,11.7546,968.704428,1647,1183.81,4.2036,,,,,
2024-06-06,2033-01-01,11.7651,954.205061,2151,1407.53,4.9975,,,,,
2024-06-06,2035-01-01,11.791,942.282807,2650,1583.74,5.6218,,,,,
2024-06-07,2025-01-01,10.5503,1038.491955,145,138.98,0.4989,,,,,
2024-06-07,2027-01-01,11.6385,1008.567161,646,561.61,1.9963,,,,,
2024-06-07,2029-01-01,12.0012,978.10875,1145,903.43,3.2009,,,,,
2024-06-07,2031-01-01,12.192,951.563336,1646,1177.56,4.1651,,,,,
2024-06-07,2033-01-01,12.1655,935.819086,2150,1397.77,4.9451,,,,,
2024-06-07,2035-01-01,12.12,925.519808,2649,1571.64,5.5625,,,,,
2024-06-10,2025-01-01,10.6055,1038.621462,144,137.97,0.495,,,,,
2024-06-10,2027-01-01,11.5593,1010.602305,645,560.71,1.9945,,,,,
2024-06-10,2029-01-01,11.8791,982.379826,1144,903.04,3.203,,,,,
2024-06-10,2031-01-01,12.0568,957.376197,1645,1178.18,4.1723,,,,,
2024-06-10,2033-01-01,12.0224,942.901261,2149,1399.9,4.959,,,,,
2024-06-10,2035-01-01,12.002,932.044748,2648,1574.62,5.5789,,,,,
2024-06-11,2025-01-01,10.556,1039.289834,143,136.98,0.4917,,,,,
2024-06-11,2027-01-01,11.446,1013.325697,644,559.84,1.9934,,,,,
2024-06-11,2029-01-01,11.8093,985.015914,1143,902.39,3.2027,,,,,
2024-06-11,2031-01-01,12.0098,959.688101,1644,1177.75,4.1725,,,,,
2024-06-11,2033-01-01,11.989,944.889389,2148,1399.63,4.9595,,,,,
2024-06-11,2035-01-01,11.983,933.45265,2647,1574.26,5.5786,,,,,
2024-06-12,2025-01-01,10.6414,1039.27069,142,135.97,0.4877,,,,,
2024-06-12,2027-01-01,11.6488,1009.683411,643,558.6,1.9854,,,,,
2024-06-12,2029-01-01,12.0602,977.588373,1142,900.13,3.1875,,,,,
2024-06-12,2031-01-01,12.268,949.865801,1643,1173.65,4.1484,,,,,
2024-06-12,2033-01-01,12.248,933.295703,2147,1392.96,4.9245,,,,,
2024-06-12,2035-01-01,12.2138,921.974171,2646,1565.47,5.536,,,,,
2024-06-13,2025-01-01,10.5862,1039.965752,141,134.97,0.4843,,,,,
2024-06-13,2027-01-01,11.5538,1012.029604,642,557.71,1.9839,,,,,
2024-06-13,2029-01-01,11.9781,980.591687,1141,899.54,3.1878,,,,,
2024-06-13,2031-01-01,12.2,952.986043,1642,1173.46,4.1503,,,,,
2024-06-13,2033-01-01,12.1828,936.726741,2146,1393.39,4.9288,,,,,
2024-06-13,2035-01-01,12.1512,925.599045,2645,1566.59,5.5431,,,,,
2024-06-14,2025-01-01,10.5723,1040.450629,140,133.97,0.4808,,,,,
2024-06-14,2027-01-01,11.4727,1014.096937,641,556.81,1.9821,,,,,
2024-06-14,2029-01-01,11.8586,984.775355,1140,899.14,3.1898,,,,,
2024-06-14,2031-01-01,12.0593,959.007964,1641,1174.15,4.1579,,,,,
2024-06-14,2033-01-01,12.046,943.50058,2145,1395.38,4.9419,,,,,
2024-06-14,2035-01-01,12.0016,933.743931,2644,1570.63,5.5648,,,,,
2024-06-17,2025-01-01,10.6234,1040.611914,139,132.97,0.477,,,,,
2024-06-17,2027-01-01,11.5639,1012.705972,640,555.7,1.9766,,,,,
2024-06-17,2029-01-01,11.9106,983.583023,1139,897.88,3.1838,,,,,
2024-06-17,2031-01-01,12.0795,958.636702,1640,1172.91,4.1528,,,,,
2024-06-17,2033-01-01,12.058,943.367393,2144,1394.12,4.9369,,,,,
2024-06-17,2035-01-01,12.0106,933.696619,2643,1569.33,5.5597,,,,,
2024-06-18,2025-01-01,10.5891,1041.197993,138,131.97,0.4736,,,,,
2024-06-18,2027-01-01,11.5963,1012.498477,639,554.66,1.9723,,,,,
2024-06-18,2029-01-01,11.9485,982.837318,1138,896.69,3.1785,,,,,
2024-06-18,2031-01-01,12.132,956.984747,1639,1171.28,4.1451,,,,,
2024-06-18,2033-01-01,12.0925,942.18937,2143,1392.36,4.9292,,,,,
2024-06-18,2035-01-01,12.0338,932.914053,2642,1567.54,5.5523,,,,,
2024-06-19,2025-01-01,10.6323,1041.402527,137,130.97,0.4698,,,,,
2024-06-19,2027-01-01,11.6393,1012.082443,638,553.61,1.9678,,,,,
2024-06-19,2029-01-01,11.9788,982.332357,1137,895.54,3.1736,,,,,
2024-06-19,2031-01-01,12.1589,956.353927,1638,1169.96,4.1394,,,,,
2024-06-19,2033-01-01,12.1135,941.641998,2142,1390.9,4.9231,,,,,
2024-06-19,2035-01-01,12.0516,932.413687,2641,1565.94,5.5457,,,,,
2024-06-20,2025-01-01,10.5418,1042.260003,136,129.98,0.4666,,,,,
2024-06-20,2027-01-01,11.5862,1013.581693,637,552.68,1.9654,,,,,
2024-06-20,2029-01-01,11.9823,982.664459,1136,894.52,3.1699,,,,,
2024-06-20,2031-01-01,12.183,955.836522,1637,1168.67,4.1339,,,,,
2024-06-20,2033-01-01,12.1457,940.578794,2141,1389.2,4.9157,,,,,
2024-06-20,2035-01-01,12.0734,931.708817,2640,1564.21,5.5385,,,,,
2024-06-21,2025-01-01,10.5256,1042.752821,135,128.98,0.4631,,,,,
2024-06-21,2027-01-01,11.515,1015.440721,636,551.76,1.9634,,,,,
2024-06-21,2029-01-01,11.8718,986.554335,1135,894.07,3.1714,,,,,
2024-06-21,2031-01-01,12.0623,961.057522,1636,1169.12,4.14,,,,,
2024-06-21,2033-01-01,12.0256,946.582855,2140,1390.83,4.9267,,,,,
2024-06-21,2035-01-01,11.9625,937.879342,2639,1566.95,5.5537,,,,,
2024-06-24,2025-01-01,10.4789,1043.390924,134,127.98,0.4597,,,,,
2024-06-24,2027-01-01,11.4453,1017.269195,635,550.84,1.9614,,,,,
2024-06-24,2029-01-01,11.8025,989.163869,1134,893.42,3.1711,,,,,
2024-06-24,2031-01-01,11.9838,964.621449,1635,1169.06,4.1427,,,,,
2024-06-24,2033-01-01,11.9411,950.961458,2139,1391.68,4.9334,,,,,
2024-06-24,2035-01-01,11.8806,942.580141,2638,1568.71,5.564,,,,,
2024-06-25,2025-01-01,10.4871,1043.764584,133,126.98,0.4561,,,,,
2024-06-25,2027-01-01,11.5048,1016.52228,634,549.77,1.9565,,,,,
2024-06-25,2029-01-01,11.8941,986.736683,1133,891.96,3.1633,,,,,
2024-06-25,2031-01-01,12.086,960.985035,1634,1166.83,4.131,,,,,
2024-06-25,2033-01-01,12.0466,946.45829,2138,1388.37,4.9171,,,,,
2024-06-25,2035-01-01,11.9783,937.898684,2637,1564.42,5.5439,,,,,
2024-06-26,2025-01-01,10.562,1043.824052,132,125.98,0.4521,,,,,
2024-06-26,2027-01-01,11.65,1014.084232,633,548.6,1.9498,,,,,
2024-06-26,2029-01-01,12.0181,983.320033,1132,890.34,3.154,,,,,
2024-06-26,2031-01-01,12.199,956.951407,1633,1164.48,4.1185,,,,,
2024-06-26,2033-01-01,12.1505,942.070083,2137,1385.09,4.9009,,,,,
2024-06-26,2035-01-01,12.095,932.283304,2636,1559.48,5.5207,,,,,
2024-06-27,2025-01-01,10.5651,1044.225514,131,124.98,0.4485,,,,,
2024-06-27,2027-01-01,11.7143,1013.259393,632,547.53,1.9449,,,,,
2024-06-27,2029-01-01,12.067,982.249103,1131,889.1,3.1483,,,,,
2024-06-27,2031-01-01,12.2599,954.993775,1632,1162.74,4.1102,,,,,
2024-06-27,2033-01-01,12.2167,939.450662,2136,1382.64,4.8894,,,,,
2024-06-27,2035-01-01,12.16,929.370281,2635,1556.29,5.5062,,,,,
2024-06-28,2025-01-01,10.67,1044.154527,130,123.97,0.4445,,,,,
2024-06-28,2027-01-01,11.9344,1009.387943,631,546.27,1.9366,,,,,
2024-06-28,2029-01-01,12.2548,976.91468,1130,887.16,3.1361,,,,,
2024-06-28,2031-01-01,12.424,949.025258,1631,1159.77,4.0937,,,,,
2024-06-28,2033-01-01,12.358,933.425436,2135,1378.55,4.8688,,,,,
2024-06-28,2035-01-01,12.2955,922.900996,2634,1550.72,5.4799,,,,,
2024-07-01,2025-01-01,10.7709,995.30142,129,129.0,0.4621,,,,,
2024-07-01,2027-01-01,12.0754,958.284225,630,572.87,2.0284,,,,,
2024-07-01,2029-01-01,12.3185,926.606633,1129,932.5,3.2945,,,,,
2024-07-01,2031-01-01,12.4575,899.357893,1630,1221.23,4.3093,,,,,
2024-07-01,2033-01-01,12.3841,883.863587,2134,1453.02,5.1306,,,,,
2024-07-01,2035-01-01,12.2983,874.375374,2633,1636.13,5.7815,,,,,
2024-07-02,2025-01-01,10.7093,995.986893,128,128.0,0.4588,,,,,
2024-07-02,2027-01-01,12.0084,960.019788,629,571.91,2.0262,,,,,
2024-07-02,2029-01-01,12.3052,927.439775,1128,931.55,3.2916,,,,,
2024-07-02,2031-01-01,12.4591,899.715011,1629,1220.21,4.3057,,,,,
2024-07-02,2033-01-01,12.3952,883.770143,2133,1451.8,5.1258,,,,,
2024-07-02,2035-01-01,12.318,873.783023,2632,1634.52,5.7749,,,,,
2024-07-03,2025-01-01,10.634,996.730791,127,127.0,0.4555,,,,,
2024-07-03,2027-01-01,11.8335,963.858638,628,571.03,2.0262,,,,,
2024-07-03,2029-01-01,12.1341,933.107533,1127,931.19,3.2953,,,,,
2024-07-03,2031-01-01,12.3067,906.063155,1628,1220.73,4.3134,,,,,
2024-07-03,2033-01-01,12.2288,891.762495,2132,1454.0,5.1411,,,,,
2024-07-03,2035-01-01,12.151,882.671792,2631,1638.63,5.798,,,,,
2024-07-04,2025-01-01,10.5703,997.417765,126,126.0,0.4522,,,,,
2024-07-04,2027-01-01,11.594,968.974815,627,570.19,2.0276,,,,,
2024-07-04,2029-01-01,11.923,940.050301,1126,930.98,3.3008,,,,,
2024-07-04,2031-01-01,12.1205,913.795903,1627,1221.59,4.3236,,,,,
2024-07-04,2033-01-01,12.0671,899.626828,2131,1456.11,5.156,,,,,
2024-07-04,2035-01-01,12.015,890.073256,2630,1641.8,5.8162,,,,,
2024-07-05,2025-01-01,10.5451,997.928373,125,125.0,0.4487,,,,,
2024-07-05,2027-01-01,11.5472,970.315612,626,569.22,2.025,,,,,
2024-07-05,2029-01-01,11.8669,942.212472,1125,930.19,3.2996,,,,,
2024-07-05,2031-01-01,12.041,917.35816,1626,1221.38,4.3259,,,,,
2024-07-05,2033-01-01,11.979,904.132474,2130,1456.8,5.1625,,,,,
2024-07-05,2035-01-01,11.921,895.359254,2629,1643.67,5.8278,,,,,
2024-07-08,2025-01-01,10.5445,998.328125,124,124.0,0.4451,,,,,
2024-07-08,2027-01-01,11.5531,970.620708,625,568.21,2.0213,,,,,
2024-07-08,2029-01-01,11.8492,943.182013,1124,929.25,3.2969,,,,,
2024-07-08,2031-01-01,12.0288,918.256281,1625,1220.51,4.3232,,,,,
2024-07-08,2033-01-01,11.9581,905.514545,2129,1456.2,5.1614,,,,,
2024-07-08,2035-01-01,11.884,897.692894,2628,1643.8,5.8302,,,,,
2024-07-09,2025-01-01,10.5331,998.775623,123,123.0,0.4416,,,,,
2024-07-09,2027-01-01,11.4619,972.831269,624,567.28,2.0196,,,,,
2024-07-09,2029-01-01,11.7773,945.839263,1123,928.52,3.2964,,,,,
2024-07-09,2031-01-01,11.9589,921.450021,1624,1220.2,4.3249,,,,,
2024-07-09,2033-01-01,11.8862,909.289017,2128,1456.58,5.166,,,,,
2024-07-09,2035-01-01,11.8249,901.193475,2627,1644.61,5.8361,,,,,
2024-07-10,2025-01-01,10.4972,999.329763,122,122.0,0.4381,,,,,
2024-07-10,2027-01-01,11.303,976.375591,623,566.38,2.0193,,,,,
2024-07-10,2029-01-01,11.5835,952.322744,1122,928.24,3.3011,,,,,
2024-07-10,2031-01-01,11.7696,929.447491,1623,1221.09,4.3353,,,,,
2024-07-10,2033-01-01,11.7071,918.161228,2127,1459.01,5.183,,,,,
2024-07-10,2035-01-01,11.664,910.113138,2626,1648.54,5.8585,,,,,
2024-07-11,2025-01-01,10.5191,999.630562,121,121.0,0.4345,,,,,
2024-07-11,2027-01-01,11.2793,977.257393,622,565.4,2.0162,,,,,
2024-07-11,2029-01-01,11.5481,953.850101,1121,927.38,3.2991,,,,,
2024-07-11,2031-01-01,11.73,931.454949,1622,1220.48,4.3347,,,,,
2024-07-11,2033-01-01,11.674,920.141387,2126,1458.65,5.1832,,,,,
2024-07-11,2035-01-01,11.622,912.754732,2625,1648.82,5.8617,,,,,
2024-07-12,2025-01-01,10.5605,999.849057,120,120.0,0.4307,,,,,
2024-07-12,2027-01-01,11.3243,976.787067,621,564.37,2.0117,,,,,
2024-07-12,2029-01-01,11.588,953.010225,1120,926.23,3.2938,,,,,
2024-07-12,2031-01-01,11.764,930.494158,1621,1219.14,4.3286,,,,,
2024-07-12,2033-01-01,11.698,919.401308,2125,1457.19,5.1769,,,,,
2024-07-12,2035-01-01,11.6685,910.670565,2624,1646.4,5.8506,,,,,
2024-07-15,2025-01-01,10.5647,1000.229517,119,119.0,0.4271,,,,,
2024-07-15,2027-01-01,11.423,975.268988,620,563.3,2.0062,,,,,
2024-07-15,2029-01-01,11.7268,949.084619,1119,924.71,3.2843,,,,,
2024-07-15,2031-01-01,11.894,925.691266,1620,1216.85,4.3155,,,,,
2024-07-15,2033-01-01,11.8253,913.77586,2124,1453.75,5.1588,,,,,
2024-07-15,2035-01-01,11.7975,904.23548,2623,1641.45,5.8263,,,,,
2024-07-16,2025-01-01,10.5503,1000.689252,118,118.0,0.4236,,,,,
2024-07-16,2027-01-01,11.3443,977.227236,619,562.35,2.0042,,,,,
2024-07-16,2029-01-01,11.6865,950.758881,1118,923.86,3.2825,,,,,
2024-07-16,2031-01-01,11.8697,927.075262,1619,1216.09,4.3137,,,,,
2024-07-16,2033-01-01,11.8124,914.789474,2123,1452.99,5.1567,,,,,
2024-07-16,2035-01-01,11.783,905.399987,2622,1640.89,5.8251,,,,,
2024-07-17,2025-01-01,10.5829,1000.950591,117,117.0,0.4199,,,,,
2024-07-17,2027-01-01,11.4222,976.122169,618,561.3,1.9991,,,,,
2024-07-17,2029-01-01,11.7494,949.217031,1117,922.62,3.2763,,,,,
2024-07-17,2031-01-01,11.9351,924.878676,1618,1214.44,4.3054,,,,,
2024-07-17,2033-01-01,11.8898,911.55496,2122,1450.51,5.1443,,,,,
2024-07-17,2035-01-01,11.868,901.334385,2621,1637.29,5.8079,,,,,
2024-07-18,2025-01-01,10.6606,1001.02653,116,116.0,0.416,,,,,
2024-07-18,2027-01-01,11.6353,972.401855,617,560.16,1.9912,,,,,
2024-07-18,2029-01-01,11.9347,943.900963,1116,920.93,3.2648,,,,,
2024-07-18,2031-01-01,12.104,918.603639,1617,1211.76,4.2894,,,,,
2024-07-18,2033-01-01,12.0564,904.19853,2121,1446.31,5.1218,,,,,
2024-07-18,2035-01-01,12.0327,893.175688,2620,1631.25,5.778,,,,,
2024-07-19,2025-01-01,10.6549,1001.452539,115,115.0,0.4124,,,,,
2024-07-19,2027-01-01,11.676,972.040167,616,559.13,1.9868,,,,,
2024-07-19,2029-01-01,11.984,942.806763,1115,919.75,3.2592,,,,,
2024-07-19,2031-01-01,12.1482,917.281599,1616,1210.32,4.2826,,,,,
2024-07-19,2033-01-01,12.0982,902.674672,2120,1444.51,5.1135,,,,,
2024-07-19,2035-01-01,12.0798,891.153052,2619,1628.81,5.7669,,,,,
2024-07-22,2025-01-01,10.6319,1001.949191,114,114.0,0.4089,,,,,
2024-07-22,2027-01-01,11.614,973.663101,615,558.17,1.9845,,,,,
2024-07-22,2029-01-01,11.8989,945.848683,1114,919.07,3.2593,,,,,
2024-07-22,2031-01-01,12.0546,921.384918,1615,1210.25,4.2859,,,,,
2024-07-22,2033-01-01,11.996,907.817853,2119,1445.47,5.1216,,,,,
2024-07-22,2035-01-01,11.9784,896.789359,2618,1630.92,5.7796,,,,,
2024-07-23,2025-01-01,10.6505,1002.275441,113,113.0,0.4053,,,,,
2024-07-23,2027-01-01,11.756,971.353493,614,557.08,1.9781,,,,,
2024-07-23,2029-01-01,12.0526,941.552098,1113,917.49,3.2492,,,,,
2024-07-23,2031-01-01,12.2089,915.73824,1614,1207.71,4.2711,,,,,
2024-07-23,2033-01-01,12.1515,901.03894,2118,1441.49,5.1004,,,,,
2024-07-23,2035-01-01,12.1235,889.719064,2617,1625.48,5.7529,,,,,
2024-07-24,2025-01-01,10.6527,1002.669189,112,112.0,0.4017,,,,,
2024-07-24,2027-01-01,11.8195,970.564715,613,556.04,1.9733,,,,,
2024-07-24,2029-01-01,12.0949,940.685359,1112,916.33,3.2439,,,,,
2024-07-24,2031-01-01,12.243,914.825076,1613,1206.37,4.265,,,,,
2024-07-24,2033-01-01,12.1744,900.397805,2117,1440.05,5.0943,,,,,
2024-07-24,2035-01-01,12.1427,889.141393,2616,1623.89,5.7462,,,,,
2024-07-25,2025-01-01,10.7499,1002.684165,111,111.0,0.3977,,,,,
2024-07-25,2027-01-01,11.988,967.780439,612,554.93,1.9664,,,,,
2024-07-25,2029-01-01,12.2173,937.389373,1111,914.88,3.2352,,,,,
2024-07-25,2031-01-01,12.324,912.092847,1612,1204.56,4.2556,,,,,
2024-07-25,2033-01-01,12.2549,897.12768,2116,1437.5,5.0816,,,,,
2024-07-25,2035-01-01,12.2135,885.939971,2615,1620.72,5.7314,,,,,
2024-07-26,2025-01-01,10.7206,1003.206372,110,110.0,0.3942,,,,,
2024-07-26,2027-01-01,11.8851,970.173899,611,554.0,1.9649,,,,,
2024-07-26,2029-01-01,12.0824,941.91921,1110,914.38,3.2373,,,,,
2024-07-26,2031-01-01,12.1785,918.183635,1611,1205.01,4.2627,,,,,
2024-07-26,2033-01-01,12.1065,904.339889,2115,1439.35,5.0949,,,,,
2024-07-26,2035-01-01,12.0902,892.637956,2614,1623.49,5.7475,,,,,
2024-07-29,2025-01-01,10.6886,1003.737364,109,109.0,0.3908,,,,,
2024-07-29,2027-01-01,11.9446,969.474663,610,552.96,1.9601,,,,,
2024-07-29,2029-01-01,12.1392,940.616978,1109,913.17,3.2314,,,,,
2024-07-29,2031-01-01,12.2217,916.914456,1610,1203.58,4.256,,,,,
2024-07-29,2033-01-01,12.1346,903.45702,2114,1437.81,5.0882,,,,,
2024-07-29,2035-01-01,12.119,891.566808,2613,1621.61,5.7394,,,,,
2024-07-30,2025-01-01,10.6764,1004.189367,108,108.0,0.3872,,,,,
2024-07-30,2027-01-01,11.8925,970.898324,609,551.99,1.9576,,,,,
2024-07-30,2029-01-01,12.0707,943.128695,1108,912.42,3.2308,,,,,
2024-07-30,2031-01-01,12.138,920.607335,1609,1203.42,4.2586,,,,,
2024-07-30,2033-01-01,12.0571,907.439605,2113,1438.3,5.0934,,,,,
2024-07-30,2035-01-01,12.041,895.975562,2612,1623.0,5.7483,,,,,
2024-07-31,2025-01-01,10.6748,1004.599843,107,107.0,0.3836,,,,,
2024-07-31,2027-01-01,11.7784,973.500712,608,551.07,1.9563,,,,,
2024-07-31,2029-01-01,11.933,947.761448,1107,911.94,3.233,,,,,
2024-07-31,2031-01-01,12.018,925.745638,1608,1203.61,4.2638,,,,,
2024-07-31,2033-01-01,11.9314,913.684831,2112,1439.71,5.1041,,,,,
2024-07-31,2035-01-01,11.92,902.643053,2611,1625.7,5.7641,,,,,
2024-08-01,2025-01-01,10.6521,1005.090978,106,106.0,0.3801,,,,,
2024-08-01,2027-01-01,11.7731,974.031763,607,550.07,1.9529,,,,,
2024-08-01,2029-01-01,11.9911,946.408758,1106,910.72,3.227,,,,,
2024-08-01,2031-01-01,12.0958,923.100013,1607,1201.84,4.2546,,,,,
2024-08-01,2033-01-01,12.0252,909.735237,2111,1436.91,5.0899,,,,,
2024-08-01,2035-01-01,12.005,898.640761,2610,1622.1,5.747,,,,,
2024-08-02,2025-01-01,10.5297,1005.958574,105,105.0,0.377,,,,,
2024-08-02,2027-01-01,11.435,980.91682,606,549.29,1.9561,,,,,
2024-08-02,2029-01-01,11.7003,955.768412,1105,910.81,3.2357,,,,,
2024-08-02,2031-01-01,11.8468,933.367017,1606,1203.32,4.2693,,,,,
2024-08-02,2033-01-01,11.7876,921.240902,2110,1440.47,5.1134,,,,,
2024-08-02,2035-01-01,11.7906,910.217826,2609,1627.66,5.7777,,,,,
2024-08-05,2025-01-01,10.5512,1006.277523,104,104.0,0.3733,,,,,
2024-08-05,2027-01-01,11.384,982.31629,605,548.33,1.9535,,,,,
2024-08-05,2029-01-01,11.6583,957.487443,1104,909.96,3.2339,,,,,
2024-08-05,2031-01-01,11.8134,935.113537,1605,1202.65,4.2682,,,,,
2024-08-05,2033-01-01,11.7659,922.671122,2109,1439.88,5.1123,,,,,
2024-08-05,2035-01-01,11.7785,911.257055,2608,1627.03,5.7761,,,,,
2024-08-06,2025-01-01,10.6649,1006.255278,103,103.0,0.3693,,,,,
2024-08-06,2027-01-01,11.6532,977.598543,604,547.15,1.9446,,,,,
2024-08-06,2029-01-01,11.7853,953.987911,1103,908.49,3.225,,,,,
2024-08-06,2031-01-01,11.8887,932.530491,1604,1200.9,4.2591,,,,,
2024-08-06,2033-01-01,11.8298,920.072151,2108,1437.66,5.1015,,,,,
2024-08-06,2035-01-01,11.8452,908.159602,2607,1623.99,5.7619,,,,,
2024-08-07,2025-01-01,10.6494,1006.717079,102,102.0,0.3658,,,,,
2024-08-07,2027-01-01,11.629,978.485828,603,546.16,1.9415,,,,,
2024-08-07,2029-01-01,11.7626,955.108063,1102,907.58,3.2224,,,,,
2024-08-07,2031-01-01,11.8581,934.162281,1603,1200.21,4.2578,,,,,
2024-08-07,2033-01-01,11.7932,922.200245,2107,1437.36,5.1021,,,,,
2024-08-07,2035-01-01,11.8067,910.58069,2606,1624.17,5.7645,,,,,
2024-08-08,2025-01-01,10.6519,1007.112311,101,101.0,0.3622,,,,,
2024-08-08,2027-01-01,11.6646,978.238061,602,545.14,1.9373,,,,,
2024-08-08,2029-01-01,11.7708,955.277477,1101,906.54,3.2186,,,,,
2024-08-08,2031-01-01,11.8632,934.37504,1602,1199.16,4.2539,,,,,
2024-08-08,2033-01-01,11.788,922.852954,2106,1436.46,5.0992,,,,,
2024-08-08,2035-01-01,11.7975,911.467061,2605,1623.45,5.7624,,,,,
2024-08-09,2025-01-01,10.7105,1007.305256,100,100.0,0.3584,,,,,
2024-08-09,2027-01-01,11.5281,981.254884,601,544.23,1.9364,,,,,
2024-08-09,2029-01-01,11.5759,961.714338,1100,906.27,3.2232,,,,,
2024-08-09,2031-01-01,11.649,943.356122,1601,1200.28,4.2661,,,,,
2024-08-09,2033-01-01,11.5705,933.575607,2105,1439.63,5.1204,,,,,
2024-08-09,2035-01-01,11.572,923.827222,2604,1629.35,5.7951,,,,,
2024-08-12,2025-01-01,10.7123,1007.705615,99,99.0,0.3548,,,,,
2024-08-12,2027-01-01,11.525,981.738645,600,543.23,1.9329,,,,,
2024-08-12,2029-01-01,11.5629,962.535273,1099,905.32,3.2202,,,,,
2024-08-12,2031-01-01,11.642,944.050363,1600,1199.35,4.263,,,,,
2024-08-12,2033-01-01,11.5447,935.215457,2104,1439.12,5.1197,,,,,
2024-08-12,2035-01-01,11.5487,925.477156,2603,1629.07,5.7953,,,,,
2024-08-13,2025-01-01,10.7219,1008.078645,98,98.0,0.3512,,,,,
2024-08-13,2027-01-01,11.3562,985.370332,599,542.34,1.9327,,,,,
2024-08-13,2029-01-01,11.414,967.581008,1098,904.87,3.2229,,,,,
2024-08-13,2031-01-01,11.4777,951.105302,1599,1199.99,4.2716,,,,,
2024-08-13,2033-01-01,11.4066,942.265254,2103,1440.77,5.1319,,,,,
2024-08-13,2035-01-01,11.4109,933.311858,2602,1632.28,5.8139,,,,,
2024-08-14,2025-01-01,10.7361,1008.436385,97,97.0,0.3476,,,,,
2024-08-14,2027-01-01,11.362,985.680728,598,541.34,1.929,,,,,
2024-08-14,2029-01-01,11.437,967.279714,1097,903.79,3.2184,,,,,
2024-08-14,2031-01-01,11.481,951.381474,1598,1198.95,4.2678,,,,,
2024-08-14,2033-01-01,11.4199,942.026573,2102,1439.51,5.1269,,,,,
2024-08-14,2035-01-01,11.425,932.947651,2601,1630.85,5.8081,,,,,
2024-08-15,2025-01-01,10.7821,1008.684961,96,96.0,0.3439,,,,,
2024-08-15,2027-01-01,11.5258,982.999198,597,540.23,1.9222,,,,,
2024-08-15,2029-01-01,11.5782,963.316776,1096,902.26,3.2089,,,,,
2024-08-15,2031-01-01,11.6007,946.951057,1597,1196.76,4.2554,,,,,
2024-08-15,2033-01-01,11.5179,937.716098,2101,1436.64,5.1121,,,,,
2024-08-15,2035-01-01,11.5254,927.932302,2600,1626.78,5.7883,,,,,
2024-08-16,2025-01-01,10.8229,1008.954835,95,95.0,0.3402,,,,,
2024-08-16,2027-01-01,11.5814,982.376568,596,539.2,1.9176,,,,,
2024-08-16,2029-01-01,11.553,964.514555,1095,901.36,3.2064,,,,,
2024-08-16,2031-01-01,11.5562,949.158455,1596,1196.21,4.2551,,,,,
2024-08-16,2033-01-01,11.484,939.748507,2100,1436.28,5.1124,,,,,
2024-08-16,2035-01-01,11.4814,930.70141,2599,1627.12,5.7919,,,,,
2024-08-19,2025-01-01,10.812,1009.403396,94,94.0,0.3366,,,,,
2024-08-19,2027-01-01,11.4217,985.815044,595,538.3,1.9171,,,,,
2024-08-19,2029-01-01,11.4355,968.574096,1094,900.79,3.2078,,,,,
2024-08-19,2031-01-01,11.483,952.53212,1595,1195.93,4.2569,,,,,
2024-08-19,2033-01-01,11.402,944.104438,2099,1436.85,5.1182,,,,,
2024-08-19,2035-01-01,11.42,934.420784,2598,1628.0,5.7982,,,,,
2024-08-20,2025-01-01,10.7544,1010.008493,93,93.0,0.3332,,,,,
2024-08-20,2027-01-01,11.4796,985.146431,594,537.26,1.9125,,,,,
2024-08-20,2029-01-01,11.5388,965.790519,1093,899.41,3.1999,,,,,
2024-08-20,2031-01-01,11.6093,947.843138,1594,1193.68,4.2441,,,,,
2024-08-20,2033-01-01,11.5352,938.105721,2098,1433.3,5.0995,,,,,
2024-08-20,2035-01-01,11.548,927.926044,2597,1623.09,5.774,,,,,
2024-08-21,2025-01-01,10.7019,1010.592885,92,92.0,0.3298,,,,,
2024-08-21,2027-01-01,11.4482,986.162369,593,536.28,1.9095,,,,,
2024-08-21,2029-01-01,11.5437,966.057818,1092,898.39,3.1961,,,,,
2024-08-21,2031-01-01,11.607,948.348838,1593,1192.7,4.2407,,,,,
2024-08-21,2033-01-01,11.536,938.47395,2097,1432.29,5.0958,,,,,
2024-08-21,2035-01-01,11.554,928.007213,2596,1621.9,5.7695,,,,,
2024-08-22,2025-01-01,10.8101,1010.644102,91,91.0,0.3259,,,,,
2024-08-22,2027-01-01,11.6668,982.489223,592,535.14,1.9017,,,,,
2024-08-22,2029-01-01,11.7665,959.636536,1091,896.56,3.1832,,,,,
2024-08-22,2031-01-01,11.8318,939.785368,1592,1189.47,4.2207,,,,,
2024-08-22,2033-01-01,11.7477,928.837188,2096,1427.23,5.0682,,,,,
2024-08-22,2035-01-01,11.7816,916.343781,2595,1613.94,5.7295,,,,,
2024-08-23,2025-01-01,10.7692,1011.189166,90,90.0,0.3224,,,,,
2024-08-23,2027-01-01,11.5109,985.834842,591,534.24,1.9012,,,,,
2024-08-23,2029-01-01,11.6337,964.126325,1090,896.06,3.1852,,,,,
2024-08-23,2031-01-01,11.7008,945.416939,1591,1189.77,4.2267,,,,,
2024-08-23,2033-01-01,11.6307,934.776692,2095,1428.48,5.078,,,,,
2024-08-23,2035-01-01,11.6586,923.239406,2594,1616.7,5.7456,,,,,
2024-08-26,2025-01-01,10.7765,1011.576113,89,89.0,0.3188,,,,,
2024-08-26,2027-01-01,11.4314,987.750761,590,533.3,1.8992,,,,,
2024-08-26,2029-01-01,11.5876,965.963682,1089,895.23,3.1836,,,,,
2024-08-26,2031-01-01,11.6749,946.867521,1590,1189.03,4.2251,,,,,
2024-08-26,2033-01-01,11.6171,935.830624,2094,1427.74,5.0759,,,,,
2024-08-26,2035-01-01,11.6498,924.110401,2593,1615.97,5.7435,,,,,
2024-08-27,2025-01-01,10.8136,1011.8687,88,88.0,0.3151,,,,,
2024-08-27,2027-01-01,11.5173,986.568067,589,532.24,1.8939,,,,,
2024-08-27,2029-01-01,11.6575,964.239292,1088,893.97,3.1771,,,,,
2024-08-27,2031-01-01,11.7408,944.652342,1589,1187.37,4.2167,,,,,
2024-08-27,2033-01-01,11.6812,933.201887,2093,1425.51,5.0651,,,,,
2024-08-27,2035-01-01,11.7025,921.724266,2592,1613.36,5.7315,,,,,
2024-08-28,2025-01-01,10.8723,1012.096018,87,87.0,0.3114,,,,,
2024-08-28,2027-01-01,11.6621,984.298953,588,531.14,1.8876,,,,,
2024-08-28,2029-01-01,11.79,960.616955,1087,892.47,3.168,,,,,
2024-08-28,2031-01-01,11.8467,940.865162,1588,1185.32,4.2054,,,,,
2024-08-28,2033-01-01,11.783,928.818339,2092,1422.56,5.05,,,,,
2024-08-28,2035-01-01,11.8061,916.681167,2591,1609.19,5.7114,,,,,
2024-08-29,2025-01-01,10.9173,1012.37041,86,86.0,0.3077,,,,,
2024-08-29,2027-01-01,11.8106,981.980775,587,530.05,1.8812,,,,,
2024-08-29,2029-01-01,11.9323,956.728004,1086,890.94,3.1586,,,,,
2024-08-29,2031-01-01,11.9735,936.286924,1587,1183.06,4.1927,,,,,
2024-08-29,2033-01-01,11.8953,923.984358,2091,1419.4,5.0338,,,,,
2024-08-29,2035-01-01,11.9222,911.039749,2590,1604.63,5.6893,,,,,
2024-08-30,2025-01-01,10.9142,1012.796299,85,85.0,0.3041,,,,,
2024-08-30,2027-01-01,11.9571,979.719259,586,528.95,1.8748,,,,,
2024-08-30,2029-01-01,12.148,950.673468,1085,889.14,3.1461,,,,,
2024-08-30,2031-01-01,12.1809,928.61863,1586,1179.99,4.1741,,,,,
2024-08-30,2033-01-01,12.1315,913.507184,2090,1413.87,5.0036,,,,,
2024-08-30,2035-01-01,12.125,901.027229,2589,1597.43,5.6535,,,,,
2024-09-02,2025-01-01,10.9124,1013.218184,84,84.0,0.3005,,,,,
2024-09-02,2027-01-01,12.0061,979.260365,585,527.92,1.8703,,,,,
2024-09-02,2029-01-01,12.2213,948.918768,1084,887.86,3.1396,,,,,
2024-09-02,2031-01-01,12.2375,926.852931,1585,1178.43,4.1664,,,,,
2024-09-02,2033-01-01,12.1856,911.45501,2089,1411.83,4.994,,,,,
2024-09-02,2035-01-01,12.1785,898.717865,2588,1594.79,5.6415,,,,,
2024-09-03,2025-01-01,10.9016,1013.667208,83,83.0,0.297,,,,,
2024-09-03,2027-01-01,11.9714,980.336016,584,526.94,1.8675,,,,,
2024-09-03,2029-01-01,12.1611,951.14772,1083,887.09,3.1385,,,,,
2024-09-03,2031-01-01,12.1924,929.02089,1584,1177.88,4.1662,,,,,
2024-09-03,2033-01-01,12.1352,914.168696,2088,1411.8,4.9961,,,,,
2024-09-03,2035-01-01,12.1379,901.189454,2587,1595.03,5.6444,,,,,
2024-09-04,2025-01-01,10.8545,1014.223695,82,82.0,0.2935,,,,,
2024-09-04,2027-01-01,11.8001,983.915261,583,526.05,1.8672,,,,,
2024-09-04,2029-01-01,11.9934,956.602497,1082,886.71,3.1419,,,,,
2024-09-04,2031-01-01,12.028,935.836598,1583,1178.51,4.1745,,,,,
2024-09-04,2033-01-01,11.967,922.311505,2087,1414.03,5.0115,,,,,
2024-09-04,2035-01-01,11.9698,910.209515,2586,1599.18,5.6676,,,,,
2024-09-05,2025-01-01,10.8301,1014.710313,81,81.0,0.29,,,,,
2024-09-05,2027-01-01,11.7167,985.882652,582,525.11,1.8652,,,,,
2024-09-05,2029-01-01,11.8928,960.060867,1081,886.09,3.1425,,,,,
2024-09-05,2031-01-01,11.9567,939.048712,1582,1178.22,4.1762,,,,,
2024-09-05,2033-01-01,11.8626,927.567918,2086,1415.03,5.0197,,,,,
2024-09-05,2035-01-01,11.8946,914.508981,2585,1600.48,5.676,,,,,
2024-09-06,2025-01-01,10.8267,1015.134335,80,80.0,0.2864,,,,,
2024-09-06,2027-01-01,11.7211,986.23542,581,524.1,1.8616,,,,,
2024-09-06,2029-01-01,11.8457,961.910592,1080,885.27,3.1409,,,,,
2024-09-06,2031-01-01,11.8958,941.861285,1581,1177.83,4.177,,,,,
2024-09-06,2033-01-01,11.8107,930.4011,2085,1415.03,5.022,,,,,
2024-09-06,2035-01-01,11.8336,918.090908,2584,1601.35,5.6821,,,,,
2024-09-09,2025-01-01,10.841,1015.507444,79,79.0,0.2828,,,,,
2024-09-09,2027-01-01,11.7294,986.517142,580,523.1,1.8579,,,,,
2024-09-09,2029-01-01,11.8452,962.353108,1079,884.27,3.1374,,,,,
2024-09-09,2031-01-01,11.874,943.139331,1580,1177.05,4.1751,,,,,
2024-09-09,2033-01-01,11.794,931.593941,2084,1414.35,5.0204,,,,,
2024-09-09,2035-01-01,11.8086,919.803793,2583,1601.11,5.6826,,,,,
2024-09-10,2025-01-01,10.8307,1015.951524,78,78.0,0.2793,,,,,
2024-09-10,2027-01-01,11.7597,986.397136,579,522.08,1.8537,,,,,
2024-09-10,2029-01-01,11.8836,961.623099,1078,883.12,3.1322,,,,,
2024-09-10,2031-01-01,11.9092,942.175296,1579,1175.7,4.169,,,,,
2024-09-10,2033-01-01,11.8282,930.40907,2083,1412.69,5.013,,,,,
2024-09-10,2035-01-01,11.8325,918.963564,2582,1599.38,5.6752,,,,,
2024-09-11,2025-01-01,10.8487,1016.315756,77,77.0,0.2757,,,,,
2024-09-11,2027-01-01,11.7555,986.909114,578,521.08,1.8503,,,,,
2024-09-11,2029-01-01,11.8595,962.777474,1077,882.21,3.1297,,,,,
2024-09-11,2031-01-01,11.8763,943.889084,1578,1175.02,4.1678,,,,,
2024-09-11,2033-01-01,11.8065,931.834557,2082,1412.11,5.0119,,,,,
2024-09-11,2035-01-01,11.8193,920.060154,2581,1598.78,5.6738,,,,,
2024-09-12,2025-01-01,10.8933,1016.607882,76,76.0,0.272,,,,,
2024-09-12,2027-01-01,11.8625,985.396483,577,520.01,1.8447,,,,,
2024-09-12,2029-01-01,11.99,959.287618,1076,880.73,3.1208,,,,,
2024-09-12,2031-01-01,12.053,937.397151,1577,1172.27,4.1515,,,,,
2024-09-12,2033-01-01,11.985,923.966902,2081,1407.68,4.9882,,,,,
2024-09-12,2035-01-01,11.9941,911.41206,2580,1592.43,5.6424,,,,,
2024-09-13,2025-01-01,10.8928,1017.026457,75,75.0,0.2684,,,,,
2024-09-13,2027-01-01,11.8339,986.354252,576,519.03,1.8417,,,,,
2024-09-13,2029-01-01,11.9387,961.25525,1075,879.92,3.1193,,,,,
2024-09-13,2031-01-01,12.0004,939.869891,1576,1171.79,4.1517,,,,,
2024-09-13,2033-01-01,11.9338,926.745566,2080,1407.66,4.9904,,,,,
2024-09-13,2035-01-01,11.9516,914.010976,2579,1592.74,5.6456,,,,,
2024-09-16,2025-01-01,10.8919,1017.446247,74,74.0,0.2648,,,,,
2024-09-16,2027-01-01,11.8831,985.900323,575,518.0,1.8372,,,,,
2024-09-16,2029-01-01,11.9915,960.105299,1074,878.72,3.1136,,,,,
2024-09-16,2031-01-01,12.079,937.233957,1575,1170.01,4.1425,,,,,
2024-09-16,2033-01-01,12.0108,923.609966,2079,1405.19,4.9782,,,,,
2024-09-16,2035-01-01,12.0314,910.317327,2578,1589.29,5.6294,,,,,
2024-09-17,2025-01-01,10.895,1017.855508,73,73.0,0.2612,,,,,
2024-09-17,2027-01-01,11.873,986.52241,574,517.0,1.8339,,,,,
2024-09-17,2029-01-01,12.0237,959.575644,1073,877.6,3.1088,,,,,
2024-09-17,2031-01-01,12.139,935.333708,1574,1168.41,4.1346,,,,,
2024-09-17,2033-01-01,12.06,921.768206,2078,1403.24,4.9691,,,,,
2024-09-17,2035-01-01,12.09,907.732776,2577,1586.5,5.6166,,,,,
2024-09-18,2025-01-01,10.8726,1018.332067,72,72.0,0.2577,,,,,
2024-09-18,2027-01-01,11.8341,987.664824,573,516.03,1.831,,,,,
2024-09-18,2029-01-01,11.9693,961.631717,1072,876.8,3.1074,,,,,
2024-09-18,2031-01-01,12.086,937.811066,1573,1167.94,4.1349,,,,,
2024-09-18,2033-01-01,12.003,924.800325,2077,1403.34,4.972,,,,,
2024-09-18,2035-01-01,12.0459,910.396151,2576,1586.85,5.62,,,,,
2024-09-19,2025-01-01,10.9284,1018.604821,71,71.0,0.254,,,,,
2024-09-19,2027-01-01,12.0302,984.572058,572,514.9,1.8238,,,,,
2024-09-19,2029-01-01,12.0974,958.248793,1071,875.32,3.0987,,,,,
2024-09-19,2031-01-01,12.197,933.947175,1572,1165.83,4.1234,,,,,
2024-09-19,2033-01-01,12.0978,920.873445,2076,1400.52,4.9578,,,,,
2024-09-19,2035-01-01,12.1433,905.845013,2575,1582.87,5.6011,,,,,
2024-09-20,2025-01-01,10.9806,1018.890969,70,70.0,0.2503,,,,,
2024-09-20,2027-01-01,12.2585,980.935751,571,513.75,1.8161,,,,,
2024-09-20,2029-01-01,12.3686,950.683942,1070,873.31,3.0841,,,,,
2024-09-20,2031-01-01,12.4738,923.804428,1571,1162.07,4.1,,,,,
2024-09-20,2033-01-01,12.348,909.973294,2075,1394.71,4.9263,,,,,
2024-09-20,2035-01-01,12.419,892.432273,2574,1573.44,5.554,,,,,
2024-09-23,2025-01-01,10.9791,1019.316072,69,69.0,0.2467,,,,,
2024-09-23,2027-01-01,12.4146,978.615402,570,512.65,1.8097,,,,,
2024-09-23,2029-01-01,12.5511,945.798195,1069,871.62,3.0731,,,,,
2024-09-23,2031-01-01,12.6488,917.643605,1570,1159.32,4.0839,,,,,
2024-09-23,2033-01-01,12.5253,902.498303,2074,1390.3,4.903,,,,,
2024-09-23,2035-01-01,12.5853,884.662665,2573,1567.35,5.5244,,,,,
2024-09-24,2025-01-01,10.9661,1019.769759,68,68.0,0.2432,,,,,
2024-09-24,2027-01-01,12.1549,983.679179,569,511.82,1.8109,,,,,
2024-09-24,2029-01-01,12.2671,954.542739,1068,871.69,3.0811,,,,,
2024-09-24,2031-01-01,12.3802,928.218743,1569,1161.0,4.0996,,,,,
2024-09-24,2033-01-01,12.2457,915.414988,2073,1394.68,4.9306,,,,,
2024-09-24,2035-01-01,12.2959,899.392874,2572,1575.2,5.5664,,,,,
2024-09-25,2025-01-01,10.943,1020.247397,67,67.0,0.2396,,,,,
2024-09-25,2027-01-01,12.106,984.997431,568,510.85,1.8083,,,,,
2024-09-25,2029-01-01,12.2225,956.293234,1067,870.86,3.0794,,,,,
2024-09-25,2031-01-01,12.337,930.294087,1568,1160.43,4.0992,,,,,
2024-09-25,2033-01-01,12.193,918.217279,2072,1394.69,4.933,,,,,
2024-09-25,2035-01-01,12.226,903.315975,2571,1576.34,5.5739,,,,,
2024-09-26,2025-01-01,10.946,1020.660687,66,66.0,0.2361,,,,,
2024-09-26,2027-01-01,12.2136,983.533477,567,509.78,1.8028,,,,,
2024-09-26,2029-01-01,12.285,954.894217,1066,869.62,3.0733,,,,,
2024-09-26,2031-01-01,12.379,929.124607,1567,1159.01,4.0926,,,,,
2024-09-26,2033-01-01,12.2353,916.723993,2071,1392.88,4.9247,,,,,
2024-09-26,2035-01-01,12.245,902.773824,2570,1574.76,5.5673,,,,,
2024-09-27,2025-01-01,10.947,1021.079113,65,65.0,0.2325,,,,,
2024-09-27,2027-01-01,12.2962,982.52268,566,508.72,1.7977,,,,,
2024-09-27,2029-01-01,12.3428,953.640444,1065,868.41,3.0674,,,,,
2024-09-27,2031-01-01,12.434,927.467786,1566,1157.46,4.0852,,,,,
2024-09-27,2033-01-01,12.2833,914.981272,2070,1390.95,4.9158,,,,,
2024-09-27,2035-01-01,12.298,900.53033,2569,1572.14,5.5554,,,,,
2024-09-30,2025-01-01,10.9598,1021.470192,64,64.0,0.2289,,,,,
2024-09-30,2027-01-01,12.3609,981.834915,565,507.68,1.793,,,,,
2024-09-30,2029-01-01,12.42,951.828067,1064,867.12,3.0608,,,,,
2024-09-30,2031-01-01,12.512,924.951802,1565,1155.68,4.0761,,,,,
2024-09-30,2033-01-01,12.3577,912.065383,2069,1388.52,4.904,,,,,
2024-09-30,2035-01-01,12.379,896.907052,2568,1568.66,5.5391,,,,,
2024-10-01,2025-01-01,10.9627,1021.885153,63,63.0,0.2253,,,,,
2024-10-01,2027-01-01,12.2916,983.508415,564,506.73,1.7907,,,,,
2024-10-01,2029-01-01,12.3649,953.876445,1063,866.32,3.0595,,,,,
2024-10-01,2031-01-01,12.4736,926.833393,1564,1155.07,4.0753,,,,,
2024-10-01,2033-01-01,12.3431,913.14039,2068,1387.8,4.9021,,,,,
2024-10-01,2035-01-01,12.3495,898.789672,2567,1568.56,5.5403,,,,,
2024-10-02,2025-01-01,10.9585,1022.316588,62,62.0,0.2217,,,,,
2024-10-02,2027-01-01,12.2388,984.890154,563,505.76,1.7881,,,,,
2024-10-02,2029-01-01,12.3124,955.850681,1062,865.52,3.0581,,,,,
2024-10-02,2031-01-01,12.4142,929.512411,1563,1154.66,4.076,,,,,
2024-10-02,2033-01-01,12.2783,916.468868,2067,1388.05,4.9058,,,,,
2024-10-02,2035-01-01,12.2874,902.304883,2566,1569.46,5.5465,,,,,
2024-10-03,2025-01-01,10.9914,1022.665134,61,61.0,0.2181,,,,,
2024-10-03,2027-01-01,12.2881,984.475186,562,504.73,1.7837,,,,,
2024-10-03,2029-01-01,12.3457,955.319214,1061,864.4,3.0532,,,,,
2024-10-03,2031-01-01,12.4428,928.86192,1562,1153.38,4.0704,,,,,
2024-10-03,2033-01-01,12.2886,916.427346,2066,1386.85,4.9011,,,,,
2024-10-03,2035-01-01,12.318,901.190752,2565,1567.52,5.5381,,,,,
2024-10-04,2025-01-01,11.0228,1023.01952,60,60.0,0.2145,,,,,
2024-10-04,2027-01-01,12.375,983.406256,561,503.67,1.7786,,,,,
2024-10-04,2029-01-01,12.3989,954.211776,1060,863.2,3.0475,,,,,
2024-10-04,2031-01-01,12.4563,928.78428,1561,1152.24,4.0659,,,,,
2024-10-04,2033-01-01,12.311,915.843908,2065,1385.42,4.8951,,,,,
2024-10-04,2035-01-01,12.3152,901.746006,2564,1566.61,5.5351,,,,,
2024-10-07,2025-01-01,11.0446,1023.397057,59,59.0,0.2108,,,,,
2024-10-07,2027-01-01,12.3187,984.84567,560,502.71,1.7761,,,,,
2024-10-07,2029-01-01,12.3242,956.828764,1059,862.48,3.047,,,,,
2024-10-07,2031-01-01,12.3723,932.39569,1560,1152.08,4.0684,,,,,
2024-10-07,2033-01-01,12.2391,919.496799,2064,1385.8,4.8996,,,,,
2024-10-07,2035-01-01,12.228,906.529191,2563,1568.28,5.5453,,,,,
2024-10-08,2025-01-01,11.0419,1023.828323,58,58.0,0.2073,,,,,
2024-10-08,2027-01-01,12.2754,986.056473,559,501.74,1.7733,,,,,
2024-10-08,2029-01-01,12.2529,959.350653,1058,861.74,3.0463,,,,,
2024-10-08,2031-01-01,12.28,936.336651,1559,1152.0,4.0715,,,,,
2024-10-08,2033-01-01,12.1539,923.767303,2063,1386.44,4.9055,,,,,
2024-10-08,2035-01-01,12.1364,911.565859,2562,1570.08,5.5562,,,,,
2024-10-09,2025-01-01,11.0656,1024.204499,57,57.0,0.2037,,,,,
2024-10-09,2027-01-01,12.5344,982.003971,558,500.57,1.7651,,,,,
2024-10-09,2029-01-01,12.528,951.804624,1057,859.71,3.0317,,,,,
2024-10-09,2031-01-01,12.553,926.446115,1558,1148.27,4.0484,,,,,
2024-10-09,2033-01-01,12.4153,912.455811,2062,1380.42,4.8729,,,,,
2024-10-09,2035-01-01,12.3876,899.392838,2561,1561.4,5.5131,,,,,
2024-10-10,2025-01-01,11.079,1024.60367,56,56.0,0.2001,,,,,
2024-10-10,2027-01-01,12.6485,980.492639,557,499.49,1.7596,,,,,
2024-10-10,2029-01-01,12.615,949.746533,1056,858.39,3.0247,,,,,
2024-10-10,2031-01-01,12.613,924.635381,1557,1146.67,4.0406,,,,,
2024-10-10,2033-01-01,12.4568,911.03767,2061,1378.62,4.8647,,,,,
2024-10-10,2035-01-01,12.4283,897.795444,2560,1559.15,5.5032,,,,,
2024-10-11,2025-01-01,11.1108,1024.966933,55,55.0,0.1964,,,,,
2024-10-11,2027-01-01,12.8007,978.339904,556,498.39,1.7533,,,,,
2024-10-11,2029-01-01,12.7895,945.203919,1055,856.73,3.0142,,,,,
2024-10-11,2031-01-01,12.808,917.829802,1556,1143.72,4.0233,,,,,
2024-10-11,2033-01-01,12.6603,902.51072,2060,1373.7,4.8386,,,,,
2024-10-11,2035-01-01,12.6355,888.065511,2559,1551.81,5.4672,,,,,
2024-10-14,2025-01-01,11.0957,1025.425411,54,54.0,0.1929,,,,,
2024-10-14,2027-01-01,12.6108,982.068652,555,497.52,1.7532,,,,,
2024-10-14,2029-01-01,12.5794,951.664524,1054,856.52,3.0191,,,,,
2024-10-14,2031-01-01,12.6146,925.447769,1555,1144.66,4.0335,,,,,
2024-10-14,2033-01-01,12.4726,911.187425,2059,1376.31,4.8559,,,,,
2024-10-14,2035-01-01,12.4556,897.283735,2558,1556.32,5.4918,,,,,
2024-10-15,2025-01-01,11.1185,1025.80939,53,53.0,0.1893,,,,,
2024-10-15,2027-01-01,12.6972,981.048087,554,496.46,1.7481,,,,,
2024-10-15,2029-01-01,12.683,949.144246,1053,855.13,3.0114,,,,,
2024-10-15,2031-01-01,12.724,921.815043,1554,1142.56,4.0222,,,,,
2024-10-15,2033-01-01,12.589,906.484909,2058,1373.08,4.8395,,,,,
2024-10-15,2035-01-01,12.5675,892.214311,2557,1551.89,5.4708,,,,,
2024-10-16,2025-01-01,11.1489,1026.180713,52,52.0,0.1857,,,,,
2024-10-16,2027-01-01,12.7764,980.158858,553,495.41,1.7432,,,,,
2024-10-16,2029-01-01,12.7952,946.397114,1052,853.71,3.0034,,,,,
2024-10-16,2031-01-01,12.839,918.005238,1553,1140.41,4.0105,,,,,
2024-10-16,2033-01-01,12.7163,901.35368,2057,1369.63,4.8219,,,,,
2024-10-16,2035-01-01,12.6925,886.564859,2556,1547.07,5.4477,,,,,
2024-10-17,2025-01-01,11.1865,1026.540962,51,51.0,0.182,,,,,
2024-10-17,2027-01-01,12.8346,979.634559,552,494.37,1.7386,,,,,
2024-10-17,2029-01-01,12.8883,944.210243,1051,852.36,2.9962,,,,,
2024-10-17,2031-01-01,12.9449,914.559903,1552,1138.35,3.9995,,,,,
2024-10-17,2033-01-01,12.829,896.904583,2056,1366.46,4.8059,,,,,
2024-10-17,2035-01-01,12.8183,880.942176,2555,1542.23,5.4246,,,,,
2024-10-18,2025-01-01,11.1911,1026.964579,50,50.0,0.1784,,,,,
2024-10-18,2027-01-01,12.9148,978.741718,551,493.32,1.7337,,,,,
2024-10-18,2029-01-01,12.9571,942.722425,1050,851.1,2.99,,,,,
2024-10-18,2031-01-01,12.9933,913.234582,1551,1136.86,3.9926,,,,,
2024-10-18,2033-01-01,12.872,895.484096,2055,1364.63,4.7976,,,,,
2024-10-18,2035-01-01,12.8553,879.598766,2554,1540.1,5.4153,,,,,
2024-10-21,2025-01-01,11.2025,1027.376494,49,49.0,0.1749,,,,,
2024-10-21,2027-01-01,12.848,980.346363,550,492.36,1.7314,,,,,
2024-10-21,2029-01-01,12.8944,944.946825,1049,850.34,2.9889,,,,,
2024-10-21,2031-01-01,12.932,915.915554,1550,1136.48,3.9934,,,,,
2024-10-21,2033-01-01,12.799,899.058046,2054,1365.03,4.8022,,,,,
2024-10-21,2035-01-01,12.784,883.426715,2553,1541.28,5.4229,,,,,
2024-10-22,2025-01-01,11.2147,1027.788003,48,48.0,0.1713,,,,,
2024-10-22,2027-01-01,12.8786,980.298337,549,491.34,1.7273,,,,,
2024-10-22,2029-01-01,12.8923,945.460993,1048,849.34,2.9855,,,,,
2024-10-22,2031-01-01,12.9125,917.071037,1549,1135.67,3.9913,,,,,
2024-10-22,2033-01-01,12.7773,900.425197,2053,1364.45,4.801,,,,,
2024-10-22,2035-01-01,12.7555,885.215303,2552,1541.15,5.4238,,,,,
2024-10-23,2025-01-01,11.2396,1028.17868,47,47.0,0.1677,,,,,
2024-10-23,2027-01-01,12.9583,979.423733,548,490.29,1.7224,,,,,
2024-10-23,2029-01-01,12.9782,943.497549,1047,848.02,2.9786,,,,,
2024-10-23,2031-01-01,12.9845,914.884197,1548,1133.95,3.9827,,,,,
2024-10-23,2033-01-01,12.8439,897.983368,2052,1362.17,4.7902,,,,,
2024-10-23,2035-01-01,12.8318,881.985951,2551,1537.81,5.4084,,,,,
2024-10-24,2025-01-01,11.2388,1028.614717,46,46.0,0.1641,,,,,
2024-10-24,2027-01-01,12.7292,983.768354,547,489.44,1.7229,,,,,
2024-10-24,2029-01-01,12.743,950.593314,1046,847.9,2.9844,,,,,
2024-10-24,2031-01-01,12.7703,923.177474,1547,1135.1,3.9943,,,,,
2024-10-24,2033-01-01,12.6236,907.962285,2051,1365.41,4.811,,,,,
2024-10-24,2035-01-01,12.6006,893.541673,2550,1543.88,5.4409,,,,,
2024-10-25,2025-01-01,11.2598,1029.014871,45,45.0,0.1605,,,,,
2024-10-25,2027-01-01,12.829,982.549629,546,488.37,1.7176,,,,,
2024-10-25,2029-01-01,12.8322,948.521939,1045,846.57,2.9773,,,,,
2024-10-25,2031-01-01,12.8186,921.840023,1546,1133.62,3.9874,,,,,
2024-10-25,2033-01-01,12.683,905.802159,2050,1363.27,4.8009,,,,,
2024-10-25,2035-01-01,12.657,891.227477,2549,1541.16,5.4286,,,,,
2024-10-28,2025-01-01,11.2705,1029.433367,44,44.0,0.1569,,,,,
2024-10-28,2027-01-01,12.842,982.801352,545,487.36,1.7139,,,,,
2024-10-28,2029-01-01,12.8649,948.054304,1044,845.45,2.9725,,,,,
2024-10-28,2031-01-01,12.8688,920.43954,1545,1132.11,3.9803,,,,,
2024-10-28,2033-01-01,12.7315,904.126542,2049,1361.33,4.792,,,,,
2024-10-28,2035-01-01,12.7086,889.158365,2548,1538.58,5.417,,,,,
2024-10-29,2025-01-01,11.2785,1029.857085,43,43.0,0.1533,,,,,
2024-10-29,2027-01-01,12.9237,981.900191,544,486.31,1.7089,,,,,
2024-10-29,2029-01-01,12.9653,945.688398,1043,844.07,2.9651,,,,,
2024-10-29,2031-01-01,12.9581,917.619893,1544,1130.22,3.9705,,,,,
2024-10-29,2033-01-01,12.8399,899.87928,2048,1358.25,4.7766,,,,,
2024-10-29,2035-01-01,12.8077,884.827702,2547,1534.55,5.3981,,,,,
2024-10-30,2025-01-01,11.2747,1030.299774,42,42.0,0.1498,,,,,
2024-10-30,2027-01-01,12.913,982.553177,543,485.32,1.7056,,,,,
2024-10-30,2029-01-01,12.9305,947.121847,1042,843.2,2.9629,,,,,
2024-10-30,2031-01-01,12.9085,919.872661,1543,1129.71,3.9705,,,,,
2024-10-30,2033-01-01,12.7726,903.209685,2047,1358.54,4.7805,,,,,
2024-10-30,2035-01-01,12.7285,889.045632,2546,1535.97,5.4069,,,,,
2024-10-31,2025-01-01,11.2787,1030.730619,41,41.0,0.1462,,,,,
2024-10-31,2027-01-01,12.967,982.123947,542,484.28,1.7012,,,,,
2024-10-31,2029-01-01,12.993,945.828674,1041,841.96,2.9569,,,,,
2024-10-31,2031-01-01,12.9745,917.910939,1542,1128.05,3.9623,,,,,
2024-10-31,2033-01-01,12.8264,901.322686,2046,1356.51,4.771,,,,,
2024-10-31,2035-01-01,12.7755,887.213928,2545,1533.53,5.3961,,,,,
2024-11-01,2025-01-01,11.3193,1031.108117,40,40.0,0.1426,,,,,
2024-11-01,2027-01-01,13.2672,977.61195,541,483.08,1.6925,,,,,
2024-11-01,2029-01-01,13.3029,937.683435,1040,839.8,2.9413,,,,,
2024-11-01,2031-01-01,13.274,907.559697,1541,1124.04,3.9378,,,,,
2024-11-01,2033-01-01,13.1354,888.614134,2045,1349.55,4.7336,,,,,
2024-11-01,2035-01-01,13.0597,874.192156,2544,1523.85,5.3485,,,,,
2024-11-04,2025-01-01,11.3103,1031.559881,39,39.0,0.139,,,,,
2024-11-04,2027-01-01,13.0243,982.121204,540,482.24,1.6931,,,,,
2024-11-04,2029-01-01,13.0542,945.039124,1039,839.73,2.9475,,,,,
2024-11-04,2031-01-01,13.0294,916.808088,1540,1125.5,3.9514,,,,,
2024-11-04,2033-01-01,12.8966,899.176651,2044,1353.15,4.7563,,,,,
2024-11-04,2035-01-01,12.8247,885.711081,2543,1530.03,5.3814,,,,,
2024-11-05,2025-01-01,11.3226,1031.981403,38,38.0,0.1355,,,,,
2024-11-05,2027-01-01,12.9629,983.618709,539,481.28,1.6907,,,,,
2024-11-05,2029-01-01,13.0036,946.909369,1038,838.92,2.946,,,,,
2024-11-05,2031-01-01,12.9735,919.281304,1539,1125.06,3.9518,,,,,
2024-11-05,2033-01-01,12.8349,902.253394,2043,1353.34,4.7595,,,,,
2024-11-05,2035-01-01,12.7675,888.867627,2542,1530.78,5.3868,,,,,
2024-11-06,2025-01-01,11.3321,1032.407817,37,37.0,0.1319,,,,,
2024-11-06,2027-01-01,13.0218,983.117424,538,480.25,1.6862,,,,,
2024-11-06,2029-01-01,12.9786,948.066116,1037,838.02,2.9435,,,,,
2024-11-06,2031-01-01,12.928,921.380832,1538,1124.52,3.9515,,,,,
2024-11-06,2033-01-01,12.7792,905.081862,2042,1353.41,4.7621,,,,,
2024-11-06,2035-01-01,12.7129,891.911318,2541,1531.45,5.3917,,,,,
2024-11-07,2025-01-01,11.3626,1032.807282,36,36.0,0.1283,,,,,
2024-11-07,2027-01-01,13.0257,983.530552,537,479.24,1.6826,,,,,
2024-11-07,2029-01-01,12.9106,950.42433,1036,837.27,2.9426,,,,,
2024-11-07,2031-01-01,12.835,925.219119,1537,1124.45,3.9545,,,,,
2024-11-07,2033-01-01,12.6813,909.747035,2041,1354.3,4.7694,,,,,
2024-11-07,2035-01-01,12.5946,898.050894,2540,1534.07,5.4066,,,,,
2024-11-08,2025-01-01,11.3744,1033.233251,35,35.0,0.1247,,,,,
2024-11-08,2027-01-01,13.125,982.370097,536,478.18,1.6774,,,,,
2024-11-08,2029-01-01,12.9762,949.051625,1035,836.03,2.9365,,,,,
2024-11-08,2031-01-01,12.8734,924.259717,1536,1123.07,3.9483,,,,,
2024-11-08,2033-01-01,12.6972,909.48884,2040,1352.99,4.7641,,,,,
2024-11-08,2035-01-01,12.621,897.193534,2539,1532.26,5.399,,,,,
2024-11-11,2025-01-01,11.3806,1033.667278,34,34.0,0.1211,,,,,
2024-11-11,2027-01-01,13.229,981.142395,535,477.11,1.6721,,,,,
2024-11-11,2029-01-01,13.0326,947.942415,1034,834.82,2.9308,,,,,
2024-11-11,2031-01-01,12.906,923.515902,1535,1121.74,3.9425,,,,,
2024-11-11,2033-01-01,12.7379,908.15986,2039,1351.21,4.7561,,,,,
2024-11-11,2035-01-01,12.6445,896.479792,2538,1530.54,5.3918,,,,,
2024-11-12,2025-01-01,11.3811,1034.108875,33,33.0,0.1176,,,,,
2024-11-12,2027-01-01,13.316,980.202914,534,476.05,1.6671,,,,,
2024-11-12,2029-01-01,13.1566,944.969884,1033,833.35,2.9224,,,,,
2024-11-12,2031-01-01,13.0393,919.127852,1534,1119.4,3.9297,,,,,
2024-11-12,2033-01-01,12.8707,902.884318,2038,1347.65,4.738,,,,,
2024-11-12,2035-01-01,12.7918,889.827977,2537,1525.04,5.3654,,,,,
2024-11-13,2025-01-01,11.4001,1034.528879,32,32.0,0.114,,,,,
2024-11-13,2027-01-01,13.3765,979.703047,533,475.01,1.6626,,,,,
2024-11-13,2029-01-01,13.221,943.658703,1032,832.11,2.9164,,,,,
2024-11-13,2031-01-01,13.0901,917.743572,1533,1117.89,3.9226,,,,,
2024-11-13,2033-01-01,12.9327,900.672407,2037,1345.46,4.7277,,,,,
2024-11-13,2035-01-01,12.8555,887.220425,2536,1522.09,5.352,,,,,
2024-11-14,2025-01-01,11.4077,1034.963486,31,31.0,0.1104,,,,,
2024-11-14,2027-01-01,13.3274,980.99024,532,474.04,1.6599,,,,,
2024-11-14,2029-01-01,13.185,945.114614,1031,831.24,2.9143,,,,,
2024-11-14,2031-01-01,13.0772,918.656056,1532,1117.02,3.92,,,,,
2024-11-14,2033-01-01,12.9199,901.652341,2036,1344.7,4.7256,,,,,
2024-11-14,2035-01-01,12.845,888.145026,2535,1521.41,5.3501,,,,,
2024-11-18,2025-01-01,11.4338,1035.378371,30,30.0,0.1068,,,,,
2024-11-18,2027-01-01,13.4598,979.328753,531,472.96,1.6542,,,,,
2024-11-18,2029-01-01,13.284,942.860071,1030,829.87,2.907,,,,,
2024-11-18,2031-01-01,13.154,916.345694,1531,1115.25,3.9111,,,,,
2024-11-18,2033-01-01,12.9958,898.862694,2035,1342.24,4.7138,,,,,
2024-11-18,2035-01-01,12.9114,885.425091,2534,1518.38,5.3363,,,,,
2024-11-19,2025-01-01,11.4505,1035.805408,29,29.0,0.1033,,,,,
2024-11-19,2027-01-01,13.344,981.695418,530,472.03,1.6526,,,,,
2024-11-19,2029-01-01,13.2125,945.288154,1029,829.14,2.9062,,,,,
2024-11-19,2031-01-01,13.1032,918.617714,1530,1114.76,3.9112,,,,,
2024-11-19,2033-01-01,12.948,901.326787,2034,1342.16,4.7155,,,,,
2024-11-19,2035-01-01,12.873,887.66878,2533,1518.55,5.3388,,,,,
2024-11-21,2025-01-01,11.4639,1036.237264,28,28.0,0.0997,,,,,
2024-11-21,2027-01-01,13.2995,982.904704,529,471.06,1.6499,,,,,
2024-11-21,2029-01-01,13.1545,947.347991,1028,828.36,2.905,,,,,
2024-11-21,2031-01-01,13.0605,920.602065,1529,1114.19,3.9106,,,,,
2024-11-21,2033-01-01,12.901,903.762753,2033,1342.07,4.7171,,,,,
2024-11-21,2035-01-01,12.8295,890.160246,2532,1518.88,5.342,,,,,
2024-11-22,2025-01-01,11.481,1036.666605,27,27.0,0.0961,,,,,
2024-11-22,2027-01-01,13.353,982.52629,528,470.03,1.6455,,,,,
2024-11-22,2029-01-01,13.2159,946.126353,1027,827.13,2.8991,,,,,
2024-11-22,2031-01-01,13.1194,918.93455,1528,1112.6,3.903,,,,,
2024-11-22,2033-01-01,12.9725,901.15833,2032,1339.69,4.7058,,,,,
2024-11-22,2035-01-01,12.893,887.575598,2531,1515.94,5.3286,,,,,
2024-11-25,2025-01-01,11.503,1037.092687,26,26.0,0.0925,,,,,
2024-11-25,2027-01-01,13.3185,983.5722,527,469.05,1.6425,,,,,
2024-11-25,2029-01-01,13.1242,949.110835,1026,826.47,2.8992,,,,,
2024-11-25,2031-01-01,13.032,922.525408,1527,1112.48,3.9056,,,,,
2024-11-25,2033-01-01,12.8893,905.132249,2031,1340.29,4.7114,,,,,
2024-11-25,2035-01-01,12.8102,891.931581,2530,1517.47,5.3379,,,,,
2024-11-26,2025-01-01,11.5063,1037.537833,25,25.0,0.089,,,,,
2024-11-26,2027-01-01,13.3162,984.097429,526,468.05,1.6391,,,,,
2024-11-26,2029-01-01,13.1114,949.927445,1025,825.52,2.8961,,,,,
2024-11-26,2031-01-01,13.013,923.658631,1526,1111.67,3.9034,,,,,
2024-11-26,2033-01-01,12.8643,906.634571,2030,1339.78,4.7106,,,,,
2024-11-26,2035-01-01,12.7881,893.411274,2529,1517.15,5.3378,,,,,
2024-11-27,2025-01-01,11.5653,1037.934048,24,24.0,0.0854,,,,,
2024-11-27,2027-01-01,13.6436,979.336266,525,466.83,1.6301,,,,,
2024-11-27,2029-01-01,13.5152,939.385187,1024,823.0,2.877,,,,,
2024-11-27,2031-01-01,13.412,909.889144,1525,1106.66,3.8722,,,,,
2024-11-27,2033-01-01,13.2703,889.979994,2029,1330.95,4.6628,,,,,
2024-11-27,2035-01-01,13.1771,875.583887,2528,1504.26,5.2743,,,,,
2024-11-28,2025-01-01,11.6078,1038.34881,23,23.0,0.0818,,,,,
2024-11-28,2027-01-01,13.9235,975.38883,524,465.65,1.622,,,,,
2024-11-28,2029-01-01,13.8025,932.145464,1023,820.91,2.8625,,,,,
2024-11-28,2031-01-01,13.7122,899.860424,1524,1102.63,3.8479,,,,,
2024-11-28,2033-01-01,13.5701,878.111616,2028,1324.16,4.6268,,,,,
2024-11-28,2035-01-01,13.4856,861.947812,2527,1493.85,5.2235,,,,,
2024-11-29,2025-01-01,11.6616,1038.757712,22,22.0,0.0782,,,,,
2024-11-29,2027-01-01,14.033,974.166489,523,464.58,1.6167,,,,,
2024-11-29,2029-01-01,13.8459,931.467694,1022,819.75,2.8573,,,,,
2024-11-29,2031-01-01,13.723,899.945705,1523,1101.53,3.8437,,,,,
2024-11-29,2033-01-01,13.564,878.802963,2027,1323.28,4.6239,,,,,
2024-11-29,2035-01-01,13.457,863.669602,2526,1493.72,5.2244,,,,,
2024-12-02,2025-01-01,11.6528,1039.219311,21,21.0,0.0746,,,,,
2024-12-02,2027-01-01,14.0639,974.188603,522,463.56,1.6127,,,,,
2024-12-02,2029-01-01,13.9257,929.828295,1021,818.44,2.8508,,,,,
2024-12-02,2031-01-01,13.7874,898.182331,1522,1099.88,3.8357,,,,,
2024-12-02,2033-01-01,13.6117,877.312047,2026,1321.36,4.6153,,,,,
2024-12-02,2035-01-01,13.4995,862.188382,2525,1491.42,5.2144,,,,,
2024-12-03,2025-01-01,11.6915,1039.645366,20,20.0,0.0711,,,,,
2024-12-03,2027-01-01,14.3002,971.00255,521,462.4,1.6053,,,,,
2024-12-03,2029-01-01,14.2169,922.642734,1020,816.34,2.8362,,,,,
2024-12-03,2031-01-01,14.085,888.47926,1521,1095.87,3.8118,,,,,
2024-12-03,2033-01-01,13.8981,866.277447,2025,1314.83,4.5809,,,,,
2024-12-03,2035-01-01,13.79,849.716519,2524,1481.56,5.1667,,,,,
2024-12-04,2025-01-01,11.759,1040.054256,19,19.0,0.0675,,,,,
2024-12-04,2027-01-01,14.3129,971.320085,520,461.39,1.6017,,,,,
2024-12-04,2029-01-01,14.174,924.25239,1019,815.5,2.8344,,,,,
2024-12-04,2031-01-01,14.0495,890.146987,1520,1095.23,3.8108,,,,,
2024-12-04,2033-01-01,13.8654,868.023715,2024,1314.46,4.5809,,,,,
2024-12-04,2035-01-01,13.761,851.426692,2523,1481.45,5.1676,,,,,
2024-12-05,2025-01-01,11.7705,1040.505549,18,18.0,0.0639,,,,,
2024-12-05,2027-01-01,14.4109,970.315656,519,460.33,1.5966,,,,,
2024-12-05,2029-01-01,14.1963,924.155172,1018,814.42,2.8301,,,,,
2024-12-05,2031-01-01,14.029,891.306992,1519,1094.44,3.8087,,,,,
2024-12-05,2033-01-01,13.813,870.557986,2023,1314.47,4.5831,,,,,
2024-12-05,2035-01-01,13.715,853.889801,2522,1481.85,5.1711,,,,,
2024-12-06,2025-01-01,11.8532,1040.913176,17,17.0,0.0603,,,,,
2024-12-06,2027-01-01,14.7401,965.764337,518,459.11,1.5878,,,,,
2024-12-06,2029-01-01,14.5355,915.839196,1017,812.13,2.8137,,,,,
2024-12-06,2031-01-01,14.332,881.576268,1518,1090.37,3.7845,,,,,
2024-12-06,2033-01-01,14.0903,860.049411,2022,1308.11,4.5498,,,,,
2024-12-06,2035-01-01,14.0016,841.818067,2521,1472.12,5.1243,,,,,
2024-12-09,2025-01-01,11.9369,1041.32652,16,16.0,0.0567,,,,,
2024-12-09,2027-01-01,14.968,962.812727,517,457.96,1.5807,,,,,
2024-12-09,2029-01-01,14.7759,910.172658,1016,810.22,2.8012,,,,,
2024-12-09,2031-01-01,14.5345,875.329532,1517,1087.32,3.7672,,,,,
2024-12-09,2033-01-01,14.2717,853.446991,2021,1303.61,4.527,,,,,
2024-12-09,2035-01-01,14.1779,834.705877,2520,1465.75,5.0942,,,,,
2024-12-10,2025-01-01,11.9683,1041.775205,15,15.0,0.0532,,,,,
2024-12-10,2027-01-01,14.6718,967.863665,516,457.15,1.582,,,,,
2024-12-10,2029-01-01,14.4003,920.315146,1015,810.64,2.8119,,,,,
2024-12-10,2031-01-01,14.152,888.544863,1516,1090.19,3.7898,,,,,
2024-12-10,2033-01-01,13.88,869.234925,2020,1310.18,4.5654,,,,,
2024-12-10,2035-01-01,13.7626,853.100574,2519,1477.4,5.1535,,,,,
2024-12-11,2025-01-01,12.0299,1042.210797,14,14.0,0.0496,,,,,
2024-12-11,2027-01-01,14.4717,971.456372,515,456.28,1.5817,,,,,
2024-12-11,2029-01-01,14.2122,925.689989,1014,810.36,2.8156,,,,,
2024-12-11,2031-01-01,13.9841,894.690015,1515,1090.89,3.7978,,,,,
2024-12-11,2033-01-01,13.7256,875.841969,2019,1312.16,4.5786,,,,,
2024-12-11,2035-01-01,13.6181,859.92628,2518,1480.81,5.1719,,,,,
2024-12-12,2025-01-01,12.1898,1042.603992,13,13.0,0.046,,,,,
2024-12-12,2027-01-01,14.6951,968.560382,514,455.14,1.5747,,,,,
2024-12-12,2029-01-01,14.2976,923.957976,1013,809.03,2.8089,,,,,
2024-12-12,2031-01-01,14.0786,891.953583,1514,1088.94,3.7879,,,,,
2024-12-12,2033-01-01,13.7813,874.060347,2018,1310.09,4.5691,,,,,
2024-12-12,2035-01-01,13.6801,857.612024,2517,1477.92,5.159,,,,,
2024-12-13,2025-01-01,12.1976,1043.076529,12,12.0,0.0424,,,,,
2024-12-13,2027-01-01,15.0385,963.881822,513,453.91,1.5658,,,,,
2024-12-13,2029-01-01,14.7148,913.721299,1012,806.45,2.7897,,,,,
2024-12-13,2031-01-01,14.4685,879.394135,1513,1083.99,3.7578,,,,,
2024-12-13,2033-01-01,14.158,859.662009,2017,1301.81,4.5252,,,,,
2024-12-13,2035-01-01,14.0514,841.867484,2516,1465.6,5.0994,,,,,
2024-12-16,2025-01-01,12.2117,1043.547299,11,11.0,0.0389,,,,,
2024-12-16,2027-01-01,15.3838,959.2382,512,452.68,1.5568,,,,,
2024-12-16,2029-01-01,15.2228,901.413867,1011,803.51,2.7673,,,,,
2024-12-16,2031-01-01,14.9818,863.149069,1512,1077.78,3.7197,,,,,
2024-12-16,2033-01-01,14.6765,840.303151,2016,1290.77,4.4666,,,,,
2024-12-16,2035-01-01,14.5845,819.907491,2515,1448.39,5.016,,,,,
2024-12-17,2025-01-01,12.218,1044.022204,10,10.0,0.0354,,,,,
2024-12-17,2027-01-01,15.3753,959.909784,511,451.68,1.5535,,,,,
2024-12-17,2029-01-01,15.2194,902.005627,1010,802.52,2.764,,,,,
2024-12-17,2031-01-01,14.9791,863.714032,1511,1076.81,3.7164,,,,,
2024-12-17,2033-01-01,14.67,841.003885,2015,1289.9,4.4638,,,,,
2024-12-17,2035-01-01,14.5533,821.635123,2514,1448.34,5.0172,,,,,
2024-12-18,2025-01-01,12.2252,1044.49749,9,9.0,0.0318,,,,,
2024-12-18,2027-01-01,15.9188,952.419134,510,450.32,1.5416,,,,,
2024-12-18,2029-01-01,15.7457,889.540982,1009,799.51,2.7411,,,,,
2024-12-18,2031-01-01,15.5147,847.258219,1510,1070.36,3.677,,,,,
2024-12-18,2033-01-01,15.2033,821.804522,2014,1278.57,4.4041,,,,,
2024-12-18,2035-01-01,15.0689,801.257271,2513,1431.7,4.9373,,,,,
2024-12-19,2025-01-01,12.2392,1044.971515,8,8.0,0.0283,,,,,
2024-12-19,2027-01-01,15.2814,962.397331,509,449.75,1.5481,,,,,
2024-12-19,2029-01-01,15.0868,906.330699,1008,801.03,2.762,,,,,
2024-12-19,2031-01-01,14.896,867.342914,1509,1075.66,3.7151,,,,,
2024-12-19,2033-01-01,14.6422,842.962201,2013,1288.44,4.4598,,,,,
2024-12-19,2035-01-01,14.4818,825.476583,2512,1448.51,5.0209,,,,,
2024-12-20,2025-01-01,12.2467,1045.448473,7,7.0,0.0247,,,,,
2024-12-20,2027-01-01,14.9736,967.537038,508,448.95,1.5495,,,,,
2024-12-20,2029-01-01,14.7024,916.528527,1007,801.5,2.7729,,,,,
2024-12-20,2031-01-01,14.4727,881.616568,1508,1078.95,3.7402,,,,,
2024-12-20,2033-01-01,14.2044,860.123565,2012,1295.91,4.5029,,,,,
2024-12-20,2035-01-01,14.0503,844.113727,2511,1460.64,5.0821,,,,,
2024-12-23,2025-01-01,12.2483,1045.927512,6,6.0,0.0212,,,,,
2024-12-23,2027-01-01,15.4319,961.253537,507,447.65,1.5389,,,,,
2024-12-23,2029-01-01,15.1355,906.125816,1006,798.84,2.7533,,,,,
2024-12-23,2031-01-01,14.87,869.137039,1507,1073.92,3.7099,,,,,
2024-12-23,2033-01-01,14.5836,846.083312,2011,1287.57,4.4591,,,,,
2024-12-23,2035-01-01,14.4064,829.49665,2510,1448.8,5.0253,,,,,
2024-12-24,2025-01-01,12.2483,1046.407184,5,5.0,0.0177,,,,,
2024-12-24,2027-01-01,15.4319,961.801113,506,446.65,1.5355,,,,,
2024-12-24,2029-01-01,15.1355,906.632739,1005,797.84,2.7498,,,,,
2024-12-24,2031-01-01,14.87,869.615302,1506,1072.92,3.7065,,,,,
2024-12-24,2033-01-01,14.5836,846.540503,2010,1286.57,4.4557,,,,,
2024-12-24,2035-01-01,14.4064,829.939782,2509,1447.8,5.0218,,,,,
2024-12-26,2025-01-01,12.2423,1046.887965,4,4.0,0.0141,,,,,
2024-12-26,2027-01-01,15.6232,959.535449,505,445.52,1.529,,,,,
2024-12-26,2029-01-01,15.42,900.093077,1004,795.76,2.7359,,,,,
2024-12-26,2031-01-01,15.195,859.715698,1505,1068.62,3.6812,,,,,
2024-12-26,2033-01-01,14.9219,834.386715,2009,1279.02,4.4165,,,,,
2024-12-26,2035-01-01,14.7392,816.697489,2508,1436.69,4.9688,,,,,
2024-12-27,2025-01-01,12.2372,1047.368423,3,3.0,0.0106,,,,,
2024-12-27,2027-01-01,15.7464,958.28663,504,444.44,1.5237,,,,,
2024-12-27,2029-01-01,15.6888,894.026745,1003,793.73,2.7226,,,,,
2024-12-27,2031-01-01,15.4971,850.720067,1504,1064.54,3.6576,,,,,
2024-12-27,2033-01-01,15.2634,822.410536,2008,1271.41,4.3772,,,,,
2024-12-27,2035-01-01,15.0856,803.279831,2507,1425.19,4.9142,,,,,
2024-12-30,2025-01-01,12.2434,1047.847886,2,2.0,0.0071,,,,,
2024-12-30,2027-01-01,15.9428,955.987028,503,443.31,1.5173,,,,,
2024-12-30,2029-01-01,15.911,889.163451,1002,791.88,2.711,,,,,
2024-12-30,2031-01-01,15.6813,845.505992,1503,1061.67,3.6419,,,,,
2024-12-30,2033-01-01,15.4176,817.35338,2007,1267.42,4.3576,,,,,
2024-12-30,2035-01-01,15.2095,798.861495,2506,1420.44,4.8925,,,,,
2024-12-31,2025-01-01,12.2434,1048.328257,1,1.0,0.0035,,,,,
2024-12-31,2027-01-01,15.9428,956.548368,502,442.31,1.5138,,,,,
2024-12-31,2029-01-01,15.911,889.684584,1001,790.88,2.7076,,,,,
2024-12-31,2031-01-01,15.6813,845.994879,1502,1060.67,3.6384,,,,,
2024-12-31,2033-01-01,15.4176,817.818582,2006,1266.42,4.3542,,,,,
2024-12-31,2035-01-01,15.2095,799.310449,2505,1419.44,4.8891,,,,,
2025-01-02,2027-01-01,15.7078,911.708531,501,465.1,1.5951,,,,,
2025-01-02,2029-01-01,15.6824,846.92579,1000,836.33,2.8688,,,,,
2025-01-02,2031-01-01,15.4706,804.195857,1501,1126.26,3.8705,,,,,
2025-01-02,2033-01-01,15.2196,776.57162,2005,1349.03,4.6462,,,,,
2025-01-02,2035-01-01,15.0179,758.494176,2504,1515.89,5.23,,,,,
2025-01-03,2027-01-01,15.4848,915.483531,500,464.17,1.595,,,,,
2025-01-03,2029-01-01,15.4445,853.220216,999,835.98,2.8736,,,,,
2025-01-03,2031-01-01,15.2389,811.910642,1500,1127.18,3.8815,,,,,
2025-01-03,2033-01-01,14.9712,786.044976,2004,1352.23,4.6672,,,,,
2025-01-03,2035-01-01,14.7606,769.225945,2503,1521.96,5.2627,,,,,
2025-01-06,2027-01-01,15.3375,918.158121,499,463.22,1.5937,,,,,
2025-01-06,2029-01-01,15.2251,859.10652,998,835.58,2.8777,,,,,
2025-01-06,2031-01-01,14.9895,820.27878,1499,1128.25,3.8936,,,,,
2025-01-06,2033-01-01,14.7389,795.068507,2003,1355.14,4.6868,,,,,
2025-01-06,2035-01-01,14.519,779.520211,2502,1527.6,5.2934,,,,,
2025-01-07,2027-01-01,15.3937,917.857688,498,462.2,1.5894,,,,,
2025-01-07,2029-01-01,15.318,857.298893,997,834.32,2.871,,,,,
2025-01-07,2031-01-01,15.109,816.930715,1498,1126.26,3.8827,,,,,
2025-01-07,2033-01-01,14.8473,791.47871,2002,1352.32,4.6726,,,,,
2025-01-07,2035-01-01,14.648,774.644633,2501,1523.05,5.2717,,,,,
2025-01-08,2027-01-01,15.373,918.680925,497,461.21,1.5863,,,,,
2025-01-08,2029-01-01,15.399,855.794754,996,833.1,2.8648,,,,,
2025-01-08,2031-01-01,15.238,813.311077,1497,1124.19,3.8712,,,,,
2025-01-08,2033-01-01,15.0006,786.274657,2001,1348.73,4.654,,,,,
2025-01-08,2035-01-01,14.825,767.888224,2500,1517.19,5.2433,,,,,
2025-01-09,2027-01-01,15.2542,920.933503,496,460.24,1.5846,,,,,
2025-01-09,2029-01-01,15.238,860.238928,995,832.54,2.8669,,,,,
2025-01-09,2031-01-01,15.1435,816.75099,1496,1123.97,3.8736,,,,,
2025-01-09,2033-01-01,14.9395,788.95092,2000,1348.76,4.6566,,,,,
2025-01-09,2035-01-01,14.805,769.115377,2499,1516.74,5.2426,,,,,
2025-01-10,2027-01-01,15.3858,919.538239,495,459.2,1.5792,,,,,
2025-01-10,2029-01-01,15.463,855.203033,994,830.93,2.8557,,,,,
2025-01-10,2031-01-01,15.3909,809.436278,1495,1120.92,3.8548,,,,,
2025-01-10,2033-01-01,15.1944,780.104513,1999,1343.46,4.628,,,,,
2025-01-10,2035-01-01,15.06,759.35897,2498,1508.73,5.2034,,,,,
2025-01-13,2027-01-01,15.2367,922.226364,494,458.25,1.578,,,,,
2025-01-13,2029-01-01,15.3955,857.340837,993,830.11,2.8546,,,,,
2025-01-13,2031-01-01,15.3714,810.504799,1494,1120.08,3.8526,,,,,
2025-01-13,2033-01-01,15.2131,779.86794,1998,1342.14,4.6227,,,,,
2025-01-13,2035-01-01,15.0907,758.57037,2497,1506.89,5.1957,,,,,
2025-01-14,2027-01-01,15.1535,923.955614,493,457.28,1.5758,,,,,
2025-01-14,2029-01-01,15.2625,861.08986,992,829.48,2.8557,,,,,
2025-01-14,2031-01-01,15.2136,815.911845,1493,1120.39,3.8589,,,,,
2025-01-14,2033-01-01,15.0505,786.199419,1997,1343.89,4.6353,,,,,
2025-01-14,2035-01-01,14.9322,765.279057,2496,1510.24,5.2144,,,,,
2025-01-15,2027-01-01,14.9613,927.273666,492,456.34,1.5752,,,,,
2025-01-15,2029-01-01,14.9367,869.634839,991,829.37,2.8634,,,,,
2025-01-15,2031-01-01,14.8844,826.825918,1492,1122.12,3.8759,,,,,
2025-01-15,2033-01-01,14.7371,798.177774,1996,1348.17,4.6627,,,,,
2025-01-15,2035-01-01,14.6448,777.300561,2495,1517.14,5.2514,,,,,
2025-01-16,2027-01-01,15.1106,925.613759,491,455.29,1.5695,,,,,
2025-01-16,2029-01-01,15.1558,864.687207,990,827.77,2.8525,,,,,
2025-01-16,2031-01-01,15.153,818.739312,1491,1118.89,3.8558,,,,,
2025-01-16,2033-01-01,14.9836,789.517308,1995,1343.02,4.6349,,,,,
2025-01-16,2035-01-01,14.9401,765.809726,2494,1508.03,5.2064,,,,,
2025-01-17,2027-01-01,15.1626,925.377068,490,454.27,1.5653,,,,,
2025-01-17,2029-01-01,15.2713,862.331235,989,826.45,2.8451,,,,,
2025-01-17,2031-01-01,15.3203,813.942177,1490,1116.51,3.842,,,,,
2025-01-17,2033-01-01,15.1964,782.224869,1994,1338.43,4.6106,,,,,
2025-01-17,2035-01-01,15.1669,757.271614,2493,1500.8,5.1712,,,,,
2025-01-20,2027-01-01,15.0711,927.220362,489,453.3,1.5632,,,,,
2025-01-20,2029-01-01,15.0933,867.19768,988,825.94,2.8477,,,,,
2025-01-20,2031-01-01,15.1491,819.779677,1489,1116.93,3.8491,,,,,
2025-01-20,2033-01-01,15.041,788.297037,1993,1340.05,4.6224,,,,,
2025-01-20,2035-01-01,15.0375,762.78878,2492,1503.35,5.1859,,,,,
2025-01-21,2027-01-01,15.0981,927.34645,488,452.3,1.5594,,,,,
2025-01-21,2029-01-01,15.137,866.604033,987,824.82,2.8428,,,,,
2025-01-21,2031-01-01,15.187,819.044403,1488,1115.61,3.8433,,,,,
2025-01-21,2033-01-01,15.0728,787.5782,1992,1338.51,4.6158,,,,,
2025-01-21,2035-01-01,15.0787,761.586002,2491,1501.22,5.1767,,,,,
2025-01-22,2027-01-01,15.0656,928.333441,487,451.31,1.5564,,,,,
2025-01-22,2029-01-01,15.0873,868.313712,986,823.96,2.841,,,,,
2025-01-22,2031-01-01,15.111,821.900604,1487,1115.24,3.8446,,,,,
2025-01-22,2033-01-01,14.9556,792.293768,1991,1339.49,4.6239,,,,,
2025-01-22,2035-01-01,14.969,766.353722,2490,1503.23,5.1885,,,,,
2025-01-23,2027-01-01,15.2303,926.47967,486,450.25,1.5506,,,,,
2025-01-23,2029-01-01,15.2507,864.783019,985,822.51,2.832,,,,,
2025-01-23,2031-01-01,15.3012,816.382684,1486,1112.66,3.8294,,,,,
2025-01-23,2033-01-01,15.1653,785.105309,1990,1334.95,4.5998,,,,,
2025-01-23,2035-01-01,15.189,758.106592,2489,1496.19,5.1544,,,,,
2025-01-24,2027-01-01,15.3141,925.800417,485,449.23,1.5459,,,,,
2025-01-24,2029-01-01,15.2786,864.587783,984,821.43,2.8276,,,,,
2025-01-24,2031-01-01,15.32,816.256825,1485,1111.51,3.8248,,,,,
2025-01-24,2033-01-01,15.1579,785.812592,1989,1334.07,4.5971,,,,,
2025-01-24,2035-01-01,15.201,758.063469,2488,1494.86,5.1493,,,,,
2025-01-27,2027-01-01,15.2786,926.831497,484,448.24,1.543,,,,,
2025-01-27,2029-01-01,15.1861,867.339846,983,820.68,2.8273,,,,,
2025-01-27,2031-01-01,15.2022,820.40696,1484,1111.49,3.8286,,,,,
2025-01-27,2033-01-01,15.0411,790.488012,1988,1335.05,4.6051,,,,,
2025-01-27,2035-01-01,15.0734,763.494604,2487,1497.37,5.1636,,,,,
2025-01-28,2027-01-01,15.2257,928.110319,483,447.25,1.5403,,,,,
2025-01-28,2029-01-01,15.1598,868.471443,982,819.76,2.8248,,,,,
2025-01-28,2031-01-01,15.1939,821.128491,1483,1110.55,3.8257,,,,,
2025-01-28,2033-01-01,15.0498,790.611116,1987,1333.9,4.6008,,,,,
2025-01-28,2035-01-01,15.0905,763.246479,2486,1495.9,5.1578,,,,,
2025-01-29,2027-01-01,15.3212,927.27109,482,446.22,1.5355,,,,,
2025-01-29,2029-01-01,15.2551,866.626111,981,818.5,2.8181,,,,,
2025-01-29,2031-01-01,15.2858,818.710763,1482,1108.79,3.8166,,,,,
2025-01-29,2033-01-01,15.1355,787.94334,1986,1331.45,4.589,,,,,
2025-01-29,2035-01-01,15.1632,760.818817,2485,1492.9,5.1442,,,,,
2025-01-30,2027-01-01,14.8706,934.236511,481,445.37,1.5385,,,,,
2025-01-30,2029-01-01,14.8797,876.346138,980,818.52,2.8274,,,,,
2025-01-30,2031-01-01,14.967,829.217896,1481,1110.44,3.8328,,,,,
2025-01-30,2033-01-01,14.8757,797.858926,1985,1334.84,4.611,,,,,
2025-01-30,2035-01-01,14.927,770.574861,2484,1498.39,5.1737,,,,,
2025-01-31,2027-01-01,14.917,934.085193,480,444.35,1.5344,,,,,
2025-01-31,2029-01-01,14.8212,878.278896,979,817.68,2.8259,,,,,
2025-01-31,2031-01-01,14.852,833.342161,1480,1110.39,3.8365,,,,,
2025-01-31,2033-01-01,14.7277,803.769175,1984,1336.33,4.6222,,,,,
2025-01-31,2035-01-01,14.769,777.338078,2483,1501.73,5.1924,,,,,
2025-02-03,2027-01-01,14.8273,935.885604,479,443.38,1.5323,,,,,
2025-02-03,2029-01-01,14.6408,883.251438,978,817.17,2.8286,,,,,
2025-02-03,2031-01-01,14.665,839.807303,1479,1110.94,3.8447,,,,,
2025-02-03,2033-01-01,14.5402,811.216323,1983,1338.49,4.6372,,,,,
2025-02-03,2035-01-01,14.5764,785.595394,2482,1506.02,5.216,,,,,
2025-02-04,2027-01-01,14.8371,936.258938,478,442.38,1.5287,,,,,
2025-02-04,2029-01-01,14.5694,885.515661,977,816.37,2.8276,,,,,
2025-02-04,2031-01-01,14.5787,843.055475,1478,1110.65,3.8466,,,,,
2025-02-04,2033-01-01,14.4548,814.87465,1982,1338.93,4.6422,,,,,
2025-02-04,2035-01-01,14.4947,789.377915,2481,1507.27,5.224,,,,,
2025-02-05,2027-01-01,14.9657,934.938581,477,441.34,1.5234,,,,,
2025-02-05,2029-01-01,14.7583,881.285082,976,814.85,2.8177,,,,,
2025-02-05,2031-01-01,14.784,836.892832,1477,1107.95,3.8304,,,,,
2025-02-05,2033-01-01,14.6487,808.025916,1981,1334.66,4.6196,,,,,
2025-02-05,2035-01-01,14.709,781.040483,2480,1500.38,5.1904,,,,,
2025-02-06,2027-01-01,14.9973,935.007028,476,440.33,1.5195,,,,,
2025-02-06,2029-01-01,14.81,880.48502,975,813.71,2.8125,,,,,
2025-02-06,2031-01-01,14.8564,835.035406,1476,1106.35,3.8224,,,,,
2025-02-06,2033-01-01,14.7133,806.058764,1980,1332.57,4.6097,,,,,
2025-02-06,2035-01-01,14.7711,778.954895,2479,1497.67,5.1783,,,,,
2025-02-07,2027-01-01,15.1855,932.862647,475,439.27,1.5133,,,,,
2025-02-07,2029-01-01,14.9937,876.438458,974,812.21,2.8028,,,,,
2025-02-07,2031-01-01,15.0199,830.300801,1475,1104.0,3.8089,,,,,
2025-02-07,2033-01-01,14.8879,800.049634,1979,1328.63,4.5891,,,,,
2025-02-07,2035-01-01,14.9227,773.302996,2478,1492.5,5.1536,,,,,
2025-02-10,2027-01-01,15.1637,933.693444,474,438.27,1.5102,,,,,
2025-02-10,2029-01-01,15.0437,875.698298,973,811.07,2.7977,,,,,
2025-02-10,2031-01-01,15.1025,828.15653,1474,1102.31,3.8003,,,,,
2025-02-10,2033-01-01,14.9511,798.175364,1978,1326.56,4.5795,,,,,
2025-02-10,2035-01-01,14.9881,771.130553,2477,1489.71,5.141,,,,,
2025-02-11,2027-01-01,15.0375,935.995861,473,437.31,1.5085,,,,,
2025-02-11,2029-01-01,14.9356,878.837727,972,810.37,2.7979,,,,,
2025-02-11,2031-01-01,15.0076,831.612285,1473,1102.1,3.8027,,,,,
2025-02-11,2033-01-01,14.8728,801.485817,1977,1326.89,4.5837,,,,,
2025-02-11,2035-01-01,14.9116,774.59956,2476,1490.81,5.1482,,,,,
2025-02-12,2027-01-01,15.0292,936.633334,472,436.32,1.5052,,,,,
2025-02-12,2029-01-01,15.0369,876.839215,971,809.09,2.791,,,,,
2025-02-12,2031-01-01,15.1084,828.895983,1472,1100.26,3.7931,,,,,
2025-02-12,2033-01-01,14.97,798.368393,1976,1324.25,4.5707,,,,,
2025-02-12,2035-01-01,14.9943,771.740074,2475,1487.54,5.1332,,,,,
2025-02-13,2027-01-01,14.9264,938.602486,471,435.35,1.5032,,,,,
2025-02-13,2029-01-01,14.9406,879.686418,970,808.36,2.7908,,,,,
2025-02-13,2031-01-01,15.0486,831.241453,1471,1099.76,3.7933,,,,,
2025-02-13,2033-01-01,14.9278,800.352268,1975,1323.96,4.5714,,,,,
2025-02-13,2035-01-01,14.9426,774.220083,2474,1487.96,5.137,,,,,
2025-02-14,2027-01-01,14.771,941.3137,470,434.4,1.502,,,,,
2025-02-14,2029-01-01,14.6714,886.812717,969,808.09,2.7964,,,,,
2025-02-14,2031-01-01,14.763,840.776194,1470,1101.12,3.8074,,,,,
2025-02-14,2033-01-01,14.6422,811.342385,1974,1327.77,4.596,,,,,
2025-02-14,2035-01-01,14.6826,785.093836,2473,1494.1,5.1699,,,,,
2025-02-17,2027-01-01,14.555,944.885001,469,433.47,1.5016,,,,,
2025-02-17,2029-01-01,14.4172,893.626353,968,807.78,2.8016,,,,,
2025-02-17,2031-01-01,14.5035,849.598687,1469,1102.27,3.82,,,,,
2025-02-17,2033-01-01,14.3686,822.077292,1973,1331.38,4.6195,,,,,
2025-02-17,2035-01-01,14.401,797.07699,2472,1500.85,5.206,,,,,
2025-02-18,2027-01-01,14.541,945.592961,468,432.48,1.4983,,,,,
2025-02-18,2029-01-01,14.4171,894.106581,967,806.78,2.7981,,,,,
2025-02-18,2031-01-01,14.5114,849.799174,1468,1101.2,3.8161,,,,,
2025-02-18,2033-01-01,14.3793,822.109275,1972,1330.2,4.615,,,,,
2025-02-18,2035-01-01,14.421,796.673499,2471,1499.3,5.1997,,,,,
2025-02-19,2027-01-01,14.655,944.4925,467,431.44,1.4932,,,,,
2025-02-19,2029-01-01,14.5909,890.254565,966,805.31,2.7888,,,,,
2025-02-19,2031-01-01,14.6859,844.626196,1467,1098.76,3.8018,,,,,
2025-02-19,2033-01-01,14.5564,815.869933,1971,1326.22,4.594,,,,,
2025-02-19,2035-01-01,14.6,789.737589,2470,1493.37,5.1711,,,,,
2025-02-20,2027-01-01,14.6008,945.768755,466,430.46,1.4905,,,,,
2025-02-20,2029-01-01,14.5863,890.849985,965,804.32,2.7855,,,,,
2025-02-20,2031-01-01,14.7435,843.239545,1466,1097.29,3.7948,,,,,
2025-02-20,2033-01-01,14.6338,813.417133,1970,1323.91,4.583,,,,,
2025-02-20,2035-01-01,14.708,785.773539,2469,1489.4,5.1525,,,,,
2025-02-21,2027-01-01,14.355,949.74961,465,429.54,1.4905,,,,,
2025-02-21,2029-01-01,14.4225,895.406489,964,803.77,2.7875,,,,,
2025-02-21,2031-01-01,14.6281,847.402818,1465,1097.24,3.7985,,,,,
2025-02-21,2033-01-01,14.5618,816.548087,1969,1324.13,4.5866,,,,,
2025-02-21,2035-01-01,14.6652,787.937072,2468,1489.58,5.155,,,,,
2025-02-24,2027-01-01,14.4985,948.231036,464,428.49,1.485,,,,,
2025-02-24,2029-01-01,14.4941,894.102038,963,802.57,2.7816,,,,,
2025-02-24,2031-01-01,14.6899,845.876846,1464,1095.73,3.7912,,,,,
2025-02-24,2033-01-01,14.6041,815.407089,1968,1322.42,4.579,,,,,
2025-02-24,2035-01-01,14.706,786.710707,2467,1487.46,5.1459,,,,,
2025-02-25,2027-01-01,14.4625,949.246877,463,427.5,1.4821,14.472,-0.95,-1.37,99.9056,99.9344
2025-02-25,2029-01-01,14.5292,893.710671,962,801.48,2.777,14.399,13.02,12.64,100.8775,100.9042
2025-02-25,2031-01-01,14.7574,844.177134,1463,1094.17,3.7836,14.526,23.14,25.31,101.7448,101.593
2025-02-25,2033-01-01,14.6931,812.535906,1967,1319.92,4.5668,14.547,14.61,16.97,101.1687,101.0043
2025-02-25,2035-01-01,14.7775,784.253099,2466,1484.49,5.1324,14.515,26.25,27.34,101.8852,101.8085
2025-02-26,2027-01-01,14.7349,945.943057,462,426.41,1.4748,14.74,-0.51,-0.34,99.977,99.9654
2025-02-26,2029-01-01,14.8234,886.938145,961,799.68,2.7636,14.69,13.34,13.36,100.9097,100.9081
2025-02-26,2031-01-01,14.9856,837.397048,1462,1091.28,3.7661,14.757,22.86,24.12,101.6359,101.5491
2025-02-26,2033-01-01,14.8799,806.091265,1966,1315.77,4.545,14.733,14.69,14.96,101.0157,100.9971
2025-02-26,2035-01-01,14.935,778.382413,2465,1479.17,5.107,14.677,25.8,24.05,101.6365,101.7579
2025-02-27,2027-01-01,14.7735,945.921884,461,425.4,1.4708,14.777,-0.35,-0.26,99.9823,99.9763
2025-02-27,2029-01-01,14.8593,886.546044,960,798.58,2.759,14.725,13.43,13.39,100.909,100.9121
2025-02-27,2031-01-01,15.0346,836.318462,1461,1089.88,3.7597,14.818,21.66,23.39,101.5806,101.4617
2025-02-27,2033-01-01,14.9536,803.842189,1965,1313.52,4.5343,14.803,15.06,15.95,101.0781,101.0174
2025-02-27,2035-01-01,14.9987,776.286909,2464,1476.42,5.0947,14.746,25.27,24.05,101.6298,101.7137
2025-02-28,2027-01-01,15.0327,942.850821,460,424.32,1.4638,15.033,-0.03,0.64,100.0426,99.998
2025-02-28,2029-01-01,15.1755,879.353067,959,796.71,2.745,15.042,13.35,14.17,100.9428,100.8875
2025-02-28,2031-01-01,15.3637,826.530424,1460,1086.14,3.7361,15.154,20.97,23.74,101.5695,101.3838
2025-02-28,2033-01-01,15.277,792.628038,1964,1307.06,4.4994,15.127,15.0,16.43,101.0871,100.9916
2025-02-28,2035-01-01,15.2954,765.11962,2463,1467.27,5.0501,15.05,24.54,22.98,101.5255,101.6306
2025-03-05,2027-01-01,14.771,946.991544,459,423.4,1.4639,14.771,0.0,0.04,100.003,100.0
2025-03-05,2029-01-01,14.8889,886.798777,958,796.5,2.7511,14.753,13.59,13.79,100.9347,100.9212
2025-03-05,2031-01-01,15.0576,836.526428,1459,1087.68,3.7513,14.848,20.96,22.92,101.5454,101.4116
2025-03-05,2033-01-01,14.984,803.625284,1963,1311.01,4.5245,14.834,15.0,16.22,101.0947,101.0112
2025-03-05,2035-01-01,15.0029,776.982352,2462,1474.3,5.0872,14.759,24.39,22.77,101.5412,101.6526
2025-03-06,2027-01-01,14.768,947.550922,458,422.4,1.4605,14.768,0.0,0.04,100.003,100.0
2025-03-06,2029-01-01,14.9526,885.736324,957,795.32,2.7455,14.814,13.86,14.75,100.9963,100.9356
2025-03-06,2031-01-01,15.133,834.631688,1458,1086.06,3.7433,14.923,21.0,23.78,101.5964,101.4072
2025-03-06,2033-01-01,15.058,801.387235,1962,1308.76,4.5138,14.908,15.0,16.82,101.1296,101.0062
2025-03-06,2035-01-01,15.076,774.53268,2461,1471.29,5.0736,14.836,24.0,23.1,101.5558,101.6177
2025-03-07,2027-01-01,14.58,950.671882,457,421.46,1.4597,14.583,-0.3,-0.93,99.936,99.9794
2025-03-07,2029-01-01,14.7041,892.294826,956,795.0,2.7504,14.566,13.81,13.81,100.9482,100.9481
2025-03-07,2031-01-01,14.902,842.35798,1457,1086.97,3.754,14.692,21.0,23.42,101.5966,101.4293
2025-03-07,2033-01-01,14.838,809.848559,1961,1311.47,4.5318,14.688,15.0,16.9,101.152,101.0212
2025-03-07,2035-01-01,14.8586,783.579387,2460,1476.27,5.1004,14.623,23.56,22.89,101.5649,101.6112
2025-03-10,2027-01-01,14.6981,949.55198,456,420.42,1.4546,14.701,-0.29,-0.62,99.9581,99.9803
2025-03-10,2029-01-01,14.8328,889.632539,955,793.65,2.7426,14.697,13.58,13.9,100.946,100.924
2025-03-10,2031-01-01,15.0275,838.868723,1456,1084.93,3.7428,14.82,20.75,23.36,101.5788,101.4001
2025-03-10,2033-01-01,14.96,805.834947,1960,1308.41,4.5165,14.81,15.0,16.84,101.1388,101.0128
2025-03-10,2035-01-01,14.9861,778.940664,2459,1471.76,5.0792,14.747,23.91,23.31,101.58,101.6213
2025-03-11,2027-01-01,14.5374,952.288609,455,419.48,1.4533,14.541,-0.36,-1.13,99.9226,99.9752
2025-03-11,2029-01-01,14.6104,895.567357,954,793.26,2.7466,14.47,14.04,13.44,100.9282,100.9703
2025-03-11,2031-01-01,14.7977,846.592148,1455,1085.84,3.7535,14.59,20.77,22.69,101.5575,101.4236
2025-03-11,2033-01-01,14.7332,814.596398,1959,1311.24,4.5352,14.584,14.92,16.31,101.1191,101.023
2025-03-11,2035-01-01,14.77,787.993704,2458,1476.7,5.1058,14.53,24.0,23.35,101.606,101.6518
2025-03-12,2027-01-01,14.592,952.047903,454,418.46,1.4491,14.598,-0.6,-1.09,99.9251,99.9589
2025-03-12,2029-01-01,14.719,893.388506,953,791.96,2.7395,14.58,13.9,14.0,100.9602,100.9534
2025-03-12,2031-01-01,14.9395,842.568814,1454,1083.66,3.7413,14.727,21.25,24.19,101.6459,101.4429
2025-03-12,2033-01-01,14.884,809.498953,1958,1307.7,4.517,14.735,14.9,17.54,101.1926,101.0112
2025-03-12,2035-01-01,14.9295,782.04811,2457,1471.32,5.0801,14.687,24.25,24.94,101.6992,101.6511
2025-03-13,2027-01-01,14.488,953.996558,453,417.49,1.4471,14.497,-0.9,-1.91,99.8686,99.9379
2025-03-13,2029-01-01,14.5605,897.763991,952,791.39,2.7413,14.421,13.95,13.31,100.9225,100.9673
2025-03-13,2031-01-01,14.786,847.891508,1453,1083.93,3.7473,14.571,21.5,23.9,101.6431,101.4755
2025-03-13,2033-01-01,14.7381,815.304522,1957,1309.16,4.5278,14.589,14.91,17.37,101.1925,101.022
2025-03-13,2035-01-01,14.7785,788.513935,2456,1474.47,5.0977,14.531,24.75,24.9,101.7137,101.7033
2025-03-14,2027-01-01,14.5451,953.722641,452,416.47,1.4428,14.557,-1.19,-2.02,99.8613,99.9183
2025-03-14,2029-01-01,14.576,897.867322,951,790.35,2.7373,14.436,14.0,13.01,100.9003,100.9698
2025-03-14,2031-01-01,14.8,847.911135,1452,1082.82,3.7429,14.585,21.5,23.65,101.624,101.4741
2025-03-14,2033-01-01,14.7491,815.343616,1956,1307.97,4.5232,14.595,15.41,17.43,101.1958,101.0558
2025-03-14,2035-01-01,14.7875,788.583749,2455,1473.22,5.093,14.541,24.65,24.57,101.6897,101.6952
2025-03-17,2027-01-01,14.4551,955.474189,451,415.5,1.4406,14.47,-1.49,-2.77,99.8089,99.897
2025-03-17,2029-01-01,14.426,902.047153,950,789.76,2.7389,14.286,14.0,12.27,100.8581,100.98
2025-03-17,2031-01-01,14.6704,852.501574,1451,1082.89,3.7474,14.457,21.34,23.35,101.6175,101.4761
2025-03-17,2033-01-01,14.6298,820.205257,1955,1308.98,4.5314,14.478,15.18,17.39,101.2032,101.0485
2025-03-17,2035-01-01,14.6789,793.395102,2454,1475.2,5.1047,14.436,24.29,24.86,101.723,101.6826
2025-03-18,2027-01-01,14.406,956.661198,450,414.52,1.4378,14.424,-1.8,-3.26,99.7743,99.8752
2025-03-18,2029-01-01,14.328,904.953744,949,789.03,2.7387,14.188,14.0,11.67,100.8213,100.9867
2025-03-18,2031-01-01,14.5644,856.359547,1450,1082.77,3.7505,14.347,21.74,23.05,101.608,101.5153
2025-03-18,2033-01-01,14.5311,824.329489,1954,1309.65,4.5376,14.38,15.11,17.1,101.1909,101.0508
2025-03-18,2035-01-01,14.5809,797.81022,2453,1476.9,5.1149,14.334,24.69,24.91,101.7382,101.7225
2025-03-19,2027-01-01,14.3802,957.526565,449,413.53,1.4347,14.398,-1.78,-3.27,99.7733,99.8764
2025-03-19,2029-01-01,14.264,907.021713,948,788.2,2.7373,14.124,14.0,11.24,100.7946,100.9912
2025-03-19,2031-01-01,14.5116,858.519283,1449,1082.2,3.7502,14.292,21.96,23.15,101.6208,101.5365
2025-03-19,2033-01-01,14.4832,826.567601,1953,1309.45,4.5389,14.333,15.02,17.09,101.1938,101.0479
2025-03-19,2035-01-01,14.548,799.585361,2452,1476.8,5.116,14.298,25.0,25.65,101.7946,101.7485
2025-03-20,2027-01-01,14.6342,954.565024,448,412.45,1.4277,14.652,-1.78,-2.8,99.8092,99.8785
2025-03-20,2029-01-01,14.551,900.421594,947,786.42,2.7243,14.411,14.0,11.81,100.818,100.9715
2025-03-20,2031-01-01,14.7882,850.144835,1448,1078.92,3.7298,14.563,22.52,23.81,101.6367,101.5464
2025-03-20,2033-01-01,14.752,817.019241,1952,1303.92,4.5091,14.602,15.0,16.98,101.1645,101.0273
2025-03-20,2035-01-01,14.81,789.409535,2451,1468.6,5.076,14.555,25.5,25.61,101.7599,101.752
2025-03-21,2027-01-01,14.7476,953.541991,447,411.41,1.4228,14.766,-1.84,-2.67,99.8195,99.8754
2025-03-21,2029-01-01,14.673,897.923821,946,785.09,2.7168,14.533,14.0,11.84,100.8137,100.9633
2025-03-21,2031-01-01,14.8829,847.61615,1447,1077.13,3.7206,14.66,22.29,23.14,101.579,101.5205
2025-03-21,2033-01-01,14.822,814.893249,1951,1301.74,4.4988,14.672,15.0,15.92,101.0858,101.0224
2025-03-21,2035-01-01,14.8838,786.89398,2450,1465.57,5.0623,14.631,25.28,24.65,101.6843,101.7278
2025-03-24,2027-01-01,14.8718,952.383349,446,410.37,1.4176,,,,,
2025-03-24,2029-01-01,14.7793,895.825955,945,783.8,2.7098,,,,,
2025-03-24,2031-01-01,14.952,845.908633,1446,1075.56,3.7129,,,,,
2025-03-24,2033-01-01,14.881,813.182054,1950,1299.75,4.4896,,,,,
2025-03-24,2035-01-01,14.922,785.808133,2449,1463.52,5.0535,,,,,
2025-03-25,2027-01-01,15.0136,950.999825,445,409.32,1.4123,15.031,-1.74,-2.02,99.8658,99.8842
2025-03-25,2029-01-01,14.8759,893.977259,944,782.53,2.7032,14.739,13.69,11.01,100.7457,100.9288
2025-03-25,2031-01-01,15.0307,843.910823,1445,1073.91,3.7047,14.815,21.57,21.03,101.4189,101.456
2025-03-25,2033-01-01,14.954,810.971736,1949,1297.52,4.4791,14.804,15.0,14.12,100.9535,101.0132
2025-03-25,2035-01-01,14.9978,783.241119,2448,1460.44,5.0396,14.747,25.08,22.2,101.5025,101.7007
2025-03-26,2027-01-01,15.1138,950.186231,444,408.29,1.4075,15.132,-1.82,-1.79,99.8817,99.8797
2025-03-26,2029-01-01,15.0348,890.644159,943,781.1,2.6945,14.9,13.48,11.52,100.7723,100.9047
2025-03-26,2031-01-01,15.178,839.794442,1444,1071.69,3.6923,14.968,21.0,20.89,101.3955,101.403
2025-03-26,2033-01-01,15.097,806.251733,1948,1294.1,4.4617,14.947,15.0,14.17,100.9476,101.0035
2025-03-26,2035-01-01,15.1375,778.191909,2447,1455.61,5.0168,14.895,24.25,21.63,101.4495,101.6281
2025-03-27,2027-01-01,14.8848,953.782114,443,407.36,1.4071,14.904,-1.92,-2.42,99.838,99.8712
2025-03-27,2029-01-01,14.861,895.321408,942,780.57,2.6967,14.727,13.4,11.81,100.8008,100.9099
2025-03-27,2031-01-01,15.0401,844.555626,1443,1071.83,3.6972,14.837,20.31,21.25,101.4331,101.3689
2025-03-27,2033-01-01,14.994,810.418807,1947,1294.84,4.4683,14.844,15.0,15.88,101.0703,101.0105
2025-03-27,2035-01-01,15.0478,782.141018,2446,1457.07,5.0258,14.804,24.38,23.78,101.6054,101.6469
2025-03-28,2027-01-01,15.03,952.365817,442,406.32,1.4017,15.05,-2.0,-2.16,99.8564,99.8671
2025-03-28,2029-01-01,14.9318,894.107982,941,779.38,2.691,14.798,13.38,11.19,100.755,100.9042
2025-03-28,2031-01-01,15.0925,843.39203,1442,1070.4,3.6906,14.889,20.35,20.41,101.3706,101.3668
2025-03-28,2033-01-01,15.037,809.313682,1946,1293.12,4.4607,14.887,15.0,14.9,101.0011,101.0076
2025-03-28,2035-01-01,15.075,781.508291,2445,1455.32,5.0185,14.835,24.0,22.06,101.4852,101.6178
2025-03-31,2027-01-01,14.9136,954.448155,441,405.35,1.3998,14.935,-2.14,-2.47,99.8347,99.8567
2025-03-31,2029-01-01,14.8548,896.455961,940,778.59,2.69,14.72,13.48,11.73,100.7957,100.9158
2025-03-31,2031-01-01,15.0519,845.127222,1441,1069.73,3.6896,14.848,20.39,21.56,101.4535,101.3732
2025-03-31,2033-01-01,15.016,810.522173,1945,1292.47,4.4592,14.866,15.0,16.39,101.1038,101.009
2025-03-31,2035-01-01,15.0714,782.085061,2444,1454.42,5.0156,14.827,24.44,24.36,101.6429,101.6483
2025-04-01,2027-01-01,14.8148,956.293797,440,404.39,1.3977,14.84,-2.52,-3.15,99.7877,99.8302
2025-04-01,2029-01-01,14.7374,899.784314,939,777.91,2.6904,14.6,13.74,11.6,100.7936,100.9411
2025-04-01,2031-01-01,14.9395,849.111624,1440,1069.66,3.693,14.731,20.85,21.82,101.4821,101.4154
2025-04-01,2033-01-01,14.8936,815.413237,1944,1293.53,4.4677,14.742,15.16,16.23,101.1015,101.0284
2025-04-01,2035-01-01,14.9462,787.455318,2443,1456.86,5.0295,14.693,25.32,24.54,101.6695,101.7233
2025-04-02,2027-01-01,14.8219,956.72349,439,403.38,1.3941,14.847,-2.51,-3.21,99.7839,99.8309
2025-04-02,2029-01-01,14.7481,900.016533,938,776.88,2.6866,14.609,13.91,11.83,100.8084,100.9522
2025-04-02,2031-01-01,14.9834,848.206448,1439,1068.3,3.6869,14.774,20.94,22.59,101.5308,101.4174
2025-04-02,2033-01-01,14.9515,813.757821,1943,1291.56,4.4586,14.8,15.15,17.22,101.1653,101.0236
2025-04-02,2035-01-01,15.018,785.055386,2442,1453.89,5.0161,14.763,25.5,26.13,101.7706,101.7273
2025-04-03,2027-01-01,14.3729,963.256988,438,402.53,1.3966,14.402,-2.91,-4.68,99.6751,99.7979
2025-04-03,2029-01-01,14.3112,911.155185,937,777.07,2.6976,14.173,13.82,11.51,100.8106,100.9751
2025-04-03,2031-01-01,14.6308,859.80324,1438,1070.22,3.7048,14.419,21.18,24.22,101.6834,101.4689
2025-04-03,2033-01-01,14.6444,825.462071,1942,1295.74,4.485,14.494,15.04,19.68,101.3622,101.0377
2025-04-03,2035-01-01,14.758,795.832846,2441,1460.03,5.0487,14.503,25.5,30.17,102.0871,101.7583
2025-04-04,2027-01-01,14.205,966.029243,437,401.58,1.3954,14.234,-2.9,-4.99,99.6501,99.7963
2025-04-04,2029-01-01,14.2157,913.988841,936,776.33,2.6972,14.078,13.77,12.15,100.8618,100.9781
2025-04-04,2031-01-01,14.5857,861.707054,1437,1069.59,3.7041,14.375,21.07,25.68,101.792,101.4657
2025-04-04,2033-01-01,14.644,825.924663,1941,1294.74,4.4816,14.494,15.0,22.24,101.5422,101.0349
2025-04-04,2035-01-01,14.7712,795.737672,2440,1458.67,5.0434,14.523,24.82,32.75,102.2676,101.709
2025-04-07,2027-01-01,14.1773,966.911331,436,400.59,1.3923,14.207,-2.97,-5.09,99.6419,99.7909
2025-04-07,2029-01-01,14.2679,913.186488,935,775.19,2.692,14.127,14.09,13.22,100.9352,100.9974
2025-04-07,2031-01-01,14.6184,861.13033,1436,1068.32,3.6987,14.418,20.04,25.05,101.7433,101.3899
2025-04-07,2033-01-01,14.6827,824.9424,1940,1293.09,4.4744,14.545,13.77,21.63,101.4956,100.9467
2025-04-07,2035-01-01,14.8166,794.3543,2439,1456.42,5.0336,14.58,23.66,32.28,102.2274,101.6228
2025-04-08,2027-01-01,14.2947,965.845022,435,399.56,1.3872,14.326,-3.13,-5.08,99.6456,99.7815
2025-04-08,2029-01-01,14.4185,909.981372,934,773.78,2.6836,14.277,14.15,13.65,100.9555,100.9911
2025-04-08,2031-01-01,14.755,857.26346,1435,1066.19,3.6869,14.56,19.5,24.61,101.6961,101.3393
2025-04-08,2033-01-01,14.8156,820.508262,1939,1289.85,4.458,14.674,14.16,21.78,101.4921,100.965
2025-04-08,2035-01-01,14.9233,790.54182,2438,1452.49,5.0154,14.692,23.13,31.0,102.1215,101.5743
2025-04-09,2027-01-01,14.457,964.19107,434,398.5,1.3816,14.487,-3.0,-4.49,99.6905,99.7929
2025-04-09,2029-01-01,14.527,907.825879,933,772.48,2.6766,14.392,13.5,12.57,100.8727,100.938
2025-04-09,2031-01-01,14.8264,855.480245,1434,1064.6,3.6791,14.64,18.64,22.59,101.5475,101.2732
2025-04-09,2033-01-01,14.8676,819.059872,1938,1287.97,4.4495,14.731,13.66,19.55,101.3324,100.9273
2025-04-09,2035-01-01,14.9763,788.88152,2437,1450.03,5.0046,14.758,21.83,28.43,101.9354,101.4792
2025-04-10,2027-01-01,14.469,964.548331,433,397.5,1.378,14.499,-3.0,-4.28,99.7051,99.7931
2025-04-10,2029-01-01,14.576,907.126052,932,771.35,2.6715,14.441,13.5,13.05,100.9031,100.9348
2025-04-10,2031-01-01,14.924,852.88699,1433,1062.79,3.6698,14.739,18.5,23.95,101.6311,101.2552
2025-04-10,2033-01-01,14.9993,814.732812,1937,1284.75,4.4333,14.867,13.23,21.53,101.4566,100.8899
2025-04-10,2035-01-01,15.1078,784.153962,2436,1445.42,4.983,14.902,20.58,29.67,102.0035,101.381
2025-04-11,2027-01-01,14.3264,966.960453,432,396.54,1.3764,14.358,-3.16,-4.95,99.656,99.7799
2025-04-11,2029-01-01,14.3986,911.926729,931,770.83,2.6739,14.265,13.36,12.4,100.8685,100.9366
2025-04-11,2031-01-01,14.722,859.711892,1432,1063.46,3.6785,14.537,18.5,23.0,101.5874,101.2726
2025-04-11,2033-01-01,14.7595,823.913331,1936,1287.8,4.4531,14.628,13.15,19.55,101.3422,100.899
2025-04-11,2035-01-01,14.8246,795.778716,2435,1452.2,5.0187,14.62,20.46,26.09,101.7917,101.3995
2025-04-14,2027-01-01,14.1332,970.046349,431,395.61,1.3755,14.168,-3.48,-5.81,99.5904,99.7544
2025-04-14,2029-01-01,14.1748,917.890418,930,770.44,2.6777,14.041,13.38,11.9,100.847,100.9529
2025-04-14,2031-01-01,14.5025,867.16022,1431,1064.28,3.6884,14.315,18.75,22.89,101.6036,101.3098
2025-04-14,2033-01-01,14.5304,832.831361,1935,1290.66,4.4719,14.402,12.84,18.76,101.3081,100.8915
2025-04-14,2035-01-01,14.6026,805.157373,2434,1457.3,5.0461,14.388,21.46,26.42,101.843,101.4915
2025-04-15,2027-01-01,14.2216,969.379436,430,394.58,1.3708,14.255,-3.34,-5.47,99.6167,99.7657
2025-04-15,2029-01-01,14.2736,915.951552,929,769.17,2.671,14.141,13.26,12.03,100.8501,100.9377
2025-04-15,2031-01-01,14.591,864.803545,1430,1062.55,3.6796,14.398,19.3,23.32,101.6245,101.3405
2025-04-15,2033-01-01,14.5885,831.120712,1934,1288.68,4.4628,14.46,12.85,18.01,101.2497,100.8887
2025-04-15,2035-01-01,14.6584,803.331142,2433,1454.77,5.0349,14.437,22.14,26.07,101.8108,101.5336
2025-04-16,2027-01-01,14.1651,970.640863,429,393.6,1.3681,14.199,-3.39,-5.73,99.5972,99.7613
2025-04-16,2029-01-01,14.2488,917.043209,928,768.24,2.6684,14.116,13.28,12.39,100.8771,100.9408
2025-04-16,2031-01-01,14.5814,865.576511,1429,1061.63,3.6767,14.387,19.44,23.97,101.6716,101.3512
2025-04-16,2033-01-01,14.5772,831.989144,1933,1287.87,4.4604,14.452,12.52,18.15,101.2605,100.8663
2025-04-16,2035-01-01,14.6521,804.022152,2432,1453.94,5.0323,14.43,22.21,26.64,101.8518,101.5392
2025-04-17,2027-01-01,14.1765,971.0002,428,392.59,1.3645,14.211,-3.45,-5.83,99.5902,99.7572
2025-04-17,2029-01-01,14.1616,919.663855,927,767.48,2.6678,14.028,13.36,11.54,100.8214,100.9524
2025-04-17,2031-01-01,14.4742,869.464148,1428,1061.51,3.6797,14.28,19.42,22.8,101.6007,101.3599
2025-04-17,2033-01-01,14.4815,836.000426,1932,1288.48,4.4662,14.355,12.65,17.56,101.2278,100.8812
2025-04-17,2035-01-01,14.5512,808.556504,2431,1455.72,5.0429,14.327,22.42,25.94,101.8152,101.5649
2025-04-22,2027-01-01,14.16,971.72938,427,391.6,1.3612,14.192,-3.2,-5.59,99.6067,99.7745
2025-04-22,2029-01-01,14.1972,919.275195,926,766.38,2.6631,14.065,13.22,11.94,100.8483,100.9399
2025-04-22,2031-01-01,14.5504,867.498663,1427,1059.88,3.6716,14.352,19.84,24.3,101.6983,101.3824
2025-04-22,2033-01-01,14.5788,832.828824,1931,1285.84,4.4533,14.451,12.78,19.28,101.3404,100.8844
2025-04-22,2035-01-01,14.6805,803.747655,2430,1451.16,5.0214,14.453,22.75,28.86,102.005,101.5741
2025-04-23,2027-01-01,13.9472,975.056179,426,390.67,1.3605,13.979,-3.18,-6.26,99.5529,99.7725
2025-04-23,2029-01-01,13.9489,925.863037,925,766.06,2.6678,13.818,13.09,11.36,100.8208,100.9473
2025-04-23,2031-01-01,14.351,874.348865,1426,1060.53,3.6803,14.146,20.5,25.41,101.8023,101.4492
2025-04-23,2033-01-01,14.397,840.060634,1930,1287.9,4.4675,14.269,12.8,20.37,101.4351,100.897
2025-04-23,2035-01-01,14.512,811.029075,2429,1454.79,5.0414,14.282,23.0,30.47,102.1446,101.6104
2025-04-24,2027-01-01,13.7688,977.928174,425,389.73,1.3594,13.8,-3.12,-6.54,99.5272,99.7739
2025-04-24,2029-01-01,13.6869,932.842363,924,765.77,2.6729,13.556,13.09,10.54,100.7761,100.9656
2025-04-24,2031-01-01,14.0928,883.176835,1425,1061.66,3.6925,13.885,20.78,25.07,101.8115,101.4966
2025-04-24,2033-01-01,14.1462,849.998339,1929,1291.13,4.4886,14.024,12.22,19.72,101.4139,100.8714
2025-04-24,2035-01-01,14.2843,820.857196,2428,1460.06,5.0697,14.052,23.23,31.16,102.2305,101.6531
2025-04-25,2027-01-01,13.8721,977.060136,424,388.69,1.3545,13.901,-2.89,-6.11,99.5615,99.7921
2025-04-25,2029-01-01,13.7663,931.342211,923,764.55,2.6668,13.636,13.03,10.39,100.7602,100.9556
2025-04-25,2031-01-01,14.1832,880.699257,1424,1059.91,3.6836,13.957,22.62,26.74,101.9216,101.6207
2025-04-25,2033-01-01,14.1898,848.784112,1928,1289.39,4.4808,14.076,11.38,18.1,101.2921,100.8085
2025-04-25,2035-01-01,14.321,819.767386,2427,1458.05,5.0611,14.086,23.5,30.11,102.1475,101.6683
2025-04-28,2027-01-01,13.8734,977.54677,423,387.69,1.351,13.901,-2.76,-6.05,99.5656,99.8015
2025-04-28,2029-01-01,13.75,932.223655,922,763.6,2.6639,13.62,13.0,10.21,100.7481,100.9545
2025-04-28,2031-01-01,14.1576,881.993625,1423,1059.12,3.6816,13.933,22.46,26.19,101.8848,101.612
2025-04-28,2033-01-01,14.1498,850.754109,1927,1289.07,4.4813,14.037,11.28,17.26,101.2348,100.8036
2025-04-28,2035-01-01,14.2616,822.672707,2426,1458.68,5.0659,14.029,23.26,28.46,102.036,101.658
2025-04-29,2027-01-01,13.936,977.226419,422,386.67,1.3467,13.96,-2.4,-5.57,99.6016,99.8281
2025-04-29,2029-01-01,13.784,931.857274,921,762.5,2.6593,13.654,13.0,10.04,100.734,100.9521
2025-04-29,2031-01-01,14.1565,882.492883,1422,1058.13,3.6782,13.933,22.35,25.37,101.8251,101.6041
2025-04-29,2033-01-01,14.1225,852.242494,1926,1288.52,4.4804,14.011,11.15,15.77,101.1296,100.7958
2025-04-29,2035-01-01,14.2284,824.493286,2425,1458.6,5.0671,13.992,23.64,27.19,101.9482,101.6895
2025-04-30,2027-01-01,13.8578,978.76044,421,385.7,1.3443,13.878,-2.02,-5.39,99.6123,99.8544
2025-04-30,2029-01-01,13.6528,935.591812,920,761.86,2.6601,13.52,13.28,9.71,100.7167,100.9822
2025-04-30,2031-01-01,14.008,887.7941,1421,1058.36,3.6838,13.778,23.0,25.11,101.8252,101.6693
2025-04-30,2033-01-01,13.9628,858.818415,1925,1290.21,4.4926,13.853,10.98,14.73,101.0665,100.7926
2025-04-30,2035-01-01,14.0825,831.058061,2424,1461.61,5.0841,13.845,23.75,26.94,101.9501,101.7154
2025-05-02,2027-01-01,13.938,978.212601,420,384.67,1.3397,13.958,-2.0,-5.12,99.6338,99.8567
2025-05-02,2029-01-01,13.7312,934.120439,919,760.65,2.654,13.593,13.82,10.19,100.7479,101.0167
2025-05-02,2031-01-01,14.0385,887.259825,1420,1057.11,3.6785,13.806,23.25,24.53,101.7784,101.6841
2025-05-02,2033-01-01,13.9624,859.279393,1924,1289.22,4.4892,13.852,11.04,13.3,100.9615,100.797
2025-05-02,2035-01-01,14.056,832.613326,2423,1461.34,5.0843,13.819,23.7,24.61,101.7817,101.715
2025-05-05,2027-01-01,14.031,977.504273,419,383.64,1.3351,14.049,-1.8,-4.72,99.6645,99.8719
2025-05-05,2029-01-01,13.8381,931.954905,918,759.36,2.647,13.699,13.91,10.39,100.7562,101.0154
2025-05-05,2031-01-01,14.116,885.199351,1419,1055.47,3.6703,13.882,23.4,24.16,101.7414,101.6856
2025-05-05,2033-01-01,14.024,857.354472,1923,1287.18,4.4796,13.914,11.0,12.41,100.8927,100.7906
2025-05-05,2035-01-01,14.1123,830.670284,2422,1458.79,5.073,13.877,23.53,23.54,101.6965,101.6956
2025-05-06,2027-01-01,13.9449,979.136108,418,382.67,1.3327,13.961,-1.61,-4.79,99.6577,99.8847
2025-05-06,2029-01-01,13.6798,936.348333,917,758.79,2.6487,13.54,13.98,9.78,100.7202,101.0325
2025-05-06,2031-01-01,13.9575,890.832452,1418,1055.77,3.6764,13.72,23.75,23.96,101.7469,101.731
2025-05-06,2033-01-01,13.8651,863.934724,1922,1288.85,4.4917,13.757,10.81,11.9,100.8658,100.7858
2025-05-06,2035-01-01,13.9584,837.629058,2421,1462.03,5.0911,13.717,24.14,23.73,101.7296,101.7599
2025-05-07,2027-01-01,13.9987,978.943345,417,381.65,1.3285,14.013,-1.43,-4.57,99.6747,99.898
2025-05-07,2029-01-01,13.682,936.770344,916,757.78,2.6452,13.542,14.0,9.4,100.6919,101.0338
2025-05-07,2031-01-01,13.9337,892.074076,1417,1054.97,3.6744,13.698,23.57,23.08,101.6841,101.7207
2025-05-07,2033-01-01,13.8483,865.032113,1921,1288.14,4.4899,13.74,10.83,11.48,100.8361,100.7882
2025-05-07,2035-01-01,13.9457,838.605249,2420,1461.38,5.0894,13.708,23.77,23.27,101.6973,101.734
2025-05-08,2027-01-01,13.9571,979.992582,416,380.66,1.3256,13.972,-1.49,-5.0,99.643,99.8934
2025-05-08,2029-01-01,13.5378,940.827402,915,757.17,2.6464,13.396,14.18,8.54,100.635,101.0585
2025-05-08,2031-01-01,13.815,896.437423,1416,1054.94,3.6782,13.58,23.5,22.77,101.6756,101.7305
2025-05-08,2033-01-01,13.7432,869.572677,1920,1288.9,4.4967,13.635,10.82,11.6,100.8514,100.7935
2025-05-08,2035-01-01,13.8515,843.074492,2419,1462.98,5.0992,13.614,23.75,23.74,101.7436,101.7445
2025-05-09,2027-01-01,13.9656,980.390626,415,379.66,1.322,13.982,-1.64,-5.18,99.6301,99.8827
2025-05-09,2029-01-01,13.5012,942.212706,914,756.27,2.6441,13.357,14.42,8.3,100.6185,101.0796
2025-05-09,2031-01-01,13.7247,899.881156,1415,1054.69,3.6802,13.498,22.67,20.78,101.5372,101.6795
2025-05-09,2033-01-01,13.658,873.357255,1919,1289.33,4.5016,13.549,10.9,10.58,100.7803,100.8045
2025-05-09,2035-01-01,13.7575,847.563917,2418,1464.57,5.1089,13.527,23.05,22.03,101.6276,101.704
2025-05-12,2027-01-01,14.0184,980.216886,414,378.64,1.3178,14.035,-1.66,-4.96,99.6474,99.8817
2025-05-12,2029-01-01,13.6078,940.038276,913,754.98,2.6371,13.461,14.68,9.0,100.6662,101.0906
2025-05-12,2031-01-01,13.8355,896.683577,1414,1052.78,3.6699,13.608,22.75,21.27,101.5612,101.6718
2025-05-12,2033-01-01,13.773,869.298376,1918,1286.4,4.4868,13.663,11.0,11.13,100.8146,100.8051
2025-05-12,2035-01-01,13.8811,842.672349,2417,1460.16,5.088,13.653,22.81,22.6,101.6555,101.6707
2025-05-13,2027-01-01,14.0149,980.772431,413,377.65,1.3144,14.03,-1.51,-4.8,99.6588,99.8924
2025-05-13,2029-01-01,13.6638,939.128728,912,753.83,2.6318,13.517,14.68,9.78,100.7207,101.086
2025-05-13,2031-01-01,13.9317,893.988547,1413,1050.98,3.6606,13.703,22.87,22.73,101.6583,101.669
2025-05-13,2033-01-01,13.883,865.470031,1917,1283.55,4.4725,13.773,11.0,12.72,100.925,100.7987
2025-05-13,2035-01-01,14.0134,837.465006,2416,1455.52,5.066,13.78,23.34,25.22,101.8326,101.6938
2025-05-14,2027-01-01,14.1254,979.863376,412,376.61,1.3095,14.138,-1.26,-4.19,99.7041,99.9109
2025-05-14,2029-01-01,13.8057,936.111436,911,752.44,2.6237,13.659,14.67,10.06,100.7338,101.074
2025-05-14,2031-01-01,14.0472,890.684823,1412,1049.03,3.6501,13.817,23.02,22.54,101.6309,101.6661
2025-05-14,2033-01-01,13.9812,862.128841,1916,1280.9,4.4595,13.869,11.22,12.16,100.8776,100.809
2025-05-14,2035-01-01,14.0906,834.636122,2415,1452.39,5.0517,13.86,23.06,23.62,101.7051,101.6638
2025-05-15,2027-01-01,14.168,979.83208,411,375.6,1.3055,14.188,-2.0,-4.72,99.6679,99.859
2025-05-15,2029-01-01,13.8874,934.590159,910,751.22,2.6175,13.741,14.64,10.34,100.7504,101.0654
2025-05-15,2031-01-01,14.0662,890.532394,1411,1047.88,3.6455,13.843,22.32,20.98,101.5142,101.6124
2025-05-15,2033-01-01,13.9659,863.165033,1915,1280.16,4.4575,13.852,11.39,10.47,100.7555,100.8223
2025-05-15,2035-01-01,14.0491,836.825154,2414,1452.53,5.054,13.826,22.31,20.65,101.4915,101.6136
2025-05-16,2027-01-01,13.9872,982.659934,410,374.65,1.3043,14.004,-1.68,-4.87,99.6532,99.88
2025-05-16,2029-01-01,13.7449,938.565314,909,750.61,2.6187,13.596,14.89,10.84,100.7951,101.0952
2025-05-16,2031-01-01,13.9786,893.84684,1410,1047.6,3.6473,13.756,22.26,22.23,101.6164,101.6182
2025-05-16,2033-01-01,13.9133,865.639742,1914,1280.04,4.4591,13.8,11.33,12.41,100.8997,100.821
2025-05-16,2035-01-01,14.0185,838.557309,2413,1452.38,5.0548,13.792,22.65,23.43,101.7002,101.6423
2025-05-19,2027-01-01,13.9119,984.134413,409,373.68,1.3018,13.927,-1.51,-4.89,99.6499,99.8916
2025-05-19,2029-01-01,13.6439,941.530275,908,749.88,2.6185,13.494,14.99,10.83,100.8003,101.1109
2025-05-19,2031-01-01,13.9323,895.821689,1409,1046.98,3.6466,13.71,22.23,23.18,101.6916,101.6214
2025-05-19,2033-01-01,13.8983,866.666472,1913,1279.3,4.4571,13.785,11.33,14.07,101.0224,100.8219
2025-05-19,2035-01-01,14.0226,838.820242,2412,1451.26,5.0507,13.795,22.76,25.7,101.8669,101.6499
2025-05-20,2027-01-01,13.9531,984.116801,408,372.67,1.2978,13.967,-1.39,-4.69,99.6652,99.9005
2025-05-20,2029-01-01,13.6751,941.240164,907,748.8,2.614,13.524,15.11,11.01,100.8118,101.1173
2025-05-20,2031-01-01,13.9977,894.153682,1408,1045.44,3.6392,13.761,23.67,25.04,101.8215,101.7201
2025-05-20,2033-01-01,13.9586,864.790138,1912,1277.28,4.4477,13.845,11.36,14.71,101.0654,100.8205
2025-05-20,2035-01-01,14.1064,835.719043,2411,1447.96,5.0355,13.87,23.64,27.73,102.005,101.7044
2025-05-21,2027-01-01,14.0416,983.500325,407,371.64,1.2932,14.054,-1.24,-4.23,99.6994,99.9118
2025-05-21,2029-01-01,13.8194,938.181495,906,747.41,2.6058,13.669,15.04,11.54,100.8418,101.1003
2025-05-21,2031-01-01,14.1136,890.860485,1407,1043.49,3.6287,13.883,23.06,24.47,101.7643,101.661
2025-05-21,2033-01-01,14.0724,860.879142,1911,1274.37,4.4332,13.958,11.44,14.6,101.048,100.8196
2025-05-21,2035-01-01,14.216,831.564949,2410,1443.94,5.0167,13.986,23.0,27.02,101.9375,101.6445
2025-05-22,2027-01-01,14.0075,984.446177,406,370.65,1.2901,14.02,-1.25,-4.34,99.6911,99.9108
2025-05-22,2029-01-01,13.735,940.728509,905,746.64,2.605,13.585,15.0,10.97,100.8048,101.1042
2025-05-22,2031-01-01,14.0195,894.375521,1406,1043.26,3.6309,13.792,22.75,23.56,101.7093,101.6495
2025-05-22,2033-01-01,13.9839,864.715614,1910,1274.86,4.4383,13.87,11.39,14.12,101.0203,100.8212
2025-05-22,2035-01-01,14.1116,836.376046,2409,1445.81,5.0278,13.885,22.66,25.77,101.8605,101.632
2025-05-23,2027-01-01,13.9689,985.447815,405,369.66,1.2871,13.986,-1.71,-4.9,99.6503,99.8777
2025-05-23,2029-01-01,13.753,940.768483,904,745.59,2.601,13.605,14.8,11.27,100.8262,101.0878
2025-05-23,2031-01-01,14.0444,894.033571,1405,1042.06,3.6259,13.827,21.74,23.19,101.6792,101.5723
2025-05-23,2033-01-01,14.0098,864.171966,1909,1273.42,4.4323,13.897,11.28,14.3,101.0311,100.8117
2025-05-23,2035-01-01,14.119,836.503244,2408,1444.61,5.0233,13.899,22.0,24.96,101.7998,101.5828
2025-05-26,2027-01-01,13.9374,986.358075,404,368.67,1.284,13.957,-1.96,-5.15,99.6319,99.8596
2025-05-26,2029-01-01,13.7301,941.809788,903,744.65,2.5982,13.583,14.71,11.3,100.8298,101.083
2025-05-26,2031-01-01,14.025,895.128864,1404,1041.22,3.6236,13.805,22.0,23.55,101.7077,101.5936
2025-05-26,2033-01-01,14.0023,864.908972,1908,1272.55,4.4296,13.889,11.33,14.85,101.0718,100.8158
2025-05-26,2035-01-01,14.1295,836.500807,2407,1443.32,5.0184,13.909,22.05,26.06,101.8794,101.5853
2025-05-27,2027-01-01,13.8266,988.270867,403,367.71,1.2819,13.847,-2.04,-5.55,99.6005,99.8527
2025-05-27,2029-01-01,13.5211,947.421346,902,744.22,2.6015,13.375,14.61,10.24,100.763,101.0923
2025-05-27,2031-01-01,13.8278,902.022215,1403,1041.84,3.632,13.611,21.68,22.78,101.6753,101.5928
2025-05-27,2033-01-01,13.8267,872.123902,1907,1274.5,4.4432,13.713,11.37,15.02,101.0981,100.8291
2025-05-27,2035-01-01,13.9623,844.003315,2406,1446.93,5.0383,13.745,21.73,26.29,101.9191,101.5809
2025-05-28,2027-01-01,13.9018,987.829098,402,366.68,1.2775,13.927,-2.52,-5.82,99.583,99.8191
2025-05-28,2029-01-01,13.6111,945.685713,901,742.97,2.5951,13.469,14.21,10.03,100.7423,101.055
2025-05-28,2031-01-01,13.893,900.354492,1402,1040.3,3.6246,13.678,21.5,22.23,101.6262,101.5719
2025-05-28,2033-01-01,13.8712,870.850846,1906,1272.75,4.4354,13.757,11.42,14.07,101.0249,100.8301
2025-05-28,2035-01-01,13.9888,843.315652,2405,1445.2,5.0311,13.769,21.98,24.93,101.8145,101.5963
2025-05-29,2027-01-01,13.9797,987.359451,401,365.66,1.2731,14.009,-2.93,-6.01,99.5721,99.7908
2025-05-29,2029-01-01,13.6279,945.752908,900,741.93,2.591,13.485,14.29,9.55,100.7055,101.0597
2025-05-29,2031-01-01,13.8648,901.739966,1401,1039.53,3.6228,13.649,21.58,21.1,101.5453,101.5811
2025-05-29,2033-01-01,13.8246,873.102097,1905,1272.53,4.4364,13.709,11.56,12.62,100.9214,100.8432
2025-05-29,2035-01-01,13.9219,846.599306,2404,1446.04,5.037,13.702,21.99,22.8,101.665,101.6049
2025-05-30,2027-01-01,14.1009,986.354267,400,364.62,1.2681,14.134,-3.31,-6.11,99.5687,99.7658
2025-05-30,2029-01-01,13.7321,943.686331,899,740.64,2.5842,13.59,14.21,9.33,100.6844,101.0456
2025-05-30,2031-01-01,13.9471,899.523119,1400,1037.86,3.6144,13.731,21.61,20.55,101.4953,101.5738
2025-05-30,2033-01-01,13.9011,870.595969,1904,1270.25,4.4255,13.786,11.51,11.98,100.8694,100.8349
2025-05-30,2035-01-01,13.996,843.887129,2403,1443.0,5.0231,13.776,22.0,22.15,101.6079,101.597
2025-06-02,2027-01-01,14.1284,986.527627,399,363.61,1.2643,14.164,-3.56,-6.21,99.5621,99.7487
2025-06-02,2029-01-01,13.8274,941.850441,898,739.39,2.5776,13.685,14.24,10.04,100.7312,101.0406
2025-06-02,2031-01-01,14.0485,896.702833,1399,1036.02,3.6048,13.836,21.25,20.92,101.5115,101.5358
2025-06-02,2033-01-01,14.0049,867.061338,1903,1267.5,4.4119,13.887,11.79,12.79,100.9216,100.849
2025-06-02,2035-01-01,14.0857,840.537491,2402,1439.53,5.0071,13.873,21.27,21.75,101.5685,101.5332
2025-06-03,2027-01-01,14.1509,986.765185,398,362.6,1.2605,14.187,-3.61,-6.24,99.5608,99.7455
2025-06-03,2029-01-01,13.795,943.121041,897,738.47,2.5752,13.653,14.2,9.5,100.6936,101.0401
2025-06-03,2031-01-01,13.9984,898.791576,1398,1035.44,3.6043,13.783,21.54,20.43,101.4813,101.5628
2025-06-03,2033-01-01,13.9425,869.903763,1902,1267.55,4.4145,13.825,11.75,11.85,100.8573,100.8499
2025-06-03,2035-01-01,14.0168,843.884231,2401,1440.42,5.0133,13.801,21.58,20.91,101.5146,101.5637
2025-06-04,2027-01-01,14.1785,986.941145,397,361.59,1.2567,14.212,-3.35,-5.96,99.5814,99.7643
2025-06-04,2029-01-01,13.7704,944.202053,896,737.54,2.5725,13.628,14.24,9.22,100.6738,101.0449
2025-06-04,2031-01-01,13.9873,899.61851,1397,1034.53,3.6015,13.77,21.73,20.62,101.4964,101.5781
2025-06-04,2033-01-01,13.9329,870.723121,1901,1266.71,4.4119,13.813,11.99,12.11,100.8771,100.868
2025-06-04,2035-01-01,13.9974,845.144837,2400,1439.96,5.0125,13.779,21.84,20.8,101.5083,101.585
2025-06-05,2027-01-01,14.332,985.564211,396,360.54,1.2514,14.365,-3.3,-5.69,99.6048,99.7703
2025-06-05,2029-01-01,13.9372,940.650326,895,736.09,2.5637,13.795,14.22,9.27,100.6693,101.0308
2025-06-05,2031-01-01,14.128,895.546223,1396,1032.37,3.5896,13.913,21.5,20.02,101.4377,101.5453
2025-06-05,2033-01-01,14.07,865.932367,1900,1263.41,4.3951,13.95,12.0,11.63,100.8333,100.8602
2025-06-05,2035-01-01,14.1396,839.594617,2399,1435.04,4.9892,13.924,21.56,20.4,101.464,101.5484
2025-06-06,2027-01-01,14.2871,986.640961,395,359.56,1.2484,14.324,-3.69,-6.23,99.5659,99.7424
2025-06-06,2029-01-01,13.8753,942.630726,894,735.26,2.5622,13.733,14.23,8.99,100.652,101.0362
2025-06-06,2031-01-01,14.0728,897.792237,1395,1031.82,3.5894,13.857,21.58,19.99,101.4407,101.5573
2025-06-06,2033-01-01,14.018,868.366766,1899,1263.28,4.3967,13.898,12.0,11.66,100.839,100.8634
2025-06-06,2035-01-01,14.102,841.612413,2398,1435.08,4.9909,13.887,21.5,20.93,101.5069,101.5482
2025-06-09,2027-01-01,14.1804,988.476842,394,358.59,1.2463,14.221,-4.06,-6.79,99.5232,99.7145
2025-06-09,2029-01-01,13.7864,945.265798,893,734.5,2.5615,13.642,14.44,9.32,100.6803,101.0585
2025-06-09,2031-01-01,14.0176,900.042076,1394,1031.28,3.5892,13.795,22.26,21.34,101.5461,101.6136
2025-06-09,2033-01-01,13.9833,870.144925,1898,1262.87,4.3966,13.859,12.43,13.3,100.9601,100.8969
2025-06-09,2035-01-01,14.0817,842.906328,2397,1434.64,4.9903,13.859,22.27,23.25,101.6791,101.6069
2025-06-10,2027-01-01,14.1003,989.982532,393,357.62,1.2437,14.141,-4.07,-6.97,99.5083,99.7122
2025-06-10,2029-01-01,13.6845,948.220404,892,733.77,2.5613,13.54,14.45,9.28,100.6824,101.0672
2025-06-10,2031-01-01,13.948,902.762247,1393,1030.85,3.5899,13.723,22.5,21.99,101.6017,101.6396
2025-06-10,2033-01-01,13.9194,873.046071,1897,1262.94,4.3993,13.795,12.44,13.86,101.006,100.9018
2025-06-10,2035-01-01,14.03,845.525794,2396,1435.06,4.994,13.805,22.5,24.24,101.7583,101.6298
2025-06-11,2027-01-01,14.1726,989.613379,392,356.59,1.2394,14.213,-4.04,-6.87,99.5178,99.7158
2025-06-11,2029-01-01,13.692,948.52116,891,732.75,2.5576,13.547,14.5,8.63,100.6346,101.0703
2025-06-11,2031-01-01,13.896,904.916927,1392,1030.28,3.5896,13.671,22.5,20.45,101.4937,101.6458
2025-06-11,2033-01-01,13.8544,875.998883,1896,1263.03,4.4021,13.728,12.64,12.32,100.8972,100.9207
2025-06-11,2035-01-01,13.945,849.566893,2395,1436.4,5.0024,13.72,22.5,22.02,101.6041,101.6399
2025-06-12,2027-01-01,14.1747,990.108312,391,355.59,1.2359,14.216,-4.13,-6.85,99.5191,99.7095
2025-06-12,2029-01-01,13.703,948.737722,890,731.72,2.5537,13.558,14.5,8.75,100.6424,101.0695
2025-06-12,2031-01-01,13.9415,903.908754,1391,1028.9,3.5834,13.709,23.25,21.82,101.5903,101.696
2025-06-12,2033-01-01,13.8988,874.740832,1895,1261.29,4.3943,13.771,12.78,13.14,100.9543,100.928
2025-06-12,2035-01-01,14.003,847.54818,2394,1433.8,4.9908,13.773,23.0,23.49,101.7059,101.6699
2025-06-13,2027-01-01,14.1199,991.29872,390,354.61,1.2331,14.162,-4.21,-6.99,99.5073,99.7027
2025-06-13,2029-01-01,13.666,950.117626,889,730.82,2.5514,13.521,14.5,9.0,100.6629,101.0724
2025-06-13,2031-01-01,13.9023,905.647462,1390,1028.23,3.5822,13.667,23.53,22.13,101.6178,101.7217
2025-06-13,2033-01-01,13.8736,876.161895,1894,1260.71,4.3933,13.743,13.06,13.81,101.0053,100.9503
2025-06-13,2035-01-01,13.9733,849.246601,2393,1433.62,4.9915,13.738,23.53,24.11,101.756,101.7128
2025-06-16,2027-01-01,14.1291,991.706234,389,353.61,1.2295,14.171,-4.19,-7.05,99.5037,99.7043
2025-06-16,2029-01-01,13.6,952.201268,888,730.0,2.55,13.455,14.5,8.29,100.6137,101.0777
2025-06-16,2031-01-01,13.8354,908.288632,1389,1027.78,3.5828,13.598,23.74,21.78,101.5992,101.7458
2025-06-16,2033-01-01,13.8021,879.371674,1893,1260.91,4.3968,13.67,13.21,13.44,100.9831,100.9663
2025-06-16,2035-01-01,13.9105,852.355641,2392,1434.35,4.9968,13.672,23.85,24.24,101.7734,101.7444
2025-06-17,2027-01-01,14.2006,991.35736,388,352.59,1.2252,14.243,-4.24,-6.84,99.521,99.7023
2025-06-17,2029-01-01,13.698,950.310106,887,728.74,2.5434,13.553,14.5,8.61,100.6325,101.0699
2025-06-17,2031-01-01,13.924,905.880613,1388,1026.05,3.574,13.679,24.5,22.52,101.6438,101.7911
2025-06-17,2033-01-01,13.8723,877.115788,1892,1258.73,4.3865,13.74,13.23,13.05,100.9496,100.9629
2025-06-17,2035-01-01,13.9843,849.662692,2391,1431.32,4.983,13.74,24.43,24.38,101.7742,101.778
2025-06-18,2027-01-01,14.2084,991.785363,387,351.58,1.2216,14.251,-4.26,-6.85,99.5205,99.7011
2025-06-18,2029-01-01,13.696,950.842643,886,727.74,2.54,13.551,14.5,8.62,100.6332,101.07
2025-06-18,2031-01-01,13.9516,905.456831,1387,1024.82,3.5688,13.706,24.56,23.09,101.6829,101.7919
2025-06-18,2033-01-01,13.9023,876.415294,1891,1257.23,4.3801,13.771,13.13,13.51,100.9813,100.9535
2025-06-18,2035-01-01,14.0179,848.68366,2390,1429.39,4.9748,13.773,24.49,25.0,101.8155,101.7781
2025-06-20,2027-01-01,14.2374,991.957943,386,350.57,1.2178,14.281,-4.36,-7.18,99.4983,99.6947
2025-06-20,2029-01-01,13.5563,954.707042,885,727.12,2.5409,13.41,14.63,7.28,100.5403,101.091
2025-06-20,2031-01-01,13.7755,911.640539,1386,1025.27,3.5759,13.53,24.55,21.4,101.5778,101.8145
2025-06-20,2033-01-01,13.7439,882.978897,1890,1258.89,4.392,13.608,13.59,12.9,100.9478,100.9987
2025-06-20,2035-01-01,13.8438,856.524884,2389,1433.19,4.9957,13.601,24.28,23.5,101.7269,101.7852
2025-06-23,2027-01-01,14.2263,992.615834,385,349.58,1.2144,14.271,-4.47,-7.33,99.4874,99.6868
2025-06-23,2029-01-01,13.5374,955.647044,884,726.17,2.538,13.392,14.54,7.2,100.535,101.0857
2025-06-23,2031-01-01,13.7686,912.332411,1385,1024.33,3.5729,13.52,24.86,21.89,101.6158,101.8388
2025-06-23,2033-01-01,13.746,883.34883,1889,1257.86,4.3883,13.606,14.0,13.69,101.0059,101.029
2025-06-23,2035-01-01,13.8812,855.367999,2388,1431.16,4.987,13.634,24.72,25.51,101.8723,101.8131
2025-06-24,2027-01-01,14.158,993.961926,384,348.6,1.2118,14.203,-4.5,-7.51,99.472,99.6832
2025-06-24,2029-01-01,13.477,957.594022,883,725.34,2.5365,13.332,14.5,7.29,100.544,101.0876
2025-06-24,2031-01-01,13.7678,912.825611,1384,1023.33,3.5694,13.507,26.08,24.01,101.7752,101.9309
2025-06-24,2033-01-01,13.7552,883.44401,1888,1256.7,4.3839,13.612,14.32,15.25,101.1209,101.052
2025-06-24,2035-01-01,13.8898,855.442666,2387,1429.92,4.9823,13.638,25.18,26.99,101.9818,101.8463
2025-06-25,2027-01-01,14.1911,994.086744,383,347.59,1.2079,14.235,-4.39,-7.27,99.4906,99.6916
2025-06-25,2029-01-01,13.5544,956.198996,882,724.13,2.5305,13.408,14.64,7.75,100.575,101.0919
2025-06-25,2031-01-01,13.8196,911.608274,1383,1021.91,3.5628,13.56,25.96,23.67,101.7425,101.9145
2025-06-25,2033-01-01,13.8111,881.735575,1887,1254.76,4.375,13.666,14.51,15.34,101.1231,101.0618
2025-06-25,2035-01-01,13.9414,853.689885,2386,1427.5,4.9716,13.684,25.74,27.21,101.9905,101.881
2025-06-26,2027-01-01,14.1343,995.291217,382,346.61,1.2051,14.179,-4.47,-7.49,99.473,99.6847
2025-06-26,2029-01-01,13.4633,958.887629,881,723.37,2.5299,13.318,14.53,7.5,100.5599,101.091
2025-06-26,2031-01-01,13.7486,914.385888,1382,1021.49,3.5636,13.496,25.26,23.39,101.7305,101.8717
2025-06-26,2033-01-01,13.769,883.814183,1886,1254.47,4.3756,13.624,14.5,16.24,101.1932,101.0643
2025-06-26,2035-01-01,13.8875,856.424137,2385,1427.99,4.9756,13.635,25.25,27.25,102.0018,101.8519
2025-06-27,2027-01-01,14.1401,995.744112,381,345.61,1.2015,14.183,-4.29,-7.29,99.4873,99.6975
2025-06-27,2029-01-01,13.4652,959.32232,880,722.37,2.5264,13.318,14.72,7.7,100.5748,101.1053
2025-06-27,2031-01-01,13.7297,915.469307,1381,1020.65,3.5612,13.478,25.17,22.94,101.6994,101.8675
2025-06-27,2033-01-01,13.746,885.156603,1885,1253.86,4.3743,13.601,14.5,15.82,101.1646,101.0661
2025-06-27,2035-01-01,13.8631,857.906735,2384,1427.66,4.9755,13.611,25.21,26.84,101.974,101.8522
2025-06-30,2027-01-01,14.05,997.343327,380,344.63,1.1991,14.092,-4.2,-7.48,99.4703,99.702
2025-06-30,2029-01-01,13.2173,965.834345,879,722.04,2.5307,13.07,14.73,6.29,100.4781,101.127
2025-06-30,2031-01-01,13.4354,925.601518,1380,1022.06,3.5754,13.185,25.04,21.01,101.5887,101.8991
2025-06-30,2033-01-01,13.431,897.929924,1884,1258.14,4.4015,13.286,14.5,13.67,101.0286,101.0914
2025-06-30,2035-01-01,13.5401,872.308674,2383,1435.56,5.0173,13.289,25.11,24.54,101.846,101.8895
2025-07-01,2027-01-01,14.056,948.98334,379,361.31,1.2571,14.107,-5.1,-8.25,99.4163,99.6385
2025-07-01,2029-01-01,13.2398,916.952161,878,759.35,2.661,13.092,14.78,6.33,100.4804,101.1289
2025-07-01,2031-01-01,13.417,877.864754,1379,1077.99,3.7717,13.167,25.0,20.29,101.5353,101.8987
2025-07-01,2033-01-01,13.384,851.430122,1883,1330.04,4.6549,13.239,14.5,12.37,100.9326,101.0952
2025-07-01,2035-01-01,13.486,826.311825,2382,1520.88,5.318,13.236,25.0,23.0,101.735,101.8888
2025-07-02,2027-01-01,14.07,949.312136,378,360.3,1.2534,14.12,-5.0,-8.07,99.4298,99.6459
2025-07-02,2029-01-01,13.2932,916.104122,877,758.26,2.6559,13.146,14.72,6.63,100.501,101.1197
2025-07-02,2031-01-01,13.4595,876.898432,1378,1076.71,3.7658,13.209,25.05,20.34,101.5347,101.8964
2025-07-02,2033-01-01,13.4058,850.991456,1882,1328.73,4.6494,13.262,14.38,11.72,100.8823,101.0843
2025-07-02,2035-01-01,13.5065,825.826774,2381,1519.37,5.3118,13.254,25.25,22.65,101.7057,101.9051
2025-07-03,2027-01-01,14.0858,949.620629,377,359.3,1.2498,14.136,-5.02,-8.0,99.4353,99.6449
2025-07-03,2029-01-01,13.3332,915.58626,876,757.18,2.6512,13.19,14.32,6.6,100.4973,101.0857
2025-07-03,2031-01-01,13.5173,875.432964,1377,1075.34,3.7591,13.265,25.23,21.03,101.5801,101.902
2025-07-03,2033-01-01,13.4685,848.941338,1881,1326.83,4.6402,13.327,14.15,12.15,100.9106,101.0618
2025-07-03,2035-01-01,13.5744,823.271878,2380,1516.69,5.2993,13.32,25.44,23.46,101.759,101.9099
2025-07-04,2027-01-01,14.1231,949.675854,376,358.3,1.2459,14.176,-5.29,-8.17,99.425,99.6268
2025-07-04,2029-01-01,13.3697,915.156457,875,756.12,2.6466,13.228,14.17,6.44,100.4839,101.0712
2025-07-04,2031-01-01,13.5492,874.82507,1376,1074.13,3.7538,13.301,24.82,20.59,101.5431,101.866
2025-07-04,2033-01-01,13.5,848.127841,1880,1325.38,4.6339,13.359,14.1,11.94,100.892,101.0555
2025-07-04,2035-01-01,13.6113,822.080536,2379,1514.78,5.2909,13.36,25.13,23.3,101.7419,101.881
2025-07-07,2027-01-01,14.1501,949.855201,375,357.3,1.2421,14.202,-5.19,-7.98,99.4389,99.6346
2025-07-07,2029-01-01,13.4497,913.679132,874,754.97,2.6407,13.309,14.07,6.81,100.509,101.0572
2025-07-07,2031-01-01,13.6415,872.243836,1375,1072.53,3.7452,13.395,24.65,20.96,101.5603,101.8402
2025-07-07,2033-01-01,13.594,844.8722,1879,1323.02,4.6218,13.454,14.0,12.36,100.9179,101.0406
2025-07-07,2035-01-01,13.701,818.609618,2378,1511.57,5.2755,13.451,25.0,23.47,101.7431,101.8586
2025-07-08,2027-01-01,14.1258,950.640285,374,356.3,1.2389,14.177,-5.12,-7.99,99.4374,99.6389
2025-07-08,2029-01-01,13.446,914.225978,873,753.98,2.6374,13.306,14.0,7.09,100.5303,101.0522
2025-07-08,2031-01-01,13.6706,871.73709,1374,1071.34,3.7401,13.424,24.66,21.81,101.621,101.837
2025-07-08,2033-01-01,13.6233,844.156914,1878,1321.6,4.6156,13.486,13.73,12.88,100.9542,101.0181
2025-07-08,2035-01-01,13.725,817.991501,2377,1509.98,5.2688,13.475,25.0,23.91,101.7733,101.8553
2025-07-09,2027-01-01,14.111,951.312798,373,355.3,1.2356,14.161,-5.0,-7.9,99.4431,99.6469
2025-07-09,2029-01-01,13.443,914.756053,872,752.98,2.6339,13.303,14.0,7.17,100.5363,101.0524
2025-07-09,2031-01-01,13.6928,871.457387,1373,1070.19,3.7353,13.447,24.58,22.24,101.6507,101.8279
2025-07-09,2033-01-01,13.6578,843.242485,1877,1320.1,4.609,13.52,13.78,13.61,101.0065,101.0192
2025-07-09,2035-01-01,13.767,816.602176,2376,1507.94,5.2598,13.517,25.0,24.81,101.8356,101.8495
2025-07-10,2027-01-01,14.252,950.160202,372,354.28,1.2305,14.302,-5.0,-7.55,99.4732,99.6504
2025-07-10,2029-01-01,13.6006,911.43112,871,751.69,2.6258,13.464,13.66,7.06,100.5222,101.0146
2025-07-10,2031-01-01,13.8467,866.913755,1372,1068.19,3.7233,13.616,23.07,20.99,101.5394,101.6943
2025-07-10,2033-01-01,13.8036,838.032909,1876,1317.0,4.5923,13.67,13.36,12.92,100.9445,100.9773
2025-07-10,2035-01-01,13.8825,812.082298,2375,1504.09,5.241,13.65,23.25,22.24,101.6278,101.7033
2025-07-11,2027-01-01,14.279,950.347834,371,353.28,1.2267,14.329,-5.0,-7.5,99.4778,99.6511
2025-07-11,2029-01-01,13.6008,911.887662,870,750.69,2.6223,13.468,13.28,6.49,100.4798,100.986
2025-07-11,2031-01-01,13.8209,868.192969,1371,1067.36,3.7212,13.593,22.79,20.19,101.4825,101.6766
2025-07-11,2033-01-01,13.7774,839.471949,1875,1316.38,4.5912,13.646,13.14,12.23,100.8953,100.9629
2025-07-11,2035-01-01,13.8435,814.163489,2374,1504.05,5.2427,13.611,23.25,21.25,101.5588,101.7082
2025-07-14,2027-01-01,14.2494,951.195722,370,352.28,1.2236,14.306,-5.66,-8.22,99.4265,99.6044
2025-07-14,2029-01-01,13.6271,911.721158,869,749.65,2.618,13.495,13.21,6.91,100.5095,100.9789
2025-07-14,2031-01-01,13.9009,866.060956,1370,1065.83,3.7133,13.668,23.29,21.87,101.5982,101.704
2025-07-14,2033-01-01,13.8827,835.858574,1874,1313.86,4.5782,13.751,13.17,14.14,101.0291,100.9577
2025-07-14,2035-01-01,13.9745,809.020022,2373,1499.82,5.2219,13.736,23.85,24.26,101.7666,101.7363
2025-07-15,2027-01-01,14.2962,951.155516,369,351.28,1.2196,14.356,-5.98,-8.35,99.4192,99.5834
2025-07-15,2029-01-01,13.7655,908.891248,868,748.39,2.6105,13.632,13.35,7.7,100.5624,100.9793
2025-07-15,2031-01-01,14.0401,862.049824,1369,1063.92,3.7021,13.812,22.81,21.94,101.5876,101.6515
2025-07-15,2033-01-01,14.022,830.984817,1873,1310.85,4.5621,13.89,13.2,14.52,101.0461,100.9503
2025-07-15,2035-01-01,14.1208,803.295181,2372,1495.21,5.1992,13.884,23.68,24.73,101.7828,101.7056
2025-07-16,2027-01-01,14.3085,951.517665,368,350.28,1.216,14.371,-6.25,-8.57,99.4047,99.5651
2025-07-16,2029-01-01,13.8374,907.65429,867,747.26,2.6049,13.703,13.44,8.35,100.607,100.9808
2025-07-16,2031-01-01,14.1159,860.086034,1368,1062.43,3.6945,13.893,22.29,22.04,101.5858,101.6044
2025-07-16,2033-01-01,14.1112,828.046685,1872,1308.57,4.5506,13.982,12.92,15.0,101.0742,100.924
2025-07-16,2035-01-01,14.2008,800.385936,2371,1492.23,5.1852,13.97,23.08,24.56,101.7597,101.6521
2025-07-17,2027-01-01,14.2787,952.366854,367,349.28,1.2129,14.341,-6.23,-8.62,99.3999,99.5656
2025-07-17,2029-01-01,13.7299,910.665855,866,746.46,2.6045,13.595,13.49,7.73,100.5663,100.9923
2025-07-17,2031-01-01,14.0035,864.117342,1367,1062.16,3.6972,13.781,22.25,21.43,101.5541,101.6145
2025-07-17,2033-01-01,13.9866,833.193617,1871,1309.37,4.5583,13.857,12.96,14.18,101.024,100.9353
2025-07-17,2035-01-01,14.072,806.179104,2370,1494.41,5.1986,13.842,23.0,23.62,101.7072,101.6616
2025-07-18,2027-01-01,14.3123,952.484338,366,348.28,1.209,14.379,-6.67,-8.99,99.3757,99.5361
2025-07-18,2029-01-01,13.775,910.062981,865,745.38,2.5997,13.64,13.5,7.81,100.57,100.9897
2025-07-18,2031-01-01,14.0395,863.418291,1366,1060.93,3.6917,13.822,21.75,20.83,101.5063,101.5736
2025-07-18,2033-01-01,14.027,832.094578,1870,1307.78,4.5512,13.897,13.0,14.09,101.0145,100.9355
2025-07-18,2035-01-01,14.105,805.21933,2369,1492.6,5.1908,13.875,23.0,23.27,101.6772,101.6577
2025-07-21,2027-01-01,14.2452,953.761497,365,347.28,1.2063,14.312,-6.68,-9.2,99.3584,99.5333
2025-07-21,2029-01-01,13.7098,912.072324,864,744.49,2.5981,13.575,13.48,7.84,100.5752,100.993
2025-07-21,2031-01-01,14.0026,865.045351,1365,1060.17,3.6903,13.791,21.16,20.95,101.5186,101.5343
2025-07-21,2033-01-01,14.01,833.17212,1869,1307.03,4.5493,13.88,13.0,15.03,101.0847,100.9366
2025-07-21,2035-01-01,14.078,806.770605,2368,1492.26,5.1909,13.858,22.0,23.09,101.6673,101.5875
2025-07-22,2027-01-01,14.189,954.911116,364,346.29,1.2034,14.256,-6.7,-9.36,99.3446,99.53
2025-07-22,2029-01-01,13.6279,914.479572,863,743.64,2.597,13.493,13.49,7.68,100.5666,100.9998
2025-07-22,2031-01-01,13.9255,867.960444,1364,1059.67,3.6911,13.714,21.15,20.89,101.5232,101.5422
2025-07-22,2033-01-01,13.93,836.64518,1868,1307.18,4.553,13.8,13.0,14.94,101.084,100.942
2025-07-22,2035-01-01,14.0082,810.122978,2367,1492.99,5.1966,13.79,21.82,23.33,101.6937,101.5823
2025-07-23,2027-01-01,14.1543,955.811996,363,345.29,1.2003,14.22,-6.57,-9.33,99.3452,99.538
2025-07-23,2029-01-01,13.6081,915.413331,862,742.68,2.5941,13.473,13.51,7.79,100.5755,101.0027
2025-07-23,2031-01-01,13.9379,868.012647,1363,1058.59,3.6869,13.721,21.69,21.99,101.6031,101.5808
2025-07-23,2033-01-01,13.955,836.126971,1867,1305.82,4.5473,13.825,13.0,15.88,101.1514,100.9403
2025-07-23,2035-01-01,14.049,808.829874,2366,1490.98,5.1878,13.829,22.0,24.81,101.7978,101.5909
2025-07-24,2027-01-01,14.1659,956.181483,362,344.29,1.1967,14.233,-6.71,-9.42,99.3394,99.5286
2025-07-24,2029-01-01,13.6553,914.757975,861,741.59,2.5893,13.52,13.53,8.11,100.5971,101.0007
2025-07-24,2031-01-01,14.0018,866.421495,1362,1057.17,3.6799,13.786,21.58,22.42,101.6276,101.5654
2025-07-24,2033-01-01,14.0338,833.572905,1866,1303.68,4.5367,13.906,12.78,16.54,101.1929,100.919
2025-07-24,2035-01-01,14.1378,805.539148,2365,1487.79,5.1726,13.917,22.08,25.92,101.8678,101.5865
2025-07-25,2027-01-01,14.166,956.683161,361,343.29,1.1932,14.232,-6.6,-9.24,99.3518,99.5363
2025-07-25,2029-01-01,13.6762,914.728313,860,740.56,2.5852,13.54,13.62,8.36,100.6154,101.0059
2025-07-25,2031-01-01,14.0134,866.502588,1361,1056.1,3.6758,13.797,21.64,22.4,101.6246,101.5685
2025-07-25,2033-01-01,14.0472,833.501022,1865,1302.49,4.532,13.92,12.72,16.52,101.1898,100.9138
2025-07-25,2035-01-01,14.1406,805.845324,2364,1486.72,5.1688,13.921,21.96,25.49,101.836,101.5775
2025-07-28,2027-01-01,14.16,957.254582,360,342.29,1.1898,14.217,-5.7,-8.39,99.411,99.5991
2025-07-28,2029-01-01,13.6701,915.337866,859,739.57,2.5818,13.533,13.71,8.58,100.6317,101.0131
2025-07-28,2031-01-01,13.9995,867.396344,1360,1055.19,3.673,13.786,21.35,22.16,101.6081,101.5487
2025-07-28,2033-01-01,14.0298,834.593369,1864,1301.74,4.5301,13.903,12.68,16.3,101.1753,100.912
2025-07-28,2035-01-01,14.1393,806.322521,2363,1485.75,5.1655,13.918,22.13,25.97,101.8713,101.59
2025-07-29,2027-01-01,14.1015,958.422878,359,341.3,1.187,14.151,-4.95,-7.78,99.4511,99.6502
2025-07-29,2029-01-01,13.5043,919.730434,858,738.87,2.5832,13.368,13.63,7.58,100.5645,101.0196
2025-07-29,2031-01-01,13.8242,873.455477,1359,1055.33,3.6792,13.611,21.32,21.29,101.5641,101.5664
2025-07-29,2033-01-01,13.8617,841.417142,1863,1303.17,4.5417,13.734,12.77,15.87,101.1584,100.9298
2025-07-29,2035-01-01,13.9734,813.698911,2362,1488.84,5.1838,13.755,21.84,25.45,101.8552,101.5878
2025-07-30,2027-01-01,14.1831,957.999445,358,340.29,1.1826,14.227,-4.39,-7.0,99.5088,99.6914
2025-07-30,2029-01-01,13.5569,918.945455,857,737.77,2.5782,13.42,13.69,7.55,100.5598,101.0201
2025-07-30,2031-01-01,13.8568,872.858093,1358,1054.12,3.6739,13.642,21.48,20.98,101.5373,101.5745
2025-07-30,2033-01-01,13.9027,840.286375,1862,1301.58,4.5346,13.774,12.87,15.87,101.155,100.9344
2025-07-30,2035-01-01,14.008,812.664086,2361,1486.99,5.1757,13.788,22.0,25.26,101.8362,101.5956
2025-07-31,2027-01-01,14.3049,957.128932,357,339.28,1.1778,14.35,-4.51,-6.76,99.5296,99.6857
2025-07-31,2029-01-01,13.7045,915.924765,856,736.5,2.5704,13.568,13.65,7.79,100.5719,101.006
2025-07-31,2031-01-01,13.974,869.562288,1357,1052.36,3.664,13.759,21.5,20.64,101.4992,101.5626
2025-07-31,2033-01-01,13.9933,837.27943,1861,1299.27,4.5229,13.865,12.83,14.76,101.0658,100.9254
2025-07-31,2035-01-01,14.0894,809.674413,2360,1483.98,5.1616,13.869,22.04,23.95,101.729,101.5892
2025-08-01,2027-01-01,14.1471,959.414456,356,338.3,1.1761,14.196,-4.89,-7.53,99.4706,99.6555
2025-08-01,2029-01-01,13.5663,919.650852,855,735.76,2.5709,13.43,13.63,7.85,100.5819,101.0149
2025-08-01,2031-01-01,13.875,873.174679,1356,1052.0,3.666,13.66,21.5,21.37,101.5642,101.5739
2025-08-01,2033-01-01,13.9141,840.720952,1860,1299.41,4.5266,13.785,12.91,15.99,101.1623,100.9365
2025-08-01,2035-01-01,14.014,813.25784,2359,1484.84,5.168,13.794,22.0,25.08,101.8225,101.5949
2025-08-04,2027-01-01,14.1083,960.355253,355,337.3,1.173,14.158,-4.97,-7.73,99.4551,99.649
2025-08-04,2029-01-01,13.4884,921.958124,854,734.9,2.5697,13.353,13.54,7.44,100.5549,101.014
2025-08-04,2031-01-01,13.7852,876.504946,1355,1051.59,3.6674,13.571,21.42,20.9,101.5392,101.5784
2025-08-04,2033-01-01,13.8193,844.773618,1859,1299.78,4.5316,13.69,12.93,15.55,101.138,100.9445
2025-08-04,2035-01-01,13.916,817.815016,2358,1486.26,5.1774,13.696,22.0,24.63,101.8018,101.6063
2025-08-05,2027-01-01,14.1089,960.851601,354,336.3,1.1695,14.158,-4.91,-7.65,99.4605,99.6532
2025-08-05,2029-01-01,13.541,921.177282,853,733.8,2.5646,13.406,13.5,7.87,100.5847,101.007
2025-08-05,2031-01-01,13.8535,874.763563,1354,1050.14,3.6602,13.641,21.25,21.35,101.5655,101.5578
2025-08-05,2033-01-01,13.891,842.469947,1858,1297.74,4.5217,13.761,13.0,16.14,101.1752,100.9447
2025-08-05,2035-01-01,13.9904,815.09727,2357,1483.42,5.1641,13.769,22.14,25.22,101.8362,101.608
2025-08-06,2027-01-01,14.0922,961.542207,353,335.3,1.1662,14.145,-5.28,-8.02,99.4341,99.6267
2025-08-06,2029-01-01,13.5008,922.59123,852,732.88,2.5623,13.366,13.48,7.61,100.5671,101.0085
2025-08-06,2031-01-01,13.8066,876.71685,1353,1049.45,3.6593,13.593,21.36,21.17,101.5573,101.5714
2025-08-06,2033-01-01,13.8378,844.934489,1857,1297.51,4.523,13.708,12.98,15.71,101.1487,100.9469
2025-08-06,2035-01-01,13.9347,817.870155,2356,1483.8,5.168,13.713,22.17,24.83,101.8139,101.6167
2025-08-07,2027-01-01,14.0234,962.815533,352,334.31,1.1635,14.089,-6.56,-9.44,99.3316,99.5344
2025-08-07,2029-01-01,13.404,925.345417,851,732.05,2.5616,13.269,13.5,7.21,100.541,101.0174
2025-08-07,2031-01-01,13.6926,880.833351,1352,1049.19,3.662,13.48,21.26,20.47,101.5175,101.5772
2025-08-07,2033-01-01,13.735,849.309943,1856,1297.99,4.5287,13.605,13.0,15.51,101.1423,100.9555
2025-08-07,2035-01-01,13.8378,822.404042,2355,1485.19,5.1772,13.611,22.68,25.19,101.8539,101.6663
2025-08-08,2027-01-01,14.0603,962.90489,351,333.31,1.1596,14.122,-6.17,-8.97,99.3658,99.5631
2025-08-08,2029-01-01,13.417,925.499613,850,731.03,2.5577,13.282,13.5,7.14,100.5347,101.0164
2025-08-08,2031-01-01,13.7065,880.834014,1351,1048.1,3.6578,13.494,21.25,20.42,101.5126,101.5748
2025-08-08,2033-01-01,13.74,849.551578,1855,1296.92,4.5248,13.61,13.0,15.18,101.1172,100.9552
2025-08-08,2035-01-01,13.8373,822.848402,2354,1484.2,5.1738,13.61,22.73,24.72,101.819,101.6701
2025-08-11,2027-01-01,14.0179,963.880172,350,332.31,1.1566,14.079,-6.11,-9.02,99.3609,99.566
2025-08-11,2029-01-01,13.3291,928.044438,849,730.19,2.5568,13.193,13.61,6.9,100.5204,101.0316
2025-08-11,2031-01-01,13.617,884.172096,1350,1047.69,3.6592,13.402,21.5,20.35,101.5172,101.6042
2025-08-11,2033-01-01,13.651,853.415969,1854,1297.2,4.5293,13.521,13.0,15.01,101.1114,100.9615
2025-08-11,2035-01-01,13.758,826.657491,2353,1485.16,5.1807,13.528,23.0,25.07,101.856,101.7002
2025-08-12,2027-01-01,13.9056,965.632321,349,331.32,1.1543,13.964,-5.84,-9.03,99.3549,99.5818
2025-08-12,2029-01-01,13.2327,930.794814,848,729.37,2.5561,13.095,13.77,7.21,100.5481,101.0515
2025-08-12,2031-01-01,13.5559,886.599177,1349,1047.09,3.6591,13.34,21.59,21.24,101.5916,101.6184
2025-08-12,2033-01-01,13.6107,855.408826,1853,1296.78,4.5295,13.48,13.07,16.29,101.2115,100.9696
2025-08-12,2035-01-01,13.736,828.023292,2352,1484.7,5.1801,13.506,23.0,26.83,101.9925,101.7029
2025-08-13,2027-01-01,13.8763,966.457218,348,330.33,1.1511,13.931,-5.47,-8.69,99.3773,99.6074
2025-08-13,2029-01-01,13.2917,929.852992,847,728.26,2.5509,13.153,13.87,8.01,100.6065,101.0545
2025-08-13,2031-01-01,13.6477,884.076807,1348,1045.49,3.6505,13.428,21.97,22.56,101.6812,101.6361
2025-08-13,2033-01-01,13.6942,852.616487,1852,1294.58,4.5185,13.563,13.12,16.99,101.256,100.9673
2025-08-13,2035-01-01,13.8174,824.966354,2351,1481.7,5.1659,13.584,23.34,27.61,102.0387,101.7182
2025-08-14,2027-01-01,13.8979,966.716057,347,329.33,1.1474,13.943,-4.51,-7.7,99.4487,99.6765
2025-08-14,2029-01-01,13.2709,930.806705,846,727.3,2.548,13.132,13.89,7.82,100.5931,101.0577
2025-08-14,2031-01-01,13.6214,885.374731,1347,1044.66,3.6485,13.403,21.84,22.2,101.6565,101.6295
2025-08-14,2033-01-01,13.6862,853.359031,1851,1293.7,4.5157,13.554,13.22,17.34,101.2833,100.9754
2025-08-14,2035-01-01,13.787,826.687034,2350,1481.45,5.1665,13.557,23.0,26.82,101.9839,101.6965
2025-08-15,2027-01-01,13.876,967.457751,346,328.33,1.1441,13.916,-4.0,-7.27,99.4788,99.7126
2025-08-15,2029-01-01,13.2562,931.615517,845,726.32,2.5449,13.109,14.72,8.63,100.6557,101.1229
2025-08-15,2031-01-01,13.5915,886.789674,1346,1043.85,3.6466,13.375,21.65,21.94,101.6408,101.6187
2025-08-15,2033-01-01,13.6581,854.877052,1850,1293.1,4.5147,13.525,13.31,17.32,101.2842,100.9841
2025-08-15,2035-01-01,13.783,827.281687,2349,1480.54,5.1635,13.553,23.0,27.7,102.0508,101.697
2025-08-18,2027-01-01,13.913,967.548375,345,327.32,1.1403,13.953,-4.0,-7.14,99.4896,99.7133
2025-08-18,2029-01-01,13.3463,929.945106,844,725.16,2.5388,13.196,15.03,9.38,100.7076,101.139
2025-08-18,2031-01-01,13.694,883.933818,1345,1042.19,3.6375,13.477,21.7,22.57,101.6755,101.6102
2025-08-18,2033-01-01,13.7553,851.572827,1849,1290.7,4.5025,13.622,13.33,17.69,101.3027,100.9786
2025-08-18,2035-01-01,13.8699,824.006616,2348,1477.4,5.1486,13.639,23.09,27.64,102.0335,101.6929
2025-08-19,2027-01-01,14.073,966.290813,344,326.3,1.1351,14.113,-4.0,-6.72,99.5251,99.7166
2025-08-19,2029-01-01,13.5976,924.506977,843,723.7,2.5281,13.446,15.16,10.27,100.7608,101.1275
2025-08-19,2031-01-01,13.921,877.130949,1344,1039.7,3.6216,13.706,21.5,22.49,101.6422,101.5687
2025-08-19,2033-01-01,13.9659,843.990671,1848,1286.66,4.4801,13.833,13.29,17.31,101.2547,100.9607
2025-08-19,2035-01-01,14.0605,816.405539,2347,1471.69,5.1201,13.833,22.75,26.35,101.9102,101.6446
2025-08-20,2027-01-01,13.993,967.671791,343,325.31,1.1325,14.033,-4.0,-6.92,99.5076,99.715
2025-08-20,2029-01-01,13.4795,927.738626,842,722.92,2.528,13.331,14.85,9.84,100.7353,101.1139
2025-08-20,2031-01-01,13.852,879.779512,1343,1039.15,3.6219,13.637,21.5,23.21,101.7044,101.5766
2025-08-20,2033-01-01,13.9142,846.386259,1847,1286.41,4.4813,13.781,13.32,18.43,101.3427,100.9665
2025-08-20,2035-01-01,14.0286,818.16674,2346,1471.48,5.1208,13.802,22.66,28.01,102.0371,101.6418
2025-08-21,2027-01-01,14.0521,967.529226,342,324.31,1.1284,14.088,-3.59,-6.36,99.5494,99.7452
2025-08-21,2029-01-01,13.5725,926.028788,841,721.75,2.5218,13.427,14.55,9.93,100.7369,101.0836
2025-08-21,2031-01-01,13.9776,876.244946,1342,1037.33,3.6116,13.77,20.76,23.36,101.6997,101.5076
2025-08-21,2033-01-01,14.0607,841.295058,1846,1283.3,4.4647,13.93,13.07,19.33,101.3942,100.9383
2025-08-21,2035-01-01,14.1561,813.278086,2345,1467.33,5.1007,13.943,21.31,27.42,101.975,101.5284
2025-08-22,2027-01-01,13.9268,969.400362,341,323.32,1.1262,13.959,-3.22,-6.28,99.551,99.7693
2025-08-22,2029-01-01,13.414,930.205447,840,721.04,2.5228,13.27,14.4,9.48,100.7116,101.0852
2025-08-22,2031-01-01,13.841,881.036094,1341,1037.23,3.6155,13.626,21.5,24.12,101.7737,101.5779
2025-08-22,2033-01-01,13.9398,846.292149,1845,1284.04,4.472,13.807,13.28,20.08,101.4617,100.9618
2025-08-22,2035-01-01,14.0633,817.568201,2344,1468.63,5.1093,13.845,21.83,29.32,102.1291,101.5767
2025-08-25,2027-01-01,13.8871,970.334535,340,322.33,1.1231,13.919,-3.19,-6.3,99.5485,99.7708
2025-08-25,2029-01-01,13.3474,932.233659,839,720.16,2.5212,13.204,14.34,9.19,100.6933,101.086
2025-08-25,2031-01-01,13.7845,883.29099,1340,1036.59,3.6151,13.562,22.25,24.75,101.8282,101.6406
2025-08-25,2033-01-01,13.8895,848.636792,1844,1283.77,4.473,13.755,13.45,20.47,101.4956,100.9778
2025-08-25,2035-01-01,14.0215,819.743816,2343,1468.66,5.1113,13.799,22.25,30.17,102.1995,101.6124
2025-08-26,2027-01-01,13.946,970.195537,339,321.32,1.119,13.98,-3.4,-6.36,99.5459,99.7568
2025-08-26,2029-01-01,13.3895,931.709383,838,719.08,2.5165,13.246,14.35,9.03,100.6788,101.0833
2025-08-26,2031-01-01,13.8133,882.82519,1339,1035.41,3.6101,13.587,22.63,24.74,101.8237,101.6656
2025-08-26,2033-01-01,13.9038,848.53246,1843,1282.56,4.4683,13.768,13.58,19.98,101.4582,100.9863
2025-08-26,2035-01-01,14.029,819.856662,2342,1467.47,5.1069,13.804,22.5,29.55,102.1517,101.63
2025-08-27,2027-01-01,13.9359,970.807678,338,320.32,1.1156,13.968,-3.21,-6.18,99.5587,99.7702
2025-08-27,2029-01-01,13.3846,932.288888,837,718.09,2.5132,13.24,14.46,9.27,100.6976,101.0921
2025-08-27,2031-01-01,13.8438,882.307733,1338,1034.21,3.6049,13.615,22.88,25.67,101.8892,101.6805
2025-08-27,2033-01-01,13.9499,847.226125,1842,1280.89,4.4607,13.81,13.99,21.31,101.5511,101.013
2025-08-27,2035-01-01,14.0778,818.244827,2341,1465.27,5.097,13.849,22.88,30.83,102.239,101.6521
2025-08-28,2027-01-01,13.9056,971.637832,337,319.32,1.1125,13.938,-3.24,-6.27,99.5515,99.7675
2025-08-28,2029-01-01,13.282,935.160005,836,717.28,2.5126,13.137,14.5,8.69,100.6583,101.1038
2025-08-28,2031-01-01,13.6727,888.225332,1337,1034.32,3.6108,13.449,22.37,23.6,101.7566,101.6633
2025-08-28,2033-01-01,13.7761,854.268815,1841,1282.4,4.4727,13.631,14.51,20.15,101.4844,101.0645
2025-08-28,2035-01-01,13.8867,826.699975,2340,1468.98,5.1185,13.666,22.07,28.39,102.0868,101.615
2025-08-29,2027-01-01,13.9321,971.854358,336,318.32,1.1087,13.965,-3.29,-6.23,99.5545,99.7644
2025-08-29,2029-01-01,13.3464,934.112845,835,716.16,2.5073,13.201,14.54,9.01,100.6797,101.1014
2025-08-29,2031-01-01,13.7234,887.053962,1336,1032.99,3.6045,13.5,22.34,23.54,101.7453,101.6548
2025-08-29,2033-01-01,13.82,853.031893,1840,1280.77,4.4653,13.672,14.8,20.13,101.4784,101.0825
2025-08-29,2035-01-01,13.925,825.50866,2339,1467.04,5.11,13.705,22.0,27.95,102.0487,101.6053
2025-09-01,2027-01-01,13.9033,972.667107,335,317.32,1.1055,13.936,-3.27,-6.28,99.5503,99.7654
2025-09-01,2029-01-01,13.371,934.001968,834,715.11,2.5031,13.226,14.5,9.41,100.7086,101.0963
2025-09-01,2031-01-01,13.776,885.827949,1335,1031.65,3.5982,13.556,22.0,24.06,101.7779,101.6229
2025-09-01,2033-01-01,13.8831,851.072221,1839,1278.86,4.4562,13.734,14.91,21.14,101.546,101.0856
2025-09-01,2035-01-01,13.9812,823.570611,2338,1464.65,5.0992,13.763,21.82,28.45,102.0774,101.5854
2025-09-02,2027-01-01,13.9566,972.598385,334,316.32,1.1015,13.99,-3.34,-6.21,99.5571,99.7613
2025-09-02,2029-01-01,13.4683,932.198531,833,713.94,2.4968,13.324,14.43,9.8,100.7329,101.083
2025-09-02,2031-01-01,13.8686,883.338562,1334,1030.04,3.5896,13.66,20.86,23.34,101.7121,101.5271
2025-09-02,2033-01-01,13.9866,847.600247,1838,1276.37,4.4435,13.838,14.86,21.48,101.5598,101.0739
2025-09-02,2035-01-01,14.0729,820.16154,2337,1461.39,5.0837,13.866,20.69,27.65,102.0043,101.4921
2025-09-03,2027-01-01,13.9666,972.995914,333,315.32,1.0979,13.999,-3.24,-6.05,99.5685,99.7686
2025-09-03,2029-01-01,13.4636,932.775358,832,712.95,2.4934,13.32,14.36,9.62,100.7195,101.0781
2025-09-03,2031-01-01,13.8509,884.355174,1333,1029.16,3.5871,13.645,20.59,22.77,101.6718,101.509
2025-09-03,2033-01-01,13.9634,848.914877,1837,1275.7,4.442,13.815,14.84,20.97,101.525,101.0742
2025-09-03,2035-01-01,14.05,821.545671,2336,1460.95,5.0832,13.845,20.5,27.09,101.9657,101.4807
2025-09-04,2027-01-01,13.9412,973.771515,332,314.32,1.0947,13.973,-3.18,-6.04,99.5683,99.7724
2025-09-04,2029-01-01,13.4353,933.900969,831,712.0,2.4907,13.291,14.43,9.67,100.7253,101.0857
2025-09-04,2031-01-01,13.8352,885.308543,1332,1028.26,3.5845,13.629,20.62,23.02,101.692,101.513
2025-09-04,2033-01-01,13.967,849.219605,1836,1274.65,4.4382,13.818,14.9,21.73,101.5806,101.0783
2025-09-04,2035-01-01,14.0645,821.369276,2335,1459.6,5.0779,13.862,20.25,27.99,102.0303,101.4608
2025-09-05,2027-01-01,13.8996,974.718417,331,313.32,1.0916,13.932,-3.24,-6.2,99.556,99.7674
2025-09-05,2029-01-01,13.3367,936.663838,830,711.18,2.49,13.192,14.47,9.28,100.7005,101.0969
2025-09-05,2031-01-01,13.7167,889.534,1331,1028.04,3.5874,13.512,20.47,22.23,101.6475,101.5149
2025-09-05,2033-01-01,13.8546,853.910955,1835,1275.27,4.4448,13.705,14.96,21.33,101.5636,101.0916
2025-09-05,2035-01-01,13.951,826.551999,2334,1461.4,5.0892,13.751,20.0,27.36,102.0004,101.4544
2025-09-08,2027-01-01,13.8951,975.269702,330,312.33,1.0882,13.924,-2.89,-5.86,99.5803,99.7924
2025-09-08,2029-01-01,13.3236,937.434615,829,710.2,2.4869,13.179,14.46,9.15,100.6914,101.0972
2025-09-08,2031-01-01,13.6815,891.11162,1330,1027.27,3.5859,13.479,20.25,21.59,101.6035,101.5023
2025-09-08,2033-01-01,13.809,856.083544,1834,1274.93,4.4454,13.659,15.0,20.69,101.521,101.0982
2025-09-08,2035-01-01,13.9005,829.108503,2333,1461.64,5.0923,13.703,19.75,26.4,101.9361,101.4413
2025-09-09,2027-01-01,13.9323,975.379779,329,311.32,1.0843,13.96,-2.77,-5.67,99.5948,99.8016
2025-09-09,2029-01-01,13.3373,937.580996,828,709.18,2.483,13.194,14.33,8.83,100.6665,101.0861
2025-09-09,2031-01-01,13.667,892.028467,1329,1026.36,3.5832,13.467,20.0,20.73,101.5406,101.4851
2025-09-09,2033-01-01,13.786,857.398785,1833,1274.26,4.4439,13.636,15.0,19.85,101.4611,101.1
2025-09-09,2035-01-01,13.863,831.122129,2332,1461.57,5.0937,13.668,19.5,24.97,101.8346,101.4267
2025-09-10,2027-01-01,13.9737,975.448263,328,310.32,1.0804,14.002,-2.83,-5.64,99.5979,99.7979
2025-09-10,2029-01-01,13.331,938.193467,827,708.19,2.4797,13.188,14.3,8.53,100.644,101.0843
2025-09-10,2031-01-01,13.641,893.313235,1328,1025.53,3.5811,13.441,20.0,20.21,101.5042,101.488
2025-09-10,2033-01-01,13.7524,859.119588,1832,1273.74,4.4434,13.606,14.64,18.94,101.3966,101.076
2025-09-10,2035-01-01,13.839,832.567224,2331,1461.16,5.0934,13.64,19.9,24.98,101.838,101.4589
2025-09-11,2027-01-01,13.9882,975.802308,327,309.31,1.0768,14.017,-2.88,-5.65,99.5975,99.7945
2025-09-11,2029-01-01,13.3085,939.182669,826,707.23,2.4768,13.165,14.35,8.34,100.6304,101.09
2025-09-11,2031-01-01,13.604,894.95085,1327,1024.77,3.5796,13.409,19.5,19.38,101.4452,101.4542
2025-09-11,2033-01-01,13.7032,861.439646,1831,1273.45,4.4444,13.559,14.42,18.05,101.335,101.0635
2025-09-11,2035-01-01,13.7692,835.962915,2330,1461.89,5.099,13.575,19.42,23.24,101.7168,101.4306
2025-09-12,2027-01-01,13.9931,976.258066,326,308.31,1.0733,14.022,-2.89,-5.61,99.6005,99.7939
2025-09-12,2029-01-01,13.3496,938.69396,825,706.15,2.4722,13.206,14.36,8.63,100.6509,101.0874
2025-09-12,2031-01-01,13.6329,894.479228,1326,1023.58,3.5745,13.442,19.09,19.03,101.4157,101.4202
2025-09-12,2033-01-01,13.7201,861.232262,1830,1272.21,4.4394,13.577,14.31,17.61,101.3003,101.054
2025-09-12,2035-01-01,13.773,836.229036,2329,1460.79,5.095,13.582,19.1,22.24,101.6412,101.4063
2025-09-15,2027-01-01,13.9564,977.149206,325,307.32,1.0702,13.985,-2.86,-5.66,99.596,99.7955
2025-09-15,2029-01-01,13.2682,941.050858,824,705.3,2.471,13.124,14.42,8.35,100.6337,101.0988
2025-09-15,2031-01-01,13.5529,897.494866,1325,1023.11,3.5754,13.362,19.09,18.82,101.4078,101.4287
2025-09-15,2033-01-01,13.6394,864.764381,1829,1272.37,4.4431,13.497,14.24,17.37,101.2901,101.055
2025-09-15,2035-01-01,13.7008,839.741499,2328,1461.57,5.101,13.509,19.18,22.45,101.666,101.4198
2025-09-16,2027-01-01,13.9256,977.977221,324,306.32,1.067,13.955,-2.94,-5.78,99.5869,99.7893
2025-09-16,2029-01-01,13.2139,942.778938,823,704.4,2.469,13.069,14.49,8.23,100.6267,101.1087
2025-09-16,2031-01-01,13.4605,900.918226,1324,1022.71,3.5769,13.268,19.25,18.19,101.37,101.4509
2025-09-16,2033-01-01,13.5413,868.983374,1828,1272.78,4.4484,13.399,14.23,16.59,101.2401,101.062
2025-09-16,2035-01-01,13.6065,844.222785,2327,1462.9,5.1099,13.414,19.25,21.85,101.6322,101.4351
2025-09-17,2027-01-01,13.8982,978.768526,323,305.32,1.0638,13.929,-3.08,-5.96,99.573,99.7789
2025-09-17,2029-01-01,13.185,943.915802,822,703.45,2.4663,13.04,14.5,8.22,100.6276,101.112
2025-09-17,2031-01-01,13.417,902.772484,1323,1021.99,3.5758,13.224,19.3,17.97,101.3579,101.4595
2025-09-17,2033-01-01,13.4975,871.116441,1827,1272.41,4.4488,13.355,14.25,16.39,101.2294,101.067
2025-09-17,2035-01-01,13.557,846.789321,2326,1463.12,5.1129,13.364,19.3,21.59,101.6183,101.4442
2025-09-18,2027-01-01,13.9507,978.729274,322,304.32,1.0598,13.981,-3.03,-5.83,99.5838,99.7833
2025-09-18,2029-01-01,13.245,942.985853,821,702.34,2.4611,13.1,14.5,8.26,100.6277,101.1069
2025-09-18,2031-01-01,13.4717,901.46116,1322,1020.64,3.5693,13.277,19.47,18.03,101.3567,101.4664
2025-09-18,2033-01-01,13.5427,869.805587,1826,1270.76,4.4412,13.399,14.37,16.15,101.2068,101.0725
2025-09-18,2035-01-01,13.6,845.358336,2325,1461.06,5.1038,13.405,19.5,21.3,101.5912,101.4547
2025-09-19,2027-01-01,13.951,979.233516,321,303.32,1.0563,13.981,-3.0,-5.77,99.5882,99.7854
2025-09-19,2029-01-01,13.2779,942.689034,820,701.28,2.4567,13.133,14.49,8.51,100.6447,101.1033
2025-09-19,2031-01-01,13.4956,901.145208,1321,1019.48,3.5645,13.302,19.36,17.96,101.3484,101.4554
2025-09-19,2033-01-01,13.55,869.962228,1825,1269.66,4.4371,13.411,13.9,15.39,101.1487,101.0365
2025-09-19,2035-01-01,13.6037,845.626615,2324,1459.97,5.0998,13.41,19.37,20.67,101.5429,101.4444
2025-09-22,2027-01-01,14.0023,979.212254,320,302.31,1.0523,14.031,-2.87,-5.52,99.607,99.7955
2025-09-22,2029-01-01,13.3726,940.968161,819,700.11,2.4505,13.228,14.46,8.88,100.6687,101.0931
2025-09-22,2031-01-01,13.6052,898.088984,1320,1017.76,3.5551,13.41,19.52,18.58,101.3842,101.4556
2025-09-22,2033-01-01,13.6518,866.485415,1824,1267.19,4.4245,13.514,13.78,15.51,101.1495,101.0197
2025-09-22,2035-01-01,13.6943,842.161826,2323,1456.73,5.0844,13.5,19.43,20.51,101.5202,101.4393
2025-09-23,2027-01-01,13.956,980.197585,319,301.32,1.0493,13.983,-2.7,-5.45,99.6108,99.8069
2025-09-23,2029-01-01,13.281,943.550609,818,699.28,2.4496,13.136,14.5,8.72,100.6606,101.1038
2025-09-23,2031-01-01,13.5227,901.182,1319,1017.3,3.556,13.326,19.67,18.72,101.404,101.4761
2025-09-23,2033-01-01,13.5714,870.015018,1823,1267.35,4.4282,13.434,13.74,15.56,101.1597,101.0228
2025-09-23,2035-01-01,13.618,845.86692,2322,1457.62,5.0909,13.423,19.5,20.76,101.5484,101.4527
2025-09-24,2027-01-01,13.9872,980.38598,318,300.31,1.0455,14.013,-2.58,-5.26,99.6256,99.8159
2025-09-24,2029-01-01,13.3219,943.073889,817,698.2,2.4449,13.177,14.49,8.77,100.6629,101.0996
2025-09-24,2031-01-01,13.556,900.56995,1318,1016.09,3.5507,13.359,19.7,18.67,101.3965,101.4747
2025-09-24,2033-01-01,13.5858,869.900133,1822,1266.14,4.4234,13.449,13.68,14.96,101.1137,101.0172
2025-09-24,2035-01-01,13.6313,845.723239,2321,1456.29,5.0857,13.436,19.53,20.22,101.5061,101.4536
2025-09-25,2027-01-01,14.0444,980.311116,317,299.31,1.0415,14.07,-2.56,-5.07,99.6405,99.8181
2025-09-25,2029-01-01,13.4022,941.694904,816,697.06,2.4392,13.259,14.32,8.7,100.6533,101.08
2025-09-25,2031-01-01,13.6235,898.870652,1317,1014.65,3.5436,13.426,19.75,18.49,101.3762,101.471
2025-09-25,2033-01-01,13.6423,868.170473,1821,1264.33,4.4149,13.506,13.63,14.48,101.0727,101.0092
2025-09-25,2035-01-01,13.672,844.404713,2320,1454.28,5.0769,13.477,19.5,19.27,101.4299,101.4469
2025-09-26,2027-01-01,14.0176,981.095396,316,298.31,1.0382,14.04,-2.24,-4.79,99.6593,99.8405
2025-09-26,2029-01-01,13.3736,942.821668,815,696.11,2.4365,13.233,14.06,8.51,100.6408,101.0625
2025-09-26,2031-01-01,13.6234,899.329522,1316,1013.65,3.5401,13.433,19.04,18.44,101.3723,101.4174
2025-09-26,2033-01-01,13.6624,867.841476,1820,1263.04,4.4096,13.525,13.74,15.45,101.1437,101.0159
2025-09-26,2035-01-01,13.6926,843.951965,2319,1452.78,5.0707,13.502,19.06,19.82,101.4685,101.4116
2025-09-29,2027-01-01,14.0386,981.392996,315,297.31,1.0346,14.06,-2.14,-4.64,99.6703,99.8478
2025-09-29,2029-01-01,13.4138,942.369458,814,695.04,2.4319,13.272,14.18,8.78,100.6589,101.0684
2025-09-29,2031-01-01,13.6689,898.3392,1315,1012.35,3.5342,13.477,19.19,18.77,101.3925,101.4239
2025-09-29,2033-01-01,13.7095,866.483409,1819,1261.36,4.4019,13.571,13.85,15.8,101.1659,101.0206
2025-09-29,2035-01-01,13.7435,842.208252,2318,1450.52,5.0605,13.551,19.25,20.3,101.4992,101.4206
2025-09-30,2027-01-01,14.0234,982.058637,314,296.31,1.0312,14.047,-2.36,-4.88,99.6533,99.832
2025-09-30,2029-01-01,13.3594,944.087023,813,694.14,2.4299,13.217,14.24,8.51,100.6414,101.0774
2025-09-30,2031-01-01,13.609,900.69977,1314,1011.74,3.5339,13.417,19.2,18.46,101.375,101.431
2025-09-30,2033-01-01,13.6642,868.655131,1818,1261.01,4.4025,13.525,13.92,15.9,101.1777,101.0292
2025-09-30,2035-01-01,13.705,844.281744,2317,1450.47,5.0621,13.513,19.2,20.57,101.5235,101.4209
2025-10-01,2027-01-01,14.0342,982.461145,313,295.31,1.0276,14.061,-2.68,-5.14,99.6351,99.8094
2025-10-01,2029-01-01,13.3949,943.743814,812,693.07,2.4254,13.254,14.09,8.5,100.6387,101.0631
2025-10-01,2031-01-01,13.6249,900.650279,1313,1010.64,3.5296,13.433,19.19,18.17,101.3518,101.4286
2025-10-01,2033-01-01,13.659,869.295571,1817,1260.09,4.3994,13.519,14.0,15.2,101.1257,101.0356
2025-10-01,2035-01-01,13.6851,845.563144,2316,1449.96,5.0612,13.493,19.21,19.38,101.4361,101.4237
2025-10-02,2027-01-01,14.0616,982.697513,312,294.31,1.0239,14.095,-3.34,-5.69,99.5972,99.763
2025-10-02,2029-01-01,13.5083,941.626716,811,691.86,2.4188,13.368,14.03,9.1,100.6786,101.0495
2025-10-02,2031-01-01,13.7526,897.062471,1312,1008.8,3.5192,13.563,18.96,18.69,101.3776,101.3979
2025-10-02,2033-01-01,13.802,864.295013,1816,1257.03,4.3832,13.662,14.0,16.15,101.1838,101.0247
2025-10-02,2035-01-01,13.83,839.827849,2315,1445.38,5.0388,13.64,19.0,20.17,101.48,101.393
2025-10-03,2027-01-01,14.0907,982.918835,311,293.3,1.0202,14.126,-3.53,-5.81,99.5893,99.7501
2025-10-03,2029-01-01,13.57,940.697894,810,690.75,2.4136,13.43,14.0,9.22,100.6842,101.0424
2025-10-03,2031-01-01,13.8,896.027398,1311,1007.49,3.5132,13.61,19.0,18.56,101.3635,101.396
2025-10-03,2033-01-01,13.835,863.490058,1815,1255.55,4.3768,13.695,14.0,15.68,101.1464,101.0223
2025-10-03,2035-01-01,13.8562,839.152252,2314,1443.74,5.0319,13.666,19.02,19.5,101.4277,101.3918
2025-10-06,2027-01-01,14.0505,983.835232,310,292.31,1.017,14.084,-3.35,-5.72,99.5947,99.7621
2025-10-06,2029-01-01,13.505,942.649116,809,689.87,2.4119,13.365,14.0,9.05,100.6744,101.0475
2025-10-06,2031-01-01,13.7591,897.775364,1310,1006.76,3.5119,13.567,19.21,19.08,101.4061,101.4159
2025-10-06,2033-01-01,13.815,864.690321,1814,1254.84,4.3751,13.675,14.0,16.51,101.2097,101.0238
2025-10-06,2035-01-01,13.8619,839.343892,2313,1442.6,5.0277,13.67,19.19,21.27,101.5584,101.4038
2025-10-07,2027-01-01,14.1008,983.847041,309,291.3,1.0131,14.134,-3.32,-5.57,99.6068,99.7651
2025-10-07,2029-01-01,13.603,940.90101,808,688.69,2.4057,13.463,14.0,9.51,100.7043,101.0399
2025-10-07,2031-01-01,13.8775,894.514639,1309,1004.99,3.502,13.685,19.25,19.76,101.4442,101.4066
2025-10-07,2033-01-01,13.942,860.350733,1813,1252.01,4.3604,13.802,14.0,17.27,101.254,101.0143
2025-10-07,2035-01-01,13.9904,834.381157,2312,1438.42,5.0075,13.798,19.24,22.01,101.5987,101.3944
2025-10-08,2027-01-01,14.069,984.678317,308,290.3,1.0099,,,,,
2025-10-08,2029-01-01,13.5835,941.818444,807,687.73,2.4027,,,,,
2025-10-08,2031-01-01,13.865,895.367561,1308,1004.07,3.4992,,,,,
2025-10-08,2033-01-01,13.9111,861.956468,1812,1251.45,4.3596,,,,,
2025-10-08,2035-01-01,13.9518,836.429676,2311,1438.38,5.009,,,,,
2025-10-09,2027-01-01,13.9963,985.914155,307,289.31,1.0071,14.027,-3.07,-5.53,99.6062,99.7811
2025-10-09,2029-01-01,13.4844,944.538941,806,686.91,2.4019,13.343,14.14,9.66,100.7216,101.0597
2025-10-09,2031-01-01,13.7842,898.36449,1307,1003.6,3.5001,13.588,19.62,20.5,101.5094,101.4439
2025-10-09,2033-01-01,13.8582,864.392769,1811,1251.22,4.3608,13.715,14.32,18.13,101.3258,101.0441
2025-10-09,2035-01-01,13.9164,838.348169,2310,1438.25,5.0101,13.719,19.74,23.32,101.7044,101.4389
2025-10-10,2027-01-01,13.9679,986.708029,306,288.32,1.0039,13.998,-3.01,-5.47,99.6096,99.785
2025-10-10,2029-01-01,13.5542,943.433086,805,685.78,2.3965,13.413,14.12,10.43,100.7752,101.0527
2025-10-10,2031-01-01,13.8885,895.555581,1306,1001.91,3.491,13.685,20.35,22.19,101.6239,101.487
2025-10-10,2033-01-01,13.9728,860.535252,1810,1248.56,4.3472,13.823,14.98,19.89,101.444,101.0837
2025-10-10,2035-01-01,14.0309,833.9942,2309,1434.43,4.9918,13.826,20.49,25.0,101.8144,101.482
2025-10-13,2027-01-01,13.9772,987.128261,305,287.32,1.0003,14.008,-3.08,-5.52,99.6065,99.7801
2025-10-13,2029-01-01,13.5356,944.329353,804,684.81,2.3935,13.393,14.26,10.36,100.7713,101.0647
2025-10-13,2031-01-01,13.8694,896.615008,1305,1001.04,3.4885,13.666,20.34,22.11,101.6202,101.4884
2025-10-13,2033-01-01,13.9581,861.532008,1809,1247.78,4.345,13.808,15.01,20.0,101.454,101.0871
2025-10-13,2035-01-01,14.023,834.757774,2308,1433.62,4.9893,13.818,20.5,25.31,101.8381,101.4836
2025-10-14,2027-01-01,13.9616,987.794479,304,286.32,0.997,13.993,-3.14,-5.6,99.6003,99.7756
2025-10-14,2029-01-01,13.4989,945.634452,803,683.88,2.391,13.355,14.39,10.36,100.7732,101.0775
2025-10-14,2031-01-01,13.8373,898.081618,1304,1000.25,3.4868,13.63,20.73,22.42,101.6472,101.5209
2025-10-14,2033-01-01,13.9236,863.271341,1808,1247.27,4.3446,13.773,15.06,20.02,101.4587,101.0934
2025-10-14,2035-01-01,13.9949,836.36396,2307,1433.31,4.9895,13.786,20.89,25.78,101.877,101.5153
2025-10-15,2027-01-01,13.9995,987.934899,303,285.31,0.9932,14.031,-3.15,-5.55,99.6052,99.7755
2025-10-15,2029-01-01,13.4469,947.285427,802,682.98,2.389,13.303,14.39,9.66,100.7237,101.0817
2025-10-15,2031-01-01,13.7439,901.473777,1303,999.86,3.4883,13.537,20.69,21.22,101.5678,101.5284
2025-10-15,2033-01-01,13.8254,867.411568,1807,1247.69,4.3498,13.673,15.24,19.01,101.3943,101.1146
2025-10-15,2035-01-01,13.8932,841.058421,2306,1434.82,4.9992,13.686,20.72,24.54,101.7979,101.514
2025-10-16,2027-01-01,13.995,988.492718,302,284.31,0.9897,14.026,-3.1,-5.49,99.6092,99.779
2025-10-16,2029-01-01,13.4669,947.307795,801,681.94,2.3849,13.322,14.49,10.07,100.7534,101.0877
2025-10-16,2031-01-01,13.783,900.706847,1302,998.6,3.4827,13.583,20.0,21.15,101.5581,101.4724
2025-10-16,2033-01-01,13.8803,865.790236,1806,1245.9,4.3414,13.727,15.33,19.84,101.4498,101.1168
2025-10-16,2035-01-01,13.9332,839.813725,2305,1432.84,4.9905,13.734,19.92,24.19,101.7671,101.4504
2025-10-17,2027-01-01,13.9851,989.103223,301,283.31,0.9863,14.016,-3.09,-5.5,99.6081,99.7795
2025-10-17,2029-01-01,13.4835,947.408284,800,680.91,2.381,13.338,14.55,10.39,100.7763,101.0909
2025-10-17,2031-01-01,13.8116,900.272413,1301,997.42,3.4777,13.613,19.86,21.43,101.576,101.4589
2025-10-17,2033-01-01,13.9072,865.226959,1805,1244.51,4.3356,13.754,15.32,20.09,101.4655,101.1139
2025-10-17,2035-01-01,13.9622,839.034682,2304,1431.12,4.9833,13.765,19.72,24.36,101.7754,101.4326
2025-10-20,2027-01-01,13.9388,990.067661,300,282.32,0.9833,13.97,-3.12,-5.65,99.596,99.7767
2025-10-20,2029-01-01,13.386,950.084962,799,680.09,2.3802,13.241,14.5,10.0,100.7527,101.0951
2025-10-20,2031-01-01,13.7213,903.566907,1300,997.01,3.479,13.523,19.83,21.26,101.5741,101.4664
2025-10-20,2033-01-01,13.8387,868.248644,1804,1244.5,4.3381,13.685,15.37,20.57,101.5089,101.1231
2025-10-20,2035-01-01,13.8962,842.235924,2303,1431.75,4.9884,13.701,19.52,24.73,101.8118,101.4247
2025-10-21,2027-01-01,13.8978,990.978555,299,281.33,0.9801,13.929,-3.12,-5.75,99.5882,99.776
2025-10-21,2029-01-01,13.351,951.349908,798,679.15,2.3776,13.206,14.5,10.07,100.7602,101.098
2025-10-21,2031-01-01,13.6858,905.144453,1299,996.24,3.4774,13.486,19.98,21.45,101.5923,101.4815
2025-10-21,2033-01-01,13.8028,870.04869,1803,1244.02,4.3378,13.644,15.88,20.99,101.544,101.1639
2025-10-21,2035-01-01,13.8663,843.928322,2302,1431.49,4.9888,13.669,19.73,25.15,101.8474,101.4434
2025-10-22,2027-01-01,13.8555,991.900201,298,280.33,0.977,13.886,-3.05,-5.72,99.5886,99.7804
2025-10-22,2029-01-01,13.295,953.08983,797,678.25,2.3756,13.15,14.5,9.97,100.7553,101.1027
2025-10-22,2031-01-01,13.6361,907.170803,1298,995.56,3.4766,13.431,20.51,21.92,101.6338,101.5271
2025-10-22,2033-01-01,13.7478,872.574016,1802,1243.81,4.3392,13.584,16.38,21.33,101.5763,101.2058
2025-10-22,2035-01-01,13.8136,846.586093,2301,1431.79,4.9921,13.608,20.56,25.8,101.9034,101.5109
2025-10-23,2027-01-01,13.8487,992.476786,297,279.33,0.9736,13.879,-3.03,-5.7,99.5904,99.7817
2025-10-23,2029-01-01,13.272,954.082513,796,677.3,2.3728,13.125,14.7,10.13,100.7689,101.12
2025-10-23,2031-01-01,13.6285,907.870715,1297,994.61,3.4735,13.416,21.25,22.78,101.6999,101.5839
2025-10-23,2033-01-01,13.7419,873.243525,1801,1242.89,4.3362,13.577,16.49,21.72,101.6061,101.2146
2025-10-23,2035-01-01,13.8132,847.037794,2300,1430.8,4.9887,13.602,21.12,26.65,101.9671,101.5527
2025-10-24,2027-01-01,13.791,993.543875,296,278.34,0.9707,13.821,-3.0,-5.76,99.5839,99.7829
2025-10-24,2029-01-01,13.186,956.50237,795,676.45,2.3716,13.038,14.8,9.99,100.7634,101.1351
2025-10-24,2031-01-01,13.5243,911.623996,1296,994.29,3.4756,13.315,20.93,22.07,101.6593,101.5719
2025-10-24,2033-01-01,13.643,877.445493,1800,1243.32,4.3415,13.478,16.5,21.46,101.5983,101.2242
2025-10-24,2035-01-01,13.7202,851.415797,2299,1432.09,4.9973,13.509,21.12,26.59,101.9767,101.5634
2025-10-27,2027-01-01,13.786,994.101441,295,277.34,0.9672,13.816,-3.0,-5.77,99.583,99.7829
2025-10-27,2029-01-01,13.1699,957.337587,794,675.48,2.3685,13.022,14.79,9.9,100.7572,101.1358
2025-10-27,2031-01-01,13.4951,913.008372,1295,993.48,3.4736,13.287,20.81,21.69,101.6333,101.5662
2025-10-27,2033-01-01,13.61,879.148974,1799,1242.79,4.3409,13.445,16.5,21.09,101.5738,101.2272
2025-10-27,2035-01-01,13.6804,853.545941,2298,1432.08,4.999,13.47,21.04,26.0,101.9371,101.562
2025-10-28,2027-01-01,13.808,994.400213,294,276.34,0.9635,13.838,-3.0,-5.7,99.5892,99.7832
2025-10-28,2029-01-01,13.2243,956.57659,793,674.38,2.3636,13.076,14.83,10.19,100.7764,101.1341
2025-10-28,2031-01-01,13.5712,911.059464,1294,991.99,3.4661,13.362,20.92,22.31,101.6715,101.5656
2025-10-28,2033-01-01,13.6824,876.838427,1798,1240.75,4.331,13.514,16.84,21.69,101.611,101.2461
2025-10-28,2035-01-01,13.746,851.188788,2297,1429.46,4.9869,13.536,21.0,26.1,101.9352,101.5514
2025-10-29,2027-01-01,13.805,994.93939,293,275.34,0.9601,13.835,-3.0,-5.67,99.5912,99.7832
2025-10-29,2029-01-01,13.2703,956.010009,792,673.3,2.3588,13.121,14.93,10.6,100.8049,101.1379
2025-10-29,2031-01-01,13.6314,909.622486,1293,990.59,3.4594,13.419,21.24,23.06,101.7207,101.5828
2025-10-29,2033-01-01,13.7528,874.618008,1797,1238.74,4.3213,13.575,17.78,23.11,101.709,101.3098
2025-10-29,2035-01-01,13.8174,848.601899,2296,1426.7,4.9742,13.604,21.34,27.11,102.0014,101.5687
2025-10-30,2027-01-01,13.899,994.55578,292,274.32,0.9558,13.929,-3.0,-5.45,99.6096,99.7846
2025-10-30,2029-01-01,13.3569,954.534882,791,672.14,2.3529,13.207,14.99,10.65,100.8035,101.135
2025-10-30,2031-01-01,13.6867,908.347014,1292,989.23,3.4529,13.481,20.57,21.95,101.6299,101.5259
2025-10-30,2033-01-01,13.813,872.795112,1796,1236.87,4.3125,13.632,18.1,22.96,101.6901,101.3278
2025-10-30,2035-01-01,13.8716,846.755129,2295,1424.36,4.9637,13.659,21.26,26.53,101.9496,101.5565
2025-10-31,2027-01-01,13.823,995.790205,291,273.33,0.9529,13.853,-3.0,-5.6,99.5966,99.7834
2025-10-31,2029-01-01,13.2256,957.962706,790,671.38,2.353,13.077,14.86,10.17,100.7751,101.1363
2025-10-31,2031-01-01,13.5588,912.831857,1291,989.07,3.4562,13.352,20.68,21.85,101.6383,101.5488
2025-10-31,2033-01-01,13.7,877.510665,1795,1237.5,4.319,13.511,18.9,23.75,101.764,101.3989
2025-10-31,2035-01-01,13.7556,852.087798,2294,1426.22,4.9752,13.543,21.26,26.7,101.9796,101.5698
2025-11-03,2027-01-01,13.859,995.961538,290,272.33,0.9491,13.89,-3.1,-5.61,99.5965,99.7768
2025-11-03,2029-01-01,13.2511,957.861043,789,670.33,2.3488,13.102,14.91,10.21,100.7766,101.138
2025-11-03,2031-01-01,13.597,912.089117,1290,987.82,3.4507,13.391,20.6,22.02,101.6458,101.5383
2025-11-03,2033-01-01,13.7417,876.380017,1794,1235.9,4.3118,13.551,19.07,24.15,101.7888,101.4073
2025-11-03,2035-01-01,13.7989,850.691424,2293,1424.15,4.9661,13.587,21.19,26.95,101.9919,101.5596
2025-11-04,2027-01-01,13.838,996.672557,289,271.33,0.9458,13.868,-3.0,-5.53,99.602,99.7837
2025-11-04,2029-01-01,13.2675,957.965652,788,669.3,2.3449,13.118,14.95,10.57,100.803,101.1397
2025-11-04,2031-01-01,13.6335,911.4035,1289,986.58,3.4453,13.426,20.75,22.69,101.6929,101.5455
2025-11-04,2033-01-01,13.7943,874.844179,1793,1234.14,4.3037,13.603,19.13,25.08,101.8516,101.4063
2025-11-04,2035-01-01,13.8609,848.515253,2292,1421.62,4.9546,13.648,21.29,28.13,102.0714,101.5599
2025-11-05,2027-01-01,13.8114,997.435308,288,270.34,0.9426,13.842,-3.06,-5.6,99.5959,99.7789
2025-11-05,2029-01-01,13.2202,959.501676,787,668.39,2.3426,13.071,14.92,10.36,100.7895,101.1415
2025-11-05,2031-01-01,13.5767,913.651027,1288,985.95,3.4448,13.37,20.67,22.33,101.6724,101.546
2025-11-05,2033-01-01,13.7371,877.449797,1792,1233.96,4.3053,13.547,19.01,24.68,101.8299,101.4033
2025-11-05,2035-01-01,13.8055,851.28594,2291,1421.99,4.9583,13.594,21.15,27.84,102.0579,101.5558
2025-11-06,2027-01-01,13.8489,997.596193,287,269.33,0.9388,13.879,-3.01,-5.49,99.6051,99.7831
2025-11-06,2029-01-01,13.2387,959.55927,786,667.36,2.3386,13.09,14.87,10.26,100.7814,101.136
2025-11-06,2031-01-01,13.6061,913.188538,1287,984.76,3.4398,13.399,20.71,22.49,101.6807,101.5456
2025-11-06,2033-01-01,13.7704,876.641854,1791,1232.48,4.2988,13.579,19.14,25.05,101.8529,101.4095
2025-11-06,2035-01-01,13.8308,850.656243,2290,1420.36,4.9515,13.621,20.98,27.7,102.044,101.5403
2025-11-07,2027-01-01,13.8461,998.135917,286,268.33,0.9353,13.878,-3.19,-5.66,99.5929,99.7701
2025-11-07,2029-01-01,13.2209,960.431963,785,666.39,2.3356,13.07,15.09,10.37,100.7903,101.1546
2025-11-07,2031-01-01,13.5813,914.430016,1286,983.92,3.4376,13.376,20.53,22.17,101.6598,101.5348
2025-11-07,2033-01-01,13.7497,877.871135,1790,1231.78,4.2972,13.555,19.47,25.21,101.868,101.4364
2025-11-07,2035-01-01,13.8033,852.252943,2289,1420.04,4.9516,13.595,20.83,27.33,102.0199,101.5322
2025-11-10,2027-01-01,13.8064,999.019251,285,267.34,0.9322,13.839,-3.26,-5.79,99.5823,99.7644
2025-11-10,2029-01-01,13.1359,962.812944,784,665.54,2.3344,12.985,15.09,10.12,100.7766,101.1621
2025-11-10,2031-01-01,13.4903,917.757784,1285,983.51,3.4389,13.283,20.73,22.09,101.6647,101.5606
2025-11-10,2033-01-01,13.657,881.826275,1789,1232.12,4.3018,13.463,19.4,24.91,101.8582,101.441
2025-11-10,2035-01-01,13.7147,856.441133,2288,1421.23,4.9596,13.506,20.87,27.26,102.0281,101.5452
2025-11-11,2027-01-01,13.6382,1001.095818,284,266.36,0.9301,13.67,-3.18,-5.94,99.5664,99.7674
2025-11-11,2029-01-01,13.0,966.343239,783,664.79,2.3346,12.849,15.1,10.38,100.8049,101.1752
2025-11-11,2031-01-01,13.381,921.676004,1284,983.23,3.4412,13.176,20.5,22.5,101.7104,101.5559
2025-11-11,2033-01-01,13.566,885.735362,1788,1232.43,4.3064,13.371,19.5,25.92,101.9477,101.4584
2025-11-11,2035-01-01,13.6339,860.319968,2287,1422.22,4.9666,13.425,20.89,28.45,102.1312,101.5561
2025-11-12,2027-01-01,13.6256,1001.720798,283,265.36,0.9267,13.658,-3.24,-6.02,99.5598,99.7628
2025-11-12,2029-01-01,12.9743,967.391479,782,663.84,2.3318,12.823,15.13,10.36,100.8048,101.1799
2025-11-12,2031-01-01,13.3655,922.62698,1283,982.33,3.4385,13.158,20.75,22.85,101.7396,101.577
2025-11-12,2033-01-01,13.5542,886.632728,1787,1231.6,4.3039,13.356,19.82,26.37,101.9842,101.484
2025-11-12,2035-01-01,13.624,861.179514,2286,1421.47,4.9644,13.414,21.0,28.8,102.1597,101.5655
2025-11-13,2027-01-01,13.6167,1002.311057,282,264.36,0.9233,,,,,
2025-11-13,2029-01-01,12.9714,967.925247,781,662.84,2.3283,,,,,
2025-11-13,2031-01-01,13.3735,922.832766,1282,981.27,3.4346,,,,,
2025-11-13,2033-01-01,13.5839,885.948128,1786,1230.17,4.2978,,,,,
2025-11-13,2035-01-01,13.6688,859.704424,2285,1419.36,4.9551,,,,,
2025-11-14,2027-01-01,13.5884,1003.080056,281,263.36,0.9201,13.619,-3.06,-5.85,99.5712,99.7753
2025-11-14,2029-01-01,12.9824,968.146224,780,661.82,2.3245,12.829,15.34,10.84,100.8422,101.1957
2025-11-14,2031-01-01,13.3726,923.321042,1281,980.28,3.4312,13.168,20.46,22.81,101.7354,101.5538
2025-11-14,2033-01-01,13.5777,886.632084,1785,1229.26,4.2949,13.38,19.77,26.87,102.0194,101.4776
2025-11-14,2035-01-01,13.6466,861.087926,2284,1418.91,4.9545,13.44,20.66,28.98,102.1696,101.5372
2025-11-17,2027-01-01,13.6195,1003.301348,280,262.36,0.9163,13.65,-3.05,-5.76,99.579,99.7766
2025-11-17,2029-01-01,13.0653,966.754251,779,660.67,2.3188,12.912,15.33,11.21,100.8656,101.1873
2025-11-17,2031-01-01,13.4534,921.227692,1280,978.75,3.4234,13.248,20.54,23.13,101.7492,101.5504
2025-11-17,2033-01-01,13.6419,884.641158,1784,1227.33,4.2857,13.441,20.09,26.93,102.0139,101.4947
2025-11-17,2035-01-01,13.6975,859.358241,2283,1416.65,4.9444,13.49,20.75,28.48,102.1236,101.5382
2025-11-18,2027-01-01,13.612,1003.878562,279,261.36,0.9129,13.642,-3.0,-5.7,99.5831,99.7801
2025-11-18,2029-01-01,13.0403,967.785535,778,659.72,2.3159,12.887,15.33,11.12,100.8603,101.1896
2025-11-18,2031-01-01,13.4478,921.865774,1279,977.79,3.4202,13.24,20.78,23.51,101.7794,101.5695
2025-11-18,2033-01-01,13.639,885.200124,1783,1226.38,4.2825,13.434,20.5,27.48,102.0561,101.526
2025-11-18,2035-01-01,13.6892,860.148826,2282,1415.86,4.942,13.481,20.82,28.62,102.1354,101.5444
2025-11-19,2027-01-01,13.606,1004.441885,278,260.36,0.9094,13.636,-3.0,-5.69,99.5833,99.78
2025-11-19,2029-01-01,13.0398,968.267581,777,658.72,2.3124,12.885,15.48,11.36,100.8786,101.2014
2025-11-19,2031-01-01,13.4321,922.822401,1278,976.89,3.4175,13.23,20.21,22.88,101.7327,101.5276
2025-11-19,2033-01-01,13.625,886.180151,1782,1225.58,4.2802,13.424,20.1,27.02,102.0237,101.4973
2025-11-19,2035-01-01,13.6797,860.990751,2281,1415.09,4.9397,13.475,20.47,28.36,102.117,101.5191
2025-11-21,2027-01-01,13.6042,1004.966865,277,259.36,0.906,13.634,-2.98,-5.67,99.585,99.7814
2025-11-21,2029-01-01,13.041,968.711809,776,657.72,2.3089,12.886,15.5,11.38,100.88,101.2029
2025-11-21,2031-01-01,13.4055,924.123068,1277,976.07,3.4154,13.203,20.25,22.44,101.7029,101.5337
2025-11-21,2033-01-01,13.587,888.072097,1781,1225.12,4.2801,13.387,20.0,26.26,101.971,101.494
2025-11-21,2035-01-01,13.638,863.204894,2280,1415.12,4.9416,13.433,20.5,27.58,102.0642,101.5261
2025-11-24,2027-01-01,13.529,1006.158498,276,258.37,0.9031,13.557,-2.8,-5.6,99.588,99.7935
2025-11-24,2029-01-01,12.957,971.062708,775,656.87,2.3076,12.802,15.5,11.42,100.8891,101.2107
2025-11-24,2031-01-01,13.3333,926.866226,1276,975.54,3.4157,13.131,20.23,22.63,101.7266,101.5406
2025-11-24,2033-01-01,13.528,890.76727,1780,1224.97,4.2818,13.331,19.7,26.53,102.0003,101.4778
2025-11-24,2035-01-01,13.5942,865.514013,2279,1415.21,4.9438,13.386,20.82,28.74,102.1601,101.5554
2025-11-25,2027-01-01,13.4828,1007.083812,275,257.37,0.9,13.509,-2.62,-5.48,99.5951,99.8061
2025-11-25,2029-01-01,12.8955,972.910472,774,655.98,2.3058,12.74,15.55,11.45,100.8955,101.2206
2025-11-25,2031-01-01,13.3021,928.31471,1275,974.74,3.4139,13.099,20.31,23.21,101.7759,101.5505
2025-11-25,2033-01-01,13.4973,892.387563,1779,1224.41,4.281,13.303,19.43,26.78,102.0244,101.4606
2025-11-25,2035-01-01,13.5657,867.172473,2278,1414.91,4.944,13.357,20.87,29.23,102.202,101.5625
2025-11-26,2027-01-01,13.4951,1007.478311,274,256.37,0.8964,13.523,-2.79,-5.62,99.5852,99.7937
2025-11-26,2029-01-01,12.8663,974.033556,773,655.04,2.303,12.71,15.63,11.21,100.8789,101.2297
2025-11-26,2031-01-01,13.2257,931.199437,1274,974.24,3.4144,13.024,20.17,22.1,101.6997,101.5487
2025-11-26,2033-01-01,13.4122,896.094846,1778,1224.64,4.285,13.215,19.72,25.88,101.9677,101.4922
2025-11-26,2035-01-01,13.4756,871.485635,2277,1416.13,4.9522,13.265,21.06,28.19,102.1368,101.5876
2025-11-27,2027-01-01,13.515,1007.805463,273,255.37,0.8927,13.542,-2.7,-5.47,99.5968,99.8006
2025-11-27,2029-01-01,12.8714,974.387215,772,654.03,2.2994,12.713,15.84,11.25,100.882,101.246
2025-11-27,2031-01-01,13.1999,932.47895,1273,973.4,3.4123,12.997,20.29,21.66,101.6687,101.5611
2025-11-27,2033-01-01,13.3721,898.083709,1777,1224.22,4.285,13.175,19.71,25.03,101.9074,101.496
2025-11-27,2035-01-01,13.4256,874.084481,2276,1416.37,4.9552,13.213,21.26,27.23,102.0704,101.609
2025-11-28,2027-01-01,13.5509,1007.990771,272,254.37,0.8889,13.577,-2.61,-5.28,99.6117,99.8078
2025-11-28,2029-01-01,12.8837,974.580261,771,653.0,2.2955,12.725,15.87,11.12,100.8706,101.2472
2025-11-28,2031-01-01,13.1805,933.555101,1272,972.53,3.4098,12.98,20.05,20.81,101.6043,101.5447
2025-11-28,2033-01-01,13.3397,899.778828,1776,1223.68,4.2844,13.142,19.77,24.25,101.8517,101.5043
2025-11-28,2035-01-01,13.3876,876.169476,2275,1416.31,4.9567,13.179,20.86,26.05,101.9848,101.5828
2025-12-01,2027-01-01,13.5912,1008.139486,271,253.36,0.8851,13.615,-2.38,-4.96,99.6361,99.8252
2025-12-01,2029-01-01,12.9181,974.280729,770,651.94,2.2911,12.76,15.81,11.03,100.8608,101.239
2025-12-01,2031-01-01,13.202,933.330224,1271,971.39,3.4052,13.002,20.0,20.55,101.5813,101.5382
2025-12-01,2033-01-01,13.3498,899.836938,1775,1222.54,4.28,13.151,19.88,23.89,101.8219,101.5117
2025-12-01,2035-01-01,13.3855,876.697614,2274,1415.36,4.9535,13.178,20.75,25.19,101.9178,101.5746
2025-12-02,2027-01-01,13.5607,1008.920722,270,252.36,0.8819,13.584,-2.33,-4.92,99.6383,99.8285
2025-12-02,2029-01-01,12.8373,976.554772,769,651.09,2.2897,12.679,15.83,10.81,100.8492,101.2485
2025-12-02,2031-01-01,13.1082,936.77605,1270,971.0,3.4066,12.908,20.02,20.19,101.5646,101.551
2025-12-02,2033-01-01,13.2462,904.286262,1774,1223.03,4.2856,13.048,19.82,23.27,101.7884,101.519
2025-12-02,2035-01-01,13.2738,882.005116,2273,1417.11,4.9645,13.066,20.78,24.42,101.8744,101.5904
2025-12-03,2027-01-01,13.5721,1009.328916,269,251.36,0.8783,13.596,-2.39,-4.92,99.6386,99.8242
2025-12-03,2029-01-01,12.8542,976.645536,768,650.06,2.2858,12.697,15.72,10.82,100.8491,101.2381
2025-12-03,2031-01-01,13.1181,936.918362,1269,969.94,3.4026,12.917,20.11,20.18,101.5626,101.5569
2025-12-03,2033-01-01,13.2435,904.837363,1773,1222.06,4.2823,13.045,19.85,22.9,101.7599,101.5217
2025-12-03,2035-01-01,13.2647,882.839974,2272,1416.34,4.9622,13.057,20.77,23.87,101.8328,101.5907
2025-12-04,2027-01-01,13.5294,1010.216138,268,250.37,0.8751,13.549,-1.96,-4.54,99.6655,99.8553
2025-12-04,2029-01-01,12.8044,978.225817,767,649.15,2.2836,12.646,15.84,10.98,100.8652,101.2526
2025-12-04,2031-01-01,13.0594,939.249793,1268,969.32,3.4022,12.874,18.54,18.75,101.4568,101.4401
2025-12-04,2033-01-01,13.1958,907.134522,1772,1221.75,4.283,13.001,19.48,22.62,101.7441,101.4983
2025-12-04,2035-01-01,13.2111,885.628842,2271,1416.66,4.9657,13.011,20.01,23.1,101.7798,101.5379
2025-12-05,2027-01-01,13.8322,1008.064592,267,249.33,0.8692,13.847,-1.48,-3.51,99.7467,99.8931
2025-12-05,2029-01-01,13.3862,965.839949,766,647.09,2.2647,13.231,15.52,12.39,100.934,101.173
2025-12-05,2031-01-01,13.6545,920.978152,1267,964.44,3.3674,13.473,18.15,19.75,101.4678,101.3471
2025-12-05,2033-01-01,13.7715,885.622756,1771,1212.47,4.229,13.579,19.25,23.04,101.7013,101.4176
2025-12-05,2035-01-01,13.7668,862.138808,2270,1401.94,4.8901,13.57,19.68,22.75,101.6806,101.4503
2025-12-08,2027-01-01,13.743,1009.362437,266,248.34,0.8664,13.758,-1.5,-3.69,99.7321,99.891
2025-12-08,2029-01-01,13.2917,968.389742,765,646.26,2.2636,13.145,14.67,11.68,100.8869,101.116
2025-12-08,2031-01-01,13.5665,924.179627,1266,964.02,3.3685,13.394,17.25,19.06,101.4248,101.2879
2025-12-08,2033-01-01,13.6871,889.244743,1770,1212.68,4.2329,13.502,18.51,22.52,101.6731,101.3709
2025-12-08,2035-01-01,13.6657,866.857882,2269,1403.44,4.8996,13.488,17.77,20.88,101.5519,101.3175
2025-12-09,2027-01-01,13.715,1010.122418,265,247.35,0.8632,13.73,-1.5,-3.73,99.7289,99.8908
2025-12-09,2029-01-01,13.2963,968.768706,764,645.25,2.26,13.153,14.33,11.64,100.8829,101.0895
2025-12-09,2031-01-01,13.6077,923.365697,1265,962.75,3.3628,13.429,17.87,20.27,101.5123,101.3307
2025-12-09,2033-01-01,13.7257,888.24682,1769,1211.13,4.226,13.545,18.07,22.77,101.687,101.3341
2025-12-09,2035-01-01,13.7189,865.044044,2268,1401.13,4.8893,13.535,18.39,22.24,101.648,101.3587
2025-12-10,2027-01-01,13.742,1010.403211,264,246.34,0.8594,13.757,-1.5,-3.64,99.7359,99.891
2025-12-10,2029-01-01,13.4014,966.954194,763,644.06,2.2538,13.261,14.04,11.85,100.8918,101.0587
2025-12-10,2031-01-01,13.7127,920.58305,1264,961.06,3.3538,13.533,17.97,20.66,101.5294,101.3279
2025-12-10,2033-01-01,13.8294,884.821557,1768,1208.63,4.2135,13.649,18.04,22.98,101.69,101.3217
2025-12-10,2035-01-01,13.8238,861.067151,2267,1397.54,4.8723,13.64,18.38,22.47,101.6524,101.3475
2025-12-11,2027-01-01,13.7335,1010.993178,263,245.34,0.856,13.751,-1.75,-3.89,99.7179,99.8727
2025-12-11,2029-01-01,13.2991,969.667831,762,643.25,2.2529,13.165,13.41,10.8,100.8191,101.0186
2025-12-11,2031-01-01,13.621,923.888717,1263,960.66,3.3551,13.441,18.0,20.42,101.5217,101.3392
2025-12-11,2033-01-01,13.7399,888.621538,1767,1208.92,4.2178,13.56,17.99,22.83,101.6895,101.3267
2025-12-11,2035-01-01,13.7317,865.386224,2266,1398.81,4.8806,13.549,18.27,22.2,101.6434,101.3484
2025-12-12,2027-01-01,13.6283,1012.417631,262,244.36,0.8534,13.647,-1.87,-4.16,99.696,99.863
2025-12-12,2029-01-01,13.1475,973.465339,761,642.52,2.2534,13.014,13.35,10.5,100.8052,101.0258
2025-12-12,2031-01-01,13.4734,928.94646,1262,960.62,3.3594,13.297,17.64,20.0,101.5065,101.3266
2025-12-12,2033-01-01,13.6079,894.042046,1766,1209.82,4.2258,13.428,17.99,23.0,101.7196,101.3397
2025-12-12,2035-01-01,13.6075,871.097484,2265,1400.88,4.8932,13.427,18.05,22.45,101.6773,101.3443
2025-12-15,2027-01-01,13.6089,1013.098088,261,243.36,0.85,13.635,-2.61,-4.86,99.6445,99.8086
2025-12-15,2029-01-01,13.118,974.589373,760,641.58,2.2507,12.985,13.3,10.31,100.7921,101.0243
2025-12-15,2031-01-01,13.4365,930.564473,1261,959.86,3.3578,13.26,17.65,19.79,101.4948,101.3311
2025-12-15,2033-01-01,13.5569,896.424094,1765,1209.56,4.2268,13.38,17.69,22.25,101.669,101.3221
2025-12-15,2035-01-01,13.5472,874.114173,2264,1401.37,4.8975,13.371,17.62,21.36,101.6017,101.3178
2025-12-16,2027-01-01,13.6474,1013.280925,260,242.35,0.8462,13.677,-2.96,-5.14,99.6248,99.7836
2025-12-16,2029-01-01,13.2319,972.575317,759,640.37,2.2442,13.101,13.09,10.66,100.8121,100.9992
2025-12-16,2031-01-01,13.5664,926.986323,1260,958.02,3.3475,13.387,17.94,20.65,101.5461,101.3401
2025-12-16,2033-01-01,13.6706,892.585106,1764,1206.92,4.2134,13.494,17.66,22.38,101.6641,101.3087
2025-12-16,2035-01-01,13.6525,870.065888,2263,1397.77,4.8804,13.473,17.95,21.42,101.5938,101.3323
2025-12-17,2027-01-01,13.7968,1012.520717,259,241.34,0.8416,13.83,-3.32,-5.28,99.6191,99.7599
2025-12-17,2029-01-01,13.4557,968.194049,758,638.96,2.2348,13.332,12.37,10.43,100.781,100.9278
2025-12-17,2031-01-01,13.8003,920.241595,1259,955.49,3.3318,13.632,16.83,20.11,101.4788,101.2346
2025-12-17,2033-01-01,13.8955,884.643175,1763,1202.68,4.1903,13.725,17.05,21.91,101.602,101.2423
2025-12-17,2035-01-01,13.87,861.349216,2262,1391.4,4.8489,13.7,17.0,20.45,101.4968,101.2409
2025-12-18,2027-01-01,13.7975,1013.034203,258,240.34,0.8381,13.833,-3.55,-5.42,99.6085,99.7434
2025-12-18,2029-01-01,13.4597,968.592746,757,637.95,2.2312,13.337,12.27,10.18,100.7622,100.92
2025-12-18,2031-01-01,13.7852,921.1767,1258,954.59,3.3291,13.626,15.92,18.92,101.3917,101.1684
2025-12-18,2033-01-01,13.8985,884.988885,1762,1201.64,4.1865,13.732,16.65,21.56,101.5756,101.2125
2025-12-18,2035-01-01,13.8831,861.24654,2261,1390.07,4.8437,13.717,16.61,20.48,101.4971,101.2109
2025-12-19,2027-01-01,13.7352,1014.08121,257,239.34,0.8351,13.774,-3.88,-5.82,99.5778,99.7183
2025-12-19,2029-01-01,13.3656,971.112963,756,637.12,2.2302,13.239,12.66,10.44,100.7872,100.9563
2025-12-19,2031-01-01,13.728,923.404571,1257,953.96,3.3286,13.538,19.0,22.07,101.6337,101.4035
2025-12-19,2033-01-01,13.8304,887.973746,1761,1201.62,4.189,13.653,17.74,22.96,101.6883,101.2993
2025-12-19,2035-01-01,13.8103,864.735584,2260,1390.87,4.8496,13.638,17.23,21.35,101.5706,101.2634
2025-12-22,2027-01-01,13.8085,1013.981203,256,238.34,0.831,13.843,-3.45,-5.3,99.6178,99.7508
2025-12-22,2029-01-01,13.4806,969.1134,755,635.91,2.2237,13.356,12.46,10.59,100.7918,100.9329
2025-12-22,2031-01-01,13.8481,920.197395,1256,952.18,3.3189,13.651,19.71,22.96,101.686,101.4439
2025-12-22,2033-01-01,13.9436,884.235849,1760,1198.99,4.1756,13.758,18.56,23.74,101.732,101.349
2025-12-22,2035-01-01,13.9197,860.6115,2259,1387.17,4.832,13.738,18.17,22.09,101.6129,101.3226
2025-12-23,2027-01-01,13.7996,1014.57652,255,237.34,0.8276,13.836,-3.64,-5.5,99.6033,99.7369
2025-12-23,2029-01-01,13.4468,970.327887,754,634.98,2.2211,13.321,12.58,10.57,100.7922,100.9444
2025-12-23,2031-01-01,13.8078,921.902433,1255,951.44,3.3175,13.61,19.78,22.84,101.682,101.4533
2025-12-23,2033-01-01,13.9035,886.175976,1759,1198.56,4.1756,13.714,18.95,23.89,101.748,101.3818
2025-12-23,2035-01-01,13.885,862.501271,2258,1387.03,4.833,13.695,19.0,22.75,101.6658,101.3874
2025-12-24,2027-01-01,13.7996,1015.097102,254,236.34,0.8241,,,,,
2025-12-24,2029-01-01,13.4468,970.813803,753,633.98,2.2176,,,,,
2025-12-24,2031-01-01,13.8078,922.375727,1254,950.44,3.314,,,,,
2025-12-24,2033-01-01,13.9035,886.633886,1758,1197.56,4.1722,,,,,
2025-12-24,2035-01-01,13.885,862.946392,2257,1386.03,4.8295,,,,,
2025-12-26,2027-01-01,13.7162,1016.313555,253,235.35,0.8213,13.752,-3.58,-5.49,99.6014,99.7397
2025-12-26,2029-01-01,13.3531,973.318219,752,633.15,2.2165,13.23,12.31,10.35,100.7809,100.9305
2025-12-26,2031-01-01,13.7324,925.157059,1253,949.93,3.3144,13.538,19.44,22.81,101.6891,101.436
2025-12-26,2033-01-01,13.8538,888.932798,1757,1197.28,4.173,13.664,18.98,24.69,101.8148,101.3891
2025-12-26,2035-01-01,13.8374,865.378661,2256,1386.2,4.8322,13.65,18.74,23.35,101.7164,101.3729
2025-12-29,2027-01-01,13.7491,1016.558571,252,234.34,0.8175,13.786,-3.69,-5.56,99.5972,99.7323
2025-12-29,2029-01-01,13.3257,974.393194,751,632.2,2.2137,13.201,12.47,10.17,100.7687,100.9446
2025-12-29,2031-01-01,13.7025,926.546606,1252,949.13,3.3125,13.508,19.45,22.55,101.6731,101.4399
2025-12-29,2033-01-01,13.827,890.385257,1756,1196.67,4.1718,13.637,19.0,24.57,101.8089,101.3933
2025-12-29,2035-01-01,13.8186,866.61037,2255,1385.67,4.8311,13.632,18.66,23.44,101.7253,101.3688
2025-12-30,2027-01-01,13.7473,1017.093282,251,233.34,0.8141,13.812,-6.47,-8.29,99.4003,99.5316
2025-12-30,2029-01-01,13.3193,975.01493,750,631.21,2.2104,13.197,12.23,9.65,100.7298,100.9267
2025-12-30,2031-01-01,13.6565,928.431518,1251,948.43,3.3114,13.474,18.25,20.72,101.5403,101.3545
2025-12-30,2033-01-01,13.7721,892.885098,1755,1196.46,4.1731,13.59,18.21,22.94,101.6941,101.34
2025-12-30,2035-01-01,13.7565,869.66104,2254,1386.2,4.8356,13.579,17.75,21.6,101.5953,101.3072
2025-12-31,2027-01-01,13.7473,1017.6133,250,232.34,0.8106,,,,,
2025-12-31,2029-01-01,13.3193,975.49884,749,630.21,2.2069,,,,,
2025-12-31,2031-01-01,13.6565,928.903261,1250,947.43,3.3079,,,,,
2025-12-31,2033-01-01,13.7721,893.342383,1754,1195.46,4.1696,,,,,
2025-12-31,2035-01-01,13.7565,870.105957,2253,1385.2,4.8321,,,,,
2026-01-02,2027-01-01,13.6297,970.292054,249,242.99,0.8486,13.704,-7.43,-9.3,99.3221,99.4578
2026-01-02,2029-01-01,13.1685,930.425317,748,662.51,2.3231,13.055,11.35,8.62,100.6589,100.8694
2026-01-02,2031-01-01,13.501,885.360004,1249,999.68,3.4951,13.323,17.8,20.05,101.5075,101.336
2026-01-02,2033-01-01,13.6159,850.835982,1753,1265.36,4.4195,13.436,17.99,22.45,101.6766,101.3389
2026-01-02,2035-01-01,13.5997,828.372305,2252,1469.86,5.1345,13.426,17.37,20.98,101.5671,101.2938
2026-01-05,2027-01-01,13.6229,970.83995,248,241.99,0.8452,13.701,-7.81,-9.7,99.2932,99.43
2026-01-05,2029-01-01,13.119,931.9519,747,661.56,2.3208,13.007,11.2,8.32,100.6381,100.8611
2026-01-05,2031-01-01,13.4885,886.191777,1248,998.74,3.4922,13.317,17.15,19.93,101.5,101.2878
2026-01-05,2033-01-01,13.6405,850.343038,1752,1264.06,4.414,13.464,17.65,23.41,101.7462,101.3109
2026-01-05,2035-01-01,13.6463,826.813346,2251,1467.83,5.1253,13.48,16.63,22.29,101.6605,101.2337
2026-01-06,2027-01-01,13.6429,971.168621,247,240.99,0.8415,13.728,-8.51,-10.34,99.2475,99.3801
2026-01-06,2029-01-01,13.0917,932.998021,746,660.59,2.3179,12.985,10.67,7.54,100.5792,100.8217
2026-01-06,2031-01-01,13.4775,886.977198,1247,997.79,3.4892,13.305,17.25,20.03,101.5083,101.2965
2026-01-06,2033-01-01,13.6516,850.358262,1751,1262.92,4.4096,13.479,17.26,23.68,101.765,101.2805
2026-01-06,2035-01-01,13.6665,826.377946,2250,1466.39,5.1194,13.51,15.65,22.39,101.6657,101.1584
2026-01-07,2027-01-01,13.61,971.929592,246,240.0,0.8383,13.686,-7.6,-9.45,99.3108,99.4447
2026-01-07,2029-01-01,13.0986,933.304579,745,659.59,2.3143,12.997,10.16,7.34,100.5634,100.7817
2026-01-07,2031-01-01,13.527,885.892976,1246,996.54,3.4833,13.347,18.0,21.47,101.6126,101.3486
2026-01-07,2033-01-01,13.706,848.754367,1750,1261.26,4.4017,13.528,17.8,24.98,101.8565,101.3158
2026-01-07,2035-01-01,13.7229,824.417549,2249,1464.15,5.109,13.568,15.49,23.2,101.7196,101.1417
2026-01-08,2027-01-01,13.6369,972.203545,245,238.99,0.8346,13.719,-8.21,-10.0,99.2723,99.4016
2026-01-08,2029-01-01,13.0992,933.747618,744,658.59,2.3107,12.997,10.22,7.13,100.5471,100.7863
2026-01-08,2031-01-01,13.4964,887.283603,1245,995.7,3.4813,13.31,18.64,21.33,101.606,101.4005
2026-01-08,2033-01-01,13.6708,850.503225,1749,1260.69,4.4011,13.487,18.38,24.82,101.8488,101.3628
2026-01-08,2035-01-01,13.6817,826.576063,2248,1464.06,5.1105,13.523,15.87,22.74,101.6902,101.1736
2026-01-09,2027-01-01,13.6662,972.460063,244,237.99,0.8309,13.763,-9.68,-11.45,99.1695,99.2967
2026-01-09,2029-01-01,13.1671,932.741973,743,657.51,2.3056,13.065,10.21,7.26,100.5544,100.7815
2026-01-09,2031-01-01,13.543,886.292385,1244,994.46,3.4756,13.358,18.5,20.97,101.5726,101.3849
2026-01-09,2033-01-01,13.6959,849.997276,1748,1259.38,4.3955,13.521,17.49,23.41,101.739,101.2935
2026-01-09,2035-01-01,13.7031,826.093672,2247,1462.59,5.1045,13.546,15.71,21.78,101.6154,101.1598
2026-01-09,2037-01-01,13.7385,805.793046,2749,1616.28,5.6391,13.555,18.35,24.44,101.811,101.3537
2026-01-12,2027-01-01,13.6423,973.146942,243,236.99,0.8276,13.741,-9.87,-11.65,99.1536,99.2817
2026-01-12,2029-01-01,13.105,934.535411,742,656.58,2.3036,13.003,10.2,7.04,100.5398,100.7844
2026-01-12,2031-01-01,13.4763,888.79612,1243,993.8,3.4753,13.289,18.73,20.97,101.5808,101.4094
2026-01-12,2033-01-01,13.6284,852.95687,1747,1259.21,4.3975,13.451,17.74,23.43,101.7493,101.3189
2026-01-12,2035-01-01,13.6378,829.274559,2246,1463.02,5.1089,13.482,15.58,21.63,101.6115,101.1556
2026-01-12,2037-01-01,13.6862,808.58635,2748,1617.03,5.6443,13.491,19.52,25.58,101.9044,101.4469
2026-01-13,2027-01-01,13.593,974.036644,242,236.0,0.8244,13.698,-10.5,-12.32,99.1014,99.2335
2026-01-13,2029-01-01,13.0757,935.622631,741,655.61,2.3008,12.969,10.67,7.64,100.5877,100.8227
2026-01-13,2031-01-01,13.4778,889.195818,1242,992.79,3.4717,13.291,18.68,21.53,101.6233,101.4055
2026-01-13,2033-01-01,13.6582,852.273016,1746,1257.84,4.3916,13.482,17.62,24.52,101.8283,101.3069
2026-01-13,2035-01-01,13.6876,827.589812,2245,1460.93,5.0994,13.532,15.56,23.31,101.7325,101.1499
2026-01-13,2037-01-01,13.7512,806.040089,2747,1613.85,5.63,13.55,20.12,28.17,102.0919,101.4849
2026-01-14,2027-01-01,13.6241,974.280657,241,234.99,0.8207,13.74,-11.59,-13.34,99.0304,99.1565
2026-01-14,2029-01-01,13.1526,934.427441,740,654.52,2.2954,13.045,10.76,7.88,100.6027,100.8248
2026-01-14,2031-01-01,13.5285,888.079649,1241,991.54,3.4658,13.339,18.95,21.44,101.6102,101.4206
2026-01-14,2033-01-01,13.6886,851.569688,1745,1256.47,4.3857,13.513,17.56,23.76,101.7666,101.2995
2026-01-14,2035-01-01,13.7115,827.003672,2244,1459.4,5.093,13.557,15.45,22.43,101.6633,101.1396
2026-01-14,2037-01-01,13.7789,805.196914,2746,1611.93,5.6219,13.566,21.29,28.27,102.0945,101.5694
2026-01-15,2027-01-01,13.635,974.687773,240,233.99,0.8171,13.753,-11.8,-13.53,99.0175,99.142
2026-01-15,2029-01-01,13.1864,934.161934,739,653.49,2.2911,13.078,10.84,8.0,100.6105,100.8289
2026-01-15,2031-01-01,13.5625,887.481819,1240,990.36,3.4607,13.372,19.05,21.59,101.6179,101.4246
2026-01-15,2033-01-01,13.7281,850.530364,1744,1254.99,4.379,13.547,18.11,24.38,101.8081,101.3368
2026-01-15,2035-01-01,13.7429,826.104714,2243,1457.71,5.0857,13.585,15.79,22.59,101.6711,101.1623
2026-01-15,2037-01-01,13.8131,804.063774,2745,1609.78,5.6127,13.599,21.41,28.4,102.0995,101.5744
2026-01-16,2027-01-01,13.6917,974.732618,239,232.99,0.8132,13.812,-12.03,-13.68,99.0109,99.129
2026-01-16,2029-01-01,13.3215,931.739272,738,652.33,2.2843,13.213,10.85,8.43,100.6369,100.8212
2026-01-16,2031-01-01,13.7007,883.701653,1239,988.67,3.4505,13.512,18.87,21.79,101.6163,101.3965
2026-01-16,2033-01-01,13.8637,845.936997,1743,1252.33,4.3645,13.682,18.17,24.61,101.8076,101.328
2026-01-16,2035-01-01,13.8865,820.527168,2242,1453.56,5.0648,13.729,15.75,23.02,101.6859,101.1472
2026-01-16,2037-01-01,13.9513,798.277207,2744,1604.15,5.5863,13.74,21.13,28.43,102.0799,101.5378
2026-01-19,2027-01-01,13.6408,975.631208,238,231.99,0.8101,,,,,
2026-01-19,2029-01-01,13.2768,933.152884,737,651.38,2.2819,,,,,
2026-01-19,2031-01-01,13.674,884.966297,1238,987.8,3.4483,,,,,
2026-01-19,2033-01-01,13.8475,846.971192,1742,1251.53,4.3623,,,,,
2026-01-19,2035-01-01,13.868,821.719889,2241,1452.97,5.0635,,,,,
2026-01-19,2037-01-01,13.9369,799.333513,2743,1603.63,5.5852,,,,,
2026-01-20,2027-01-01,13.6773,975.839101,237,230.99,0.8064,13.798,-12.07,-13.75,99.0049,99.1252
2026-01-20,2029-01-01,13.3462,932.140108,736,650.3,2.2767,13.24,10.62,8.58,100.6474,100.8021
2026-01-20,2031-01-01,13.7585,882.844411,1237,986.37,3.4408,13.571,18.75,22.44,101.6581,101.3816
2026-01-20,2033-01-01,13.9385,844.055393,1741,1249.42,4.3515,13.756,18.25,25.74,101.8818,101.3267
2026-01-20,2035-01-01,13.9594,818.354067,2240,1449.96,5.049,13.804,15.54,23.79,101.7342,101.1258
2026-01-20,2037-01-01,14.0316,795.537152,2742,1599.46,5.5661,13.829,20.26,29.08,102.1164,101.465
2026-01-21,2027-01-01,13.6279,976.723032,236,229.99,0.8032,13.749,-12.11,-13.86,98.9933,99.1192
2026-01-21,2029-01-01,13.2469,934.712265,735,649.42,2.2756,13.142,10.49,8.23,100.6249,100.7982
2026-01-21,2031-01-01,13.6544,886.464727,1236,985.9,3.4423,13.469,18.54,21.98,101.6359,101.3765
2026-01-21,2033-01-01,13.8422,848.039157,1740,1249.6,4.3558,13.66,18.22,25.65,101.8883,101.3338
2026-01-21,2035-01-01,13.8669,822.613037,2239,1450.99,5.0567,13.713,15.39,23.73,101.7413,101.1223
2026-01-21,2037-01-01,13.9421,799.929611,2741,1601.46,5.5774,13.742,20.01,29.08,102.1306,101.4561
2026-01-22,2027-01-01,13.5902,977.513057,235,229.0,0.8,13.703,-11.28,-13.04,99.0495,99.1768
2026-01-22,2029-01-01,13.1593,937.037851,734,648.52,2.2742,13.062,9.73,7.35,100.5614,100.7449
2026-01-22,2031-01-01,13.587,888.974074,1235,985.24,3.442,13.402,18.5,22.05,101.6495,101.3804
2026-01-22,2033-01-01,13.785,850.591596,1739,1249.3,4.3569,13.6,18.5,26.17,101.9351,101.3603
2026-01-22,2035-01-01,13.796,825.993571,2238,1451.55,5.0618,13.651,14.5,22.97,101.6929,101.0622
2026-01-22,2037-01-01,13.884,802.942342,2740,1602.4,5.5835,13.679,20.5,29.6,102.1788,101.4986
2026-01-23,2027-01-01,13.593,977.985664,234,228.0,0.7965,13.701,-10.8,-12.54,99.0856,99.2117
2026-01-23,2029-01-01,13.1172,938.394501,733,647.57,2.2717,13.035,8.22,5.73,100.4391,100.6306
2026-01-23,2031-01-01,13.5423,890.79215,1234,984.47,3.4407,13.357,18.53,21.73,101.631,101.3873
2026-01-23,2033-01-01,13.7319,852.998149,1738,1248.94,4.3577,13.549,18.29,25.52,101.8937,101.3499
2026-01-23,2035-01-01,13.724,829.43517,2237,1452.13,5.067,13.591,13.3,21.08,101.5601,100.9786
2026-01-23,2037-01-01,13.8118,806.603269,2739,1603.82,5.592,13.614,19.78,28.06,102.0736,101.4529
2026-01-26,2027-01-01,13.5696,978.662017,233,227.0,0.7932,13.684,-11.44,-13.2,99.0366,99.164
2026-01-26,2029-01-01,13.0703,939.853109,732,646.62,2.2693,12.99,8.03,5.36,100.4119,100.6182
2026-01-26,2031-01-01,13.4914,892.802378,1233,983.72,3.4396,13.306,18.54,21.52,101.6208,101.3934
2026-01-26,2033-01-01,13.6773,855.46622,1737,1248.61,4.3587,13.494,18.33,25.26,101.8813,101.3584
2026-01-26,2035-01-01,13.6665,832.279912,2236,1452.39,5.0705,13.542,12.45,20.15,101.4964,100.9194
2026-01-26,2037-01-01,13.7722,808.80649,2738,1604.15,5.5951,13.573,19.92,28.43,102.1082,101.4676
2026-01-27,2027-01-01,13.4673,979.947972,232,226.0,0.7904,13.582,-11.47,-13.28,99.0233,99.1555
2026-01-27,2029-01-01,12.951,942.858206,731,645.76,2.2687,12.868,8.3,5.48,100.4253,100.645
2026-01-27,2031-01-01,13.3401,897.911762,1232,983.49,3.4434,13.149,19.11,21.43,101.633,101.4533
2026-01-27,2033-01-01,13.5147,861.993305,1736,1249.59,4.3683,13.323,19.17,25.2,101.9,101.4389
2026-01-27,2035-01-01,13.4911,840.152421,2235,1455.24,5.0883,13.369,12.21,19.08,101.435,100.9133
2026-01-27,2037-01-01,13.596,817.254006,2737,1609.06,5.6209,13.396,20.0,27.61,102.0732,101.493
2026-01-28,2027-01-01,13.4186,980.815278,231,225.0,0.7872,13.526,-10.74,-12.62,99.0685,99.206
2026-01-28,2029-01-01,12.8784,944.867156,730,644.84,2.2669,12.792,8.64,5.79,100.4513,100.6754
2026-01-28,2031-01-01,13.2891,899.936029,1231,982.75,3.4423,13.102,18.71,21.41,101.6378,101.428
2026-01-28,2033-01-01,13.4734,863.983694,1735,1249.09,4.3682,13.285,18.84,25.4,101.9217,101.4181
2026-01-28,2035-01-01,13.4605,841.883837,2234,1454.91,5.0885,13.338,12.25,19.78,101.4917,100.9184
2026-01-28,2037-01-01,13.5681,818.950569,2736,1608.99,5.6221,13.367,20.11,28.37,102.1359,101.5045
2026-01-29,2027-01-01,13.373,981.65631,230,224.0,0.784,13.479,-10.6,-12.57,99.0685,99.2136
2026-01-29,2029-01-01,12.7682,947.683725,729,643.97,2.2661,12.687,8.12,5.07,100.3988,100.64
2026-01-29,2031-01-01,13.2326,902.133502,1230,982.03,3.4415,13.045,18.76,22.1,101.6987,101.4381
2026-01-29,2033-01-01,13.4341,865.901727,1734,1248.57,4.3679,13.245,18.91,26.41,102.0057,101.4277
2026-01-29,2035-01-01,13.4278,843.708135,2233,1454.63,5.089,13.304,12.38,20.9,101.5815,100.9305
2026-01-29,2037-01-01,13.5339,820.940926,2735,1609.14,5.6243,13.332,20.19,29.3,102.2131,101.5144
2026-01-30,2027-01-01,13.377,982.114699,229,223.0,0.7805,13.474,-9.7,-11.68,99.1343,99.2801
2026-01-30,2029-01-01,12.7736,948.019897,728,642.96,2.2624,12.695,7.86,4.83,100.3795,100.6191
2026-01-30,2031-01-01,13.2312,902.621944,1229,981.04,3.4381,13.043,18.82,22.02,101.6924,101.4429
2026-01-30,2033-01-01,13.4393,866.138384,1733,1247.51,4.364,13.25,18.93,26.44,102.0072,101.4287
2026-01-30,2035-01-01,13.428,844.121497,2232,1453.62,5.0855,13.305,12.3,20.7,101.5656,100.9245
2026-01-30,2037-01-01,13.5273,821.659321,2734,1608.36,5.6219,13.328,19.93,28.7,102.1678,101.4953
2026-02-02,2027-01-01,13.3617,982.720949,228,222.0,0.7771,13.457,-9.53,-11.52,99.1451,99.2918
2026-02-02,2029-01-01,12.8375,947.104622,727,641.89,2.2574,12.762,7.55,5.1,100.3987,100.5916
2026-02-02,2031-01-01,13.3335,899.901953,1228,979.52,3.4297,13.146,18.75,22.87,101.7451,101.4263
2026-02-02,2033-01-01,13.5494,862.425813,1732,1245.17,4.3515,13.362,18.74,27.23,102.051,101.4025
2026-02-02,2035-01-01,13.5401,839.752473,2231,1450.16,5.0684,13.417,12.31,21.58,101.6196,100.9175
2026-02-02,2037-01-01,13.6385,816.961489,2733,1603.63,5.5999,13.44,19.85,29.47,102.2088,101.4769
2026-02-03,2027-01-01,13.3362,983.404146,227,221.0,0.7738,13.424,-8.78,-10.75,99.2005,99.3459
2026-02-03,2029-01-01,12.7656,949.09604,726,640.97,2.2556,12.69,7.56,4.98,100.3918,100.5957
2026-02-03,2031-01-01,13.2675,902.388224,1227,978.85,3.4294,13.08,18.75,22.86,101.7536,101.4335
2026-02-03,2033-01-01,13.4881,865.164999,1731,1244.92,4.353,13.302,18.61,27.26,102.0628,101.399
2026-02-03,2035-01-01,13.481,842.696221,2230,1450.46,5.072,13.358,12.3,21.74,101.6389,100.9208
2026-02-03,2037-01-01,13.5903,819.58548,2732,1604.25,5.6044,13.391,19.93,30.14,102.2683,101.4883
2026-02-04,2027-01-01,13.3272,983.961017,226,220.0,0.7704,13.412,-8.48,-10.43,99.2233,99.3677
2026-02-04,2029-01-01,12.8319,948.132393,725,639.89,2.2505,12.758,7.39,5.19,100.4063,100.5792
2026-02-04,2031-01-01,13.3447,900.451114,1226,977.46,3.4222,13.157,18.77,23.29,101.7764,101.4266
2026-02-04,2033-01-01,13.5687,862.572548,1730,1242.93,4.343,13.381,18.77,27.8,102.0919,101.4027
2026-02-04,2035-01-01,13.5603,839.740444,2229,1447.72,5.0589,13.438,12.23,22.08,101.6552,100.9101
2026-02-04,2037-01-01,13.6697,816.365753,2731,1600.59,5.5877,13.472,19.77,30.41,102.2756,101.4675
2026-02-05,2027-01-01,13.3081,984.593855,225,219.0,0.767,13.386,-7.79,-9.76,99.2717,99.418
2026-02-05,2029-01-01,12.8049,949.162483,724,638.93,2.2476,12.73,7.49,5.29,100.4147,100.5884
2026-02-05,2031-01-01,13.3365,901.151417,1225,976.51,3.419,13.149,18.75,23.56,101.7982,101.426
2026-02-05,2033-01-01,13.5708,862.929541,1729,1241.91,4.3393,13.384,18.68,28.19,102.1216,101.3957
2026-02-05,2035-01-01,13.5648,839.973199,2228,1446.62,5.0549,13.442,12.28,22.52,101.6883,100.9136
2026-02-05,2037-01-01,13.6765,816.470867,2730,1599.36,5.5831,13.481,19.55,30.74,102.2993,101.4502
2026-02-06,2027-01-01,13.2834,985.267939,224,218.0,0.7637,13.361,-7.76,-9.75,99.2716,99.4192
2026-02-06,2029-01-01,12.8245,949.198871,723,637.9,2.2436,12.749,7.55,5.68,100.4448,100.5922
2026-02-06,2031-01-01,13.3778,900.328662,1224,975.3,3.4136,13.192,18.58,23.97,101.8247,101.4084
2026-02-06,2033-01-01,13.6217,861.463026,1728,1240.29,4.3317,13.436,18.57,28.8,102.1601,101.3821
2026-02-06,2035-01-01,13.6296,837.653061,2227,1444.2,5.0435,13.507,12.26,23.6,101.7623,100.9077
2026-02-06,2037-01-01,13.7418,813.918283,2729,1596.17,5.5688,13.548,19.38,31.7,102.3615,101.4305
2026-02-09,2027-01-01,13.2796,985.784174,223,217.0,0.7602,13.357,-7.74,-9.73,99.2728,99.4205
2026-02-09,2029-01-01,12.7753,950.700975,722,636.96,2.2413,12.697,7.83,5.63,100.4428,100.6167
2026-02-09,2031-01-01,13.292,903.418327,1223,974.73,3.4142,13.107,18.5,23.17,101.7738,101.4115
2026-02-09,2033-01-01,13.5375,865.048979,1727,1240.31,4.335,13.355,18.25,27.94,102.1077,101.3665
2026-02-09,2035-01-01,13.5553,841.224981,2226,1444.83,5.049,13.436,11.93,23.13,101.7361,100.8879
2026-02-09,2037-01-01,13.672,817.50705,2728,1597.51,5.5769,13.486,18.6,31.14,102.3313,101.3792
2026-02-10,2027-01-01,13.3044,986.087017,222,216.0,0.7565,13.381,-7.66,-9.59,99.2844,99.4275
2026-02-10,2029-01-01,12.8226,950.148679,721,635.9,2.2366,12.744,7.86,5.76,100.4513,100.6168
2026-02-10,2031-01-01,13.3296,902.70776,1222,973.54,3.4089,13.146,18.36,22.97,101.7536,101.3966
2026-02-10,2033-01-01,13.5604,864.627036,1726,1239.03,4.3297,13.381,17.94,27.31,102.0553,101.3407
2026-02-10,2035-01-01,13.5746,840.830437,2225,1443.41,5.0432,13.455,11.96,22.65,101.6967,100.8889
2026-02-10,2037-01-01,13.6834,817.403449,2727,1596.13,5.5715,13.5,18.34,30.21,102.2578,101.3585
2026-02-11,2027-01-01,13.261,986.89844,221,215.0,0.7533,13.339,-7.8,-9.72,99.2721,99.4152
2026-02-11,2029-01-01,12.7935,951.221712,720,634.94,2.2338,12.713,8.05,6.07,100.4765,100.6332
2026-02-11,2031-01-01,13.3415,902.79022,1221,972.48,3.4048,13.156,18.55,23.85,101.8201,101.41
2026-02-11,2033-01-01,13.592,863.882005,1725,1237.65,4.3236,13.412,18.0,28.45,102.1383,101.3421
2026-02-11,2035-01-01,13.6172,839.452015,2224,1441.47,5.0346,13.497,12.02,24.01,101.7951,100.8906
2026-02-11,2037-01-01,13.735,815.475061,2726,1593.4,5.5594,13.55,18.5,31.93,102.3801,101.3653
2026-02-12,2027-01-01,13.2379,987.557282,220,214.0,0.7499,13.316,-7.81,-9.73,99.2701,99.4135
2026-02-12,2029-01-01,12.7754,952.06054,719,633.96,2.2307,12.693,8.24,6.2,100.4878,100.6492
2026-02-12,2031-01-01,13.3154,904.04133,1220,971.61,3.4025,13.128,18.74,23.91,101.8286,101.4275
2026-02-12,2033-01-01,13.5551,865.698416,1724,1237.1,4.3231,13.377,17.81,27.95,102.1057,101.3314
2026-02-12,2035-01-01,13.5705,841.854124,2223,1441.5,5.0367,13.451,11.95,23.28,101.7454,100.8884
2026-02-12,2037-01-01,13.6843,818.194878,2725,1594.1,5.5643,13.501,18.33,31.0,102.3182,101.3577
2026-02-13,2027-01-01,13.2428,988.008463,219,213.0,0.7464,13.32,-7.72,-9.6,99.2805,99.4204
2026-02-13,2029-01-01,12.7649,952.737663,718,632.97,2.2275,12.681,8.39,6.32,100.4975,100.6616
2026-02-13,2031-01-01,13.2842,905.449823,1219,970.77,3.4005,13.098,18.62,23.45,101.7966,101.4216
2026-02-13,2033-01-01,13.5113,867.776163,1723,1236.63,4.3232,13.336,17.53,27.12,102.0481,101.3145
2026-02-13,2035-01-01,13.5213,844.368943,2222,1441.58,5.0392,13.403,11.83,22.43,101.6872,100.8826
2026-02-13,2037-01-01,13.6275,821.203326,2724,1595.0,5.5703,13.445,18.25,29.9,102.2436,101.3574
2026-02-18,2027-01-01,13.2284,988.601933,218,212.0,0.743,13.304,-7.56,-9.46,99.2902,99.4317
2026-02-18,2029-01-01,12.7202,954.140233,717,632.02,2.225,12.634,8.62,6.35,100.5019,100.6823
2026-02-18,2031-01-01,13.234,907.444792,1218,970.02,3.3994,13.044,19.0,23.6,101.8158,101.4566
2026-02-18,2033-01-01,13.4514,870.463331,1722,1236.36,4.3245,13.275,17.64,26.86,102.0373,101.3288
2026-02-18,2035-01-01,13.4574,847.518836,2221,1441.98,5.0434,13.339,11.84,22.0,101.6622,100.8876
2026-02-18,2037-01-01,13.5662,824.430848,2723,1596.06,5.577,13.384,18.22,29.59,102.23,101.3613
2026-02-19,2027-01-01,13.2295,989.081392,217,211.0,0.7395,13.304,-7.45,-9.33,99.3,99.44
2026-02-19,2029-01-01,12.769,953.559674,716,630.97,2.2203,12.677,9.2,7.23,100.5698,100.7257
2026-02-19,2031-01-01,13.313,905.461395,1217,968.62,3.3922,13.123,19.0,24.31,101.8597,101.4478
2026-02-19,2033-01-01,13.55,867.200202,1721,1234.16,4.313,13.372,17.8,28.05,102.1139,101.3311
2026-02-19,2035-01-01,13.5611,843.528926,2220,1438.7,5.0274,13.443,11.81,23.13,101.7354,100.8785
2026-02-19,2037-01-01,13.673,819.959612,2722,1591.48,5.5557,13.49,18.3,30.83,102.307,101.3566
2026-02-20,2027-01-01,13.1831,989.907234,216,210.01,0.7363,13.257,-7.39,-9.31,99.2988,99.4426
2026-02-20,2029-01-01,12.6988,955.500855,715,630.05,2.2185,12.606,9.28,7.23,100.5726,100.7362
2026-02-20,2031-01-01,13.2393,908.177039,1216,968.0,3.3922,13.045,19.43,24.56,101.8904,101.4895
2026-02-20,2033-01-01,13.4844,870.095452,1720,1233.96,4.3148,13.305,17.94,28.3,102.1439,101.3484
2026-02-20,2035-01-01,13.4999,846.555462,2219,1439.05,5.0313,13.381,11.89,23.45,101.7679,100.8886
2026-02-20,2037-01-01,13.6204,822.778001,2721,1592.24,5.561,13.437,18.34,31.46,102.3647,101.3649
2026-02-23,2027-01-01,13.1664,990.515025,215,209.01,0.7329,13.242,-7.56,-9.48,99.2854,99.4291
2026-02-23,2029-01-01,12.6911,956.117311,714,629.06,2.2151,12.598,9.31,7.34,100.5819,100.739
2026-02-23,2031-01-01,13.2422,908.535946,1215,966.98,3.3885,13.045,19.72,25.04,101.9274,101.5117
2026-02-23,2033-01-01,13.4891,870.355946,1719,1232.9,4.311,13.31,17.91,28.55,102.1623,101.3456
2026-02-23,2035-01-01,13.5135,846.402114,2218,1437.75,5.0261,13.392,12.15,24.19,101.8225,100.9073
2026-02-23,2037-01-01,13.6285,822.824585,2720,1590.97,5.5561,13.446,18.25,31.75,102.3855,101.3573
2026-02-24,2027-01-01,13.1536,991.09385,214,208.01,0.7295,13.229,-7.54,-9.44,99.2872,99.43
2026-02-24,2029-01-01,12.6642,957.140078,713,628.09,2.2122,12.57,9.42,7.35,100.5839,100.7494
2026-02-24,2031-01-01,13.2059,910.102302,1214,966.16,3.3867,13.007,19.89,25.0,101.9294,101.5292
2026-02-24,2033-01-01,13.4431,872.520961,1718,1232.46,4.3112,13.263,18.01,28.27,102.1482,101.3579
2026-02-24,2035-01-01,13.4637,848.950022,2217,1437.84,5.0287,13.34,12.37,23.87,101.8052,100.9273
2026-02-24,2037-01-01,13.58,825.463484,2719,1591.6,5.5607,13.397,18.3,31.41,102.3681,101.366
2026-02-25,2027-01-01,13.1662,991.48929,213,207.01,0.7259,13.238,-7.18,-9.04,99.3178,99.4576
2026-02-25,2029-01-01,12.6732,957.402758,712,627.08,2.2085,12.581,9.22,7.08,100.5621,100.7329
2026-02-25,2031-01-01,13.1868,911.139042,1213,965.26,3.3841,12.989,19.78,24.38,101.8836,101.5228
2026-02-25,2033-01-01,13.413,874.090724,1717,1231.83,4.3101,13.233,18.0,27.51,102.0937,101.3602
2026-02-25,2035-01-01,13.4215,851.179691,2216,1437.77,5.0303,13.298,12.35,22.78,101.7269,100.9287
2026-02-25,2037-01-01,13.5298,828.189631,2718,1592.28,5.5656,13.347,18.28,30.03,102.2704,101.3696
2026-02-26,2027-01-01,13.1137,992.35242,212,206.01,0.7227,13.187,-7.33,-9.22,99.3019,99.4441
2026-02-26,2029-01-01,12.6315,958.737526,711,626.13,2.206,12.539,9.25,7.23,100.5756,100.7377
2026-02-26,2031-01-01,13.1525,912.644925,1212,964.43,3.3823,12.955,19.75,24.53,101.9003,101.5245
2026-02-26,2033-01-01,13.3928,875.288668,1716,1231.08,4.3082,13.211,18.18,28.12,102.1448,101.3761
2026-02-26,2035-01-01,13.4102,852.089124,2215,1437.01,5.0281,13.287,12.32,23.48,101.7825,100.9272
2026-02-26,2037-01-01,13.5191,829.100137,2717,1591.64,5.5638,13.336,18.31,30.73,102.3264,101.373
2026-02-27,2027-01-01,13.2141,992.121448,211,205.01,0.7186,13.285,-7.09,-8.84,99.3354,99.4663
2026-02-27,2029-01-01,12.7381,956.942109,710,625.0,2.1999,12.648,9.01,6.84,100.5401,100.7124
2026-02-27,2031-01-01,13.2229,910.924272,1211,963.08,3.3754,13.032,19.09,23.28,101.7926,101.4649
2026-02-27,2033-01-01,13.4252,874.505156,1715,1229.68,4.3021,13.255,17.02,25.68,101.9503,101.284
2026-02-27,2035-01-01,13.433,851.538907,2214,1435.51,5.0219,13.318,11.5,21.12,101.5974,100.8635
2026-02-27,2037-01-01,13.543,828.416187,2716,1589.84,5.5564,13.366,17.7,28.66,102.1621,101.3243
2026-03-02,2027-01-01,13.232,992.483159,210,204.0,0.7149,13.304,-7.2,-8.94,99.3291,99.4588
2026-03-02,2029-01-01,12.8163,955.755188,709,623.91,2.1946,12.731,8.53,6.65,100.5213,100.67
2026-03-02,2031-01-01,13.3013,908.968516,1210,961.68,3.3682,13.118,18.33,22.76,101.7411,101.3973
2026-03-02,2033-01-01,13.5005,872.116926,1714,1227.76,4.2926,13.333,16.75,25.42,101.9194,101.2563
2026-03-02,2035-01-01,13.5057,848.865017,2213,1432.92,5.0096,13.39,11.57,20.99,101.5789,100.8641
2026-03-02,2037-01-01,13.6029,826.08402,2715,1586.83,5.5429,13.432,17.09,27.63,102.0732,101.2723
2026-03-03,2027-01-01,13.3788,991.936874,209,203.0,0.7105,13.451,-7.22,-8.85,99.3429,99.4632
2026-03-03,2029-01-01,13.0143,952.077683,708,622.68,2.1864,12.934,8.03,6.49,100.5009,100.6208
2026-03-03,2031-01-01,13.495,903.519316,1209,959.71,3.3555,13.315,18.0,22.57,101.7007,101.3519
2026-03-03,2033-01-01,13.6742,866.089317,1713,1224.65,4.2751,13.509,16.52,24.8,101.8472,101.2229
2026-03-03,2035-01-01,13.6605,842.747933,2212,1428.52,4.9874,13.549,11.15,19.72,101.4647,100.8229
2026-03-03,2037-01-01,13.7543,819.615133,2714,1580.75,5.5144,13.587,16.73,26.32,101.9509,101.2313
2026-03-04,2027-01-01,13.317,992.865086,208,202.0,0.7074,13.389,-7.2,-8.84,99.3405,99.4622
2026-03-04,2029-01-01,12.9209,954.48505,707,621.79,2.1851,12.843,7.79,6.17,100.4796,100.6066
2026-03-04,2031-01-01,13.392,907.102018,1208,959.23,3.3569,13.212,18.0,22.32,101.695,101.3624
2026-03-04,2033-01-01,13.5703,870.388087,1712,1224.91,4.28,13.402,16.83,24.79,101.8607,101.2558
2026-03-04,2035-01-01,13.5606,847.389959,2211,1429.71,4.996,13.445,11.56,19.94,101.4925,100.8598
2026-03-04,2037-01-01,13.653,824.632038,2713,1583.15,5.5276,13.486,16.7,26.22,101.9582,101.2383
2026-03-05,2027-01-01,13.4403,992.49649,207,201.0,0.7031,13.512,-7.17,-8.64,99.361,99.4694
2026-03-05,2029-01-01,13.159,950.00426,706,620.52,2.176,13.082,7.7,6.76,100.5163,100.5886
2026-03-05,2031-01-01,13.645,899.900912,1207,956.95,3.3415,13.47,17.5,22.53,101.6793,101.2992
2026-03-05,2033-01-01,13.8271,861.339388,1711,1220.78,4.2559,13.666,16.11,24.84,101.8297,101.1788
2026-03-05,2035-01-01,13.8105,837.337322,2210,1423.23,4.9624,13.692,11.85,20.36,101.4966,100.8655
2026-03-05,2037-01-01,13.882,814.714878,2712,1574.47,5.4863,13.719,16.3,25.38,101.8624,101.1881
2026-03-06,2027-01-01,13.5852,991.9878,206,200.0,0.6987,13.658,-7.28,-8.59,99.3714,99.467
2026-03-06,2029-01-01,13.336,946.825981,705,619.31,2.1684,13.267,6.9,6.05,100.4558,100.5201
2026-03-06,2031-01-01,13.8215,895.07546,1206,955.05,3.3297,13.649,17.25,22.31,101.641,101.2638
2026-03-06,2033-01-01,13.9795,856.22323,1710,1217.92,4.2403,13.82,15.95,24.09,101.7538,101.1541
2026-03-06,2035-01-01,13.9743,831.003279,2209,1418.63,4.9393,13.856,11.83,20.16,101.464,100.8538
2026-03-06,2037-01-01,14.047,807.812384,2711,1567.95,5.4557,13.891,15.6,24.89,101.8039,101.123
2026-03-09,2027-01-01,13.6645,991.942541,205,198.99,0.6947,13.741,-7.65,-8.9,99.353,99.4433
2026-03-09,2029-01-01,13.3884,946.22274,704,618.25,2.1637,13.334,5.44,4.37,100.3271,100.408
2026-03-09,2031-01-01,13.8271,895.368623,1205,954.03,3.3259,13.655,17.21,21.11,101.5502,101.2603
2026-03-09,2033-01-01,13.9652,857.187177,1709,1217.1,4.2379,13.814,15.12,22.0,101.6005,101.0945
2026-03-09,2035-01-01,13.9447,832.650777,2208,1418.28,4.9393,13.83,11.47,18.12,101.3166,100.8294
2026-03-09,2037-01-01,14.0025,810.198491,2710,1568.44,5.4595,13.845,15.75,22.75,101.652,101.1376
2026-03-10,2027-01-01,13.4731,993.761857,204,198.0,0.6924,13.549,-7.59,-8.93,99.3416,99.4398
2026-03-10,2029-01-01,13.1239,952.126986,703,617.56,2.1663,13.067,5.69,4.3,100.3286,100.4354
2026-03-10,2031-01-01,13.5928,902.841316,1204,954.21,3.3334,13.422,17.08,21.3,101.5919,101.2725
2026-03-10,2033-01-01,13.741,865.830087,1708,1218.83,4.2523,13.607,13.4,21.1,101.5594,100.9848
2026-03-10,2035-01-01,13.759,840.770641,2207,1421.36,4.9581,13.644,11.5,19.43,101.4326,100.8429
2026-03-10,2037-01-01,13.829,818.350109,2709,1573.25,5.4846,13.674,15.5,24.18,101.78,101.1335
2026-03-11,2027-01-01,13.5818,993.516504,203,197.0,0.6883,13.658,-7.62,-8.86,99.3517,99.4421
2026-03-11,2029-01-01,13.2235,950.544276,702,616.44,2.1605,13.165,5.85,4.3,100.326,100.4444
2026-03-11,2031-01-01,13.6402,901.873884,1203,952.97,3.3277,13.474,16.62,20.09,101.4946,101.2335
2026-03-11,2033-01-01,13.7438,866.169528,1707,1217.8,4.2486,13.629,11.48,17.92,101.321,100.8423
2026-03-11,2035-01-01,13.7679,840.830036,2206,1420.17,4.9536,13.654,11.39,17.85,101.3138,100.8342
2026-03-11,2037-01-01,13.8101,819.619714,2708,1572.88,5.4842,13.659,15.11,21.48,101.58,101.1062
2026-03-12,2027-01-01,13.8547,992.165184,202,195.99,0.6831,13.932,-7.73,-8.72,99.3748,99.4452
2026-03-12,2029-01-01,13.5067,945.229915,701,615.12,2.1505,13.446,6.07,4.59,100.3409,100.4514
2026-03-12,2031-01-01,13.9078,894.355391,1202,950.62,3.3117,13.739,16.88,20.15,101.4698,101.2286
2026-03-12,2033-01-01,13.9598,858.718211,1706,1214.16,4.2279,13.852,10.78,16.08,101.1651,100.7782
2026-03-12,2035-01-01,13.9705,832.886307,2205,1414.72,4.9258,13.856,11.45,16.21,101.1741,100.8264
2026-03-12,2037-01-01,14.01,811.131963,2707,1565.19,5.4478,13.86,15.0,19.69,101.4253,101.0823
2026-03-13,2027-01-01,14.2169,990.239592,201,194.98,0.6774,14.294,-7.71,-8.3,99.4196,99.4606
2026-03-13,2029-01-01,13.9401,936.96641,700,613.61,2.1371,13.879,6.11,4.83,100.348,100.4402
2026-03-13,2031-01-01,14.281,883.866593,1201,947.72,3.2908,14.111,17.0,19.48,101.3828,101.2047
2026-03-13,2033-01-01,14.2828,847.555212,1705,1209.21,4.1988,14.182,10.08,13.72,100.9699,100.7108
2026-03-13,2035-01-01,14.2743,820.995125,2204,1407.05,4.8861,14.155,11.93,14.24,101.0077,100.8428
2026-03-13,2037-01-01,14.299,798.93963,2706,1554.52,5.397,14.149,15.0,16.99,101.2027,101.0601
2026-03-16,2027-01-01,13.9816,992.336119,200,193.99,0.6754,14.074,-9.24,-10.01,99.289,99.3435
2026-03-16,2029-01-01,13.6235,943.816401,699,612.98,2.1408,13.563,6.05,4.25,100.313,100.4461
2026-03-16,2031-01-01,13.9105,895.200293,1200,948.6,3.3046,13.748,16.25,17.69,101.2882,101.182
2026-03-16,2033-01-01,13.924,860.909627,1704,1212.6,4.2238,13.823,10.1,13.04,100.9457,100.7307
2026-03-16,2035-01-01,13.9202,835.817835,2203,1413.82,4.9249,13.8,12.02,13.84,101.0044,100.871
2026-03-16,2037-01-01,13.93,815.522734,2705,1565.86,5.454,13.782,14.8,15.85,101.1513,101.0739
2026-03-17,2027-01-01,14.0554,992.359569,199,192.98,0.6714,14.158,-10.26,-10.99,99.2244,99.2753
2026-03-17,2029-01-01,13.7063,942.625972,698,611.88,2.1354,13.646,6.03,4.13,100.3022,100.4419
2026-03-17,2031-01-01,13.9596,894.213024,1199,947.35,3.2988,13.797,16.26,17.11,101.2409,101.1785
2026-03-17,2033-01-01,13.9405,860.755595,1703,1211.4,4.219,13.843,9.75,11.42,100.8257,100.7043
2026-03-17,2035-01-01,13.945,835.230497,2202,1412.28,4.9184,13.825,12.0,12.79,100.9258,100.868
2026-03-17,2037-01-01,13.9668,814.310822,2704,1563.63,5.4445,13.821,14.58,15.18,101.0988,101.0549
2026-03-18,2027-01-01,14.0071,993.198044,198,191.99,0.6682,14.128,-12.09,-12.76,99.0974,99.1443
2026-03-18,2029-01-01,13.747,942.288767,697,610.84,2.131,13.687,6.0,4.45,100.3246,100.4384
2026-03-18,2031-01-01,14.024,892.781018,1198,946.03,3.2924,13.859,16.5,17.95,101.2964,101.1906
2026-03-18,2033-01-01,14.0134,858.560797,1702,1209.51,4.2097,13.911,10.24,12.61,100.9077,100.7361
2026-03-18,2035-01-01,14.019,832.632192,2201,1409.65,4.9061,13.889,13.0,14.34,101.0332,100.936
2026-03-18,2037-01-01,14.0292,811.974518,2703,1560.54,5.4307,13.882,14.72,15.8,101.1389,101.0604
2026-03-19,2027-01-01,13.8857,994.517549,197,190.99,0.6655,14.017,-13.13,-13.83,99.0138,99.0633
2026-03-19,2029-01-01,13.6453,944.813711,696,609.96,2.1298,13.585,6.03,4.54,100.334,100.4439
2026-03-19,2031-01-01,13.931,895.984209,1197,945.5,3.2932,13.766,16.5,18.12,101.3176,101.1986
2026-03-19,2033-01-01,13.9305,862.010634,1701,1209.52,4.2128,13.833,9.75,12.6,100.913,100.7048
2026-03-19,2035-01-01,13.949,835.932075,2200,1410.19,4.911,13.819,13.0,15.0,101.0868,100.9407
2026-03-19,2037-01-01,13.9761,814.744133,2702,1561.32,5.436,13.829,14.71,17.1,101.2387,101.0637
2026-03-20,2027-01-01,14.2383,992.714561,196,189.98,0.6599,14.378,-13.97,-14.27,99.0075,99.0284
2026-03-20,2029-01-01,14.136,935.507074,695,608.39,2.1152,14.076,6.0,4.64,100.3294,100.4263
2026-03-20,2031-01-01,14.2783,886.289049,1196,942.74,3.2736,14.11,16.83,16.33,101.1572,101.1928
2026-03-20,2033-01-01,14.2123,852.313796,1700,1205.08,4.187,14.107,10.53,10.04,100.7114,100.7464
2026-03-20,2035-01-01,14.17,827.36765,2199,1404.34,4.8811,14.04,13.0,10.33,100.7346,100.9259
2026-03-20,2037-01-01,14.1702,806.641763,2701,1553.83,5.4007,14.022,14.82,11.73,100.8345,101.0569
2026-03-23,2027-01-01,14.0078,994.74466,195,188.99,0.6578,14.153,-14.52,-15.09,98.934,98.9741
2026-03-23,2029-01-01,13.7847,942.980781,694,607.79,2.1197,13.722,6.27,4.44,100.3233,100.4569
2026-03-23,2031-01-01,13.9916,895.128499,1195,943.19,3.2834,13.818,17.36,17.49,101.2662,101.2563
2026-03-23,2033-01-01,13.9815,861.055296,1699,1206.9,4.2018,13.869,11.25,12.5,100.902,100.8112
2026-03-23,2035-01-01,13.972,835.855801,2198,1407.69,4.9013,13.842,13.0,13.18,100.9525,100.9392
2026-03-23,2037-01-01,14.0,814.533286,2700,1558.52,5.4251,13.85,15.0,15.63,101.1287,101.083
2026-03-24,2027-01-01,14.0247,995.152244,194,187.98,0.6542,14.178,-15.33,-15.82,98.8843,98.9187
2026-03-24,2029-01-01,13.9326,940.518167,693,606.62,2.1129,13.871,6.16,4.94,100.3557,100.4441
2026-03-24,2031-01-01,14.1902,889.787011,1194,941.19,3.2707,14.006,18.42,19.55,101.3968,101.3152
2026-03-24,2033-01-01,14.1795,854.384146,1698,1203.48,4.1826,14.061,11.85,13.99,100.9967,100.8428
2026-03-24,2035-01-01,14.166,828.399781,2197,1402.43,4.8746,14.032,13.4,14.27,101.0173,100.955
2026-03-24,2037-01-01,14.1735,807.346885,2699,1551.72,5.3932,14.02,15.35,15.74,101.1227,101.0949
2026-03-25,2027-01-01,13.9402,996.218518,193,186.99,0.6512,14.091,-15.08,-15.68,98.8874,98.9298
2026-03-25,2029-01-01,13.8575,942.497577,692,605.71,2.1111,13.795,6.25,5.18,100.375,100.4531
2026-03-25,2031-01-01,14.1215,892.257163,1193,940.53,3.2704,13.944,17.75,19.18,101.3772,101.2729
2026-03-25,2033-01-01,14.1321,856.529632,1697,1203.06,4.1829,14.013,11.91,14.63,101.0463,100.8499
2026-03-25,2035-01-01,14.1249,830.497274,2196,1402.33,4.8761,13.992,13.29,14.95,101.0698,100.9498
2026-03-25,2037-01-01,14.1383,809.306415,2698,1551.89,5.3955,13.984,15.43,16.72,101.197,101.1034
2026-03-26,2027-01-01,14.1725,995.23744,192,185.98,0.6464,14.329,-15.65,-15.97,98.8855,98.9078
2026-03-26,2029-01-01,14.1316,937.559203,691,604.39,2.1014,14.071,6.06,4.94,100.3506,100.4307
2026-03-26,2031-01-01,14.3318,886.621671,1192,938.47,3.2572,14.155,17.68,18.16,101.2834,101.249
2026-03-26,2033-01-01,14.3115,850.588363,1696,1199.86,4.1652,14.194,11.75,13.0,100.9164,100.8278
2026-03-26,2035-01-01,14.2827,824.580539,2195,1397.86,4.8538,14.151,13.17,12.8,100.9044,100.9307
2026-03-26,2037-01-01,14.2942,802.968987,2697,1545.68,5.3665,14.142,15.22,14.64,101.0348,101.0762
2026-03-27,2027-01-01,14.2225,995.441046,191,184.98,0.6426,14.371,-14.85,-15.1,98.9494,98.9667
2026-03-27,2029-01-01,14.17,937.295868,690,603.35,2.0971,14.11,6.0,4.67,100.3303,100.4252
2026-03-27,2031-01-01,14.3293,887.165188,1191,937.48,3.2539,14.16,16.93,16.83,101.1883,101.1956
2026-03-27,2033-01-01,14.3115,851.03996,1695,1198.86,4.1618,14.194,11.75,12.4,100.8741,100.8278
2026-03-27,2035-01-01,14.2973,824.433577,2194,1396.54,4.8486,14.164,13.33,12.84,100.9065,100.9411
2026-03-27,2037-01-01,14.3081,802.796263,2696,1544.22,5.3608,14.153,15.51,14.72,101.0393,101.0959
2026-03-30,2027-01-01,14.1515,996.418697,190,183.98,0.6396,14.299,-14.75,-15.07,98.9461,98.9685
2026-03-30,2029-01-01,14.116,938.850011,689,602.41,2.0948,14.056,6.0,4.84,100.3444,100.4269
2026-03-30,2031-01-01,14.2873,888.849723,1190,936.69,3.2524,14.117,17.03,17.18,101.2168,101.2063
2026-03-30,2033-01-01,14.2791,852.640128,1694,1198.26,4.1609,14.16,11.91,13.0,100.9185,100.8411
2026-03-30,2035-01-01,14.2633,826.231418,2193,1396.29,4.8492,14.13,13.33,13.27,100.9388,100.9434
2026-03-30,2037-01-01,14.2761,804.601247,2695,1544.29,5.3626,14.123,15.31,15.04,101.0649,101.084
2026-03-31,2027-01-01,13.924,998.387386,189,182.99,0.6374,14.072,-14.8,-15.37,98.9081,98.9483
2026-03-31,2029-01-01,13.781,945.958093,688,601.8,2.0988,13.721,6.0,4.55,100.3309,100.4373
2026-03-31,2031-01-01,14.008,897.443579,1189,937.11,3.2618,13.838,17.0,17.78,101.2857,101.2285
2026-03-31,2033-01-01,14.029,862.029544,1693,1200.32,4.1771,13.909,12.0,14.28,101.0286,100.8628
2026-03-31,2035-01-01,14.0252,836.289897,2192,1400.52,4.874,13.892,13.32,14.71,101.06,100.9588
2026-03-31,2037-01-01,14.0419,815.231475,2694,1551.12,5.3973,13.887,15.49,16.68,101.2018,101.1154
2026-04-01,2027-01-01,13.8845,999.154187,188,181.99,0.6341,14.034,-14.95,-15.54,98.8932,98.9347
2026-04-01,2029-01-01,13.734,947.375622,687,600.85,2.0964,13.674,6.0,4.52,100.3305,100.4388
2026-04-01,2031-01-01,13.9738,898.911956,1188,936.28,3.2599,13.798,17.58,18.46,101.3389,101.2741
2026-04-01,2033-01-01,13.9885,863.938417,1692,1199.81,4.1769,13.865,12.35,14.6,101.0547,100.8907
2026-04-01,2035-01-01,13.9927,838.051625,2191,1400.23,4.8744,13.858,13.47,15.19,101.0974,100.972
2026-04-01,2037-01-01,14.0075,817.172295,2693,1551.27,5.3995,13.854,15.35,16.88,101.2195,101.108
2026-04-02,2027-01-01,13.8958,999.598581,187,180.99,0.6306,14.049,-15.32,-15.91,98.8682,98.9095
2026-04-02,2029-01-01,13.741,947.720704,686,599.84,2.0928,13.681,6.0,4.44,100.3243,100.4386
2026-04-02,2031-01-01,13.9733,899.393294,1187,935.29,3.2564,13.798,17.53,18.24,101.3223,101.2705
2026-04-02,2033-01-01,14.0052,863.785261,1691,1198.61,4.1721,13.878,12.72,15.11,101.091,100.9166
2026-04-02,2035-01-01,14.0167,837.507923,2190,1398.7,4.8681,13.879,13.77,15.88,101.146,100.9921
2026-04-02,2037-01-01,14.044,815.989691,2692,1549.05,5.39,13.885,15.9,18.2,101.3128,101.1451
2026-04-06,2027-01-01,14.0202,999.335369,186,179.98,0.6264,14.175,-15.48,-15.92,98.8769,98.9079
2026-04-06,2029-01-01,13.7743,947.545696,685,598.81,2.0885,13.713,6.13,3.96,100.2885,100.447
2026-04-06,2031-01-01,13.9593,900.270162,1186,934.36,3.2536,13.785,17.43,17.06,101.2369,101.2644
2026-04-06,2033-01-01,13.9795,865.161263,1690,1197.92,4.1706,13.852,12.75,13.99,101.011,100.9204
2026-04-06,2035-01-01,13.9921,838.947649,2189,1398.24,4.8675,13.852,14.01,15.04,101.0867,101.0114
2026-04-06,2037-01-01,14.0216,817.401335,2691,1548.8,5.3902,13.862,15.96,17.43,101.259,101.1513
2026-04-07,2027-01-01,14.1013,999.351008,185,178.98,0.6225,14.256,-15.47,-15.85,98.8888,98.9148
2026-04-07,2029-01-01,13.8833,945.88016,684,597.68,2.0826,13.823,6.03,3.95,100.2853,100.4362
2026-04-07,2031-01-01,14.0589,897.828096,1185,932.85,3.2455,13.882,17.69,17.14,101.2342,101.2743
2026-04-07,2033-01-01,14.0662,862.491437,1689,1195.86,4.1603,13.935,13.12,13.82,100.9926,100.9415
2026-04-07,2035-01-01,14.0732,836.082394,2188,1395.46,4.8544,13.926,14.72,14.98,101.0759,101.057
2026-04-07,2037-01-01,14.085,815.041477,2690,1545.68,5.3764,13.929,15.6,16.06,101.1531,101.12
2026-04-08,2027-01-01,13.8014,1001.734626,184,177.99,0.6207,13.956,-15.46,-16.14,98.8443,98.8922
2026-04-08,2029-01-01,13.4196,955.559186,683,597.22,2.0895,13.359,6.06,3.65,100.2728,100.4536
2026-04-08,2031-01-01,13.6792,909.453512,1184,933.77,3.2596,13.504,17.52,18.08,101.3392,101.2974
2026-04-08,2033-01-01,13.7437,874.624202,1688,1198.8,4.1823,13.611,13.27,16.12,101.1869,100.9749
2026-04-08,2035-01-01,13.7877,848.226368,2187,1400.73,4.8849,13.63,15.77,18.85,101.386,101.157
2026-04-08,2037-01-01,13.8223,827.106127,2689,1553.47,5.416,13.659,16.33,20.46,101.5021,101.1955
2026-04-09,2027-01-01,13.7803,1002.379218,183,176.99,0.6173,13.927,-14.67,-15.39,98.8959,98.9467
2026-04-09,2029-01-01,13.3635,957.15659,682,596.28,2.0873,13.303,6.05,3.65,100.2739,100.4548
2026-04-09,2031-01-01,13.6485,910.826554,1183,932.93,3.2575,13.474,17.45,18.41,101.3671,101.2951
2026-04-09,2033-01-01,13.7388,875.250478,1687,1197.86,4.1792,13.6,13.88,17.52,101.2919,101.0206
2026-04-09,2035-01-01,13.7825,848.876704,2186,1399.84,4.8821,13.623,15.95,19.85,101.4613,101.1708
2026-04-09,2037-01-01,13.8188,827.687961,2688,1552.59,5.413,13.652,16.68,21.56,101.5853,101.2218
2026-04-10,2027-01-01,13.912,1002.082965,182,175.99,0.6131,14.063,-15.1,-15.65,98.8878,98.9263
2026-04-10,2029-01-01,13.4309,956.289597,681,595.2,2.0823,13.37,6.09,3.09,100.2308,100.4555
2026-04-10,2031-01-01,13.603,912.639766,1182,932.16,3.2561,13.428,17.5,16.42,101.2219,101.3032
2026-04-10,2033-01-01,13.6509,878.920543,1686,1197.93,4.1827,13.507,14.39,15.26,101.1306,101.0654
2026-04-10,2035-01-01,13.653,854.703059,2185,1401.69,4.8941,13.493,16.0,16.25,101.2043,101.1858
2026-04-10,2037-01-01,13.6709,834.780319,2687,1556.55,5.4339,13.503,16.79,17.57,101.3018,101.2434
2026-04-13,2027-01-01,13.938,1002.44219,181,174.99,0.6094,14.089,-15.1,-15.58,98.8947,98.9282
2026-04-13,2029-01-01,13.3712,957.956434,680,594.27,2.0801,13.309,6.22,2.74,100.2055,100.4674
2026-04-13,2031-01-01,13.5151,915.717764,1181,931.6,3.2567,13.341,17.41,15.66,101.1723,101.305
2026-04-13,2033-01-01,13.5682,882.413895,1685,1197.94,4.1858,13.425,14.32,14.75,101.0992,101.0667
2026-04-13,2035-01-01,13.587,857.904124,2184,1402.13,4.8985,13.427,16.0,16.38,101.2206,101.1916
2026-04-13,2037-01-01,13.616,837.70069,2686,1557.39,5.4395,13.443,17.3,18.4,101.3699,101.2869
2026-04-14,2027-01-01,13.8419,1003.545861,180,173.99,0.6065,13.992,-15.01,-15.6,98.8855,98.9272
2026-04-14,2029-01-01,13.2658,960.534858,679,593.39,2.0789,13.202,6.38,3.04,100.2296,100.4833
2026-04-14,2031-01-01,13.4751,917.371842,1180,930.81,3.2551,13.299,17.61,16.87,101.268,101.3242
2026-04-14,2033-01-01,13.571,882.756156,1684,1196.91,4.1821,13.424,14.7,16.98,101.2667,101.0951
2026-04-14,2035-01-01,13.6042,857.615738,2183,1400.76,4.8929,13.444,16.02,18.62,101.3877,101.1916
2026-04-14,2037-01-01,13.635,837.260197,2685,1555.75,5.4328,13.46,17.5,20.63,101.5361,101.3001
2026-04-15,2027-01-01,13.8079,1004.26817,179,172.99,0.6032,13.957,-14.91,-15.52,98.8886,98.9317
2026-04-15,2029-01-01,13.2784,960.758521,678,592.38,2.0752,13.214,6.44,3.55,100.2678,100.4874
2026-04-15,2031-01-01,13.5215,916.448894,1179,929.57,3.2494,13.345,17.65,17.68,101.325,101.3226
2026-04-15,2033-01-01,13.6226,881.300722,1683,1195.28,4.1745,13.477,14.56,17.62,101.3101,101.0804
2026-04-15,2035-01-01,13.6554,855.90593,2182,1398.63,4.8833,13.493,16.24,19.39,101.4402,101.2036
2026-04-15,2037-01-01,13.6913,835.130504,2684,1552.86,5.4201,13.515,17.63,21.5,101.5953,101.3045
2026-04-16,2027-01-01,13.8968,1004.248429,178,171.99,0.5992,14.054,-15.72,-16.21,98.8468,98.8815
2026-04-16,2029-01-01,13.4017,958.783405,677,591.24,2.0689,13.338,6.37,3.42,100.2562,100.4776
2026-04-16,2031-01-01,13.6047,914.438821,1178,928.15,3.2421,13.429,17.57,16.97,101.2634,101.3084
2026-04-16,2033-01-01,13.6818,879.574146,1682,1193.55,4.1663,13.529,15.28,17.08,101.2641,101.1294
2026-04-16,2035-01-01,13.7019,854.400964,2181,1396.61,4.8743,13.537,16.49,18.25,101.3503,101.2181
2026-04-16,2037-01-01,13.7278,833.906464,2683,1550.64,5.4106,13.55,17.78,20.02,101.4799,101.3122
2026-04-17,2027-01-01,13.7257,1005.792585,177,170.99,0.5966,13.886,-16.03,-16.7,98.7979,98.8456
2026-04-17,2029-01-01,13.2077,963.117437,676,590.46,2.0697,13.143,6.47,3.74,100.2842,100.4923
2026-04-17,2031-01-01,13.4723,918.836924,1177,927.82,3.2447,13.295,17.73,18.14,101.3645,101.3336
2026-04-17,2033-01-01,13.5713,884.08346,1681,1193.9,4.1716,13.415,15.63,18.65,101.3937,101.1651
2026-04-17,2035-01-01,13.5918,859.439224,2180,1398.03,4.8839,13.426,16.58,19.52,101.4574,101.2349
2026-04-17,2037-01-01,13.6188,839.272305,2682,1553.29,5.425,13.439,17.98,21.28,101.5871,101.3379
2026-04-20,2027-01-01,13.7762,1006.004746,176,169.99,0.5929,13.937,-16.08,-16.68,98.8037,98.8462
2026-04-20,2029-01-01,13.2339,963.070248,675,589.43,2.0656,13.168,6.59,3.51,100.2663,100.5005
2026-04-20,2031-01-01,13.4387,920.299814,1176,926.99,3.2427,13.261,17.77,17.13,101.2911,101.34
2026-04-20,2033-01-01,13.5254,886.224632,1680,1193.46,4.1717,13.367,15.84,17.74,101.329,101.185
2026-04-20,2035-01-01,13.5381,862.131962,2179,1398.21,4.8869,13.372,16.61,18.4,101.3778,101.2421
2026-04-20,2037-01-01,13.563,842.243922,2681,1554.17,5.4308,13.383,18.0,20.17,101.5095,101.345
2026-04-22,2027-01-01,13.8248,1006.231895,175,168.99,0.5891,13.986,-16.12,-16.66,98.8095,98.8474
2026-04-22,2029-01-01,13.3347,961.545653,674,588.31,2.0599,13.269,6.57,3.56,100.2678,100.4951
2026-04-22,2031-01-01,13.541,917.716512,1175,925.47,3.2345,13.361,18.0,17.37,101.2993,101.3472
2026-04-22,2033-01-01,13.624,883.037653,1679,1191.26,4.1604,13.462,16.2,17.98,101.3376,101.2034
2026-04-22,2035-01-01,13.6408,858.25674,2178,1394.95,4.8711,13.47,17.08,18.85,101.4014,101.268
2026-04-22,2037-01-01,13.6634,838.096898,2680,1549.8,5.4107,13.482,18.14,20.33,101.5107,101.3455
2026-04-23,2027-01-01,13.9731,1005.875643,174,167.99,0.5849,14.131,-15.79,-16.18,98.8552,98.8826
2026-04-23,2029-01-01,13.6145,956.512295,673,586.99,2.0502,13.549,6.55,3.98,100.2934,100.4834
2026-04-23,2031-01-01,13.7735,911.318797,1174,923.3,3.2203,13.591,18.25,17.21,101.2657,101.3428
2026-04-23,2033-01-01,13.8314,875.916053,1678,1187.73,4.1405,13.659,17.24,17.98,101.3169,101.2622
2026-04-23,2035-01-01,13.8281,850.917055,2177,1389.84,4.8452,13.653,17.51,17.92,101.3132,101.2825
2026-04-23,2037-01-01,13.8409,830.534978,2679,1542.85,5.378,13.656,18.49,19.09,101.3987,101.354
2026-04-24,2027-01-01,13.946,1006.556445,173,166.99,0.5815,14.107,-16.1,-16.48,98.8321,98.8587
2026-04-24,2029-01-01,13.5478,958.304716,672,586.07,2.0482,13.482,6.58,3.83,100.2837,100.4881
2026-04-24,2031-01-01,13.703,913.856771,1173,922.65,3.2201,13.518,18.5,17.19,101.2707,101.3685
2026-04-24,2033-01-01,13.7635,878.833273,1677,1187.56,4.1424,13.591,17.25,17.86,101.3149,101.2692
2026-04-24,2035-01-01,13.759,854.210049,2176,1390.36,4.85,13.584,17.5,17.75,101.3069,101.2883
2026-04-24,2037-01-01,13.7713,834.079834,2678,1544.18,5.386,13.587,18.43,18.86,101.3889,101.3564
2026-04-27,2027-01-01,13.9758,1006.904607,172,165.99,0.5779,14.136,-16.02,-16.35,98.8437,98.8667
2026-04-27,2029-01-01,13.6417,956.949856,671,584.96,2.0426,13.577,6.47,3.91,100.2871,100.4765
2026-04-27,2031-01-01,13.7819,912.006389,1172,921.26,3.213,13.595,18.69,17.28,101.2701,101.3748
2026-04-27,2033-01-01,13.8223,877.147007,1676,1185.84,4.1343,13.648,17.43,17.54,101.2856,101.2771
2026-04-27,2035-01-01,13.7988,853.000994,2175,1388.49,4.8418,13.625,17.38,16.72,101.2262,101.2756
2026-04-27,2037-01-01,13.812,832.68198,2677,1541.82,5.3758,13.628,18.4,17.99,101.3194,101.3502
2026-04-28,2027-01-01,13.9663,1007.482417,171,164.99,0.5745,14.126,-15.97,-16.29,98.847,98.8695
2026-04-28,2029-01-01,13.6616,957.047201,670,583.94,2.0387,13.596,6.56,4.15,100.3049,100.4825
2026-04-28,2031-01-01,13.7813,912.491351,1171,920.26,3.2095,13.598,18.33,16.78,101.2327,101.348
2026-04-28,2033-01-01,13.8189,877.721036,1675,1184.88,4.131,13.644,17.49,17.26,101.2647,101.2819
2026-04-28,2035-01-01,13.8035,853.24461,2174,1387.38,4.8377,13.631,17.25,16.61,101.2177,101.2655
2026-04-28,2037-01-01,13.8175,832.863483,2676,1540.63,5.3714,13.635,18.25,17.94,101.3151,101.3385
2026-04-29,2027-01-01,14.0533,1007.504794,170,163.98,0.5705,14.212,-15.87,-16.11,98.8668,98.8833
2026-04-29,2029-01-01,13.9207,952.504681,669,582.64,2.0295,13.856,6.47,4.75,100.3427,100.4669
2026-04-29,2031-01-01,14.0358,905.55358,1170,917.97,3.1944,13.853,18.28,16.98,101.2249,101.3196
2026-04-29,2033-01-01,14.054,869.710437,1674,1181.01,4.1091,13.879,17.5,17.04,101.2276,101.2609
2026-04-29,2035-01-01,14.0246,844.631086,2173,1381.53,4.808,13.852,17.26,15.97,101.1515,101.246
2026-04-29,2037-01-01,14.0265,824.024379,2675,1532.63,5.3337,13.842,18.45,16.95,101.2234,101.3329
2026-04-30,2027-01-01,13.9924,1008.378929,169,162.99,0.5674,14.143,-15.06,-15.33,98.9163,98.9352
2026-04-30,2029-01-01,13.7317,956.657402,668,581.86,2.0302,13.666,6.57,4.47,100.3267,100.4808
2026-04-30,2031-01-01,13.8535,911.318306,1169,917.89,3.1992,13.671,18.25,16.86,101.2321,101.3349
2026-04-30,2033-01-01,13.8893,876.077634,1673,1182.02,4.1185,13.716,17.33,17.24,101.2567,101.2635
2026-04-30,2035-01-01,13.8702,851.375286,2172,1383.92,4.8228,13.698,17.22,16.54,101.2068,101.2571
2026-04-30,2037-01-01,13.8683,831.452282,2674,1536.93,5.3561,13.691,17.73,16.91,101.234,101.295
2026-05-04,2027-01-01,14.065,1008.490293,168,161.98,0.5635,14.21,-14.5,-14.69,98.9662,98.9796
2026-05-04,2029-01-01,13.9244,953.419097,667,580.63,2.0225,13.86,6.44,4.8,100.3456,100.4646
2026-05-04,2031-01-01,14.0566,905.897316,1168,915.86,3.1865,13.879,17.76,16.84,101.2127,101.2796
2026-05-04,2033-01-01,14.0925,869.245212,1672,1178.54,4.0991,13.919,17.35,17.51,101.2583,101.2465
2026-05-04,2035-01-01,14.0781,843.343816,2171,1378.36,4.7947,13.905,17.31,16.97,101.22,101.2449
2026-05-04,2037-01-01,14.0684,823.045413,2673,1529.23,5.3199,13.891,17.74,16.92,101.2175,101.2771
2026-05-05,2027-01-01,14.0051,1009.355723,167,160.99,0.5604,14.149,-14.39,-14.64,98.9652,98.983
2026-05-05,2029-01-01,13.8071,956.175691,666,579.77,2.0216,13.744,6.31,4.69,100.341,100.4591
2026-05-05,2031-01-01,13.9721,908.812805,1167,915.29,3.1868,13.8,17.21,16.83,101.2192,101.2471
2026-05-05,2033-01-01,14.041,871.537341,1671,1178.17,4.0996,13.869,17.2,18.5,101.3349,101.2402
2026-05-05,2035-01-01,14.0388,845.375787,2170,1378.22,4.7958,13.865,17.38,18.37,101.3258,101.2535
2026-05-05,2037-01-01,14.0514,824.220216,2672,1528.8,5.3192,13.875,17.64,19.07,101.3758,101.2714
2026-05-06,2027-01-01,13.9075,1010.430122,166,159.99,0.5574,14.047,-13.95,-14.31,98.9818,99.0069
2026-05-06,2029-01-01,13.5635,961.387328,665,579.05,2.0234,13.5,6.35,4.29,100.317,100.4704
2026-05-06,2031-01-01,13.758,915.512621,1166,915.38,3.1931,13.585,17.3,17.09,101.2577,101.2735
2026-05-06,2033-01-01,13.865,878.311662,1670,1179.32,4.11,13.694,17.1,19.45,101.4227,101.2487
2026-05-06,2035-01-01,13.8751,852.49175,2169,1380.81,4.8118,13.701,17.41,19.65,101.4368,101.2707
2026-05-06,2037-01-01,13.893,831.640393,2671,1533.1,5.3416,13.718,17.5,20.35,101.4862,101.2757
2026-05-07,2027-01-01,13.9369,1010.787792,165,158.99,0.5537,14.071,-13.41,-13.73,99.0244,99.047
2026-05-07,2029-01-01,13.6296,960.58977,664,577.97,2.0184,13.566,6.36,4.53,100.3338,100.4688
2026-05-07,2031-01-01,13.8389,913.621838,1165,913.97,3.186,13.666,17.29,17.42,101.2746,101.2652
2026-05-07,2033-01-01,13.9446,875.898717,1669,1177.35,4.1002,13.768,17.66,20.11,101.4632,101.2827
2026-05-07,2035-01-01,13.9567,849.594791,2168,1378.02,4.7986,13.782,17.47,20.08,101.4598,101.2676
2026-05-07,2037-01-01,13.9706,828.634261,2670,1529.5,5.3255,13.796,17.46,20.54,101.4925,101.2656
2026-05-08,2027-01-01,13.9185,1011.413673,164,157.99,0.5503,14.051,-13.25,-13.58,99.0334,99.057
2026-05-08,2029-01-01,13.5907,961.83071,663,577.02,2.0158,13.526,6.47,4.55,100.3361,100.4783
2026-05-08,2031-01-01,13.7764,915.912664,1164,913.28,3.1853,13.606,17.04,16.82,101.2358,101.2524
2026-05-08,2033-01-01,13.8782,878.741238,1668,1177.16,4.102,13.703,17.52,19.57,101.4301,101.2786
2026-05-08,2035-01-01,13.8852,852.957322,2167,1378.59,4.8036,13.712,17.32,19.39,101.4159,101.2631
2026-05-08,2037-01-01,13.9053,831.953493,2669,1530.69,5.3326,13.732,17.33,20.16,101.4709,101.262
2026-05-11,2027-01-01,13.9817,1011.587249,163,156.99,0.5465,14.11,-12.83,-13.1,99.0719,99.0907
2026-05-11,2029-01-01,13.7527,959.18797,662,575.83,2.0088,13.69,6.27,4.66,100.3399,100.458
2026-05-11,2031-01-01,13.9337,911.811975,1163,911.49,3.1747,13.764,16.97,16.8,101.2203,101.2329
2026-05-11,2033-01-01,14.0255,873.91019,1667,1174.36,4.0869,13.851,17.45,19.3,101.3952,101.2598
2026-05-11,2035-01-01,14.021,847.861953,2166,1374.61,4.784,13.852,16.9,18.52,101.3388,101.22
2026-05-11,2037-01-01,14.0296,826.898259,2668,1525.53,5.3089,13.86,16.96,18.85,101.3619,101.2237
2026-05-12,2027-01-01,14.0026,1011.997862,162,155.99,0.543,14.129,-12.64,-12.88,99.0883,99.1054
2026-05-12,2029-01-01,13.8272,958.246503,661,574.74,2.0037,13.765,6.22,4.83,100.3506,100.4519
2026-05-12,2031-01-01,13.984,910.830589,1162,910.23,3.1689,13.816,16.8,16.47,101.1921,101.216
2026-05-12,2033-01-01,14.0575,873.224034,1666,1172.97,4.081,13.885,17.25,18.58,101.3392,101.2423
2026-05-12,2035-01-01,14.0502,847.120626,2165,1372.97,4.7771,13.881,16.92,17.94,101.293,101.2189
2026-05-12,2037-01-01,14.0584,826.066575,2667,1523.57,5.3007,13.886,17.24,18.45,101.3298,101.2415
2026-05-13,2027-01-01,14.0852,1012.073358,161,154.98,0.5391,14.211,-12.58,-12.75,99.103,99.1148
2026-05-13,2029-01-01,14.1169,953.208322,660,573.41,1.994,14.055,6.19,5.7,100.4052,100.4404
2026-05-13,2031-01-01,14.2811,902.791742,1161,907.72,3.1519,14.115,16.61,17.0,101.2048,101.1768
2026-05-13,2033-01-01,14.3357,863.851446,1665,1168.57,4.0557,14.166,16.97,18.44,101.3031,101.1979
2026-05-13,2035-01-01,14.3264,836.498812,2164,1365.9,4.741,14.158,16.84,17.83,101.2599,101.1894
2026-05-13,2037-01-01,14.326,814.912046,2666,1513.62,5.2538,14.156,17.0,17.84,101.2611,101.2009
2026-05-14,2027-01-01,14.056,1012.761128,160,153.98,0.5357,14.181,-12.5,-12.68,99.1057,99.1185
2026-05-14,2029-01-01,14.0363,955.239903,659,572.5,1.9922,13.977,5.93,5.34,100.3816,100.4243
2026-05-14,2031-01-01,14.2195,905.024433,1160,907.04,3.1513,14.057,16.25,16.85,101.1991,101.156
2026-05-14,2033-01-01,14.2807,866.240313,1664,1168.24,4.0566,14.118,16.27,18.17,101.2885,101.1524
2026-05-14,2035-01-01,14.2784,838.849899,2163,1365.96,4.7432,14.114,16.44,17.97,101.2749,101.1648
2026-05-14,2037-01-01,14.2846,817.120426,2665,1514.0,5.257,14.119,16.56,18.29,101.2974,101.1729
2026-05-15,2027-01-01,14.103,1013.036424,159,152.98,0.532,14.228,-12.5,-12.64,99.1115,99.1215
2026-05-15,2029-01-01,14.2138,952.373342,658,571.3,1.9849,14.16,5.38,5.32,100.3757,100.3799
2026-05-15,2031-01-01,14.4129,900.013856,1159,905.05,3.1391,14.251,16.19,17.23,101.21,101.1361
2026-05-15,2033-01-01,14.4642,860.288481,1663,1164.99,4.0388,14.3,16.42,18.41,101.2894,101.1483
2026-05-15,2035-01-01,14.442,832.824503,2162,1361.37,4.7205,14.282,16.0,17.14,101.201,101.1203
2026-05-15,2037-01-01,14.4435,810.773638,2664,1507.7,5.2278,14.278,16.55,17.55,101.2299,101.1591
2026-05-18,2027-01-01,14.0346,1013.933545,158,151.98,0.5289,14.159,-12.44,-12.63,99.108,99.1214
2026-05-18,2029-01-01,14.1211,954.628473,657,570.4,1.9834,14.069,5.21,5.11,100.3633,100.3703
2026-05-18,2031-01-01,14.3468,902.364072,1158,904.39,3.1386,14.185,16.18,17.6,101.2422,101.1406
2026-05-18,2033-01-01,14.4177,862.367166,1662,1164.56,4.039,14.255,16.27,19.02,101.3369,101.1414
2026-05-18,2035-01-01,14.4079,834.612415,2161,1361.11,4.721,14.25,15.79,18.01,101.2662,101.1081
2026-05-18,2037-01-01,14.4141,812.455321,2663,1507.68,5.2291,14.251,16.31,18.5,101.3,101.1445
2026-05-19,2027-01-01,14.0267,1014.504212,157,150.98,0.5254,14.15,-12.33,-12.52,99.1156,99.1286
2026-05-19,2029-01-01,14.1818,953.98215,656,569.33,1.9787,14.132,4.98,5.33,100.3772,100.3524
2026-05-19,2031-01-01,14.4469,900.017402,1157,902.88,3.1306,14.285,16.19,18.39,101.2893,101.1334
2026-05-19,2033-01-01,14.5338,858.799629,1661,1162.14,4.0265,14.37,16.38,20.11,101.403,101.1399
2026-05-19,2035-01-01,14.5142,830.886676,2160,1357.78,4.7051,14.356,15.82,18.62,101.2997,101.102
2026-05-19,2037-01-01,14.5165,808.558201,2662,1503.26,5.2091,14.354,16.25,18.84,101.3151,101.1321
2026-05-20,2027-01-01,13.9354,1015.516816,156,149.99,0.5224,14.059,-12.36,-12.62,99.1028,99.1208
2026-05-20,2029-01-01,13.9625,958.632644,655,568.59,1.9799,13.913,4.95,4.8,100.3451,100.3558
2026-05-20,2031-01-01,14.2402,906.347649,1156,902.93,3.1364,14.076,16.42,18.44,101.3119,101.1665
2026-05-20,2033-01-01,14.3362,866.133222,1660,1163.56,4.0384,14.173,16.32,20.17,101.4267,101.1515
2026-05-20,2035-01-01,14.3291,838.61696,2159,1360.85,4.7234,14.17,15.91,19.17,101.3561,101.1228
2026-05-20,2037-01-01,14.342,816.395562,2661,1508.08,5.2338,14.177,16.5,19.9,101.4069,101.1639
2026-05-21,2027-01-01,13.9209,1016.119146,155,148.99,0.519,14.045,-12.41,-12.66,99.0985,99.1164
2026-05-21,2029-01-01,13.8939,960.431718,654,567.67,1.9778,13.845,4.89,4.57,100.3302,100.3532
2026-05-21,2031-01-01,14.1759,908.656085,1155,902.26,3.1359,14.012,16.39,18.31,101.3083,101.1697
2026-05-21,2033-01-01,14.2837,868.432408,1659,1163.2,4.039,14.12,16.37,20.36,101.4461,101.1593
2026-05-21,2035-01-01,14.2892,840.645143,2158,1360.72,4.7246,14.129,16.02,19.78,101.4038,101.1338
2026-05-21,2037-01-01,14.3,818.62738,2660,1508.49,5.2371,14.135,16.5,20.31,101.4408,101.1673
2026-05-22,2027-01-01,13.9544,1016.469296,154,147.99,0.5153,14.079,-12.46,-12.68,99.0995,99.115
2026-05-22,2029-01-01,13.9019,960.775918,653,566.66,1.9742,13.852,4.99,4.46,100.3219,100.3602
2026-05-22,2031-01-01,14.132,910.385647,1154,901.48,3.1344,13.97,16.2,17.33,101.2418,101.1596
2026-05-22,2033-01-01,14.226,870.919324,1658,1162.91,4.04,14.063,16.3,19.24,101.3713,101.1591
2026-05-22,2035-01-01,14.224,843.685922,2157,1361.15,4.7288,14.064,16.0,18.63,101.3274,101.1377
2026-05-22,2037-01-01,14.229,822.114256,2659,1509.86,5.2452,14.064,16.5,19.03,101.3557,101.1732
2026-05-25,2027-01-01,13.884,1017.362986,153,146.99,0.5122,14.009,-12.5,-12.76,99.089,99.1077
2026-05-25,2029-01-01,13.7264,964.605904,652,565.86,1.9745,13.675,5.14,4.15,100.3033,100.3759
2026-05-25,2031-01-01,13.9648,915.649803,1153,901.33,3.1384,13.802,16.28,17.26,101.2516,101.1795
2026-05-25,2033-01-01,14.0618,877.182978,1657,1163.92,4.0493,13.899,16.28,19.25,101.388,101.1713
2026-05-25,2035-01-01,14.065,850.50999,2156,1363.64,4.744,13.905,16.0,18.77,101.3529,101.1507
2026-05-25,2037-01-01,14.07,829.449395,2658,1514.18,5.2675,13.905,16.5,19.14,101.3793,101.1866
2026-05-26,2027-01-01,13.933,1017.634362,152,145.99,0.5085,14.057,-12.4,-12.62,99.1023,99.1179
2026-05-26,2029-01-01,13.849,962.770669,651,564.72,1.9684,13.799,5.0,4.21,100.3049,100.3623
2026-05-26,2031-01-01,14.0653,913.245163,1152,899.82,3.1304,13.907,15.83,16.7,101.2013,101.1383
2026-05-26,2033-01-01,14.152,874.446881,1656,1161.81,4.0388,13.99,16.2,18.75,101.343,101.158
2026-05-26,2035-01-01,14.1437,847.788509,2155,1360.92,4.7313,13.988,15.57,17.71,101.2683,101.1131
2026-05-26,2037-01-01,14.1564,826.12198,2657,1510.29,5.25,13.993,16.34,18.63,101.3336,101.1677
2026-05-27,2027-01-01,13.9351,1018.15045,151,144.99,0.505,14.059,-12.39,-12.6,99.1039,99.1187
2026-05-27,2029-01-01,13.8683,962.901146,650,563.7,1.9645,13.819,4.93,4.11,100.297,100.3568
2026-05-27,2031-01-01,14.067,913.673638,1151,898.81,3.1269,13.909,15.8,16.4,101.1793,101.136
2026-05-27,2033-01-01,14.162,874.55335,1655,1160.69,4.0345,14.002,16.0,18.56,101.3279,101.1427
2026-05-27,2035-01-01,14.1492,848.013153,2154,1359.8,4.7272,14.005,14.42,16.77,101.1993,101.0296
2026-05-27,2037-01-01,14.166,826.139992,2656,1508.97,5.245,14.016,15.0,17.72,101.267,101.0702
2026-05-28,2027-01-01,13.932,1018.693514,150,143.99,0.5015,14.055,-12.3,-12.5,99.1107,99.1249
2026-05-28,2029-01-01,13.8553,963.643165,649,562.71,1.9612,13.806,4.93,4.17,100.302,100.3571
2026-05-28,2031-01-01,14.0525,914.565107,1150,897.88,3.124,13.895,15.75,16.38,101.1794,101.1335
2026-05-28,2033-01-01,14.1495,875.454195,1654,1159.84,4.032,13.992,15.75,18.51,101.3256,101.1256
2026-05-28,2035-01-01,14.1326,849.1243,2153,1359.16,4.7256,14.0,13.26,15.91,101.1385,100.9471
2026-05-28,2037-01-01,14.1445,827.506748,2655,1508.69,5.245,14.007,13.75,16.55,101.1843,100.9817
2026-05-29,2027-01-01,13.9616,1019.070694,149,142.99,0.4979,14.085,-12.34,-12.51,99.1119,99.1239
2026-05-29,2029-01-01,13.8917,963.452795,648,561.67,1.957,13.842,4.97,4.07,100.2935,100.3591
2026-05-29,2031-01-01,14.0389,915.430893,1149,896.95,3.1212,13.884,15.49,15.39,101.1086,101.1157
2026-05-29,2033-01-01,14.1269,876.712081,1653,1159.12,4.0303,13.971,15.59,17.51,101.2547,101.1159
2026-05-29,2035-01-01,14.1079,850.561638,2152,1358.7,4.7251,13.976,13.19,15.02,101.0759,100.9438
2026-05-29,2037-01-01,14.1305,828.549193,2654,1508.15,5.2438,13.993,13.75,16.24,101.1626,100.9826
2026-06-01,2027-01-01,14.0521,1019.143414,148,141.98,0.494,14.176,-12.39,-12.5,99.1185,99.126
2026-06-01,2029-01-01,14.0279,961.390777,647,560.51,1.9506,13.981,4.69,3.77,100.2694,100.3355
2026-06-01,2031-01-01,14.112,913.824336,1148,895.58,3.1144,13.96,15.2,14.23,101.0188,101.0888
2026-06-01,2033-01-01,14.1806,875.278143,1652,1157.46,4.0227,14.026,15.46,16.19,101.155,101.1022
2026-06-01,2035-01-01,14.1529,849.201983,2151,1356.71,4.7163,14.021,13.19,13.65,100.974,100.9407
2026-06-01,2037-01-01,14.1651,827.482977,2653,1506.0,5.2347,14.029,13.61,14.46,101.0313,100.9701
2026-06-02,2027-01-01,14.0452,1019.709821,147,140.98,0.4906,14.17,-12.48,-12.58,99.112,99.1193
2026-06-02,2029-01-01,14.0976,960.587656,646,559.43,1.9457,14.054,4.36,3.94,100.2801,100.3102
2026-06-02,2031-01-01,14.2134,911.425674,1147,894.07,3.1064,14.063,15.04,14.78,101.0505,101.0695
2026-06-02,2033-01-01,14.2864,872.026654,1651,1155.17,4.011,14.132,15.44,16.8,101.1903,101.0926
2026-06-02,2035-01-01,14.2589,845.419839,2150,1353.39,4.7004,14.127,13.19,14.21,101.0066,100.9337
2026-06-02,2037-01-01,14.2698,823.403235,2652,1501.5,5.2143,14.132,13.78,15.01,101.0631,100.9751
2026-06-03,2027-01-01,14.1719,1019.612693,146,139.98,0.4865,14.296,-12.41,-12.44,99.1299,99.1319
2026-06-03,2029-01-01,14.4598,954.366463,645,558.01,1.9346,14.427,3.28,3.79,100.2631,100.2274
2026-06-03,2031-01-01,14.5564,902.276321,1146,891.32,3.0876,14.409,14.74,14.6,101.0134,101.023
2026-06-03,2033-01-01,14.6038,861.494854,1650,1150.28,3.9829,14.452,15.18,16.09,101.114,101.0504
2026-06-03,2035-01-01,14.578,833.33372,2149,1345.38,4.6595,14.448,13.0,13.69,100.9482,100.8998
2026-06-03,2037-01-01,14.6071,809.560192,2651,1489.24,5.1565,14.468,13.91,15.48,101.0712,100.9614
2026-06-05,2027-01-01,14.2673,1019.679271,145,138.98,0.4826,14.392,-12.47,-12.45,99.1349,99.1335
2026-06-05,2029-01-01,14.7583,949.398409,644,556.67,1.9249,14.74,1.83,3.1,100.2103,100.1242
2026-06-05,2031-01-01,14.7964,896.117074,1145,889.1,3.0734,14.65,14.64,13.97,100.9534,100.9993
2026-06-05,2033-01-01,14.806,855.066497,1649,1146.8,3.9639,14.658,14.8,14.46,100.9863,101.0097
2026-06-05,2035-01-01,14.7819,825.925604,2148,1339.9,4.6323,14.652,12.99,12.53,100.8548,100.8866
2026-06-05,2037-01-01,14.8045,801.825769,2650,1481.66,5.1214,14.667,13.75,14.05,100.958,100.9375
2026-06-08,2027-01-01,14.347,1019.82967,144,137.98,0.4788,14.472,-12.5,-12.43,99.1408,99.1363
2026-06-08,2029-01-01,14.9442,946.533533,643,555.45,1.9176,14.927,1.72,2.92,100.1959,100.1152
2026-06-08,2031-01-01,14.9148,893.357566,1144,887.5,3.0647,14.774,14.08,12.57,100.8498,100.953
2026-06-08,2033-01-01,14.8806,853.013008,1648,1144.89,3.9547,14.738,14.26,12.25,100.8301,100.9676
2026-06-08,2035-01-01,14.8362,824.304516,2147,1337.71,4.6226,14.707,12.92,10.23,100.6941,100.8785
2026-06-08,2037-01-01,14.8278,801.309407,2649,1479.89,5.1142,14.697,13.08,10.25,100.6964,100.89
2026-06-09,2027-01-01,14.3849,1020.188594,143,136.98,0.4752,14.51,-12.51,-12.43,99.1434,99.1378
2026-06-09,2029-01-01,14.984,946.335746,642,554.4,1.9133,14.967,1.7,2.68,100.1795,100.1136
2026-06-09,2031-01-01,14.9515,892.847143,1143,886.31,3.0596,14.809,14.25,12.42,100.8376,100.9623
2026-06-09,2033-01-01,14.907,852.593108,1647,1143.56,3.9492,14.762,14.5,11.89,100.8039,100.9823
2026-06-09,2035-01-01,14.85,824.231675,2146,1336.41,4.6175,14.72,13.0,9.34,100.6326,100.8832
2026-06-09,2037-01-01,14.8348,801.462431,2648,1478.65,5.1097,14.704,13.08,9.13,100.6195,100.8896
2026-06-10,2027-01-01,14.355,1020.876836,142,135.98,0.4719,14.48,-12.5,-12.43,99.1412,99.1367
2026-06-10,2029-01-01,14.9822,946.892769,641,553.41,1.9099,14.967,1.52,2.7,100.1807,100.1016
2026-06-10,2031-01-01,14.9834,892.470652,1142,885.15,3.0548,14.841,14.24,13.05,100.8785,100.9595
2026-06-10,2033-01-01,14.9326,852.202311,1646,1142.25,3.9438,14.788,14.46,12.24,100.8267,100.9778
2026-06-10,2035-01-01,14.8618,824.235841,2145,1335.15,4.6127,14.728,13.38,9.49,100.6425,100.9085
2026-06-10,2037-01-01,14.8281,802.176899,2647,1477.88,5.1073,14.693,13.51,8.56,100.5804,100.9195
2026-06-11,2027-01-01,14.206,1022.13395,141,134.98,0.469,14.331,-12.5,-12.49,99.1288,99.1278
2026-06-11,2029-01-01,14.5744,954.828311,640,552.88,1.9149,14.559,1.54,1.83,100.1255,100.1058
2026-06-11,2031-01-01,14.607,903.30857,1141,886.07,3.068,14.462,14.5,13.11,100.9055,101.0026
2026-06-11,2033-01-01,14.5817,864.585546,1645,1145.55,3.9673,14.434,14.77,13.03,100.9016,101.0233
2026-06-11,2035-01-01,14.513,838.114064,2144,1341.81,4.6498,14.379,13.4,10.11,100.7015,100.9319
2026-06-11,2037-01-01,14.4917,816.590332,2646,1488.09,5.1577,14.356,13.57,9.69,100.6733,100.9452
2026-06-12,2027-01-01,14.226,1022.577672,140,133.98,0.4655,14.351,-12.5,-12.47,99.1309,99.129
2026-06-12,2029-01-01,14.464,957.363271,639,552.01,1.9137,14.449,1.5,1.11,100.0765,100.1038
2026-06-12,2031-01-01,14.4765,907.422564,1140,885.73,3.0703,14.329,14.75,12.71,100.8859,101.0294
2026-06-12,2033-01-01,14.4551,869.410023,1644,1146.1,3.9736,14.307,14.81,12.61,100.8802,101.0352
2026-06-12,2035-01-01,14.4029,842.871631,2143,1343.22,4.6592,14.268,13.49,10.31,100.7208,100.9455
2026-06-12,2037-01-01,14.398,820.990157,2645,1490.21,5.1693,14.265,13.3,10.33,100.7229,100.9324
2026-06-15,2027-01-01,14.124,1023.599986,139,132.98,0.4624,14.251,-12.7,-12.7,99.1087,99.1088
2026-06-15,2029-01-01,14.343,960.094668,638,551.15,1.9127,14.329,1.4,1.21,100.0845,100.0977
2026-06-15,2031-01-01,14.4016,909.998604,1139,885.11,3.0702,14.251,15.06,13.72,100.962,101.0568
2026-06-15,2033-01-01,14.388,872.197885,1643,1145.92,3.9753,14.24,14.8,13.43,100.9422,101.0393
2026-06-15,2035-01-01,14.3414,845.741795,2142,1343.57,4.6629,14.205,13.64,11.35,100.7976,100.9602
2026-06-15,2037-01-01,14.3329,824.198383,2644,1491.39,5.1763,14.198,13.49,11.23,100.7901,100.9501
2026-06-16,2027-01-01,14.1307,1024.105279,138,131.98,0.4589,14.257,-12.63,-12.62,99.1148,99.1141
2026-06-16,2029-01-01,14.4175,959.240601,637,550.06,1.9077,14.403,1.45,1.42,100.0984,100.1007
2026-06-16,2031-01-01,14.4477,909.198722,1138,883.88,3.0647,14.296,15.17,13.53,100.9454,101.0611
2026-06-16,2033-01-01,14.406,872.039703,1642,1144.7,3.9705,14.258,14.8,12.61,100.8833,101.038
2026-06-16,2035-01-01,14.3328,846.530881,2141,1342.76,4.6605,14.196,13.68,9.8,100.6888,100.9637
2026-06-16,2037-01-01,14.305,825.828088,2643,1491.32,5.1773,14.17,13.5,8.97,100.6311,100.9527
2026-06-17,2027-01-01,14.1768,1024.42751,137,130.98,0.4552,14.303,-12.62,-12.6,99.1194,99.1177
2026-06-17,2029-01-01,14.6082,956.278039,636,548.84,1.9003,14.594,1.42,2.03,100.1389,100.0973
2026-06-17,2031-01-01,14.6381,904.406288,1137,881.91,3.0528,14.486,15.21,13.93,100.961,101.05
2026-06-17,2033-01-01,14.5705,866.839376,1641,1141.69,3.9543,14.423,14.75,12.25,100.8478,101.0227
2026-06-17,2035-01-01,14.4874,840.916586,2140,1338.37,4.6389,14.349,13.84,9.3,100.646,100.9645
2026-06-17,2037-01-01,14.4398,820.53574,2642,1485.82,5.1521,14.305,13.48,7.65,100.5326,100.9423
2026-06-18,2027-01-01,14.1193,1025.232952,136,129.98,0.452,,,,,
2026-06-18,2029-01-01,14.852,952.386851,635,547.56,1.8919,,,,,
2026-06-18,2031-01-01,14.911,897.412554,1136,879.52,3.0373,,,,,
2026-06-18,2033-01-01,14.8306,858.462676,1640,1137.5,3.9309,,,,,
2026-06-18,2035-01-01,14.7383,831.66992,2139,1331.86,4.6063,,,,,
2026-06-18,2037-01-01,14.68,810.921991,2641,1476.81,5.1102,,,,,
2026-06-19,2027-01-01,14.1306,1025.718438,135,128.98,0.4485,14.256,-12.54,-12.51,99.1225,99.1204
2026-06-19,2029-01-01,14.9489,951.169137,634,546.44,1.8864,14.939,0.99,2.93,100.1966,100.0663
2026-06-19,2031-01-01,15.0442,894.289983,1135,877.84,3.028,14.897,14.72,15.15,101.0171,100.9881
2026-06-19,2033-01-01,14.9636,854.464726,1639,1134.87,3.9173,14.824,13.96,12.53,100.8446,100.9417
2026-06-19,2035-01-01,14.8673,827.205564,2138,1328.03,4.5879,14.729,13.83,9.55,100.6465,100.939
2026-06-19,2037-01-01,14.7967,806.550694,2640,1471.92,5.0881,14.662,13.47,6.9,100.4685,100.9187
2026-06-22,2027-01-01,14.0915,1026.43517,134,127.98,0.4451,14.217,-12.55,-12.53,99.1184,99.1173
2026-06-22,2029-01-01,14.7802,954.725853,633,545.64,1.8864,14.772,0.82,2.18,100.1479,100.0555
2026-06-22,2031-01-01,14.859,899.820357,1134,877.78,3.0326,14.714,14.5,14.36,100.9761,100.9855
2026-06-22,2033-01-01,14.7664,861.574485,1638,1136.29,3.9289,14.629,13.74,11.64,100.7944,100.9392
2026-06-22,2035-01-01,14.6579,835.665491,2137,1331.62,4.6087,14.52,13.79,8.46,100.5809,100.9497
2026-06-22,2037-01-01,14.596,815.296085,2639,1477.61,5.1167,14.461,13.5,6.31,100.4341,100.9335
2026-06-23,2027-01-01,14.0605,1027.112915,133,126.98,0.4418,14.186,-12.55,-12.54,99.1159,99.1153
2026-06-23,2029-01-01,14.658,957.450252,632,544.78,1.8855,14.658,0.0,1.32,100.0902,100.0
2026-06-23,2031-01-01,14.754,903.185499,1133,877.32,3.0338,14.614,14.0,14.06,100.9621,100.958
2026-06-23,2033-01-01,14.6785,865.027669,1637,1136.37,3.9322,14.541,13.75,11.98,100.823,100.9456
2026-06-23,2035-01-01,14.5806,839.103872,2136,1332.32,4.6142,14.443,13.76,9.13,100.63,100.9527
2026-06-23,2037-01-01,14.509,819.378854,2638,1479.51,5.1272,14.374,13.5,6.58,100.4554,100.9392
2026-06-24,2027-01-01,14.0025,1027.910616,132,125.99,0.4385,14.128,-12.55,-12.55,99.1114,99.1117
2026-06-24,2029-01-01,14.3602,963.362948,631,544.13,1.8881,14.378,-1.78,-1.1,99.9233,99.8762
2026-06-24,2031-01-01,14.4995,910.688218,1132,877.61,3.0416,14.362,13.75,13.76,100.9582,100.9574
2026-06-24,2033-01-01,14.4405,873.647642,1636,1138.28,3.947,14.303,13.75,12.34,100.8616,100.9613
2026-06-24,2035-01-01,14.3485,848.616631,2135,1336.42,4.6378,14.21,13.85,9.67,100.6783,100.9747
2026-06-24,2037-01-01,14.2868,829.239248,2637,1485.93,5.1594,14.15,13.68,7.53,100.5298,100.9668
2026-06-25,2027-01-01,13.9654,1028.611348,131,124.99,0.4352,14.091,-12.56,-12.57,99.108,99.1087
2026-06-25,2029-01-01,14.3241,964.532176,630,543.17,1.8854,14.339,-1.49,-0.59,99.9589,99.8961
2026-06-25,2031-01-01,14.5318,910.284165,1131,876.45,3.0367,14.396,13.58,14.73,101.0238,100.9433
2026-06-25,2033-01-01,14.5185,871.432808,1635,1136.33,3.9376,14.381,13.75,14.29,100.9941,100.9561
2026-06-25,2035-01-01,14.4485,845.147446,2134,1333.22,4.6227,14.311,13.75,12.04,100.8402,100.9608
2026-06-25,2037-01-01,14.4255,823.779431,2636,1480.3,5.1336,14.288,13.75,11.4,100.7966,100.9623
2026-06-26,2027-01-01,13.9322,1029.292618,130,123.99,0.4318,14.059,-12.68,-12.69,99.0973,99.0981
2026-06-26,2029-01-01,14.2158,967.014714,629,542.3,1.8841,14.235,-1.92,-1.26,99.9116,99.8651
2026-06-26,2031-01-01,14.4747,912.353871,1130,875.74,3.0357,14.339,13.57,15.17,101.0591,100.9464
2026-06-26,2033-01-01,14.5038,872.40618,1634,1135.51,3.9352,14.366,13.78,15.6,101.0874,100.9592
2026-06-26,2035-01-01,14.474,844.605051,2133,1331.66,4.6162,14.334,14.0,14.64,101.022,100.9767
2026-06-26,2037-01-01,14.4485,823.248448,2635,1478.53,5.1265,14.313,13.55,13.43,100.9381,100.9467
2026-06-29,2027-01-01,13.9125,1029.912426,129,122.99,0.4284,14.039,-12.65,-12.66,99.0983,99.0989
2026-06-29,2029-01-01,14.178,968.213094,628,541.34,1.8814,14.198,-2.0,-1.28,99.9101,99.8591
2026-06-29,2031-01-01,14.4264,914.181819,1129,874.99,3.0344,14.281,14.54,15.94,101.1174,101.0181
2026-06-29,2033-01-01,14.451,874.690061,1633,1135.15,3.9358,14.311,14.0,15.85,101.1089,100.9783
2026-06-29,2035-01-01,14.4166,847.300305,2132,1331.92,4.6194,14.276,14.06,14.7,101.0301,100.9849
2026-06-29,2037-01-01,14.4042,825.562225,2634,1479.01,5.1301,14.263,14.12,14.28,101.0015,100.99
2026-06-30,2027-01-01,13.8474,1030.730123,128,121.99,0.4252,13.986,-13.86,-13.87,99.0086,99.009
2026-06-30,2029-01-01,14.0551,970.962541,627,540.48,1.8805,14.071,-1.59,-0.96,99.9315,99.887
2026-06-30,2031-01-01,14.2984,918.229599,1128,874.64,3.0366,14.157,14.14,15.52,101.097,100.9988
2026-06-30,2033-01-01,14.3342,879.19213,1632,1135.58,3.9413,14.194,14.02,15.92,101.123,100.9877
2026-06-30,2035-01-01,14.3112,851.893336,2131,1333.24,4.6283,14.171,14.02,14.98,101.0579,100.9893
2026-06-30,2037-01-01,14.3019,830.353585,2633,1481.42,5.1431,14.163,13.89,14.58,101.0298,100.9807
2026-07-01,2027-01-01,13.883,982.297074,127,127.0,0.4425,14.026,-14.3,-14.3,98.9805,98.9805
2026-07-01,2029-01-01,14.2433,919.238399,626,567.9,1.9726,14.26,-1.67,-0.46,99.9677,99.8829
2026-07-01,2031-01-01,14.4906,864.575061,1127,921.92,3.1954,14.349,14.16,15.94,101.1124,100.9868
2026-07-01,2033-01-01,14.5176,824.532005,1631,1199.37,4.156,14.378,13.96,16.02,101.1158,100.9709
2026-07-01,2035-01-01,14.5,796.144364,2130,1409.51,4.885,14.36,14.0,15.24,101.0621,100.9749
2026-07-01,2037-01-01,14.4663,775.012941,2632,1567.82,5.4352,14.328,13.83,13.73,100.9582,100.9652
2026-07-02,2027-01-01,13.897,982.743547,126,126.0,0.439,14.044,-14.7,-14.7,98.9533,98.9533
2026-07-02,2029-01-01,14.3705,917.424941,625,566.81,1.9666,14.398,-2.75,-1.22,99.9149,99.809
2026-07-02,2031-01-01,14.6537,860.552425,1126,920.3,3.1852,14.51,14.37,16.58,101.1444,100.9904
2026-07-02,2033-01-01,14.6647,819.958061,1630,1196.87,4.1421,14.525,13.97,16.03,101.1051,100.9618
2026-07-02,2035-01-01,14.625,791.733238,2129,1406.1,4.8678,14.485,14.0,14.54,101.0043,100.9665
2026-07-02,2037-01-01,14.5896,770.261538,2631,1563.07,5.4129,14.458,13.16,12.65,100.8747,100.9102
2026-07-03,2027-01-01,13.8529,983.440031,125,125.0,0.4357,13.999,-14.61,-14.61,98.9564,98.9564
2026-07-03,2029-01-01,14.2357,920.347873,624,565.9,1.9658,14.26,-2.43,-1.02,99.9282,99.8296
2026-07-03,2031-01-01,14.5496,863.878069,1125,919.7,3.186,14.406,14.36,16.97,101.1801,100.9968
2026-07-03,2033-01-01,14.576,823.422932,1629,1196.77,4.1449,14.436,14.0,16.73,101.1613,100.9698
2026-07-03,2035-01-01,14.546,795.214928,2128,1406.62,4.873,14.406,14.0,15.48,101.0757,100.9718
2026-07-03,2037-01-01,14.5112,773.956957,2630,1564.46,5.4214,14.382,12.92,13.42,100.9336,100.8983
2026-07-06,2027-01-01,13.8345,984.024721,124,124.0,0.4323,13.992,-15.75,-15.75,98.8744,98.8744
2026-07-06,2029-01-01,14.1473,922.433535,623,564.96,1.964,14.188,-4.07,-2.87,99.7974,99.7131
2026-07-06,2031-01-01,14.4618,866.763847,1124,919.03,3.1862,14.321,14.08,16.38,101.1457,100.9832
2026-07-06,2033-01-01,14.4922,826.733978,1628,1196.63,4.1475,14.354,13.82,16.36,101.1419,100.9628
2026-07-06,2035-01-01,14.4552,799.17297,2127,1407.38,4.8795,14.321,13.42,14.62,101.0218,100.9371
2026-07-06,2037-01-01,14.4194,778.239342,2629,1566.25,5.432,14.296,12.34,12.51,100.8755,100.8632
2026-07-07,2027-01-01,13.8809,984.33501,123,123.0,0.4286,14.041,-16.01,-16.01,98.8598,98.8598
2026-07-07,2029-01-01,14.2402,921.239342,622,563.9,1.9588,14.285,-4.48,-3.28,99.7699,99.6864
2026-07-07,2031-01-01,14.5225,865.555419,1123,917.8,3.1802,14.385,13.75,15.64,101.0885,100.9559
2026-07-07,2033-01-01,14.5505,825.18309,1627,1195.03,4.1398,14.413,13.75,15.84,101.1008,100.954
2026-07-07,2035-01-01,14.515,797.274684,2126,1405.22,4.8695,14.38,13.5,14.3,100.9947,100.9388
2026-07-07,2037-01-01,14.484,775.93208,2628,1563.28,5.4187,14.364,12.0,12.19,100.8487,100.8354
2026-07-08,2027-01-01,13.885,984.825702,122,122.0,0.4251,14.042,-15.7,-15.7,98.8819,98.8819
2026-07-08,2029-01-01,14.3154,920.372383,621,562.85,1.9538,14.358,-4.26,-2.62,99.817,99.7033
2026-07-08,2031-01-01,14.5886,864.205474,1122,916.55,3.1741,14.453,13.56,15.6,101.0811,100.9382
2026-07-08,2033-01-01,14.6027,823.848086,1626,1193.5,4.1326,14.467,13.57,15.47,101.071,100.938
2026-07-08,2035-01-01,14.563,795.843598,2125,1403.29,4.8608,14.428,13.5,13.9,100.9637,100.9357
2026-07-08,2037-01-01,14.5081,775.336505,2627,1561.55,5.4115,14.391,11.71,10.63,100.7378,100.8137
2026-07-09,2027-01-01,13.8406,985.518458,121,121.0,0.4218,13.999,-15.84,-15.84,98.8685,98.8685
2026-07-09,2029-01-01,14.1884,923.146354,620,561.93,1.9528,14.232,-4.36,-2.83,99.8011,99.6936
2026-07-09,2031-01-01,14.5311,866.251009,1121,915.77,3.1729,14.394,13.71,16.55,101.1518,100.9525
2026-07-09,2033-01-01,14.5851,824.893159,1625,1192.68,4.1304,14.449,13.61,17.06,101.1835,100.9419
2026-07-09,2035-01-01,14.567,796.118387,2124,1402.22,4.8569,14.431,13.6,16.05,101.1142,100.9424
2026-07-09,2037-01-01,14.5444,774.23281,2626,1559.45,5.4025,14.423,12.14,14.17,100.9842,100.8417
2026-07-10,2027-01-01,13.7564,986.373013,120,120.0,0.4186,13.906,-14.96,-14.96,98.9242,98.9242
2026-07-10,2029-01-01,13.9452,928.026994,619,561.09,1.9541,14.009,-6.38,-5.32,99.6202,99.5446
2026-07-10,2031-01-01,14.3461,871.820581,1120,915.47,3.177,14.209,13.71,16.79,101.1845,100.9649
2026-07-10,2033-01-01,14.4028,831.581625,1624,1193.54,4.14,14.267,13.58,17.29,101.2152,100.9518
2026-07-10,2035-01-01,14.3938,803.285372,2123,1404.57,4.8724,14.258,13.58,16.56,101.164,100.9524
2026-07-10,2037-01-01,14.3704,781.979826,2625,1563.74,5.4256,14.256,11.44,14.21,100.9987,100.8025
2026-07-13,2027-01-01,13.8006,986.696615,119,119.0,0.415,13.949,-14.84,-14.84,98.9361,98.9361
2026-07-13,2029-01-01,14.1013,925.6872,618,559.99,1.9476,14.195,-9.37,-7.87,99.4453,99.3399
2026-07-13,2031-01-01,14.499,868.066228,1119,913.89,3.1673,14.363,13.6,16.55,101.1549,100.9469
2026-07-13,2033-01-01,14.5382,827.384165,1623,1191.16,4.1268,14.402,13.62,16.78,101.1676,100.9457
2026-07-13,2035-01-01,14.5171,798.910289,2122,1401.18,4.8554,14.381,13.61,15.77,101.0983,100.9464
2026-07-13,2037-01-01,14.4868,777.48218,2624,1559.2,5.4044,14.374,11.28,13.09,100.9116,100.7848
2026-07-14,2027-01-01,13.7545,987.390241,118,118.0,0.4116,13.902,-14.75,-14.75,98.939,98.939
2026-07-14,2029-01-01,13.948,928.938368,617,559.09,1.947,14.041,-9.3,-8.06,99.4253,99.3377
2026-07-14,2031-01-01,14.3705,872.073952,1118,913.38,3.1691,14.235,13.55,16.66,101.1729,100.9519
2026-07-14,2033-01-01,14.4385,831.243121,1622,1191.17,4.1305,14.301,13.75,17.65,101.2376,100.9615
2026-07-14,2035-01-01,14.4231,802.997991,2121,1402.0,4.8622,14.287,13.61,16.62,101.1657,100.9526
2026-07-14,2037-01-01,14.3994,781.584926,2623,1560.86,5.4143,14.285,11.44,14.22,100.9973,100.8008
2026-07-15,2027-01-01,13.7416,987.947338,117,117.0,0.4082,13.891,-14.94,-14.94,98.9245,98.9245
2026-07-15,2029-01-01,13.936,929.636619,616,558.1,1.9438,14.029,-9.3,-7.99,99.4302,99.3371
2026-07-15,2031-01-01,14.3815,872.234981,1117,912.34,3.1652,14.246,13.55,17.02,101.1974,100.9511
2026-07-15,2033-01-01,14.4666,830.7244,1621,1189.89,4.125,14.33,13.66,18.28,101.2799,100.9532
2026-07-15,2035-01-01,14.4642,801.825376,2120,1400.2,4.8542,14.328,13.62,17.63,101.234,100.9506
2026-07-15,2037-01-01,14.4498,779.87414,2622,1558.32,5.4031,14.334,11.58,15.62,101.0926,100.8079
2026-07-16,2027-01-01,13.7259,988.515069,116,116.0,0.4048,13.874,-14.81,-14.81,98.9325,98.9325
2026-07-16,2029-01-01,14.0094,928.794807,615,557.05,1.9389,14.106,-9.66,-8.05,99.4286,99.3152
2026-07-16,2031-01-01,14.4591,870.562719,1116,911.04,3.1586,14.326,13.31,16.96,101.1871,100.9291
2026-07-16,2033-01-01,14.5463,828.445984,1620,1188.07,4.1159,14.412,13.43,18.24,101.2697,100.9319
2026-07-16,2035-01-01,14.5544,798.756367,2119,1397.46,4.8409,14.42,13.44,17.96,101.2494,100.932
2026-07-16,2037-01-01,14.552,776.004003,2621,1554.22,5.384,14.432,12.0,16.76,101.1654,100.8315
2026-07-17,2027-01-01,13.8133,988.67307,115,115.0,0.401,13.962,-14.87,-14.87,98.935,98.935
2026-07-17,2029-01-01,14.245,925.055408,614,555.9,1.9309,14.338,-9.3,-7.28,99.4917,99.3514
2026-07-17,2031-01-01,14.6576,865.598242,1115,909.29,3.147,14.527,13.06,16.67,101.1507,100.899
2026-07-17,2033-01-01,14.7287,822.708019,1619,1185.21,4.0994,14.597,13.17,17.63,101.2117,100.9022
2026-07-17,2035-01-01,14.7218,792.753696,2118,1393.22,4.8192,14.591,13.08,16.95,101.1647,100.8964
2026-07-17,2037-01-01,14.7204,769.435775,2620,1548.1,5.355,14.602,11.84,15.97,101.0968,100.8108
2026-07-20,2027-01-01,13.7779,989.32005,114,114.0,0.3976,13.925,-14.71,-14.71,98.9436,98.9436
2026-07-20,2029-01-01,14.2963,924.629948,613,554.86,1.9264,14.388,-9.17,-6.82,99.5249,99.3627
2026-07-20,2031-01-01,14.6957,865.031788,1114,908.14,3.142,14.565,13.07,16.64,101.1452,100.8974
2026-07-20,2033-01-01,14.754,822.304318,1618,1183.96,4.0942,14.624,13.0,17.17,101.1771,100.8889
2026-07-20,2035-01-01,14.7319,792.800205,2117,1392.03,4.8146,14.601,13.09,16.05,101.1014,100.8965
2026-07-20,2037-01-01,14.7338,769.303432,2619,1546.69,5.3495,14.616,11.78,15.18,101.0407,100.806
2026-07-21,2027-01-01,13.7743,989.840968,113,113.0,0.3941,13.929,-15.47,-15.47,98.8894,98.8894
2026-07-21,2029-01-01,14.3207,924.686454,612,553.85,1.9225,14.408,-8.73,-6.31,99.561,99.3941
2026-07-21,2031-01-01,14.723,864.761442,1113,907.04,3.1374,14.593,13.0,16.68,101.1462,100.8908
2026-07-21,2033-01-01,14.7876,821.623757,1617,1182.61,4.0883,14.658,12.96,17.32,101.1855,100.8842
2026-07-21,2035-01-01,14.7869,791.13774,2116,1389.97,4.8052,14.657,12.99,16.84,101.1517,100.8863
2026-07-21,2037-01-01,14.7858,767.587906,2618,1544.11,5.3381,14.669,11.68,15.88,101.0859,100.7962
2026-07-22,2027-01-01,13.8052,990.228466,112,112.0,0.3905,13.956,-15.08,-15.08,98.9195,98.9195
2026-07-22,2029-01-01,14.4117,923.564183,611,552.79,1.9173,14.499,-8.73,-6.13,99.5764,99.3979
2026-07-22,2031-01-01,14.8068,862.964767,1112,905.72,3.1306,14.677,12.98,16.67,101.1385,100.8844
2026-07-22,2033-01-01,14.8685,819.363233,1616,1180.79,4.0792,14.742,12.65,17.03,101.159,100.8581
2026-07-22,2035-01-01,14.8682,788.489519,2115,1387.39,4.7929,14.739,12.92,16.76,101.14,100.8766
2026-07-22,2037-01-01,14.8735,764.427763,2617,1540.45,5.3214,14.756,11.75,16.15,101.098,100.7963
2026-07-23,2027-01-01,13.8784,990.456187,111,111.0,0.3868,14.024,-14.56,-14.56,98.9618,98.9618
2026-07-23,2029-01-01,14.595,920.824737,610,551.67,1.9103,14.678,-8.3,-5.47,99.6263,99.4345
2026-07-23,2031-01-01,14.9433,859.763217,1111,904.2,3.1216,14.82,12.33,15.72,101.0631,100.832
2026-07-23,2033-01-01,14.9811,816.06402,1615,1178.64,4.0677,14.857,12.41,15.92,101.0743,100.8353
2026-07-23,2035-01-01,14.9685,785.146879,2114,1384.45,4.7786,14.841,12.75,15.36,101.0369,100.8591
2026-07-23,2037-01-01,14.9506,761.722357,2616,1537.11,5.3063,14.835,11.56,13.82,100.9331,100.7792
2026-07-24,2027-01-01,13.8158,991.204994,110,110.0,0.3835,13.962,-14.62,-14.62,98.9529,98.9529
2026-07-24,2029-01-01,14.3936,924.871323,609,550.8,1.9107,14.456,-6.24,-3.69,99.744,99.5683
2026-07-24,2031-01-01,14.7549,865.313159,1110,903.92,3.1258,14.632,12.29,15.95,101.0928,100.8399
2026-07-24,2033-01-01,14.8234,821.773605,1614,1179.25,4.0754,14.699,12.44,16.85,101.1496,100.8463
2026-07-24,2035-01-01,14.8307,790.776004,2113,1386.12,4.7901,14.703,12.77,16.81,101.1467,100.8685
2026-07-24,2037-01-01,14.8306,767.017278,2615,1539.75,5.321,14.716,11.46,15.86,101.0813,100.7787
2026-07-27,2027-01-01,13.7647,991.906796,109,109.0,0.3802,13.91,-14.53,-14.53,98.9554,98.9554
2026-07-27,2029-01-01,14.2948,927.111193,608,549.86,1.9091,14.346,-5.12,-2.58,99.8201,99.6431
2026-07-27,2031-01-01,14.7069,867.084814,1109,903.1,3.1243,14.585,12.19,16.68,101.1474,100.8358
2026-07-27,2033-01-01,14.8106,822.653196,1613,1178.38,4.0729,14.686,12.46,18.29,101.2502,100.8484
2026-07-27,2035-01-01,14.83,791.236585,2112,1385.13,4.7867,14.702,12.8,18.49,101.2623,100.8706
2026-07-27,2037-01-01,14.8325,767.360772,2614,1538.69,5.3172,14.718,11.45,17.48,101.1925,100.778
2026-07-28,2027-01-01,13.7284,992.55028,108,108.0,0.3768,13.873,-14.46,-14.46,98.9577,98.9577
2026-07-28,2029-01-01,14.1726,929.766793,607,548.94,1.9079,14.223,-5.04,-2.97,99.7908,99.6456
2026-07-28,2031-01-01,14.586,870.83914,1108,902.56,3.1257,14.467,11.9,16.22,101.1243,100.8226
2026-07-28,2033-01-01,14.7272,825.904507,1612,1178.23,4.0753,14.604,12.32,18.83,101.2951,100.8436
2026-07-28,2035-01-01,14.7715,793.890711,2111,1385.26,4.7896,14.64,13.15,20.09,101.3786,100.8982
2026-07-28,2037-01-01,14.7742,770.166243,2613,1539.46,5.3226,14.662,11.22,18.64,101.2778,100.7652
2026-07-29,2027-01-01,13.6972,993.172793,107,107.0,0.3735,13.842,-14.48,-14.48,98.9539,98.9539
2026-07-29,2029-01-01,14.1472,930.706101,606,547.96,1.9049,14.197,-4.98,-2.85,99.7989,99.6492
2026-07-29,2031-01-01,14.5638,871.914011,1107,901.65,3.1231,14.45,11.38,15.82,101.0982,100.7875
2026-07-29,2033-01-01,14.7148,826.772289,1611,1177.36,4.0728,14.592,12.28,19.02,101.3096,100.8416
2026-07-29,2035-01-01,14.76,794.762241,2110,1384.49,4.7874,14.63,13.0,20.18,101.3862,100.8886
2026-07-29,2037-01-01,14.7835,770.206444,2612,1538.18,5.3177,14.671,11.25,19.68,101.3495,100.7668
2026-07-30,2027-01-01,13.6799,993.742449,106,106.0,0.37,13.821,-14.11,-14.11,98.9791,98.9791
2026-07-30,2029-01-01,14.073,932.510147,605,547.01,1.9029,14.123,-5.0,-3.09,99.7807,99.646
2026-07-30,2031-01-01,14.515,873.714103,1106,900.83,3.1216,14.41,10.5,15.28,101.0641,100.7287
2026-07-30,2033-01-01,14.7171,827.145384,1610,1176.33,4.0691,14.599,11.81,19.93,101.3732,100.809
2026-07-30,2035-01-01,14.7989,793.718767,2109,1382.73,4.7797,14.675,12.39,22.04,101.512,100.8443
2026-07-30,2037-01-01,14.8334,768.588548,2611,1535.66,5.3067,14.724,10.94,21.99,101.5051,100.743
2026-07-31,2027-01-01,13.6634,994.308324,105,105.0,0.3666,,,,,
2026-07-31,2029-01-01,14.0492,933.419418,604,546.02,1.8998,,,,,
2026-07-31,2031-01-01,14.4864,874.964232,1105,899.94,3.1193,,,,,
2026-07-31,2033-01-01,14.6918,828.448069,1609,1175.59,4.0675,,,,,
2026-07-31,2035-01-01,14.7697,795.262294,2108,1382.3,4.7794,,,,,
2026-07-31,2037-01-01,14.8042,770.202786,2610,1535.55,5.3077,,,,,
2026-08-03,2027-01-01,13.6606,994.823893,104,104.0,0.3631,13.799,-13.84,-13.84,98.997,98.997
2026-08-03,2029-01-01,13.9264,936.085172,603,545.1,1.8987,13.974,-4.76,-3.4,99.7565,99.6594
2026-08-03,2031-01-01,14.2989,880.569782,1104,899.65,3.1234,14.195,10.39,14.01,100.9893,100.7319
2026-08-03,2033-01-01,14.477,836.180019,1608,1176.78,4.0792,14.362,11.5,18.12,101.2674,100.8007
2026-08-03,2035-01-01,14.546,804.265645,2107,1385.62,4.8003,14.424,12.2,20.03,101.3966,100.8458
2026-08-03,2037-01-01,14.5631,780.577647,2609,1541.88,5.3408,14.454,10.91,19.45,101.3537,100.7548
2026-08-04,2027-01-01,13.6523,995.359222,103,103.0,0.3596,13.79,-13.77,-13.77,99.0015,99.0015
2026-08-04,2029-01-01,13.9872,935.491371,602,544.06,1.8941,14.034,-4.68,-3.11,99.7782,99.6665
2026-08-04,2031-01-01,14.3429,879.828614,1103,898.49,3.1182,14.239,10.39,13.88,100.9768,100.7297
2026-08-04,2033-01-01,14.4816,836.471935,1607,1175.73,4.0754,14.368,11.36,16.98,101.1868,100.7906
2026-08-04,2035-01-01,14.5305,805.297817,2106,1384.92,4.7985,14.409,12.15,18.38,101.2811,100.8432
2026-08-04,2037-01-01,14.5257,782.560273,2608,1542.02,5.343,14.417,10.87,16.95,101.1806,100.754
2026-08-05,2027-01-01,13.6252,995.960957,102,102.0,0.3562,13.759,-13.38,-13.38,99.0275,99.0275
2026-08-05,2029-01-01,13.9635,936.397017,601,543.08,1.891,14.009,-4.55,-2.85,99.7964,99.6752
2026-08-05,2031-01-01,14.298,881.529013,1102,897.66,3.1165,14.193,10.5,13.75,100.9707,100.7398
2026-08-05,2033-01-01,14.4072,839.461951,1606,1175.49,4.0772,14.292,11.52,16.28,101.1433,100.806
2026-08-05,2035-01-01,14.4392,809.270266,2105,1385.69,4.805,14.317,12.22,17.22,101.207,100.8535
2026-08-05,2037-01-01,14.4388,786.627607,2607,1543.66,5.3528,14.326,11.28,16.37,101.1469,100.7874
2026-08-06,2027-01-01,13.6359,996.428316,101,101.0,0.3527,13.765,-12.91,-12.91,99.0621,99.0621
2026-08-06,2029-01-01,14.0599,935.18046,600,542.02,1.8857,14.108,-4.81,-2.74,99.8053,99.6591
2026-08-06,2031-01-01,14.4245,878.53298,1101,896.18,3.1079,14.322,10.25,14.09,100.9868,100.7157
2026-08-06,2033-01-01,14.5485,835.095507,1605,1173.05,4.0638,14.431,11.75,17.23,101.1983,100.8142
2026-08-06,2035-01-01,14.5737,804.499211,2104,1382.09,4.7869,14.45,12.37,17.8,101.2363,100.8561
2026-08-06,2037-01-01,14.5728,781.437961,2606,1538.58,5.3289,14.458,11.48,16.92,101.1748,100.794
2026-08-07,2027-01-01,13.6235,996.977064,100,100.0,0.3492,13.745,-12.15,-12.15,99.116,99.116
2026-08-07,2029-01-01,13.9788,937.098759,599,541.07,1.8838,14.029,-5.02,-3.08,99.7801,99.6422
2026-08-07,2031-01-01,14.375,880.35511,1100,895.36,3.1065,14.28,9.5,13.75,100.9654,100.6653
2026-08-07,2033-01-01,14.5152,836.67656,1604,1172.39,4.0626,14.402,11.32,17.41,101.2143,100.786
2026-08-07,2035-01-01,14.5505,805.82766,2103,1381.54,4.7859,14.427,12.35,18.53,101.2898,100.856
2026-08-07,2037-01-01,14.5426,783.118937,2605,1538.5,5.33,14.43,11.26,17.18,101.1956,100.7803
2026-08-10,2027-01-01,13.6131,997.518356,99,99.0,0.3458,13.748,-13.49,-13.49,99.0188,99.0188
2026-08-10,2029-01-01,14.041,936.489877,598,540.03,1.8791,14.091,-5.0,-2.87,99.7959,99.6452
2026-08-10,2031-01-01,14.4501,878.775206,1099,894.08,3.1,14.357,9.31,13.87,100.9695,100.6485
2026-08-10,2033-01-01,14.5925,834.505873,1603,1170.6,4.0537,14.48,11.25,17.62,101.2224,100.7769
2026-08-10,2035-01-01,14.6307,803.178466,2102,1378.99,4.7737,14.506,12.47,18.92,101.3099,100.8596
2026-08-10,2037-01-01,14.625,780.11351,2604,1535.0,5.3141,14.512,11.3,17.6,101.2184,100.7787
2026-08-11,2027-01-01,13.6152,998.016516,98,98.0,0.3423,13.762,-14.68,-14.68,98.9333,98.9333
2026-08-11,2029-01-01,14.142,935.205832,597,538.96,1.8738,14.197,-5.5,-3.14,99.7785,99.6126
2026-08-11,2031-01-01,14.525,877.210124,1098,892.79,3.0935,14.432,9.3,13.59,100.9443,100.6444
2026-08-11,2033-01-01,14.6421,833.282107,1602,1169.1,4.0467,14.53,11.21,16.77,101.1588,100.7715
2026-08-11,2035-01-01,14.659,802.529996,2101,1377.44,4.7672,14.534,12.5,17.55,101.2115,100.8601
2026-08-11,2037-01-01,14.6307,780.299956,2603,1533.82,5.3097,14.519,11.17,15.33,101.0588,100.7693
2026-08-12,2027-01-01,13.5372,998.78617,97,97.0,0.339,13.751,-21.38,-21.38,98.4452,98.4452
2026-08-12,2029-01-01,14.1642,935.308465,596,537.95,1.8699,14.222,-5.78,-3.25,99.7708,99.5936
2026-08-12,2031-01-01,14.5499,877.007417,1097,891.7,3.089,14.455,9.49,13.84,100.9605,100.6565
2026-08-12,2033-01-01,14.6665,832.91212,1601,1167.85,4.0416,14.554,11.25,16.86,101.1632,100.773
2026-08-12,2035-01-01,14.678,802.239462,2100,1376.07,4.7617,14.554,12.4,17.38,101.1981,100.852
2026-08-12,2037-01-01,14.652,779.841237,2602,1532.18,5.3031,14.54,11.2,15.34,101.0583,100.7703
2026-08-13,2027-01-01,13.5264,999.32571,96,96.0,0.3356,13.748,-22.16,-22.16,98.3881,98.3881
2026-08-13,2029-01-01,14.1922,935.31141,595,536.93,1.8659,14.252,-5.98,-3.3,99.7679,99.5804
2026-08-13,2031-01-01,14.6065,875.949733,1096,890.48,3.0833,14.514,9.25,14.06,100.9721,100.6373
2026-08-13,2033-01-01,14.7355,831.047215,1600,1166.15,4.0332,14.623,11.25,17.48,101.2004,100.7693
2026-08-13,2035-01-01,14.7518,799.864239,2099,1373.64,4.7502,14.628,12.38,18.04,101.2378,100.8463
2026-08-13,2037-01-01,14.7273,777.160301,2601,1528.89,5.2882,14.616,11.13,15.97,101.0963,100.7615
2026-08-14,2027-01-01,13.5258,999.830923,95,95.0,0.3321,13.778,-25.22,-25.22,98.1695,98.1695
2026-08-14,2029-01-01,14.2898,934.105476,594,535.87,1.8606,14.388,-9.82,-6.77,99.5285,99.3175
2026-08-14,2031-01-01,14.7433,872.742227,1095,888.96,3.0744,14.654,8.93,14.01,100.9591,100.6094
2026-08-14,2033-01-01,14.8634,827.230807,1599,1163.84,4.0208,14.754,10.94,17.16,101.1684,100.7415
2026-08-14,2035-01-01,14.8704,795.814398,2098,1370.35,4.7339,14.749,12.14,17.47,101.1887,100.8231
2026-08-14,2037-01-01,14.8403,772.961862,2600,1524.45,5.2677,14.733,10.73,15.12,101.0292,100.7283
2026-08-17,2027-01-01,13.5186,1000.358043,94,94.0,0.3286,13.77,-25.14,-25.14,98.1743,98.1743
2026-08-17,2029-01-01,14.2506,935.281467,593,534.89,1.8578,14.35,-9.94,-6.98,99.5129,99.3073
2026-08-17,2031-01-01,14.7125,874.045131,1094,888.08,3.0721,14.622,9.05,14.23,100.9764,100.6189
2026-08-17,2033-01-01,14.8471,828.228066,1598,1163.01,4.0185,14.74,10.71,17.44,101.1883,100.7266
2026-08-17,2035-01-01,14.8693,796.293759,2097,1369.37,4.7306,14.748,12.13,18.31,101.247,100.8225
2026-08-17,2037-01-01,14.846,773.1544,2599,1523.28,5.2634,14.74,10.6,16.11,101.0973,100.7191
2026-08-18,2027-01-01,13.5004,1000.920736,93,93.0,0.3252,13.751,-25.06,-25.06,98.1776,98.1776
2026-08-18,2029-01-01,14.235,936.046812,592,533.9,1.8546,14.335,-10.0,-6.94,99.5145,99.3024
2026-08-18,2031-01-01,14.7338,873.949987,1093,887.0,3.0678,14.642,9.18,14.83,101.017,100.627
2026-08-18,2033-01-01,14.8793,827.612804,1597,1161.68,4.0128,14.773,10.63,17.98,101.2232,100.7196
2026-08-18,2035-01-01,14.899,795.6145,2096,1367.8,4.7239,14.779,12.0,18.64,101.2672,100.812
2026-08-18,2037-01-01,14.8735,772.46149,2598,1521.45,5.2558,14.775,9.85,15.94,101.0834,100.6667
2026-08-19,2027-01-01,13.4803,1001.488602,92,92.0,0.3217,13.728,-24.77,-24.77,98.1957,98.1957
2026-08-19,2029-01-01,14.1021,938.849752,591,532.99,1.8536,14.22,-11.79,-9.13,99.3568,99.1709
2026-08-19,2031-01-01,14.6207,877.464872,1092,886.43,3.0689,14.528,9.27,14.69,101.0147,100.6381
2026-08-19,2033-01-01,14.7595,832.05958,1596,1161.9,4.0177,14.657,10.25,17.38,101.1918,100.6993
2026-08-19,2035-01-01,14.7855,800.335176,2095,1368.99,4.7327,14.668,11.75,18.36,101.2574,100.8011
2026-08-19,2037-01-01,14.7627,777.404818,2597,1523.81,5.269,14.665,9.77,15.87,101.0865,100.6662
2026-08-20,2027-01-01,13.48,1001.992253,91,91.0,0.3182,13.727,-24.7,-24.7,98.2006,98.2006
2026-08-20,2029-01-01,14.1504,938.502532,590,531.96,1.8493,14.273,-12.26,-9.46,99.3359,99.141
2026-08-20,2031-01-01,14.6815,876.306034,1091,885.2,3.063,14.589,9.25,14.83,101.0207,100.634
2026-08-20,2033-01-01,14.8035,831.045674,1595,1160.45,4.0112,14.705,9.85,16.84,101.1504,100.6698
2026-08-20,2035-01-01,14.8227,799.366279,2094,1367.27,4.7253,14.706,11.67,17.88,101.2207,100.7936
2026-08-20,2037-01-01,14.7861,776.872234,2596,1522.1,5.262,14.692,9.41,14.7,101.0044,100.6405
2026-08-21,2027-01-01,13.4622,1002.551356,90,90.0,0.3148,13.706,-24.38,-24.38,98.2212,98.2212
2026-08-21,2029-01-01,14.0221,941.223292,589,531.04,1.8482,14.145,-12.29,-9.91,99.2983,99.1311
2026-08-21,2031-01-01,14.4928,881.8654,1090,884.92,3.0671,14.399,9.38,13.86,100.9653,100.6514
2026-08-21,2033-01-01,14.6109,837.95506,1594,1161.42,4.0213,14.513,9.79,15.84,101.0958,100.6746
2026-08-21,2035-01-01,14.6352,806.932609,2093,1369.9,4.7421,14.519,11.62,17.13,101.1846,100.8003
2026-08-21,2037-01-01,14.5959,785.13231,2595,1526.88,5.2873,14.511,8.49,13.38,100.9253,100.5851
2026-08-24,2027-01-01,13.471,1003.026475,89,89.0,0.3112,13.703,-23.2,-23.2,98.3069,98.3069
2026-08-24,2029-01-01,14.0495,941.237741,588,530.02,1.8442,14.174,-12.45,-10.01,99.2925,99.1216
2026-08-24,2031-01-01,14.5153,881.731244,1089,883.83,3.0627,14.421,9.43,13.8,100.9596,100.6539
2026-08-24,2033-01-01,14.6093,838.462551,1593,1160.43,4.0179,14.514,9.53,15.02,101.0389,100.6566
2026-08-24,2035-01-01,14.6207,807.925115,2092,1369.18,4.7402,14.506,11.47,16.06,101.1106,100.7907
2026-08-24,2037-01-01,14.5715,786.570696,2594,1526.62,5.2876,14.49,8.15,11.85,100.8198,100.5625
2026-08-25,2027-01-01,13.475,1003.517263,88,88.0,0.3077,13.676,-20.1,-20.1,98.5303,98.5303
2026-08-25,2029-01-01,13.9787,942.957396,587,529.07,1.842,14.096,-11.73,-9.42,99.3306,99.1678
2026-08-25,2031-01-01,14.4411,884.211423,1088,883.11,3.0622,14.348,9.31,13.7,100.9574,100.6489
2026-08-25,2033-01-01,14.5454,841.072353,1592,1160.08,4.0189,14.454,9.14,14.91,101.0355,100.6324
2026-08-25,2035-01-01,14.571,810.269066,2091,1369.14,4.7421,14.459,11.2,16.46,101.1423,100.7746
2026-08-25,2037-01-01,14.5325,788.619816,2593,1526.81,5.29,14.45,8.25,12.86,100.8927,100.5709
2026-08-26,2027-01-01,13.4803,1004.004601,87,87.0,0.3042,13.671,-19.07,-19.07,98.6051,98.6051
2026-08-26,2029-01-01,14.0109,942.888851,586,528.05,1.8379,14.118,-10.71,-8.35,99.4074,99.2414
2026-08-26,2031-01-01,14.4422,884.655083,1087,882.11,3.0587,14.348,9.42,13.56,100.9477,100.6565
2026-08-26,2033-01-01,14.5341,841.907689,1591,1159.2,4.0163,14.44,9.41,14.66,101.019,100.6517
2026-08-26,2035-01-01,14.5556,811.298487,2090,1368.44,4.7403,14.444,11.16,15.89,101.1041,100.7726
2026-08-26,2037-01-01,14.5191,789.60382,2592,1526.22,5.2886,14.436,8.31,12.47,100.8663,100.5756
2026-08-27,2027-01-01,13.4388,1004.633955,86,86.0,0.3008,13.634,-19.52,-19.52,98.5683,98.5683
2026-08-27,2029-01-01,13.9594,944.271492,585,527.08,1.8354,14.066,-10.66,-8.23,99.4142,99.2421
2026-08-27,2031-01-01,14.4573,884.720571,1086,881.05,3.0546,14.36,9.73,14.71,101.0279,100.6776
2026-08-27,2033-01-01,14.5744,841.000528,1590,1157.79,4.01,14.479,9.54,16.05,101.1132,100.6589
2026-08-27,2035-01-01,14.5889,810.457178,2089,1366.79,4.7333,14.479,10.99,16.72,101.1594,100.759
2026-08-27,2037-01-01,14.5651,788.111649,2591,1523.82,5.2781,14.475,9.01,14.26,100.9886,100.6225
2026-08-28,2027-01-01,13.4219,1005.187284,85,85.0,0.2974,13.619,-19.71,-19.71,98.5528,98.5528
2026-08-28,2029-01-01,14.0425,943.32473,584,526.03,1.8304,14.153,-11.05,-8.01,99.4326,99.2192
2026-08-28,2031-01-01,14.5742,882.045482,1085,879.61,3.0465,14.48,9.42,15.19,101.0535,100.6506
2026-08-28,2033-01-01,14.6853,837.727853,1589,1155.66,3.9987,14.592,9.33,16.33,101.1246,100.6394
2026-08-28,2035-01-01,14.699,806.688793,2088,1363.67,4.7179,14.589,11.0,17.05,101.1737,100.754
2026-08-28,2037-01-01,14.668,784.274996,2590,1519.69,5.2591,14.578,9.0,14.27,100.9824,100.6174
2026-08-31,2027-01-01,13.4128,1005.716678,84,84.0,0.2939,13.613,-20.02,-20.02,98.5293,98.5293
2026-08-31,2029-01-01,14.0713,943.320353,583,525.01,1.8264,14.188,-11.67,-8.6,99.3922,99.1775
2026-08-31,2031-01-01,14.5918,882.049343,1084,878.54,3.0423,14.498,9.38,14.95,101.0351,100.647
2026-08-31,2033-01-01,14.6905,838.009371,1588,1154.6,3.9949,14.598,9.25,15.85,101.0905,100.6336
2026-08-31,2035-01-01,14.704,806.937697,2087,1362.57,4.7139,14.594,11.0,16.72,101.1499,100.7537
2026-08-31,2037-01-01,14.6675,784.721702,2589,1518.7,5.2557,14.58,8.75,13.58,100.9344,100.6001
2026-09-01,2027-01-01,13.393,1006.276985,83,83.0,0.2905,13.59,-19.7,-19.7,98.5504,98.5504
2026-09-01,2029-01-01,13.9932,945.158479,582,524.06,1.8243,14.114,-12.08,-9.14,99.3508,99.1441
2026-09-01,2031-01-01,14.4974,885.06312,1083,877.9,3.0426,14.403,9.44,14.59,101.0164,100.6554
2026-09-01,2033-01-01,14.6065,841.283311,1587,1154.46,3.9973,14.514,9.25,15.74,101.0891,100.6373
2026-09-01,2035-01-01,14.621,810.542861,2086,1363.17,4.7194,14.511,11.0,16.62,101.15,100.758
2026-09-01,2037-01-01,14.5887,788.408004,2588,1520.1,5.2642,14.502,8.67,13.6,100.9408,100.5978
2026-09-02,2027-01-01,13.3726,1006.837954,82,82.0,0.287,13.572,-19.94,-19.94,98.5308,98.5308
2026-09-02,2029-01-01,13.8483,948.149937,581,523.16,1.8235,13.971,-12.27,-9.83,99.2951,99.1218
2026-09-02,2031-01-01,14.3309,890.035989,1082,877.53,3.0458,14.235,9.59,14.18,100.9993,100.6737
2026-09-02,2033-01-01,14.4502,847.01675,1586,1155.05,4.0048,14.356,9.42,15.7,101.0987,100.6562
2026-09-02,2035-01-01,14.479,816.439869,2085,1364.92,4.7313,14.369,11.0,16.93,101.1829,100.7655
2026-09-02,2037-01-01,14.4654,793.976667,2587,1522.85,5.2794,14.373,9.24,15.0,101.0475,100.6429
2026-09-03,2027-01-01,13.3719,1007.341537,81,81.0,0.2835,13.571,-19.91,-19.91,98.5329,98.5329
2026-09-03,2029-01-01,13.7505,950.328923,580,522.22,1.8218,13.883,-13.25,-11.07,99.2015,99.0456
2026-09-03,2031-01-01,14.2427,892.903236,1081,876.87,3.0458,14.14,10.27,14.61,101.0362,100.7263
2026-09-03,2033-01-01,14.3725,850.111275,1585,1154.85,4.0068,14.275,9.75,16.1,101.133,100.683
2026-09-03,2035-01-01,14.3998,819.945356,2084,1365.45,4.7364,14.289,11.08,17.08,101.2005,100.7754
2026-09-03,2037-01-01,14.3865,797.719958,2586,1524.25,5.2879,14.292,9.45,15.18,101.0667,100.6612
2026-09-04,2027-01-01,13.3751,1007.834317,80,80.0,0.28,13.575,-19.99,-19.99,98.5274,98.5274
2026-09-04,2029-01-01,13.7226,951.297456,579,521.24,1.8188,13.855,-13.24,-11.2,99.1905,99.0444
2026-09-04,2031-01-01,14.1985,894.577656,1080,876.03,3.0441,14.096,10.25,14.29,101.0168,100.7272
2026-09-04,2033-01-01,14.3177,852.433375,1584,1154.4,4.0072,14.221,9.67,15.57,101.0996,100.68
2026-09-04,2035-01-01,14.3422,822.624238,2083,1365.56,4.7392,14.232,11.02,16.5,101.1639,100.7743
2026-09-04,2037-01-01,14.3305,800.512894,2585,1524.96,5.2929,14.241,8.95,14.47,101.0201,100.6285
2026-09-08,2027-01-01,13.3719,1008.345408,79,79.0,0.2765,13.575,-20.31,-20.31,98.5039,98.5039
2026-09-08,2029-01-01,13.5714,954.401021,578,520.34,1.8181,13.705,-13.36,-12.05,99.1197,99.0252
2026-09-08,2031-01-01,14.0045,900.351181,1079,875.77,3.0484,13.902,10.25,13.31,100.9598,100.7373
2026-09-08,2033-01-01,14.1017,860.308103,1583,1155.6,4.019,14.006,9.57,14.23,101.0194,100.6833
2026-09-08,2035-01-01,14.1261,831.549333,2082,1368.74,4.7592,14.02,10.61,15.1,101.0807,100.7568
2026-09-08,2037-01-01,14.1142,810.183476,2584,1530.54,5.3224,14.028,8.62,13.17,100.9416,100.6145
2026-09-09,2027-01-01,13.3744,1008.840833,78,78.0,0.273,13.576,-20.16,-20.16,98.515,98.515
2026-09-09,2029-01-01,13.7224,952.272269,577,519.24,1.8118,13.86,-13.76,-11.97,99.1354,99.0072
2026-09-09,2031-01-01,14.1966,895.572461,1078,874.04,3.0372,14.091,10.56,14.34,101.0201,100.7494
2026-09-09,2033-01-01,14.3009,853.912896,1582,1152.57,4.0015,14.204,9.69,15.1,101.0669,100.6822
2026-09-09,2035-01-01,14.318,824.443603,2081,1364.03,4.7349,14.213,10.5,15.5,101.0947,100.7388
2026-09-09,2037-01-01,14.3137,802.076331,2583,1523.47,5.2885,14.228,8.57,13.9,100.9803,100.6023
2026-09-10,2027-01-01,13.3889,1009.304038,77,77.0,0.2695,13.59,-20.11,-20.11,98.5202,98.5202
2026-09-10,2029-01-01,13.6882,953.34784,576,518.26,1.809,13.831,-14.28,-12.76,99.0762,98.9675
2026-09-10,2031-01-01,14.134,897.748386,1077,873.28,3.0362,14.029,10.5,13.67,100.9768,100.7484
2026-09-10,2033-01-01,14.2479,856.179055,1581,1152.11,4.0017,14.151,9.69,14.81,101.0501,100.6848
2026-09-10,2035-01-01,14.269,826.797197,2080,1363.98,4.7367,14.164,10.5,15.39,101.0907,100.7413
2026-09-10,2037-01-01,14.2578,804.878517,2582,1524.17,5.2935,14.175,8.28,13.35,100.945,100.5841
2026-09-11,2027-01-01,13.3866,1009.813605,76,76.0,0.266,13.587,-20.04,-20.04,98.5251,98.5251
2026-09-11,2029-01-01,13.6982,953.66111,575,517.25,1.8053,13.843,-14.48,-12.81,99.0736,98.954
2026-09-11,2031-01-01,14.1565,897.606861,1076,872.19,3.0319,14.051,10.55,13.94,100.9946,100.7508
2026-09-11,2033-01-01,14.2639,856.083976,1580,1150.95,3.9971,14.166,9.79,14.92,101.0574,100.6911
2026-09-11,2035-01-01,14.2861,826.565791,2079,1362.65,4.7314,14.179,10.71,15.59,101.1034,100.7553
2026-09-11,2037-01-01,14.278,804.444508,2581,1522.55,5.287,14.193,8.5,13.66,100.9661,100.5989
2026-09-14,2027-01-01,13.3889,1010.311067,75,75.0,0.2625,13.589,-20.01,-20.01,98.5275,98.5275
2026-09-14,2029-01-01,13.71,953.94423,574,516.25,1.8016,13.867,-15.7,-13.91,98.9955,98.8678
2026-09-14,2031-01-01,14.2155,896.475992,1075,870.97,3.0261,14.108,10.75,14.65,101.0411,100.762
2026-09-14,2033-01-01,14.3561,853.391531,1579,1149.01,3.9872,14.255,10.11,16.4,101.1556,100.7092
2026-09-14,2035-01-01,14.3874,823.057111,2078,1359.69,4.7169,14.277,11.04,17.19,101.2093,100.7733
2026-09-14,2037-01-01,14.385,800.340227,2580,1518.3,5.2673,14.297,8.8,15.38,101.0806,100.6155
2026-09-15,2027-01-01,13.3846,1010.826215,74,74.0,0.259,13.583,-19.84,-19.84,98.5394,98.5394
2026-09-15,2029-01-01,13.76,953.573236,573,515.21,1.7972,13.923,-16.3,-14.24,98.9757,98.8293
2026-09-15,2031-01-01,14.3081,894.443511,1074,869.62,3.0189,14.201,10.71,15.23,101.0761,100.7542
2026-09-15,2033-01-01,14.4513,850.616578,1578,1147.04,3.977,14.346,10.53,17.23,101.207,100.734
2026-09-15,2035-01-01,14.4832,819.790206,2077,1356.84,4.7031,14.364,11.92,18.35,101.2834,100.8299
2026-09-15,2037-01-01,14.4719,797.117197,2579,1514.65,5.2507,14.38,9.19,15.88,101.1093,100.6391
2026-09-16,2027-01-01,13.4001,1011.290165,73,73.0,0.2555,13.592,-19.19,-19.19,98.5881,98.5881
2026-09-16,2029-01-01,13.7426,954.359041,572,514.22,1.794,13.903,-16.04,-14.32,98.969,98.8463
2026-09-16,2031-01-01,14.2275,897.097134,1073,868.92,3.0186,14.116,11.15,14.66,101.0409,100.7899
2026-09-16,2033-01-01,14.3376,854.929978,1577,1147.2,3.9815,14.232,10.56,15.79,101.1136,100.742
2026-09-16,2035-01-01,14.3645,824.825046,2076,1358.13,4.7125,14.243,12.15,17.04,101.2008,100.8531
2026-09-16,2037-01-01,14.3485,802.734981,2578,1517.41,5.2659,14.251,9.75,14.66,101.0322,100.6842
2026-09-17,2027-01-01,13.3665,1011.880612,72,72.0,0.252,13.556,-18.95,-18.95,98.6021,98.6021
2026-09-17,2029-01-01,13.685,955.832402,571,513.26,1.7916,13.845,-16.0,-14.27,98.9682,98.8443
2026-09-17,2031-01-01,14.1779,898.91458,1072,868.11,3.0171,14.061,11.69,15.2,101.0834,100.8314
2026-09-17,2033-01-01,14.305,856.494997,1576,1146.53,3.9803,14.185,12.0,17.45,101.2347,100.846
2026-09-17,2035-01-01,14.326,826.762684,2075,1357.88,4.7132,14.196,13.0,18.09,101.279,100.9158
2026-09-17,2037-01-01,14.3142,804.613944,2577,1517.45,5.2676,14.211,10.32,15.71,101.1097,100.7262
2026-09-18,2027-01-01,13.3709,1012.373422,71,71.0,0.2485,13.555,-18.41,-18.41,98.6418,98.6418
2026-09-18,2029-01-01,13.6766,956.462674,570,512.27,1.7882,13.831,-15.44,-13.88,98.9954,98.8837
2026-09-18,2031-01-01,14.1543,900.02765,1071,867.2,3.0146,14.035,11.93,15.17,101.0836,100.85
2026-09-18,2033-01-01,14.274,858.00695,1575,1145.85,3.979,14.15,12.4,17.44,101.2369,100.8763
2026-09-18,2035-01-01,14.2894,828.629771,2074,1357.58,4.7137,14.158,13.14,17.77,101.2592,100.9281
2026-09-18,2037-01-01,14.2767,806.632833,2576,1517.59,5.2698,14.172,10.47,15.38,101.0889,100.7388
2026-09-21,2027-01-01,13.3735,1012.871252,70,70.0,0.245,13.548,-17.45,-17.45,98.712,98.712
2026-09-21,2029-01-01,13.5673,958.818933,569,511.34,1.7867,13.712,-14.47,-13.19,99.0374,98.9447
2026-09-21,2031-01-01,14.037,903.689251,1070,866.64,3.0157,13.912,12.5,15.52,101.1177,100.8985
2026-09-21,2033-01-01,14.1551,862.533162,1574,1146.06,3.9839,14.028,12.71,17.57,101.2566,100.906
2026-09-21,2035-01-01,14.1603,834.133431,2073,1359.08,4.7242,14.028,13.23,17.47,101.2488,100.9431
2026-09-21,2037-01-01,14.1455,812.666416,2575,1520.59,5.2863,14.036,10.95,15.24,101.0892,100.7801
2026-09-22,2027-01-01,13.361,1013.406468,69,69.0,0.2415,13.532,-17.1,-17.1,98.7363,98.7363
2026-09-22,2029-01-01,13.5343,959.867901,568,510.36,1.7838,13.67,-13.57,-12.32,99.0982,99.0073
2026-09-22,2031-01-01,13.993,905.359927,1069,865.81,3.014,13.864,12.9,15.83,101.1444,100.9305
2026-09-22,2033-01-01,14.0929,865.126847,1573,1145.69,3.9848,13.963,12.99,17.4,101.2498,100.9303
2026-09-22,2035-01-01,14.0947,837.162368,2072,1359.34,4.7278,13.962,13.27,17.08,101.2267,100.9504
2026-09-22,2037-01-01,14.093,815.353137,2574,1521.19,5.2908,13.976,11.7,15.86,101.1384,100.8371
2026-09-23,2027-01-01,13.3528,1013.930705,68,68.0,0.2381,13.543,-19.02,-19.02,98.5956,98.5956
2026-09-23,2029-01-01,13.6544,958.301564,567,509.28,1.7782,13.787,-13.26,-11.71,99.1494,99.0382
2026-09-23,2031-01-01,14.1015,902.878678,1068,864.4,3.0062,13.965,13.65,16.55,101.1877,100.9774
2026-09-23,2033-01-01,14.1765,862.705502,1572,1143.84,3.9755,14.044,13.25,17.18,101.2268,100.9435
2026-09-23,2035-01-01,14.1738,834.479109,2071,1356.82,4.7158,14.039,13.48,16.71,101.1932,100.9602
2026-09-23,2037-01-01,14.1588,812.949281,2573,1518.19,5.2773,14.04,11.88,14.99,101.0702,100.8462
2026-09-24,2027-01-01,13.3322,1014.484141,67,67.0,0.2346,13.562,-22.98,-22.98,98.3056,98.3056
2026-09-24,2029-01-01,13.7305,957.494916,566,508.23,1.7733,13.861,-13.05,-11.57,99.1644,99.0585
2026-09-24,2031-01-01,14.155,901.901907,1067,863.2,3.0006,14.015,14.0,16.59,101.1857,100.9989
2026-09-24,2033-01-01,14.211,861.977835,1571,1142.49,3.9696,14.077,13.4,16.71,101.1902,100.9519
2026-09-24,2035-01-01,14.1895,834.300799,2070,1355.51,4.7106,14.054,13.55,15.69,101.1184,100.9641
2026-09-24,2037-01-01,14.1705,812.874932,2572,1516.83,5.2721,14.053,11.75,13.79,100.9827,100.8361
2026-09-25,2027-01-01,13.3114,1015.036893,66,66.0,0.2311,13.55,-23.86,-23.86,98.2391,98.2391
2026-09-25,2029-01-01,13.6852,958.752428,565,507.26,1.7706,13.814,-12.88,-11.51,99.1658,99.0676
2026-09-25,2031-01-01,14.0728,904.602948,1066,862.51,3.0004,13.934,13.88,15.97,101.1477,100.9961
2026-09-25,2033-01-01,14.1313,865.164839,1570,1142.3,3.9717,13.996,13.53,16.47,101.1791,100.9667
2026-09-25,2035-01-01,14.1052,838.062363,2069,1356.14,4.7163,13.97,13.52,15.26,101.0935,100.9678
2026-09-25,2037-01-01,14.0876,816.866802,2571,1518.36,5.2812,13.97,11.76,13.44,100.9636,100.8418
2026-09-28,2027-01-01,13.3084,1015.547321,65,65.0,0.2276,13.56,-25.16,-25.16,98.1445,98.1445
2026-09-28,2029-01-01,13.772,957.770952,564,506.21,1.7656,13.902,-13.0,-11.22,99.1917,99.0649
2026-09-28,2031-01-01,14.1861,902.009999,1065,861.08,2.9925,14.048,13.81,16.46,101.1739,100.9831
2026-09-28,2033-01-01,14.2196,862.593355,1569,1140.4,3.962,14.084,13.56,16.36,101.1639,100.9628
2026-09-28,2035-01-01,14.1773,835.659324,2068,1353.75,4.705,14.04,13.73,14.81,101.0556,100.9779
2026-09-28,2037-01-01,14.1517,814.536422,2570,1515.4,5.268,14.036,11.57,12.54,100.8939,100.8243
2026-09-29,2027-01-01,13.2866,1016.100613,64,64.0,0.2242,13.55,-26.34,-26.34,98.0561,98.0561
2026-09-29,2029-01-01,13.6522,960.287719,563,505.28,1.7642,13.789,-13.68,-12.14,99.1188,99.0079
2026-09-29,2031-01-01,14.1225,904.202941,1064,860.32,2.9915,13.98,14.25,17.26,101.2372,101.0193
2026-09-29,2033-01-01,14.171,864.711262,1568,1139.9,3.9619,14.031,14.0,17.41,101.2441,100.9978
2026-09-29,2035-01-01,14.1427,837.460847,2067,1353.42,4.7053,13.999,14.37,16.37,101.1708,101.0265
2026-09-29,2037-01-01,14.114,816.584319,2569,1515.55,5.2702,13.996,11.8,13.63,100.9751,100.8431
2026-09-30,2027-01-01,13.3212,1016.526142,63,63.0,0.2206,13.552,-23.08,-23.08,98.2969,98.2969
2026-09-30,2029-01-01,13.6325,961.108856,562,504.3,1.7611,13.764,-13.15,-11.69,99.1501,99.0446
2026-09-30,2031-01-01,14.0879,905.613065,1063,859.45,2.9894,13.945,14.29,17.17,101.2342,101.0247
2026-09-30,2033-01-01,14.1321,866.499843,1567,1139.29,3.9612,13.993,13.91,17.16,101.2294,100.9941
2026-09-30,2035-01-01,14.1214,838.740325,2066,1352.83,4.7041,13.976,14.54,16.78,101.2029,101.0404
2026-09-30,2037-01-01,14.0928,817.925284,2568,1515.2,5.27,13.975,11.78,13.88,100.9948,100.8429
2026-10-01,2027-01-01,13.34,1016.989215,62,62.0,0.2171,13.564,-22.4,-22.4,98.3486,98.3486
2026-10-01,2029-01-01,13.6934,960.56799,561,503.26,1.7565,13.821,-12.76,-10.99,99.2037,99.0768
2026-10-01,2031-01-01,14.1838,903.497617,1062,858.09,2.9821,14.034,14.98,18.42,101.3156,101.0674
2026-10-01,2033-01-01,14.2598,862.588864,1566,1136.99,3.9488,14.115,14.48,18.89,101.3424,101.0259
2026-10-01,2035-01-01,14.2663,833.493179,2065,1349.03,4.6849,14.112,15.43,19.14,101.3597,101.0934
2026-10-01,2037-01-01,14.2401,812.042831,2567,1509.71,5.2441,14.121,11.91,15.77,101.1197,100.8434
2026-10-02,2027-01-01,13.3243,1017.528816,61,61.0,0.2136,13.532,-20.77,-20.77,98.4651,98.4651
2026-10-02,2029-01-01,13.6372,962.004872,560,502.29,1.754,13.749,-11.18,-9.55,99.3047,99.1868
2026-10-02,2031-01-01,14.1417,905.107917,1061,857.25,2.9803,13.99,15.17,18.89,101.3537,101.0843
2026-10-02,2033-01-01,14.2615,862.987401,1565,1135.98,3.9452,14.113,14.85,20.42,101.4528,101.0522
2026-10-02,2035-01-01,14.2882,833.080063,2064,1347.61,4.6791,14.131,15.72,21.08,101.4976,101.1124
2026-10-02,2037-01-01,14.2835,810.627281,2566,1507.39,5.2341,14.16,12.35,18.51,101.3132,100.8722
2026-10-05,2027-01-01,13.2237,1018.249296,60,60.0,0.2103,13.414,-19.03,-19.03,98.5813,98.5813
2026-10-05,2029-01-01,12.5042,981.885477,559,502.03,1.7708,12.593,-8.88,-10.19,99.192,99.2948
2026-10-05,2031-01-01,12.8124,942.465563,1060,861.27,3.0296,12.654,15.84,15.77,101.2463,101.2518
2026-10-05,2033-01-01,12.9218,910.839893,1564,1148.55,4.0362,12.769,15.28,17.66,101.3855,101.1966
2026-10-05,2035-01-01,12.961,887.734228,2063,1372.2,4.8205,12.791,17.0,19.64,101.5385,101.3291
2026-10-05,2037-01-01,12.9401,871.299585,2565,1547.4,5.4369,12.818,12.21,15.72,101.2295,100.9526
